{
  "title": "\u202aRadostin Cholakov\u202c - \u202aGoogle Scholar\u202c",
  "meta_description": "\u202aStanford University\u202c - \u202a\u202aCited by 68\u202c\u202c - \u202aMachine Learning\u202c",
  "main_content": "Loading... The system can't perform the operation now. Try again later. Citations per year Duplicate citations The following articles are merged in Scholar. Their combined citations are counted only for the first article. Merged citations This \"Cited by\" count includes citations to the following articles in Scholar. The ones marked * may be different from the article in the profile. Add co-authors Co-authors Follow New articles by this author New citations to this author New articles related to this author's research Email address for updates Done My profile My library Metrics Alerts Settings Sign in Sign in Get my own profile Cited by All Since 2020 Citations 68 68 h-index 4 4 i10-index 2 2 0 36 18 2022 2023 2024 2025 8 16 36 8 Co-authors Yoon Kim Assistant Professor, MIT Verified email at mit.edu Han Guo MIT Verified email at mit.edu Eric Xing President at Mohamed bin Zayed University of AI, Professor of Computer Science, Carnegie Mellon U Verified email at cs.cmu.edu Jonathan Ragan-Kelley MIT CSAIL Verified email at mit.edu Delyan Boychev INSAIT, Sofia University Verified email at insait.ai Follow Radostin Cholakov Stanford University Verified email at stanford.edu - Homepage Machine Learning Articles Cited by Co-authors Title Sort Sort by citations Sort by year Sort by title Cited by Cited by Year Transformers predicting the future. Applying attention in next-frame and time series forecasting R Cholakov, T Kolev arXiv preprint arXiv:2108.08224 , 2021 29 2021 The GatedTabTransformer. An enhanced deep learning architecture for tabular modeling R Cholakov, T Kolev arXiv preprint arXiv:2201.00199 , 2022 18 2022 Fast Matrix Multiplications for Lookup Table-Quantized LLMs H Guo, W Brandon, R Cholakov, J Ragan-Kelley, EP Xing, Y Kim arXiv preprint arXiv:2407.10960 , 2024 9 2024 Efficient Task-Oriented Dialogue Systems with Response Selection as an Auxiliary Task R Cholakov, T Kolev International Conference on Natural Language and Speech Processing (ICNLSP \u2026 , 2022 9 2022 ImagiNet: A Multi-Content Benchmark for Synthetic Image Detection D Boychev, R Cholakov Workshop on Datasets and Evaluators of AI Safety , 0 3 * Distributional Quantization of Large Language Models R Cholakov, H Guo, Y Kim Center for Excellence in Education - RSI 2023 Distinguished Papers , 2023 2023 AzBuki. ML-Machine learning platform for natural language processing, implementing recurrent & convolutional neural networks and linguistic algorithms with applications for the \u2026 R Cholakov Expo Sciences Luxembourg 2021 , 2021 2021 The system can't perform the operation now. Try again later. Articles 1\u20137 Show more Privacy Terms Help About Scholar Search help",
  "links": [
    {
      "url": "/schhp?hl=en",
      "text": ""
    },
    {
      "url": "/citations?hl=en",
      "text": "My profile"
    },
    {
      "url": "/scholar?scilib=1&hl=en",
      "text": "My library"
    },
    {
      "url": "/citations?view_op=metrics_intro&hl=en",
      "text": "Metrics"
    },
    {
      "url": "/scholar_alerts?view_op=list_alerts&hl=en",
      "text": "Alerts"
    },
    {
      "url": "/scholar_settings?hl=en",
      "text": "Settings"
    },
    {
      "url": "https://accounts.google.com/Login?hl=en&continue=https://scholar.google.com/schhp%3Fhl%3Den",
      "text": "Sign in"
    },
    {
      "url": "/schhp?hl=en",
      "text": ""
    },
    {
      "url": "https://accounts.google.com/Login?hl=en&continue=https://scholar.google.com/schhp%3Fhl%3Den",
      "text": "Sign in"
    },
    {
      "url": "/citations?hl=en",
      "text": "Get my own profile"
    },
    {
      "url": "/citations?user=n_ts4eYAAAAJ&hl=en",
      "text": "Yoon Kim"
    },
    {
      "url": "/citations?user=Ix1cHeMAAAAJ&hl=en",
      "text": "Han Guo"
    },
    {
      "url": "/citations?user=5pKTRxEAAAAJ&hl=en",
      "text": "Eric Xing"
    },
    {
      "url": "/citations?user=nBcay4oAAAAJ&hl=en",
      "text": "Jonathan Ragan-Kelley"
    },
    {
      "url": "/citations?user=_uql_SsAAAAJ&hl=en",
      "text": "Delyan Boychev"
    },
    {
      "url": "/citations?view_op=view_org&hl=en&org=8539678734835078480",
      "text": "Stanford University"
    },
    {
      "url": "https://github.com/radi-cho/",
      "text": "Homepage"
    },
    {
      "url": "/citations?view_op=search_authors&hl=en&mauthors=label:machine_learning",
      "text": "Machine Learning"
    },
    {
      "url": "/citations?hl=en&user=oYnCgH0AAAAJ&view_op=list_works&sortby=title",
      "text": "Title"
    },
    {
      "url": "/citations?hl=en&user=oYnCgH0AAAAJ&view_op=list_works",
      "text": "Sort by citations"
    },
    {
      "url": "/citations?hl=en&user=oYnCgH0AAAAJ&view_op=list_works&sortby=pubdate",
      "text": "Sort by year"
    },
    {
      "url": "/citations?hl=en&user=oYnCgH0AAAAJ&view_op=list_works&sortby=title",
      "text": "Sort by title"
    },
    {
      "url": "/citations?hl=en&user=oYnCgH0AAAAJ&view_op=list_works&sortby=pubdate",
      "text": "Year"
    },
    {
      "url": "/citations?view_op=view_citation&hl=en&user=oYnCgH0AAAAJ&citation_for_view=oYnCgH0AAAAJ:2osOgNQ5qMEC",
      "text": "Transformers predicting the future. Applying attention in next-frame and time series forecasting"
    },
    {
      "url": "https://scholar.google.com/scholar?oi=bibs&hl=en&cites=14926568981817442218",
      "text": "29"
    },
    {
      "url": "/citations?view_op=view_citation&hl=en&user=oYnCgH0AAAAJ&citation_for_view=oYnCgH0AAAAJ:qjMakFHDy7sC",
      "text": "The GatedTabTransformer. An enhanced deep learning architecture for tabular modeling"
    },
    {
      "url": "https://scholar.google.com/scholar?oi=bibs&hl=en&cites=5526304654087135082",
      "text": "18"
    },
    {
      "url": "/citations?view_op=view_citation&hl=en&user=oYnCgH0AAAAJ&citation_for_view=oYnCgH0AAAAJ:eQOLeE2rZwMC",
      "text": "Fast Matrix Multiplications for Lookup Table-Quantized LLMs"
    },
    {
      "url": "https://scholar.google.com/scholar?oi=bibs&hl=en&cites=8090361647639319875",
      "text": "9"
    },
    {
      "url": "/citations?view_op=view_citation&hl=en&user=oYnCgH0AAAAJ&citation_for_view=oYnCgH0AAAAJ:Y0pCki6q_DkC",
      "text": "Efficient Task-Oriented Dialogue Systems with Response Selection as an Auxiliary Task"
    },
    {
      "url": "https://scholar.google.com/scholar?oi=bibs&hl=en&cites=15845646130423070414",
      "text": "9"
    },
    {
      "url": "/citations?view_op=view_citation&hl=en&user=oYnCgH0AAAAJ&citation_for_view=oYnCgH0AAAAJ:ufrVoPGSRksC",
      "text": "ImagiNet: A Multi-Content Benchmark for Synthetic Image Detection"
    },
    {
      "url": "https://scholar.google.com/scholar?oi=bibs&hl=en&cites=3230312768041341048,8667168282488918197",
      "text": "3"
    },
    {
      "url": "/citations?view_op=view_citation&hl=en&user=oYnCgH0AAAAJ&citation_for_view=oYnCgH0AAAAJ:YsMSGLbcyi4C",
      "text": "Distributional Quantization of Large Language Models"
    },
    {
      "url": "/citations?view_op=view_citation&hl=en&user=oYnCgH0AAAAJ&citation_for_view=oYnCgH0AAAAJ:u-x6o8ySG0sC",
      "text": "AzBuki. ML-Machine learning platform for natural language processing, implementing recurrent & convolutional neural networks and linguistic algorithms with applications for the\u00a0\u2026"
    },
    {
      "url": "//www.google.com/intl/en/policies/privacy/",
      "text": "Privacy"
    },
    {
      "url": "//www.google.com/intl/en/policies/terms/",
      "text": "Terms"
    },
    {
      "url": "/intl/en/scholar/about.html",
      "text": "About Scholar"
    },
    {
      "url": "//support.google.com/websearch?p=scholar_dsa&hl=en",
      "text": "Search help"
    }
  ],
  "images": [
    {
      "src": "/scholar/images/cleardot.gif",
      "alt": "Yoon Kim"
    },
    {
      "src": "/scholar/images/cleardot.gif",
      "alt": "Han Guo"
    },
    {
      "src": "/scholar/images/cleardot.gif",
      "alt": "Eric Xing"
    },
    {
      "src": "/scholar/images/cleardot.gif",
      "alt": "Jonathan Ragan-Kelley"
    },
    {
      "src": "/scholar/images/cleardot.gif",
      "alt": "Delyan Boychev"
    },
    {
      "src": "https://scholar.googleusercontent.com/citations?view_op=view_photo&user=oYnCgH0AAAAJ&citpid=2",
      "alt": "Radostin Cholakov"
    }
  ]
}