{
  "title": "Om Shastri | Trackwrestling Profile",
  "meta_description": "Record:0-6 Pins:0 Techs:0 Majors:0 Views:2855",
  "main_content": "Om Shastri los gatos, CA Weight: 220 Record: 0 - 6 Pins: 0 Techs: 0 Majors: 0 Rank Value: 0.809999 Rank Date: 02/28/2023 Stats since 03/01/2024 Match Videos Track Record Significant Wins Rankings Accomplishments Deleted Results Related Content Elite Athletes AJ Puckett, MI Lazarus McEwen, WA Kal M. Thompson, MO Annabel Choo, TX Jaxon Miller, IA View More Elite Clubs Bear Cave, CO Betterman Elite Academy, Duran Elite, CO Chatfield Wrestling , CO Mat Psychos, MI View More",
  "links": [
    {
      "url": "ViewProfile.jsp?TIM=1740818702474&twSessionId=mguounrusu&twId=900198135",
      "text": "AJ Puckett, MI"
    },
    {
      "url": "ViewProfile.jsp?TIM=1740818702474&twSessionId=mguounrusu&twId=1190015096",
      "text": "Lazarus McEwen, WA"
    },
    {
      "url": "ViewProfile.jsp?TIM=1740818702474&twSessionId=mguounrusu&twId=1401369135",
      "text": "Kal M. Thompson, MO"
    },
    {
      "url": "ViewProfile.jsp?TIM=1740818702474&twSessionId=mguounrusu&twId=914285132",
      "text": "Annabel Choo, TX"
    },
    {
      "url": "ViewProfile.jsp?TIM=1740818702474&twSessionId=mguounrusu&twId=1903320096",
      "text": "Jaxon Miller, IA"
    },
    {
      "url": "MemberRankings.jsp?TIM=1740818702474&twSessionId=mguounrusu",
      "text": "View More"
    },
    {
      "url": "ViewClub.jsp?TIM=1740818702474&twSessionId=mguounrusu&clubId=186291009",
      "text": "Bear Cave, CO"
    },
    {
      "url": "ViewClub.jsp?TIM=1740818702474&twSessionId=mguounrusu&clubId=283204132",
      "text": "Betterman Elite Academy,"
    },
    {
      "url": "ViewClub.jsp?TIM=1740818702474&twSessionId=mguounrusu&clubId=46861009",
      "text": "Duran Elite, CO"
    },
    {
      "url": "ViewClub.jsp?TIM=1740818702474&twSessionId=mguounrusu&clubId=82396009",
      "text": "Chatfield Wrestling , CO"
    },
    {
      "url": "ViewClub.jsp?TIM=1740818702474&twSessionId=mguounrusu&clubId=234613132",
      "text": "Mat Psychos, MI"
    },
    {
      "url": "ClubRankings.jsp?TIM=1740818702474&twSessionId=mguounrusu",
      "text": "View More"
    }
  ],
  "images": [
    {
      "src": "https://sb.scorecardresearch.com/p?c1=2&c2=10037191&cv=3.6.0&cj=1",
      "alt": ""
    },
    {
      "src": "../images/Trackwrestling-logo.svg",
      "alt": ""
    },
    {
      "src": "../images/tw_logo.png",
      "alt": ""
    }
  ]
}