{
  "title": "Om Shastri | FloWrestling | Wrestling",
  "meta_description": "Check out events, videos, and news featuring Om Shastri",
  "main_content": "Results Videos College Results College College High School Team Name Penn Pennsylvania Univ of Pennsylvania 2023-2024 DATE W/L REPLAY RESULT OPPONENT OPP. TEAM EVENT RND. WT. 01/05 L DEC 5-0 M. Ashbaugh Kent State F&M Open Round 1 197 01/05 L F 3-0 1:48 T. Thomas Kent State F&M Open Round 1 197 12/03 L Replay F 3-0 1:16 H. Adams Appalachian State 2023 A Better Way Athletics Patriot Open Consi of 8 #2 197 lbs 12/03 L Replay F 7-0 1:24 L. Volk-Klos American 2023 A Better Way Athletics Patriot Open Quarter-Finals 197 lbs 11/19 L Replay F 17-3 3:49 S. Mthethwa Harvard 2023 Keystone Classic Consi of 8 #1 184 lbs 11/19 L Replay TF 19-4 2:08 J. Conway Franklin & Marshall 2023 Keystone Classic Round of 16 184 lbs 11/19 L F 17-3 3:49 S. Mthethwa Harvard PRTC Keystone Classic Round 1 184 11/19 L TF 19-4 2:08 J. Conway Franklin & Marshall PRTC Keystone Classic Round 1 184 Related Content Tyrant Wrestling Aug 18, 2021 High School State Championships Jan 17, 2024 FloWrestling Radio Live May 12, 2021 High School State Championships Jan 10, 2025 International Rankings Jan 8, 2025",
  "links": [
    {
      "url": "/events/13260240-2025-muhamet-malo-ranking-series-2",
      "text": "Feb 26-Mar 2 \u00b7 Resumes Today at 10:00 AM UTC Muhamet Malo - Ranking Series #2"
    },
    {
      "url": "/events/13018709-2025-mshsaa-wrestling-state-championships",
      "text": "Feb 26-Mar 1 \u00b7 Resumes Today at 2:00 PM UTC MSHSAA Wrestling State Championships"
    },
    {
      "url": "/events/12908081-2025-khsaa-ky-state-championships",
      "text": "Feb 27-Mar 1 \u00b7 Resumes Today at 2:00 PM UTC KHSAA (KY) State Championships"
    },
    {
      "url": "/events/12908083-2025-nysphsaa-ny-state-championships",
      "text": "Feb 27-Mar 1 \u00b7 Resumes Today at 3:00 PM UTC NYSPHSAA (NY) State Championships"
    },
    {
      "url": "/events/13811387-2025-sdhsaa-state-individual-championships",
      "text": "Feb 27-Mar 1 \u00b7 Resumes Today at 5:00 PM UTC SDHSAA Individual Championships"
    },
    {
      "url": "/events/12908075-2025-osaa-or-girls-boys-state-1a-6a-championships",
      "text": "Feb 27-Mar 1 \u00b7 Resumes Today at 5:00 PM UTC OSAA State Championships 1A-6A"
    },
    {
      "url": "/events/13636560-2025-ncaa-division-iii-regional-3",
      "text": "Feb 28-Mar 1 \u00b7 Resumes Today at 2:00 PM UTC NCAA Division III Regional #3"
    },
    {
      "url": "/events/12908098-2025-kshsaa-ks-boys-girls-state-championships-5a",
      "text": "Feb 28-Mar 1 \u00b7 Resumes Today at 3:00 PM UTC KSHSAA Boys & Girls State Champs | 5A"
    },
    {
      "url": "/events/12908094-2025-kshsaa-ks-boys-and-girls-state-championships-1-2-3a",
      "text": "Feb 28-Mar 1 \u00b7 Resumes Today at 3:00 PM UTC KSHSAA State Champs | 1-2-3A"
    },
    {
      "url": "/events/13545781-2025-ncaa-division-iii-regional-7",
      "text": "Feb 28-Mar 1 \u00b7 Resumes Today at 5:00 PM UTC NCAA Division III Regional #7"
    },
    {
      "url": "/events/13545439-2025-ncaa-division-iii-regional-6",
      "text": "Feb 28-Mar 1 \u00b7 Resumes Today at 5:00 PM UTC NCAA Division III Regional #6"
    },
    {
      "url": "/events/13370225-2025-pjw-junior-high-championship",
      "text": "Feb 28-Mar 2 \u00b7 Resumes Today at 1:00 PM UTC PJW Jr High Championship"
    },
    {
      "url": "/events/13811020-fhsaa-3a-r3",
      "text": "Feb 28-Mar 1 \u00b7 Resumes Today at 2:15 PM UTC FHSAA 3A R3"
    },
    {
      "url": "/events/13140832-2025-miaa-girls-all-state-championship",
      "text": "Feb 28-Mar 1 \u00b7 Resumes Today at 3:45 PM UTC MIAA Girls All-State Championship"
    },
    {
      "url": "/events/13140794-2025-miaa-all-state-championship",
      "text": "Feb 28-Mar 1 \u00b7 Resumes Today at 3:00 PM UTC MIAA All-State Champs"
    },
    {
      "url": "/events",
      "text": "Schedule"
    },
    {
      "url": "/events",
      "text": "Schedule"
    },
    {
      "url": "/people/9597752-om-shastri/result",
      "text": "Results"
    },
    {
      "url": "/people/9597752-om-shastri/video",
      "text": "Videos"
    },
    {
      "url": "/people/9597752-om-shastri/result",
      "text": ""
    },
    {
      "url": "/people/9597752-om-shastri/video",
      "text": ""
    },
    {
      "url": "/people/10513367",
      "text": "M. Ashbaugh"
    },
    {
      "url": "/events/11238002",
      "text": "F&M Open"
    },
    {
      "url": "/people/9707955",
      "text": "T. Thomas"
    },
    {
      "url": "/events/11238002",
      "text": "F&M Open"
    },
    {
      "url": "/events/11241629/videos?playing=11589100",
      "text": "Replay"
    },
    {
      "url": "/events/11241629/videos?playing=11589100",
      "text": "F 3-0 1:16"
    },
    {
      "url": "/people/10937084",
      "text": "H. Adams"
    },
    {
      "url": "/events/11241629",
      "text": "2023 A Better Way Athletics Patriot Open"
    },
    {
      "url": "/events/11241629/videos?playing=11588515",
      "text": "Replay"
    },
    {
      "url": "/events/11241629/videos?playing=11588515",
      "text": "F 7-0 1:24"
    },
    {
      "url": "/people/10267024",
      "text": "L. Volk-Klos"
    },
    {
      "url": "/events/11241629",
      "text": "2023 A Better Way Athletics Patriot Open"
    },
    {
      "url": "/events/7983533/videos?playing=11502984",
      "text": "Replay"
    },
    {
      "url": "/events/7983533/videos?playing=11502984",
      "text": "F 17-3 3:49"
    },
    {
      "url": "/people/10940393",
      "text": "S. Mthethwa"
    },
    {
      "url": "/events/7983533",
      "text": "2023 Keystone Classic"
    },
    {
      "url": "/events/7983533/videos?playing=11502013",
      "text": "Replay"
    },
    {
      "url": "/events/7983533/videos?playing=11502013",
      "text": "TF 19-4 2:08"
    },
    {
      "url": "/people/9489799",
      "text": "J. Conway"
    },
    {
      "url": "/events/7983533",
      "text": "2023 Keystone Classic"
    },
    {
      "url": "/people/9518257",
      "text": "S. Mthethwa"
    },
    {
      "url": "/events/11408624",
      "text": "PRTC Keystone Classic"
    },
    {
      "url": "/people/9123837",
      "text": "J. Conway"
    },
    {
      "url": "/events/11408624",
      "text": "PRTC Keystone Classic"
    },
    {
      "url": "/collections/7137656-tyrant-wrestling",
      "text": "Tyrant WrestlingAug 18, 2021"
    },
    {
      "url": "/collections/11900902-2024-high-school-state-championships",
      "text": "High School State ChampionshipsJan 17, 2024"
    },
    {
      "url": "/collections/6751175-flowrestling-radio-live",
      "text": "FloWrestling Radio LiveMay 12, 2021"
    },
    {
      "url": "/collections/13427934-2025-high-school-state-championships",
      "text": "High School State ChampionshipsJan 10, 2025"
    },
    {
      "url": "/collections/13419741-international-rankings",
      "text": "International RankingsJan 8, 2025"
    }
  ],
  "images": [
    {
      "src": "https://d2779tscntxxsw.cloudfront.net/Wrestling-Logo-Overlay.jpg",
      "alt": "picture of Om Shastri"
    },
    {
      "src": "https://d2779tscntxxsw.cloudfront.net/64c8346ea00c0.png?width=200&quality=80",
      "alt": "Tyrant Wrestling"
    },
    {
      "src": "https://d2779tscntxxsw.cloudfront.net/collection_65a8c272d6e17.png?width=200&quality=80",
      "alt": "High School State Championships"
    },
    {
      "src": "https://d2779tscntxxsw.cloudfront.net/5eb23068ca8cb.png?width=200&quality=80",
      "alt": "FloWrestling Radio Live"
    },
    {
      "src": "https://d2779tscntxxsw.cloudfront.net/collection_678174f6919ec.png?width=200&quality=80",
      "alt": "High School State Championships"
    },
    {
      "src": "https://d2779tscntxxsw.cloudfront.net/677ee85fa4b27.png?width=200&quality=80",
      "alt": "International Rankings"
    }
  ]
}