{
  "title": "Stanford University Undergraduate Major in Computer Science",
  "meta_description": "",
  "main_content": "Jay Borenstein Total Students: 13 Mailing List: jbb-ug-advisees@cs.stanford.edu Yarency Avelar (yarencya@cs.stanford.edu) Emmanuel Ayumba (eayumba@cs.stanford.edu) Elizabeth Theresa Baena (ebaena@cs.stanford.edu) Ryan Da (rda1@cs.stanford.edu) Vedant Sumit Khanna (vedant@cs.stanford.edu) Gustavo Martinez (gm3603@cs.stanford.edu) Grace Miller (egmill@cs.stanford.edu) Alex Nguyen (ngualexa@cs.stanford.edu) Uche Ochuba (uochuba@cs.stanford.edu) Shree Reddy (shreered@cs.stanford.edu) Noel Sarduy (noelsd@cs.stanford.edu) Regina Sevilla (regcsev@cs.stanford.edu) Emma Sun (emmacsun@cs.stanford.edu) \u00a9 Stanford University Computer Science Department Content by CS Course Advisor Last updated on Saturday, 05-Sep-2009 20:46:59 PDT. Design by Linda Nguyen, '05",
  "links": [
    {
      "url": "index.shtml",
      "text": "Home"
    },
    {
      "url": "Declare.shtml",
      "text": "Declaring"
    },
    {
      "url": "Requirements.shtml",
      "text": "The Major"
    },
    {
      "url": "ProgramSheets.shtml",
      "text": "Program Sheets"
    },
    {
      "url": "Minor.shtml",
      "text": "The Minor"
    },
    {
      "url": "Coterm.shtml",
      "text": "The Coterm"
    },
    {
      "url": "Requirements.shtml#Petitions",
      "text": "Petitions"
    },
    {
      "url": "Requirements.shtml#Transfers",
      "text": "Transfer Credit"
    },
    {
      "url": "Events.shtml",
      "text": "Events"
    },
    {
      "url": "WhoToContact.shtml",
      "text": "Who To See"
    },
    {
      "url": "http://stanford.edu/",
      "text": "Stanford\nUniversity"
    },
    {
      "url": "http://cs.stanford.edu/",
      "text": "Computer Science\nDepartment"
    },
    {
      "url": "WhoToSee.shtml",
      "text": "CS Course\nAdvisor"
    }
  ],
  "images": []
}