{
  "title": "Vedant Khanna's Profile | Stanford Profiles",
  "meta_description": "Vedant Khanna is part of Stanford Profiles, official site for faculty, postdocs, students and staff information (Expertise, Bio, Research, Publications, and more). The site facilitates research and collaboration in academic endeavors.",
  "main_content": "Vedant Khanna Undergraduate, Mathematics Print Profile Email Profile View Stanford-only Profile Tab Menu Bio Contact Work vedantk@stanford.edu University - Student Department:&nbspMathematics Position: Undergraduate Additional Info Mail Code: 6055",
  "links": [
    {
      "url": "https://cap.stanford.edu/profiles/frdActionServlet?choiceId=printerprofile&profileversion=full&profileId=261257",
      "text": "Print Profile"
    },
    {
      "url": "mailto:?subject=Vedant Khanna's Profile&body=I would like to share the profile of Vedant Khanna with you. https://profiles.stanford.edu/vedant-khanna",
      "text": "Email Profile"
    },
    {
      "url": "/intranet/vedant-khanna",
      "text": "View Stanford-only Profile"
    },
    {
      "url": "/vedant-khanna?tab=bio",
      "text": "Bio"
    },
    {
      "url": "mailto:vedantk@stanford.edu",
      "text": "vedantk@stanford.edu"
    }
  ],
  "images": [
    {
      "src": "https://profiles.stanford.edu/proxy/api/cap/profiles/261257/resources/profilephoto/350x350.1626852496542.jpg",
      "alt": "Vedant Khanna"
    }
  ]
}