{
  "title": "About us",
  "meta_description": "Our Emirati-led team includes PhDs and AI experts from top institutes like Stanford, OpenAI, MIT, and Databricks.",
  "main_content": "About us We left the UAE to work deeply with Generative AI in the heart of Silicon Valley, even before the release of ChatGPT. We worked with and built a team of people on the cutting edge, driving forward AI innovation. We want to bring this innovation back home to the UAE to turbocharge the economy. Partnered with experts from Vedant Khanna Cofounder Grew up in Abu Dhabi, studied Maths & Physics at Stanford, built an AI real estate agent and raised several million dollars, and now bringing AI to back home to the UAE. Abdulla Kuleib Cofounder Emirati on a Presidential Scholarship studying Applied Mathematics and Computer Science at UCSD, doing AI research on emergent properties of large neural networks under the distinguished Mathematical Neuroscience Lab. Khalid Kuleib Strategic Advisor Led the research, development, digital and technology piloting function as CTO at ADNOC, managing a $2 billion portfolio of new and innovative technologies in the oil and gas operation. Prof. Chaithanya Bandi Research Lead: Reasoning Professor at Northwestern University, PhD from MIT, ex Microsoft Research. Working on routing between finetuned language models for enterprises. Dr. Hari Charan Reddy Project Lead: Agents PhD from MIT, built an autonomous AI data science agent being used by top healthcare firms like Mayo Clinic and Emory Healthcare. Daniel Chang Project Lead: Data & Fine-tuning Post-training for Databricks' DBRX-Instruct, a state of the art Mixture of Experts language model. Databricks' AI platform is used by 50% of the Fortune 500. Our Locations Abu Dhabi United Arab Emirates \u2022 Middle East Address Obaid Al Muhairi Building, Falah Street, Office MI Stanford California \u2022 USA Address 459 Lagunita Dr, Palo Alto Contact Us Email : contact@algoro.ai",
  "links": [
    {
      "url": "mailto:contact@algoro.ai?subject=Hey%20Algoro%2C",
      "text": "Email : contact@algoro.ai"
    }
  ],
  "images": [
    {
      "src": "https://cdn.prod.website-files.com/64a6e609f856124b86015b2b/6610ee297836f79815b17ac9_Hikma%20grediant.png",
      "alt": "Gradient Shape"
    },
    {
      "src": "https://cdn.prod.website-files.com/64a6e609f856124b86015b2b/65f5336adb7a54ba47960e4b_Logo%20(6).svg",
      "alt": "Logo image"
    },
    {
      "src": "https://cdn.prod.website-files.com/64a6e609f856124b86015b2b/65f53762d759b7d7c06aaefe_Logo%20(7).svg",
      "alt": "Logo Image"
    },
    {
      "src": "https://cdn.prod.website-files.com/64a6e609f856124b86015b2b/65f537634acc8a860c2e2ac3_Logo%20(8).svg",
      "alt": "Logo Image"
    },
    {
      "src": "https://cdn.prod.website-files.com/64a6e609f856124b86015b2b/65f53762894491fa11fa67ae_Logo%20(9).svg",
      "alt": "Logo Image"
    },
    {
      "src": "https://cdn.prod.website-files.com/64a6e609f856124b86015b2b/65f537622419a8d81cff2408_Logo%20(10).svg",
      "alt": "Logo image"
    },
    {
      "src": "https://cdn.prod.website-files.com/64a6e609f856124b86015b2b/662a5e5b9d93375a8eaf2ee8_Microsoft_logo_(2012)%201.svg",
      "alt": "Logo image"
    },
    {
      "src": "https://cdn.prod.website-files.com/64a6e609f856124b86015b2b/662a5e5b9d93375a8eaf2f05_databricks.svg",
      "alt": "Logo image"
    },
    {
      "src": "https://cdn.prod.website-files.com/64a6e609f856124b86015b2b/65f5336adb7a54ba47960e4b_Logo%20(6).svg",
      "alt": ""
    },
    {
      "src": "https://cdn.prod.website-files.com/64a6e609f856124b86015b2b/65f53762d759b7d7c06aaefe_Logo%20(7).svg",
      "alt": ""
    },
    {
      "src": "https://cdn.prod.website-files.com/64a6e609f856124b86015b2b/663dab59dc3f9a383abc350b_Group%20(16).svg",
      "alt": ""
    },
    {
      "src": "https://cdn.prod.website-files.com/64a6e609f856124b86015b2b/663dab8b9b3e9633c8f0ba49_Group%20(17).svg",
      "alt": ""
    },
    {
      "src": "https://cdn.prod.website-files.com/64a6e609f856124b86015b2b/65f537622419a8d81cff2408_Logo%20(10).svg",
      "alt": ""
    },
    {
      "src": "https://cdn.prod.website-files.com/64a6e609f856124b86015b2b/662a5e5b9d93375a8eaf2ee8_Microsoft_logo_(2012)%201.svg",
      "alt": ""
    },
    {
      "src": "https://cdn.prod.website-files.com/64a6e609f856124b86015b2b/662a5e5b9d93375a8eaf2f05_databricks.svg",
      "alt": ""
    },
    {
      "src": "https://cdn.prod.website-files.com/64a6e609f856124b86015b2b/65f5336adb7a54ba47960e4b_Logo%20(6).svg",
      "alt": ""
    },
    {
      "src": "https://cdn.prod.website-files.com/64a6e609f856124b86015b2b/65f53762d759b7d7c06aaefe_Logo%20(7).svg",
      "alt": ""
    },
    {
      "src": "https://cdn.prod.website-files.com/64a6e609f856124b86015b2b/65f537634acc8a860c2e2ac3_Logo%20(8).svg",
      "alt": ""
    },
    {
      "src": "https://cdn.prod.website-files.com/64a6e609f856124b86015b2b/65f53762894491fa11fa67ae_Logo%20(9).svg",
      "alt": ""
    },
    {
      "src": "https://cdn.prod.website-files.com/64a6e609f856124b86015b2b/65f537622419a8d81cff2408_Logo%20(10).svg",
      "alt": ""
    },
    {
      "src": "https://cdn.prod.website-files.com/64a6e609f856124b86015b2b/662a5e5b9d93375a8eaf2ee8_Microsoft_logo_(2012)%201.svg",
      "alt": ""
    },
    {
      "src": "https://cdn.prod.website-files.com/64a6e609f856124b86015b2b/662a5e5b9d93375a8eaf2f05_databricks.svg",
      "alt": ""
    },
    {
      "src": "https://cdn.prod.website-files.com/64a6e609f856124b86015b2b/6625fa4a630e0d8135844b06_Vedant.jpeg",
      "alt": "author image"
    },
    {
      "src": "https://cdn.prod.website-files.com/64a6e609f856124b86015b2b/6625faa143fc3144a6193737_Abdula.jpg",
      "alt": "author image"
    },
    {
      "src": "https://cdn.prod.website-files.com/64a6e609f856124b86015b2b/6625faa14bca2b8f8bf91e16_Khalid.jpeg",
      "alt": "author image"
    },
    {
      "src": "https://cdn.prod.website-files.com/64a6e609f856124b86015b2b/6610ee297836f79815b17ac9_Hikma%20grediant.png",
      "alt": "Gradient Shape"
    }
  ]
}