[
  {
    "fullName": "Neil Movva",
    "linkedin_internal_id": "315615584",
    "first_name": "Neil",
    "last_name": "Movva",
    "public_identifier": "nmovva",
    "background_cover_image_url": "https://static.licdn.com/aero-v1/sc/h/5q92mjc5c51bjlwaj3rs9aa82",
    "profile_photo": "https://static.licdn.com/aero-v1/sc/h/9c8pery4andzj6ohjkjp54ma2",
    "headline": "",
    "location": "961 followers\n          \n              500+ connections",
    "about": "",
    "experience": [],
    "education": [],
    "articles": [],
    "description": {
      "description1": "Together AI",
      "description1_link": "https://www.linkedin.com/company/togethercomputer?trk=public_profile_topcard-current-company",
      "description2": "Stanford University",
      "description2_link": "https://www.linkedin.com/school/stanford-university/?trk=public_profile_topcard-school",
      "description3": ""
    },
    "activities": [],
    "volunteering": [],
    "certification": [],
    "people_also_viewed": [
      {
        "link": "https://www.linkedin.com/in/subhashree-radhakrishnan-b0b0048b?trk=public_profile_browsemap-profile",
        "name": "Subhashree Radhakrishnan",
        "summary": "",
        "location": "Santa Clara, CA"
      },
      {
        "link": "https://www.linkedin.com/in/somyarora?trk=public_profile_browsemap-profile",
        "name": "Somya Arora",
        "summary": "",
        "location": "Mountain View, CA"
      },
      {
        "link": "https://www.linkedin.com/in/gregyang?trk=public_profile_browsemap-profile",
        "name": "Greg Yang",
        "summary": "",
        "location": "San Jose, CA"
      },
      {
        "link": "https://www.linkedin.com/in/chughvaibhav?trk=public_profile_browsemap-profile",
        "name": "Vaibhav Chugh",
        "summary": "",
        "location": "Cupertino, CA"
      },
      {
        "link": "https://www.linkedin.com/in/gautham-prasanna-83474338?trk=public_profile_browsemap-profile",
        "name": "Gautham Prasanna",
        "summary": "",
        "location": "Austin, TX"
      },
      {
        "link": "https://in.linkedin.com/in/nitish-sharma?trk=public_profile_browsemap-profile",
        "name": "Nitish Sharma",
        "summary": "",
        "location": "Noida"
      },
      {
        "link": "https://www.linkedin.com/in/hesam-salehian?trk=public_profile_browsemap-profile",
        "name": "Hesam Salehian",
        "summary": "",
        "location": "San Francisco Bay Area"
      },
      {
        "link": "https://www.linkedin.com/in/nidhibhatia23?trk=public_profile_browsemap-profile",
        "name": "Nidhi Bhatia",
        "summary": "",
        "location": "San Francisco Bay Area"
      },
      {
        "link": "https://www.linkedin.com/in/weiansheng?trk=public_profile_browsemap-profile",
        "name": "Weian Sheng",
        "summary": "",
        "location": "San Carlos, CA"
      },
      {
        "link": "https://www.linkedin.com/in/ayush-singhal-4463911b?trk=public_profile_browsemap-profile",
        "name": "Ayush Singhal",
        "summary": "",
        "location": "Santa Clara, CA"
      },
      {
        "link": "https://www.linkedin.com/in/chaudharynitin?trk=public_profile_browsemap-profile",
        "name": "Nitin Chaudhary",
        "summary": "",
        "location": "Cupertino, CA"
      },
      {
        "link": "https://www.linkedin.com/in/anuj-panwar?trk=public_profile_browsemap-profile",
        "name": "Anuj Panwar",
        "summary": "",
        "location": "San Francisco Bay Area"
      },
      {
        "link": "https://www.linkedin.com/in/vittalnkamath?trk=public_profile_browsemap-profile",
        "name": "Vittal Kamath",
        "summary": "",
        "location": "San Francisco Bay Area"
      },
      {
        "link": "https://www.linkedin.com/in/soumyasamirana?trk=public_profile_browsemap-profile",
        "name": "Soumya Samirana",
        "summary": "",
        "location": "San Diego, CA"
      },
      {
        "link": "https://www.linkedin.com/in/chirag-tanwani?trk=public_profile_browsemap-profile",
        "name": "Chirag Tanwani",
        "summary": "",
        "location": "San Diego, CA"
      },
      {
        "link": "https://www.linkedin.com/in/samuelcsherman?trk=public_profile_browsemap-profile",
        "name": "Samuel Sherman",
        "summary": "",
        "location": "Denver, CO"
      },
      {
        "link": "https://www.linkedin.com/in/arjun-shenoy-61a80024?trk=public_profile_browsemap-profile",
        "name": "Arjun Shenoy",
        "summary": "",
        "location": "Austin, TX"
      },
      {
        "link": "https://www.linkedin.com/in/siddharthhparikh?trk=public_profile_browsemap-profile",
        "name": "Sid Parikh",
        "summary": "",
        "location": "New York City Metropolitan Area"
      },
      {
        "link": "https://www.linkedin.com/in/raunaq-majumdar-809524122?trk=public_profile_browsemap-profile",
        "name": "Raunaq Majumdar",
        "summary": "",
        "location": "San Diego, CA"
      },
      {
        "link": "https://www.linkedin.com/in/sagarupadhyay212?trk=public_profile_browsemap-profile",
        "name": "Sagar Upadhyay",
        "summary": "IP Logic Design Lead | Engineering Manager",
        "location": "Greater Sacramento"
      }
    ],
    "similar_profiles": [],
    "recommendations": [],
    "publications": [],
    "courses": [],
    "languages": [],
    "organizations": [],
    "projects": [],
    "awards": [
      {
        "name": "2014 Siemens Research Competition Individual Semifinalist",
        "organization": "Siemens Foundation",
        "duration": "Oct 2014",
        "summary": "Awarded for \"Force Responsive Reconstruction: Characterizing the Morphogenesis of the Periodontal Ligament through Complementary Biomechanical and Histological Analysis\""
      }
    ],
    "score": []
  }
]