[
  {
    "fullName": "Evan Wang",
    "linkedin_internal_id": "658476249",
    "first_name": "Evan",
    "last_name": "Wang",
    "public_identifier": "evanzwang",
    "background_cover_image_url": "https://static.licdn.com/aero-v1/sc/h/5q92mjc5c51bjlwaj3rs9aa82",
    "profile_photo": "https://media.licdn.com/dms/image/v2/D5603AQFVAxOQhtsY8Q/profile-displayphoto-shrink_200_200/profile-displayphoto-shrink_200_200/0/1684578215944?e=2147483647&v=beta&t=FPg4dCSz65Pg5idxvGWiOKRiH3YdItFmQnLcXw2gXH0",
    "headline": "",
    "location": "921 followers\n          \n              500+ connections",
    "about": "",
    "experience": [],
    "education": [],
    "articles": [],
    "description": {
      "description1": "Scale AI",
      "description1_link": "https://www.linkedin.com/company/scaleai?trk=public_profile_topcard-current-company",
      "description2": "Caltech",
      "description2_link": "https://www.linkedin.com/school/california-institute-of-technology/?trk=public_profile_topcard-school",
      "description3": ""
    },
    "activities": [
      {
        "link": "https://www.linkedin.com/posts/eqian99_life-update-ive-started-a-company-with-activity-7287234950506913793-BzLB",
        "image": "https://static.licdn.com/aero-v1/sc/h/53n89ecoxpr1qrki1do3alazb",
        "title": "Life update: I\u2019ve started a company with my good friend Sam Yang \ud83d\ude80\n\nWe\u2019re building vertical coding agents to transform a 100B/yr industry and just\u2026",
        "activity": "Liked by Evan Wang"
      },
      {
        "link": "https://www.linkedin.com/posts/evanzwang_the-smallest-seed-of-an-idea-can-grow-it-activity-7239374151537364992-NlN9",
        "image": "https://static.licdn.com/aero-v1/sc/h/53n89ecoxpr1qrki1do3alazb",
        "title": "\u201cThe smallest seed of an idea can grow. It can grow to define or destroy you.\u201d - Cobb (from Inception)\n\nRead more about our findings:\u2026",
        "activity": "Shared by Evan Wang"
      },
      {
        "link": "https://www.linkedin.com/posts/scaleai_llms-have-become-more-capable-with-better-activity-7239309780236783616-SzDO",
        "image": "https://media.licdn.com/dms/image/v2/D5622AQFFV05EFsJl6w/feedshare-shrink_800/feedshare-shrink_800/0/1725985950586?e=2147483647&v=beta&t=xKbN3JxpoBlygcpOoMIGv24AXZBKQlNoiUKkzuoUXuw",
        "title": "LLMs have become more capable with better training and data. But they haven\u2019t figured out how to \u201cthink\u201d through problems at test-time.\n\nThe latest\u2026",
        "activity": "Liked by Evan Wang"
      },
      {
        "link": "https://www.linkedin.com/posts/pratyush1019_west-coast-datathon-spring-2023-pratyush-activity-7047665799053938688-EsLR",
        "image": "https://media.licdn.com/dms/image/sync/v2/C5627AQFrPy1MxfO81w/articleshare-shrink_800/articleshare-shrink_800/0/1725364569260?e=2147483647&v=beta&t=U_i_kYbRSXIqC0FdQkbKnJ_560Ao-7wgRCRAb8OgNhw",
        "title": "Congratulations to my wonderful team Forrest Bicker, Sahil Rane , Evan Wang  for winning 1st place at the West Coast Datathon Spring 2023 organized\u2026",
        "activity": "Liked by Evan Wang"
      },
      {
        "link": "https://www.linkedin.com/posts/colin-galen-10b157206_maybe-you-know-me-from-youtube-as-a-strong-activity-6866682253263560704-sxUy",
        "image": "https://media.licdn.com/dms/image/v2/C4D22AQFgoswsLhTxOw/feedshare-shrink_800/feedshare-shrink_800/0/1637144624845?e=2147483647&v=beta&t=KuD9l660lNlFg5_Rep0fKOb46P4BaZTQQl9azkdomoM",
        "title": "Maybe you know me from YouTube as a strong competitive programmer, or maybe you don't know me at all \ud83d\ude1b\n\nBut did you know, I've also felt the\u2026",
        "activity": "Liked by Evan Wang"
      }
    ],
    "volunteering": [],
    "certification": [],
    "people_also_viewed": [
      {
        "link": "https://www.linkedin.com/in/peterdiamandis?trk=public_profile_browsemap-profile",
        "name": "Peter H. Diamandis",
        "summary": "Data-driven optimist inspiring entrepreneurs through research, investment & community to create an abundant future for humanity | M.D. | Futurist | Speaker | Podcast Host | 4x NY Times Best-Selling Author",
        "location": "Santa Monica, CA"
      },
      {
        "link": "https://www.linkedin.com/in/janine-simone-3406ab28?trk=public_profile_browsemap-profile",
        "name": "Janine Simone",
        "summary": "",
        "location": "Greater Philadelphia"
      },
      {
        "link": "https://www.linkedin.com/in/adrian-almeida-s?trk=public_profile_browsemap-profile",
        "name": "Adrian Almeida",
        "summary": "",
        "location": "San Antonio, TX"
      },
      {
        "link": "https://www.linkedin.com/in/robertjack?trk=public_profile_browsemap-profile",
        "name": "Robert Jack",
        "summary": "",
        "location": "Boulder, CO"
      },
      {
        "link": "https://www.linkedin.com/in/alexverhulst?trk=public_profile_browsemap-profile",
        "name": "Alex Verhulst",
        "summary": "",
        "location": "Reston, VA"
      },
      {
        "link": "https://www.linkedin.com/in/jim-butler-0054023?trk=public_profile_browsemap-profile",
        "name": "Jim Butler",
        "summary": "",
        "location": "Los Angeles Metropolitan Area"
      },
      {
        "link": "https://www.linkedin.com/in/smitha-gopalarao-29800829?trk=public_profile_browsemap-profile",
        "name": "Smitha Gopalarao",
        "summary": "",
        "location": "Dublin, CA"
      },
      {
        "link": "https://www.linkedin.com/in/claudiaaustin?trk=public_profile_browsemap-profile",
        "name": "Claudia Austin",
        "summary": "",
        "location": "United States"
      },
      {
        "link": "https://www.linkedin.com/in/scott-kuhlman-mba-5843603?trk=public_profile_browsemap-profile",
        "name": "Scott Kuhlman, MBA",
        "summary": "",
        "location": "Asheville, NC"
      }
    ],
    "similar_profiles": [
      {
        "link": "https://www.linkedin.com/in/eevanwang?trk=public_profile_samename-profile",
        "name": "Evan Wang",
        "summary": "",
        "location": "San Francisco, CA"
      },
      {
        "link": "https://www.linkedin.com/in/evan-wang-46b9bb7a?trk=public_profile_samename-profile",
        "name": "Evan Wang",
        "summary": "Packaging Engineering Program Manager at Google",
        "location": "San Francisco Bay Area"
      },
      {
        "link": "https://www.linkedin.com/in/ewang505?trk=public_profile_samename-profile",
        "name": "Evan Wang",
        "summary": "CS Master's @ Cornell | Princeton CS '24",
        "location": "Greater Philadelphia"
      },
      {
        "link": "https://cn.linkedin.com/in/wangev?trk=public_profile_samename-profile",
        "name": "Evan Wang",
        "summary": "Michigan Ross MBA | Strategist | Marketer | Healthcare",
        "location": "China"
      }
    ],
    "recommendations": [],
    "publications": [
      {
        "name": "Planning In Natural Language Improves LLM Search For Code Generation",
        "sub_title": "ICLR 2025 Spotlight / System 2 Reasoning at NeurIPS 2024",
        "summary": "",
        "date": "December 9, 2024",
        "link": "https://www.linkedin.com/redir/redirect?url=https%3A%2F%2Farxiv%2Eorg%2Fabs%2F2409%2E03733&urlhash=SEwq&trk=public_profile_publication-title"
      },
      {
        "name": "SWIFT: Rapid Decentralized Federated Learning via Wait-Free Model Communication",
        "sub_title": "International Conference on Learning Representations 2023 (ICLR, Poster)",
        "summary": "",
        "date": "February 1, 2023"
      },
      {
        "name": "Sketch-GNN: Scalable Graph Neural Networks with Sublinear Training Complexity",
        "sub_title": "Conference on Neural Information Processing Systems (NeurIPS 2022, Poster)",
        "summary": "",
        "date": "October 31, 2022"
      },
      {
        "name": "SWIFT: Rapid Decentralized Federated Learning via Wait-Free Model Communication",
        "sub_title": "NeurIPS Federated Learning Workshop (FL-NeurIPS 2022, Oral)",
        "summary": "",
        "date": "September 23, 2022"
      }
    ],
    "courses": [],
    "languages": [
      {
        "name": "English",
        "level": "Native or bilingual proficiency"
      },
      {
        "name": "Chinese",
        "level": "Native or bilingual proficiency"
      },
      {
        "name": "Spanish",
        "level": "Limited working proficiency"
      }
    ],
    "organizations": [],
    "projects": [],
    "awards": [
      {
        "name": "Citadel Global Data Open 2nd Place",
        "organization": "Citadel, Citadel Securities, Correlation One",
        "duration": "Nov 2023",
        "summary": "Won 2nd place at the Citadel Global Data Open."
      },
      {
        "name": "Citadel West Coast Data Open 1st Place",
        "organization": "Citadel, Citadel Securities, Correlation One",
        "duration": "Mar 2023",
        "summary": "Won 1st place at the West Coast Data Open, qualifying for the Global Data Open."
      },
      {
        "name": "ICPC North America Championship Qualifier",
        "organization": "International Collegiate Programming Contest",
        "duration": "Feb 2023",
        "summary": "Selected from top 3 schools in the Southern California regionals to participate in the North American Championship representing Caltech."
      },
      {
        "name": "Putnam Top 500",
        "organization": "Mathematical Association of America",
        "duration": "Feb 2023",
        "summary": "Top 500 competitors out of all US universities."
      },
      {
        "name": "USA Computing Olympiad Platinum Division",
        "organization": "USA Computing Olympiad",
        "duration": "",
        "summary": "Top 300 high school students in the US in competitive programming."
      }
    ],
    "score": [
      {
        "name": "ACT",
        "score": "Score: 36",
        "duration": "Jul 2019",
        "summary": ""
      }
    ]
  }
]