[
  {
    "fullName": "Wanzin Yazar",
    "linkedin_internal_id": "452474240",
    "first_name": "Wanzin",
    "last_name": "Yazar",
    "public_identifier": "wanzinyazar",
    "background_cover_image_url": "https://static.licdn.com/aero-v1/sc/h/5q92mjc5c51bjlwaj3rs9aa82",
    "profile_photo": "https://static.licdn.com/aero-v1/sc/h/9c8pery4andzj6ohjkjp54ma2",
    "headline": "",
    "location": "392 followers\n          \n          \n              387 connections",
    "followers": "Issued Jan 2020",
    "connections": "Issued Jan 2020",
    "about": "",
    "experience": [],
    "education": [],
    "articles": [],
    "description": {
      "description1": "d-Matrix",
      "description1_link": "https://www.linkedin.com/company/d-matrix?trk=public_profile_topcard-current-company",
      "description2": "University of California, Berkeley",
      "description2_link": "https://www.linkedin.com/school/uc-berkeley/?trk=public_profile_topcard-school",
      "description3": ""
    },
    "activities": [
      {
        "link": "https://www.linkedin.com/posts/coleman-hooper-165061193_%F0%9D%90%87%F0%9D%90%A8%F0%9D%90%B0-%F0%9D%90%9C%F0%9D%90%9A%F0%9D%90%A7-%F0%9D%90%B0%F0%9D%90%9E-%F0%9D%90%9E%F0%9D%90%9F%F0%9D%90%9F%F0%9D%90%A2%F0%9D%90%9C%F0%9D%90%A2%F0%9D%90%9E%F0%9D%90%A7%F0%9D%90%AD%F0%9D%90%A5%F0%9D%90%B2-activity-7301295782224121856-cA1-",
        "image": "https://static.licdn.com/aero-v1/sc/h/53n89ecoxpr1qrki1do3alazb",
        "title": "\ud835\udc07\ud835\udc28\ud835\udc30 \ud835\udc1c\ud835\udc1a\ud835\udc27 \ud835\udc30\ud835\udc1e \ud835\udc1e\ud835\udc1f\ud835\udc1f\ud835\udc22\ud835\udc1c\ud835\udc22\ud835\udc1e\ud835\udc27\ud835\udc2d\ud835\udc25\ud835\udc32 \ud835\udc2c\ud835\udc1c\ud835\udc1a\ud835\udc25\ud835\udc1e \ud835\udc2e\ud835\udc29 \ud835\udc2d\ud835\udc1e\ud835\udc2c\ud835\udc2d-\ud835\udc2d\ud835\udc22\ud835\udc26\ud835\udc1e \ud835\udc1c\ud835\udc28\ud835\udc26\ud835\udc29\ud835\udc2e\ud835\udc2d\ud835\udc1e \ud835\udc30\ud835\udc22\ud835\udc2d\ud835\udc21 \ud835\udc29\ud835\udc1a\ud835\udc2b\ud835\udc1a\ud835\udc25\ud835\udc25\ud835\udc1e\ud835\udc25 \ud835\udc2d\ud835\udc2b\ud835\udc1e\ud835\udc1e \ud835\udc2c\ud835\udc1e\ud835\udc1a\ud835\udc2b\ud835\udc1c\ud835\udc21?\u00a0\n\n\ud83d\udea8\u2026",
        "activity": "Liked by Wanzin Yazar"
      },
      {
        "link": "https://www.linkedin.com/posts/how-to-bridge-speed-and-scale-redefining-activity-7301263467238277120-TYZ-",
        "image": "https://media.licdn.com/dms/image/sync/v2/D4E27AQEvnRfSYzxNeQ/articleshare-shrink_1280_800/articleshare-shrink_1280_800/0/1740706578793?e=2147483647&v=beta&t=EcerF5drJsxyYxNvNK4kkvXOnyDufD45X17iTYHBl-c",
        "title": "As models \u2018think\u2019 more and become more capable, inference time increases significantly, and it becomes more critical to minimize response time for\u2026",
        "activity": "Liked by Wanzin Yazar"
      },
      {
        "link": "https://www.linkedin.com/posts/aditya-grover_finally-out-of-stealth-a-few-months-ago-activity-7300615351749287937-IEV_",
        "image": "https://media.licdn.com/dms/image/v2/D5622AQHlCqxnpjFA_A/feedshare-shrink_800/B56ZVD3pmnGsAo-/0/1740600556214?e=2147483647&v=beta&t=v-cqkHnZ6YE-ByEbO-ASTr4eiSYqVbep-UQVcKeXHxs",
        "title": "Finally out of stealth! A few months ago, I co-founded Inception Labs, a new generative AI startup along with long-time colleagues Stefano Ermon and\u2026",
        "activity": "Liked by Wanzin Yazar"
      },
      {
        "link": "https://www.linkedin.com/posts/justinkinseysbt_semiconductorindustry-artificialintelligence-activity-7300179907710459905-ADGI",
        "image": "https://media.licdn.com/dms/image/v2/D5622AQE179QSjN-H1A/feedshare-shrink_1280/B56ZU9y8BYHQAw-/0/1740498519505?e=2147483647&v=beta&t=2CXxlvtGbR7y4snIy4Y5zaowpOSGBGOuv-gnTfPPgo4",
        "title": "The recent news about DeepSeek was like tossing a wet blanket on a roaring fire\u2014it couldn\u2019t extinguish the red-hot excitement investors have for AI!\u2026",
        "activity": "Liked by Wanzin Yazar"
      },
      {
        "link": "https://www.linkedin.com/posts/nvidia-ai_nvidiadgx-activity-7298785127856320513-9UvB",
        "image": "https://media.licdn.com/dms/image/v2/D5610AQGbldNfkpshfA/image-shrink_800/B56ZUp.WTYHsAg-/0/1740165966869?e=2147483647&v=beta&t=Tmsoa3Pt-B2XZOg-sUj_9Nh8Pf7F-8oJHCTEAz8tL0o",
        "title": "We\u2019re excited to see the vLLM Project team at UC Berkeley\u2019s Sky Computing Lab unbox their new #NVIDIADGX B200 system. \ud83c\udf89",
        "activity": "Liked by Wanzin Yazar"
      },
      {
        "link": "https://www.linkedin.com/posts/d-matrix_activity-7296222971931566081-RQUY",
        "image": "https://media.licdn.com/dms/image/v2/D5605AQELk6LSPLxn8g/videocover-high/B56ZUFkENvHQBs-/0/1739555107397?e=2147483647&v=beta&t=QjuT7kUZHwKLezAGB8u6KOnlaLY4nTWo6eHy9x45ytg",
        "title": "Liked by Wanzin Yazar",
        "activity": ""
      },
      {
        "link": "https://www.linkedin.com/posts/gauravjain14_the-last-week-has-seen-some-big-news-coming-activity-7295225205499600897-nvRN",
        "image": "https://static.licdn.com/aero-v1/sc/h/53n89ecoxpr1qrki1do3alazb",
        "title": "The last week has seen some big news coming out of the AI Inference landscape. \n\nWhile I am not surprised the industry is realizing that inference at\u2026",
        "activity": "Liked by Wanzin Yazar"
      },
      {
        "link": "https://www.linkedin.com/posts/johnhjkang_meta-in-talks-to-buy-korean-ai-chip-startup-activity-7295128044719980544-1N-B",
        "image": "https://media.licdn.com/dms/image/sync/v2/D4E27AQHmBHcSerNi3A/articleshare-shrink_800/articleshare-shrink_800/0/1739291443490?e=2147483647&v=beta&t=7KbcjrfYHEjCsldYTRJIOG96x8T9jw4G7QoX4zd9Dfo",
        "title": "Meta is in talks to acquire South Korean AI chip startup FuriosaAI, according to people familiar with the matter, a deal that could boost the social\u2026",
        "activity": "Liked by Wanzin Yazar"
      },
      {
        "link": "https://www.linkedin.com/posts/gauravjain14_my-team-at-d-matrix-is-looking-for-engineers-activity-7293730927103393793-R5qA",
        "image": "https://static.licdn.com/aero-v1/sc/h/53n89ecoxpr1qrki1do3alazb",
        "title": "My team at d-Matrix is looking for engineers to develop high-performance Al kernels for the evolving landscape of decoder model architectures.\n\n\ud83e\uddf0\u2026",
        "activity": "Liked by Wanzin Yazar"
      },
      {
        "link": "https://www.linkedin.com/posts/aiatmeta_unlocking-human-robot-collaboration-research-activity-7293739467301888000-m58g",
        "image": "https://media.licdn.com/dms/image/v2/D5605AQFuYxNysg1l2g/feedshare-thumbnail_720_1280/B56ZTiRC.pHoA8-/0/1738962909060?e=2147483647&v=beta&t=TkCood-Z1MrwPXrj4J1o6mnS-l5KzZAGv2FUu1niS_A",
        "title": "Building on Habitat work, we\u2019re releasing Meta PARTNR: a research framework supporting seamless human-robot collaboration that includes a large-scale\u2026",
        "activity": "Liked by Wanzin Yazar"
      },
      {
        "link": "https://www.linkedin.com/posts/a-roucher_open-source-deepresearch-freeing-our-search-activity-7292614038079823873-MFN3",
        "image": "https://media.licdn.com/dms/image/sync/v2/D4E27AQHSo4Wevupysg/articleshare-shrink_800/articleshare-shrink_800/0/1738785870036?e=2147483647&v=beta&t=59IX7PHZmPicPSb5x92kLKZd7eVJESbmoXhZ8x4j1HU",
        "title": "Introducing \ud835\uddfc\ud835\uddfd\ud835\uddf2\ud835\uddfb \ud835\uddd7\ud835\uddf2\ud835\uddf2\ud835\uddfd-\ud835\udde5\ud835\uddf2\ud835\ude00\ud835\uddf2\ud835\uddee\ud835\uddff\ud835\uddf0\ud835\uddf5 by Hugging Face! \ud83d\udca5\n\nOpenAI's latest agentic app Deep Research seems really good... But it's closed\u2026",
        "activity": "Liked by Wanzin Yazar"
      },
      {
        "link": "https://www.linkedin.com/posts/globalsemi_gsa-whereleadersmeet-semiconductor-activity-7291212800327065601-OTGC",
        "image": "https://media.licdn.com/dms/image/v2/D5605AQESMkkFdcc_BQ/videocover-high/B56ZS.XYzVGQBs-/0/1738360593498?e=2147483647&v=beta&t=k5a5S5UBmJr6eWOc3UfbM0ptxY33OnEMeO6v8Gv0Ptk",
        "title": "Kicking off 2025 with our newest GSA members! Let's give a warm welcome to:\n\nAMI: AMI is Firmware Reimagined for modern computing. As a global leader\u2026",
        "activity": "Liked by Wanzin Yazar"
      },
      {
        "link": "https://www.linkedin.com/posts/ujamil_join-the-umar-jamil-ai-discord-server-activity-7287890427653816320-d2MN",
        "image": "https://static.licdn.com/aero-v1/sc/h/53n89ecoxpr1qrki1do3alazb",
        "title": "If you only coded CUDA kernels consistently for 100 days, would that make you top 1% talent?\n\nThat's what we're trying to find out with C\u0103t\u0103lin M\u2026",
        "activity": "Liked by Wanzin Yazar"
      },
      {
        "link": "https://www.linkedin.com/posts/sheth_reasoning-r1-inference-activity-7289916848244985856-CI1A",
        "image": "https://static.licdn.com/aero-v1/sc/h/53n89ecoxpr1qrki1do3alazb",
        "title": "Think more v. Train more\n\nThis makes intuitive sense and something we have used as a guiding principle from the early days of d-Matrix. A person with\u2026",
        "activity": "Liked by Wanzin Yazar"
      },
      {
        "link": "https://www.linkedin.com/posts/clementdelangue_our-science-team-has-started-working-on-fully-activity-7288920634712076289-NU-C",
        "image": "https://media.licdn.com/dms/image/v2/D4E22AQFAFOZjNyXvLA/feedshare-shrink_2048_1536/B4EZSdysXuHAAo-/0/1737814100190?e=2147483647&v=beta&t=Drm5GlZXUcfnvYN8YI5oDDhGMw6rI2SIAV5keU0ndJg",
        "title": "Our science team has started working on fully reproducing and open-sourcing R1 including training data, training scripts,... \n\nFull power of open\u2026",
        "activity": "Liked by Wanzin Yazar"
      },
      {
        "link": "https://www.linkedin.com/posts/philipp-schmid-a6a2bb196_every-good-story-has-to-end-and-after-4-activity-7288554683055407106-tQor",
        "image": "https://media.licdn.com/dms/image/v2/D4E22AQFxpS7fvpD3DA/feedshare-shrink_800/B4EZSYl2cTHAAk-/0/1737726850347?e=2147483647&v=beta&t=ZW-8gB-d6oH7xqEfZU-ApzzCWrxoL7tF_U0_7iavQK8",
        "title": "Every good story has to end, and after 4 incredible years at Hugging Face, it's time for me to start my next adventure. \u26f0\ufe0f\n\nWhen I joined Hugging\u2026",
        "activity": "Liked by Wanzin Yazar"
      },
      {
        "link": "https://www.linkedin.com/posts/m12vc_ai-activity-7287932008222101504-QphP",
        "image": "https://media.licdn.com/dms/image/v2/D5622AQE6vMyfO9Sc2A/feedshare-shrink_1280/B56ZSPvirZHQAk-/0/1737578393226?e=2147483647&v=beta&t=C_5XFF3EHrxK1ywshIjswEfVLXr2-cKnjkLSpHLj4OM",
        "title": "In our latest edition of Founders Feature, we highlight d-Matrix, a startup reshaping the #AI landscape with their in-memory compute architecture. \ud83e\udd16\u2026",
        "activity": "Liked by Wanzin Yazar"
      },
      {
        "link": "https://www.linkedin.com/posts/cerebras-systems_stay-connected-activity-7284986445826506752-Xc4D",
        "image": "https://media.licdn.com/dms/image/v2/D5605AQHy9OpUB6nSoQ/videocover-high/B56ZRl4hf7GsBw-/0/1736876109787?e=2147483647&v=beta&t=xRsSE4gAmPcKziXa5qorWT3XciD-0OoFDt7WTBqTVMM",
        "title": "\ud83d\udce2 Cerebras and Mayo Clinic are proud to announce a new state-of-the-art foundation model for genomics. The model achieves unprecedented accuracy in\u2026",
        "activity": "Liked by Wanzin Yazar"
      }
    ],
    "volunteering": [],
    "certification": [
      {
        "company_image": "https://static.licdn.com/aero-v1/sc/h/cs8pjfgyw96g44ln9r7tct85f",
        "certification": "Google Cloud Certified Data Engineer",
        "company_url": "https://www.coursera.org/account/accomplishments/certificate/H9MJRE7SJLAM?trk=public_profile_certification-title",
        "company_name": "Google Cloud Platform Certified",
        "issue_date": "Issued Jan 2020",
        "credential_id": "See credential",
        "credential_url": "https://www.coursera.org/account/accomplishments/certificate/H9MJRE7SJLAM?trk=public_profile_see-credential"
      },
      {
        "company_image": "https://media.licdn.com/dms/image/v2/C560BAQEHKffoI8RwIQ/company-logo_100_100/company-logo_100_100/0/1630672537710/deeplearningai_logo?e=2147483647&v=beta&t=xL90sNVi5ij9a9ncxXfrqKBsOrWaEKRBncad-R92olM",
        "certification": "Deep Learning Specialization",
        "company_url": "https://www.linkedin.com/company/deeplearningai?trk=public_profile_profile-section-card_image-click",
        "company_name": "deeplearning.ai",
        "issue_date": "Issued Jan 2018",
        "credential_id": "See credential",
        "credential_url": "https://www.coursera.org/account/accomplishments/specialization/certificate/LMLL7UPCTXYQ?trk=public_profile_see-credential"
      },
      {
        "company_image": "https://media.licdn.com/dms/image/v2/C560BAQFEZvvMWePUvg/company-logo_100_100/company-logo_100_100/0/1630601250787?e=2147483647&v=beta&t=r8AmwyJLrtgsXU_as7MlzI0ADCejbRZNhu2JOQZo5VE",
        "certification": "Full Stack Machine Learning on AWS",
        "company_url": "https://www.linkedin.com/company/ai-camp?trk=public_profile_profile-section-card_image-click",
        "company_name": "AI Camp",
        "issue_date": "See credential",
        "credential_id": "",
        "credential_url": "https://learn.xnextcon.com/index/certificate/2020013109waya?trk=public_profile_see-credential"
      }
    ],
    "people_also_viewed": [
      {
        "link": "https://www.linkedin.com/in/ruiminglu?trk=public_profile_browsemap-profile",
        "name": "Ruiming Lu",
        "summary": "",
        "location": "Bellevue, WA"
      },
      {
        "link": "https://www.linkedin.com/in/siyuan-song-aa9bb341?trk=public_profile_browsemap-profile",
        "name": "Siyuan Song",
        "summary": "Machine Learning Engineer",
        "location": "Greater Seattle Area"
      },
      {
        "link": "https://www.linkedin.com/in/yinchuan?trk=public_profile_browsemap-profile",
        "name": "Yinchuan Xu",
        "summary": "",
        "location": "Bellevue, WA"
      },
      {
        "link": "https://www.linkedin.com/in/raybrshen?trk=public_profile_browsemap-profile",
        "name": "BoRui (Ray) Shen",
        "summary": "",
        "location": "San Francisco Bay Area"
      },
      {
        "link": "https://www.linkedin.com/in/sonal-savaliya?trk=public_profile_browsemap-profile",
        "name": "Sonal Savaliya",
        "summary": "Data Scientist | Machine Learning Engineer",
        "location": "New York City Metropolitan Area"
      },
      {
        "link": "https://www.linkedin.com/in/weizhi-li-ba08594a?trk=public_profile_browsemap-profile",
        "name": "Weizhi Li",
        "summary": "",
        "location": "San Francisco Bay Area"
      },
      {
        "link": "https://www.linkedin.com/in/ravichoudharyds?trk=public_profile_browsemap-profile",
        "name": "Ravi Choudhary",
        "summary": "DS @ Credit Karma | NYU CDS | American Express | SoFi | Smule | EXL | IIT",
        "location": "San Francisco, CA"
      },
      {
        "link": "https://www.linkedin.com/in/sharan-duggirala-b8989860?trk=public_profile_browsemap-profile",
        "name": "Sharan Duggirala",
        "summary": "",
        "location": "San Francisco, CA"
      },
      {
        "link": "https://www.linkedin.com/in/richie-feng-b32a5b48?trk=public_profile_browsemap-profile",
        "name": "Richie Feng",
        "summary": "",
        "location": "Sunnyvale, CA"
      },
      {
        "link": "https://www.linkedin.com/in/ilya-fastovets?trk=public_profile_browsemap-profile",
        "name": "Ilya Fastovets",
        "summary": "",
        "location": "Seattle, WA"
      },
      {
        "link": "https://www.linkedin.com/in/sen-yang-60095b8a?trk=public_profile_browsemap-profile",
        "name": "Sen Yang",
        "summary": "",
        "location": "Sunnyvale, CA"
      },
      {
        "link": "https://www.linkedin.com/in/ashishganta?trk=public_profile_browsemap-profile",
        "name": "Ashish Ganta",
        "summary": "",
        "location": "San Francisco, CA"
      },
      {
        "link": "https://www.linkedin.com/in/bharatsimhareddyrs?trk=public_profile_browsemap-profile",
        "name": "Bharat Simha Reddy Rikkala",
        "summary": "",
        "location": "Greater Seattle Area"
      },
      {
        "link": "https://www.linkedin.com/in/siddharthsharma92?trk=public_profile_browsemap-profile",
        "name": "Siddharth Sharma",
        "summary": "",
        "location": "Sunnyvale, CA"
      },
      {
        "link": "https://www.linkedin.com/in/qian-xiong?trk=public_profile_browsemap-profile",
        "name": "Qian (Wendy) Xiong",
        "summary": "",
        "location": "Mountain View, CA"
      },
      {
        "link": "https://www.linkedin.com/in/thomas-dunlap?trk=public_profile_browsemap-profile",
        "name": "Tom Dunlap",
        "summary": "",
        "location": "San Francisco Bay Area"
      },
      {
        "link": "https://www.linkedin.com/in/yeojujung?trk=public_profile_browsemap-profile",
        "name": "Stephanie Jung",
        "summary": "",
        "location": "San Francisco, CA"
      },
      {
        "link": "https://www.linkedin.com/in/sida-wang?trk=public_profile_browsemap-profile",
        "name": "Sida Wang",
        "summary": "",
        "location": "Cupertino, CA"
      },
      {
        "link": "https://www.linkedin.com/in/arjunsurendran24?trk=public_profile_browsemap-profile",
        "name": "Arjun Surendran",
        "summary": "",
        "location": "Greater Seattle Area"
      },
      {
        "link": "https://ca.linkedin.com/in/varghese-nikhil?trk=public_profile_browsemap-profile",
        "name": "Nikhil Varghese",
        "summary": "",
        "location": "Toronto, ON"
      }
    ],
    "similar_profiles": [],
    "recommendations": [],
    "publications": [
      {
        "name": "COMBINING MULTIPLE POST-TRAINING TECHNIQUES TO ACHIEVE MOST EFFICIENT QUANTIZED LLMS",
        "sub_title": "",
        "summary": "",
        "date": "",
        "link": "https://www.linkedin.com/redir/redirect?url=https%3A%2F%2Farxiv%2Eorg%2Fpdf%2F2405%2E07135&urlhash=E3Lx&trk=public_profile_publication-title"
      },
      {
        "name": "SELF-SELECTED ATTENTION SPAN FOR ACCELERATING LARGE LANGUAGE MODEL INFERENCE",
        "sub_title": "",
        "summary": "",
        "date": "",
        "link": "https://www.linkedin.com/redir/redirect?url=https%3A%2F%2Farxiv%2Eorg%2Fpdf%2F2404%2E09336&urlhash=PVo5&trk=public_profile_publication-title"
      },
      {
        "name": "The self- upgrading mobile application for the automatic malaria detection",
        "sub_title": "",
        "summary": "",
        "date": "",
        "link": "https://www.linkedin.com/redir/redirect?url=https%3A%2F%2Fieeexplore%2Eieee%2Eorg%2Fabstract%2Fdocument%2F9031201&urlhash=XkA2&trk=public_profile_publication-title"
      },
      {
        "name": "Through the Looking Glass: Unraveling the Stage-Shift of Acute Rejection in Renal Allografts",
        "sub_title": "",
        "summary": "",
        "date": "",
        "link": "https://www.linkedin.com/redir/redirect?url=https%3A%2F%2Fwww%2Emdpi%2Ecom%2F2077-0383%2F11%2F4%2F910&urlhash=ctFQ&trk=public_profile_publication-title"
      }
    ],
    "courses": [],
    "languages": [],
    "organizations": [],
    "projects": [],
    "awards": [
      {
        "name": "2019 IBM Call For Code Global Challenge - Best Asian Pacific Quest",
        "organization": "-",
        "duration": "Sep 2019",
        "summary": ""
      },
      {
        "name": "Grand Prize at AngelHack Silicon Valley 2019",
        "organization": "-",
        "duration": "Jun 2019",
        "summary": ""
      },
      {
        "name": "Best Mobile Hack at SF HACK 2019",
        "organization": "-",
        "duration": "Mar 2019",
        "summary": ""
      }
    ],
    "score": []
  }
]