{
  "title": "leonagel (Leo Nagel) \u00b7 GitHub",
  "meta_description": "leonagel has 5 repositories available. Follow their code on GitHub.",
  "main_content": "leonagel Follow More Overview Repositories Projects Packages Stars leonagel Follow Leo Nagel leonagel Follow 2 followers \u00b7 3 following Berkeley, California, USA 00:59 (UTC -08:00) X @leonhardnagel Highlights Pro Block or Report Block or report leonagel Block user Prevent this user from interacting with your repositories and sending you notifications. Learn more about blocking users . You must be logged in to block users. Add an optional note: Please don't include any personal information such as legal names or email addresses. Maximum 100 characters, markdown supported. This note will be visible to only you. Block user Report abuse Contact GitHub support about this user\u2019s behavior. Learn more about reporting abuse . Report abuse More Overview Repositories Projects Packages Stars Pinned Loading BradleyHsu/ bozo-sort BradleyHsu/bozo-sort Public Cuda Something went wrong, please refresh the page to try again. If the problem persists, check the GitHub status page or contact support .",
  "links": [
    {
      "url": "/login?return_to=https%3A%2F%2Fgithub.com%2Fleonagel",
      "text": "Follow"
    },
    {
      "url": "/leonagel",
      "text": "Overview"
    },
    {
      "url": "/leonagel?tab=repositories",
      "text": "Repositories"
    },
    {
      "url": "/leonagel?tab=projects",
      "text": "Projects"
    },
    {
      "url": "/leonagel?tab=packages",
      "text": "Packages"
    },
    {
      "url": "/leonagel?tab=stars",
      "text": "Stars"
    },
    {
      "url": "/login?return_to=https%3A%2F%2Fgithub.com%2Fleonagel",
      "text": "Follow"
    },
    {
      "url": "https://avatars.githubusercontent.com/u/60560091?v=4",
      "text": ""
    },
    {
      "url": "/login?return_to=https%3A%2F%2Fgithub.com%2Fleonagel",
      "text": "Follow"
    },
    {
      "url": "https://github.com/leonagel?tab=followers",
      "text": "2\n          followers"
    },
    {
      "url": "https://github.com/leonagel?tab=following",
      "text": "3\n          following"
    },
    {
      "url": "https://twitter.com/leonhardnagel",
      "text": "@leonhardnagel"
    },
    {
      "url": "https://docs.github.com/articles/blocking-a-user-from-your-personal-account",
      "text": "blocking users"
    },
    {
      "url": "https://docs.github.com/articles/reporting-abuse-or-spam",
      "text": "reporting abuse"
    },
    {
      "url": "/contact/report-abuse?report=leonagel+%28user%29",
      "text": "Report abuse"
    },
    {
      "url": "/leonagel",
      "text": "Overview"
    },
    {
      "url": "/leonagel?tab=repositories",
      "text": "Repositories"
    },
    {
      "url": "/leonagel?tab=projects",
      "text": "Projects"
    },
    {
      "url": "/leonagel?tab=packages",
      "text": "Packages"
    },
    {
      "url": "/leonagel?tab=stars",
      "text": "Stars"
    },
    {
      "url": "/BradleyHsu/bozo-sort",
      "text": "BradleyHsu/bozo-sort"
    },
    {
      "url": "https://www.githubstatus.com/",
      "text": "GitHub status page"
    },
    {
      "url": "/contact",
      "text": "contact support"
    }
  ],
  "images": [
    {
      "src": "https://avatars.githubusercontent.com/u/60560091?s=64&v=4",
      "alt": "@leonagel"
    },
    {
      "src": "https://avatars.githubusercontent.com/u/60560091?s=64&v=4",
      "alt": "@leonagel"
    },
    {
      "src": "https://avatars.githubusercontent.com/u/60560091?v=4",
      "alt": "View leonagel's full-sized avatar"
    }
  ]
}