{
  "title": "Leonhard NAGEL | Undergraduate | Bachelor of Science | University of California, Berkeley, Berkeley | UCB | Department of Electrical Engineering and Computer Sciences | Research profile",
  "meta_description": "Leonhard NAGEL, Undergraduate of University of California, Berkeley, Berkeley (UCB) | Read 1 publication | Contact Leonhard NAGEL",
  "main_content": "Home University of California, Berkeley Department of Electrical Engineering and Computer Sciences Leonhard Nagel Leonhard Nagel University of California, Berkeley | UCB \u00b7 Department of Electrical Engineering and Computer Sciences Bachelor of Science Contact Connect with experts in your field Join ResearchGate to contact this researcher and connect with your scientific community. Join for free Log in Contact Connect with experts in your field Join ResearchGate to contact this researcher and connect with your scientific community. Join for free Log in About 1 Publication 136 Reads How we measure 'reads' A 'read' is counted each time someone views a publication summary (such as the title, abstract, and list of authors), clicks on a figure, or views or downloads the full-text. Learn more 0 Citations Introduction Skills and Expertise Machine Learning Computer Vision Electronics and Communication Engineering Neural Networks and Artificial Intelligence Education August 2023 - June 2027 University of California, Berkeley Field of study Engineering (Undeclared) Publications Publication (1) Derivation of a Function for Velocity for Falling Objects with Non-Negligible Air Resistance Preprint Full-text available Dec 2021 Leonhard Nagel For many falling objects, air resistance can be assumed to be negligible; however, this assumption is not a valid one to make in many cases. Thus, a function relating velocity to time, under consideration of drag, can be used to better estimate the velocity of a falling object.In an idealized sense, two forces act upon a falling object: weight and... View Current institution University of California, Berkeley Department of Electrical Engineering and Computer Sciences Berkeley, United States Current position Undergraduate Advertisement Join ResearchGate to find the people and research you need to help your work 25+ million members 160+ million publication pages 2.3+ billion citations Join for free",
  "links": [
    {
      "url": "https://www.researchgate.net/",
      "text": "Home"
    },
    {
      "url": "https://www.researchgate.net/institution/University-of-California-Berkeley",
      "text": "University of California, Berkeley"
    },
    {
      "url": "https://www.researchgate.net/institution/University-of-California-Berkeley",
      "text": "University of California, Berkeley | UCB\u00a0\u00b7\u00a0Department of Electrical Engineering and Computer Sciences"
    },
    {
      "url": "signup.SignUp.html",
      "text": "Join for free"
    },
    {
      "url": "https://www.researchgate.net/login?_sg=9blAZ-Xw52bcJBpXkvokPeushMyiSfMxPLPNAa25divKjFbbiGO8RbxiUY5UzKtM_5DbuzD9810vZw",
      "text": "Log in"
    },
    {
      "url": "signup.SignUp.html",
      "text": "Join for free"
    },
    {
      "url": "https://www.researchgate.net/login?_sg=9blAZ-Xw52bcJBpXkvokPeushMyiSfMxPLPNAa25divKjFbbiGO8RbxiUY5UzKtM_5DbuzD9810vZw",
      "text": "Log in"
    },
    {
      "url": "https://explore.researchgate.net/display/support/Reads",
      "text": "Learn more"
    },
    {
      "url": "topic/Machine-Learning",
      "text": "Machine Learning"
    },
    {
      "url": "topic/Computer-Vision",
      "text": "Computer Vision"
    },
    {
      "url": "topic/Electronics-and-Communication-Engineering",
      "text": "Electronics  and Communication Engineering"
    },
    {
      "url": "topic/Neural-Networks-and-Artificial-Intelligence",
      "text": "Neural Networks and Artificial Intelligence"
    },
    {
      "url": "https://www.researchgate.net/institution/University-of-California-Berkeley",
      "text": ""
    },
    {
      "url": "https://www.researchgate.net/institution/University-of-California-Berkeley",
      "text": "University of California, Berkeley"
    },
    {
      "url": "https://www.researchgate.net/publication/361892835_Derivation_of_a_Function_for_Velocity_for_Falling_Objects_with_Non-Negligible_Air_Resistance",
      "text": "Derivation of a Function for Velocity for Falling Objects with Non-Negligible Air Resistance"
    },
    {
      "url": "https://www.researchgate.net/profile/Leonhard-Nagel-5",
      "text": "Leonhard Nagel"
    },
    {
      "url": "https://www.researchgate.net/publication/361892835_Derivation_of_a_Function_for_Velocity_for_Falling_Objects_with_Non-Negligible_Air_Resistance",
      "text": "View"
    },
    {
      "url": "https://www.researchgate.net/institution/University-of-California-Berkeley",
      "text": ""
    },
    {
      "url": "https://www.researchgate.net/institution/University-of-California-Berkeley",
      "text": "University of California, Berkeley"
    },
    {
      "url": "signup.SignUp.html",
      "text": "Join for free"
    },
    {
      "url": "login?urlAfterLogin=profile%2FLeonhard-Nagel-5%3FsendMessage%3D1&_sg=0j-yZGlmqZTbFerMCCt-gZIgKYIZbqFdiSp2lCW6ArFCFuxnBz9t00gErLqAUVy5oesot3mVBbrrIQ",
      "text": "Log in"
    },
    {
      "url": "login?urlAfterLogin=profile%2FLeonhard-Nagel-5%3FsendMessage%3D1&_sg=0j-yZGlmqZTbFerMCCt-gZIgKYIZbqFdiSp2lCW6ArFCFuxnBz9t00gErLqAUVy5oesot3mVBbrrIQ",
      "text": "Log in"
    },
    {
      "url": "signup.SignUp.html?ev=su_profileMessage&_sg=kDxnDhPdRbxYToPedCB29cdt_5QACPd5zKm3vilzZPsSdKQOcJF706SxyFvTmacpy8PdoBnFIFbEUW2nmZ8a7LC74xU",
      "text": "Join for free"
    }
  ],
  "images": [
    {
      "src": "https://i1.rgstatic.net/ii/profile.image/1176153712787456-1657428305590_Q128/Leonhard-Nagel-5.jpg",
      "alt": "Leonhard Nagel"
    },
    {
      "src": "https://i1.rgstatic.net/ii/institution.image/AS%3A267461537009684%401440779207532_m",
      "alt": "University of California, Berkeley"
    },
    {
      "src": "data:image/png;base64,iVBORw0KGgoAAAANSUhEUgAAAAEAAAABCAYAAAAfFcSJAAAADUlEQVR42mN89OjNfwAJDwOxHEacwgAAAABJRU5ErkJggg==",
      "alt": "Leonhard Nagel"
    },
    {
      "src": "https://i1.rgstatic.net/ii/institution.image/AS%3A267461537009684%401440779207532_m",
      "alt": "University of California, Berkeley"
    },
    {
      "src": "https://c5.rgstatic.net/m/420699284191573/images/symbols/svg/classification-academic.svg",
      "alt": ""
    },
    {
      "src": "https://c5.rgstatic.net/m/415447567661256/images/symbols/svg/classification-corporate.svg",
      "alt": ""
    },
    {
      "src": "https://c5.rgstatic.net/m/44240833271040/images/symbols/svg/classification-medical.svg",
      "alt": ""
    },
    {
      "src": "https://c5.rgstatic.net/m/41625716582999/images/symbols/svg/classification-notresearcher.svg",
      "alt": ""
    }
  ]
}