{
  "title": "Trishala Neeraj | DeepAI",
  "meta_description": "Read Trishala Neeraj's latest research, browse their coauthor's research, and play around with their algorithms",
  "main_content": "Trishala Neeraj \u2219 0 followers",
  "links": [
    {
      "url": "https://twitter.com/trishalaneeraj",
      "text": ""
    },
    {
      "url": "/profile/han-wang",
      "text": ""
    },
    {
      "url": "/profile/han-wang",
      "text": "Han Wang"
    },
    {
      "url": "/profile/alexander-m-rush",
      "text": ""
    },
    {
      "url": "/profile/alexander-m-rush",
      "text": "Alexander M. Rush"
    },
    {
      "url": "/profile/colin-raffel",
      "text": ""
    },
    {
      "url": "/profile/colin-raffel",
      "text": "Colin Raffel"
    },
    {
      "url": "/profile/sheng-shen",
      "text": ""
    },
    {
      "url": "/profile/sheng-shen",
      "text": "Sheng Shen"
    },
    {
      "url": "/profile/stella-biderman",
      "text": ""
    },
    {
      "url": "/profile/stella-biderman",
      "text": "Stella Biderman"
    },
    {
      "url": "/profile/canwen-xu",
      "text": ""
    },
    {
      "url": "/profile/canwen-xu",
      "text": "Canwen Xu"
    },
    {
      "url": "/profile/thomas-wolf",
      "text": ""
    },
    {
      "url": "/profile/thomas-wolf",
      "text": "Thomas Wolf"
    },
    {
      "url": "/profile/matteo-manica",
      "text": ""
    },
    {
      "url": "/profile/matteo-manica",
      "text": "Matteo Manica"
    },
    {
      "url": "/profile/stephen-h-bach",
      "text": ""
    },
    {
      "url": "/profile/stephen-h-bach",
      "text": "Stephen H. Bach"
    },
    {
      "url": "/profile/victor-sanh",
      "text": ""
    },
    {
      "url": "/profile/victor-sanh",
      "text": "Victor Sanh"
    },
    {
      "url": "/profile/rachel-bawden",
      "text": ""
    },
    {
      "url": "/profile/rachel-bawden",
      "text": "Rachel Bawden"
    },
    {
      "url": "/publication/multitask-prompted-training-enables-zero-shot-task-generalization",
      "text": "Multitask Prompted Training Enables Zero-Shot Task Generalization"
    },
    {
      "url": "/profile/victor-sanh",
      "text": "Victor Sanh, et al."
    },
    {
      "url": "/pricing",
      "text": "See Full Pricing Page"
    }
  ],
  "images": [
    {
      "src": "/static/images/defaultprofile.jpg",
      "alt": ""
    },
    {
      "src": "/static/images/twitter-icon.png",
      "alt": ""
    },
    {
      "src": "/static/images/new_heart.png",
      "alt": ""
    },
    {
      "src": "/static/images/new_red_heart.png",
      "alt": ""
    },
    {
      "src": "/static/images/profile-placeholder-small.png",
      "alt": ""
    },
    {
      "src": "https://images.deepai.org/author-profile/alexander-m-rush-thumb-5281.jpg",
      "alt": ""
    },
    {
      "src": "/static/images/profile-placeholder-small.png",
      "alt": ""
    },
    {
      "src": "/static/images/profile-placeholder-small.png",
      "alt": ""
    },
    {
      "src": "/static/images/profile-placeholder-small.png",
      "alt": ""
    },
    {
      "src": "/static/images/profile-placeholder-small.png",
      "alt": ""
    },
    {
      "src": "/static/images/profile-placeholder-small.png",
      "alt": ""
    },
    {
      "src": "/static/images/profile-placeholder-small.png",
      "alt": ""
    },
    {
      "src": "/static/images/profile-placeholder-small.png",
      "alt": ""
    },
    {
      "src": "/static/images/profile-placeholder-small.png",
      "alt": ""
    },
    {
      "src": "/static/images/profile-placeholder-small.png",
      "alt": ""
    },
    {
      "src": "/static/images/new_heart.png",
      "alt": ""
    },
    {
      "src": "/static/images/new_red_heart.png",
      "alt": ""
    },
    {
      "src": "/static/images/new_share.png",
      "alt": ""
    },
    {
      "src": "/static/images/social-x-icon.svg",
      "alt": ""
    },
    {
      "src": "/static/images/social-facebook-icon.svg",
      "alt": ""
    },
    {
      "src": "/static/images/social-linkedin-icon.svg",
      "alt": ""
    },
    {
      "src": "/static/images/social-reddit-icon.svg",
      "alt": ""
    },
    {
      "src": "/static/images/social-copy-icon.svg",
      "alt": "Copy"
    },
    {
      "src": "/static/images/pro-badge.svg",
      "alt": ""
    }
  ]
}