{
  "title": "",
  "meta_description": "",
  "main_content": "IEEE Account Change Username/Password Update Address Purchase Details Payment Options Order History View Purchased Documents Profile Information Communications Preferences Profession and Education Technical Interests Need Help? US & Canada: +1 800 678 4333 Worldwide: +1 732 981 0060 Contact & Support About IEEE Xplore Contact Us Help Accessibility Terms of Use Nondiscrimination Policy Sitemap Privacy & Opting Out of Cookies A not-for-profit organization, IEEE is the world's largest technical professional organization dedicated to advancing technology for the benefit of humanity. \u00a9 Copyright 2025 IEEE - All rights reserved. Use of this web site signifies your agreement to the terms and conditions.",
  "links": [
    {
      "url": "https://www.ieee.org/profile/changeusrpwd/showChangeUsrPwdPage.html?refSite=https://ieeexplore.ieee.org&refSiteName=IEEE Xplore",
      "text": "Change Username/Password"
    },
    {
      "url": "https://www.ieee.org/profile/address/getAddrInfoPage.html?refSite=https://ieeexplore.ieee.org&refSiteName=IEEE Xplore",
      "text": "Update Address"
    },
    {
      "url": "https://www.ieee.org/profile/payment/showPaymentHome.html?refSite=https://ieeexplore.ieee.org&refSiteName=IEEE Xplore",
      "text": "Payment Options"
    },
    {
      "url": "https://www.ieee.org/profile/vieworder/showOrderHistory.html?refSite=https://ieeexplore.ieee.org&refSiteName=IEEE Xplore",
      "text": "Order History"
    },
    {
      "url": "/articleSale/purchaseHistory.jsp",
      "text": "View Purchased Documents"
    },
    {
      "url": "https://www.ieee.org/ieee-privacyportal/app/ibp?refSite=https://ieeexplore.ieee.org&refSiteName=IEEE Xplore",
      "text": "Communications Preferences"
    },
    {
      "url": "https://www.ieee.org/profile/profedu/getProfEduInformation.html?refSite=https://ieeexplore.ieee.org&refSiteName=IEEE Xplore",
      "text": "Profession and Education"
    },
    {
      "url": "https://www.ieee.org/profile/tips/getTipsInfo.html?refSite=https://ieeexplore.ieee.org&refSiteName=IEEE Xplore",
      "text": "Technical Interests"
    },
    {
      "url": "/xpl/contact",
      "text": "Contact & Support"
    },
    {
      "url": "/Xplorehelp/overview-of-ieee-xplore/about-ieee-xplore",
      "text": "About IEEE Xplore"
    },
    {
      "url": "/xpl/contact",
      "text": "Contact Us"
    },
    {
      "url": "/Xplorehelp",
      "text": "Help"
    },
    {
      "url": "/Xplorehelp/overview-of-ieee-xplore/accessibility-statement",
      "text": "Accessibility"
    },
    {
      "url": "/Xplorehelp/overview-of-ieee-xplore/terms-of-use",
      "text": "Terms of Use"
    },
    {
      "url": "http://www.ieee.org/web/aboutus/whatis/policies/p9-26.html",
      "text": "Nondiscrimination Policy"
    },
    {
      "url": "/xpl/sitemap.jsp",
      "text": "Sitemap"
    },
    {
      "url": "http://www.ieee.org/about/help/security_privacy.html",
      "text": "Privacy & Opting Out of Cookies"
    }
  ],
  "images": []
}