[
  {
    "fullName": "Tony Wang",
    "linkedin_internal_id": "873669544",
    "first_name": "Tony",
    "last_name": "Wang",
    "public_identifier": "tony-wang-",
    "background_cover_image_url": "https://media.licdn.com/dms/image/v2/D5616AQHSrv_fIVt_gA/profile-displaybackgroundimage-shrink_200_800/profile-displaybackgroundimage-shrink_200_800/0/1727927758869?e=2147483647&v=beta&t=nO0gTClHIK9cbAH80oHjve1NX3_0lD98TMxLDRg15Sc",
    "profile_photo": "https://media.licdn.com/dms/image/v2/D5603AQHwc9Ro1K6fXg/profile-displayphoto-shrink_200_200/profile-displayphoto-shrink_200_200/0/1727927740738?e=2147483647&v=beta&t=cRBEyCnXKxtXW0tCjw9CR8DNb1uhyJd3YrK1a7-W2rc",
    "headline": "CS @ Stanford | Prev @ Amazon",
    "location": "2K followers\n          \n          \n              500+ connections",
    "about": "wangtony@stanford.edu",
    "experience": [
      {
        "position": "Garage Fellow",
        "company_url": "https://www.linkedin.com/company/pear-vc?trk=public_profile_experience-item_profile-section-card_subtitle-click",
        "company_image": "https://media.licdn.com/dms/image/v2/D560BAQFSlreFuDK-kQ/company-logo_100_100/company-logo_100_100/0/1724194795145/pear_vc_logo?e=2147483647&v=beta&t=CaM5fddHZ-vQXtrsUTXL6cKmg-ZY2nhWPB2IepMA-Jc",
        "company_name": "Pear VC",
        "location": null,
        "summary": "",
        "starts_at": "Oct 2024",
        "ends_at": "Present",
        "duration": "6 months"
      },
      {
        "position": "Fellow",
        "company_url": "https://www.linkedin.com/company/paragon-fellowship?trk=public_profile_experience-item_profile-section-card_subtitle-click",
        "company_image": "https://media.licdn.com/dms/image/v2/D4E0BAQH_vsGQG34Z0Q/company-logo_100_100/company-logo_100_100/0/1705772748475/paragon_fellowship_logo?e=2147483647&v=beta&t=duBWOpZeky4bweY6j-IUMUy9JatpfLQYa6dvxZ-cO6c",
        "company_name": "Paragon Policy Fellowship",
        "location": null,
        "summary": "",
        "starts_at": "Sep 2024",
        "ends_at": "Present",
        "duration": "7 months"
      },
      {
        "position": "Fellowship Co-Founder",
        "company_url": "https://www.linkedin.com/company/public-interest-technology-lab-at-stanford-university?trk=public_profile_experience-item_profile-section-card_subtitle-click",
        "company_image": "https://media.licdn.com/dms/image/v2/C4D0BAQFf2Q5TSMfNuw/company-logo_100_100/company-logo_100_100/0/1630520029440?e=2147483647&v=beta&t=5wGDn5y9WBxOwNWogAE38CeohzsvcUQKXpm1t8bFCuI",
        "company_name": "Public Interest Technology Lab at Stanford University",
        "location": null,
        "summary": "Led inaugural student govtech fellowship program, sourcing and building government partner projects",
        "starts_at": "Feb 2024",
        "ends_at": "Present",
        "duration": "1 year 2 months"
      },
      {
        "position": "Scout",
        "company_url": "https://www.linkedin.com/company/somacapital?trk=public_profile_experience-item_profile-section-card_subtitle-click",
        "company_image": "https://media.licdn.com/dms/image/v2/C4E0BAQEid5KKTz0-xQ/company-logo_100_100/company-logo_100_100/0/1631307379404?e=2147483647&v=beta&t=1BTEs6f1QMBwffORLwqW86HmXJpsxRWH1sLwPaf1mj4",
        "company_name": "Soma Capital",
        "location": null,
        "summary": "",
        "starts_at": "2024",
        "ends_at": "Present",
        "duration": "1 year"
      },
      {
        "position": "Software Engineer Intern",
        "company_url": "https://www.linkedin.com/company/amazon?trk=public_profile_experience-item_profile-section-card_subtitle-click",
        "company_image": "https://media.licdn.com/dms/image/v2/C560BAQHTvZwCx4p2Qg/company-logo_100_100/company-logo_100_100/0/1630640869849/amazon_logo?e=2147483647&v=beta&t=QsC16wgE3EBriPFDlAgtToh2xndFwQWKmR2WcyMG1nk",
        "company_name": "Amazon",
        "location": "Sunnyvale, California, United States",
        "summary": "",
        "starts_at": "Jun 2024",
        "ends_at": "Sep 2024",
        "duration": "4 months"
      },
      {
        "position": "Software Engineer",
        "company_url": "https://uk.linkedin.com/company/swim-england?trk=public_profile_experience-item_profile-section-card_subtitle-click",
        "company_image": "https://media.licdn.com/dms/image/v2/D4E0BAQEUraYya4dgyg/company-logo_100_100/company-logo_100_100/0/1719921132242/swim_england_logo?e=2147483647&v=beta&t=6UoK4exx7YzOgxAXsdMIBCYZiQf7xTeyDTwragEaE4s",
        "company_name": "Swim England",
        "location": null,
        "summary": "",
        "starts_at": "May 2024",
        "ends_at": "Jun 2024",
        "duration": "2 months"
      },
      {
        "position": "Freshman Council President",
        "company_url": "https://www.linkedin.com/school/stanford-university/?trk=public_profile_experience-item_profile-section-card_subtitle-click",
        "company_image": "https://media.licdn.com/dms/image/v2/C560BAQHr9suxyJBXMw/company-logo_100_100/company-logo_100_100/0/1635534378870/stanford_university_logo?e=2147483647&v=beta&t=ZvB25L95o9w4q9drvsWxGcM49tX66Cf5LsLAxYp8rSs",
        "company_name": "Stanford University",
        "location": null,
        "summary": "Led student council representing all 23 freshman dorms, managing $35,500 for 1,700+ students",
        "starts_at": "Oct 2023",
        "ends_at": "Jun 2024",
        "duration": "9 months"
      },
      {
        "position": "Consultant",
        "company_url": "https://www.linkedin.com/company/microsoft?trk=public_profile_experience-item_profile-section-card_subtitle-click",
        "company_image": "https://media.licdn.com/dms/image/v2/C560BAQE88xCsONDULQ/company-logo_100_100/company-logo_100_100/0/1630652622688/microsoft_logo?e=2147483647&v=beta&t=lMkCSsceJNmUG1r0VRg3Whye1sVi2KtYvt-MWyfoNbY",
        "company_name": "Microsoft",
        "location": null,
        "summary": "Through the Stanford Marketing Group. Presented to Microsoft Azure team.",
        "starts_at": "Jan 2024",
        "ends_at": "Mar 2024",
        "duration": "3 months"
      },
      {
        "position": "Founder Fellow",
        "company_url": "https://ca.linkedin.com/company/ripplexfellowship?trk=public_profile_experience-item_profile-section-card_subtitle-click",
        "company_image": "https://media.licdn.com/dms/image/v2/C560BAQHCoRj_BiJVAQ/company-logo_100_100/company-logo_100_100/0/1630563337221/the_scout_program_ripple_ventures_x_waterloo_alumni_angels_logo?e=2147483647&v=beta&t=NT3OjvwUu7xt2ho6VEny3YB8-_cuERg949-tqvyQNCo",
        "company_name": "RippleX Fellowship",
        "location": null,
        "summary": "1 of 10 startups from North America",
        "starts_at": "2024",
        "ends_at": "2024",
        "duration": "less than a year"
      },
      {
        "position": "Contractor",
        "company_url": "https://www.linkedin.com/company/hypelist-app?trk=public_profile_experience-item_profile-section-card_subtitle-click",
        "company_image": "https://media.licdn.com/dms/image/v2/D4E0BAQEhZIKt_FOKLw/company-logo_100_100/company-logo_100_100/0/1700170100483?e=2147483647&v=beta&t=O5dYXGONvIGr5f86aPAJcVHPa7nhfwWoXDKls1_qUio",
        "company_name": "Hypelist",
        "location": null,
        "summary": "",
        "starts_at": "2024",
        "ends_at": "2024",
        "duration": "less than a year"
      },
      {
        "position": "Research Intern",
        "company_url": "https://www.linkedin.com/company/stanford-ai-lab?trk=public_profile_experience-item_profile-section-card_subtitle-click",
        "company_image": "https://media.licdn.com/dms/image/v2/C560BAQHIr1u04mwtMA/company-logo_100_100/company-logo_100_100/0/1631434386745/stanford_ai_lab_logo?e=2147483647&v=beta&t=gsTlxGroppn7t9FHXDLz-v5YIFFSxzyhZbN-8iNrASs",
        "company_name": "Stanford Artificial Intelligence Laboratory (SAIL)",
        "location": null,
        "summary": "Deep learning to predict transcription factor binding motifs",
        "starts_at": "Jun 2022",
        "ends_at": "Sep 2023",
        "duration": "1 year 4 months"
      },
      {
        "position": "Rise Fellow",
        "company_url": "https://www.linkedin.com/company/schmidtfutures?trk=public_profile_experience-item_profile-section-card_subtitle-click",
        "company_image": "https://media.licdn.com/dms/image/v2/C4D0BAQEj0EkVDNYYUA/company-logo_100_100/company-logo_100_100/0/1645748666091/schmidtfutures_logo?e=2147483647&v=beta&t=PYP_F7md9qta3j5JbbC0P52nV6vBZT-smLpZClOZdRo",
        "company_name": "Schmidt Futures",
        "location": null,
        "summary": "Completed fully-funded summer intensive in London/Oxford; founded the Rise North America Union",
        "starts_at": "2022",
        "ends_at": "2023",
        "duration": "1 year"
      },
      {
        "position": "Student Researcher",
        "company_url": "https://www.linkedin.com/school/harvard-medical-school/?trk=public_profile_experience-item_profile-section-card_subtitle-click",
        "company_image": "https://media.licdn.com/dms/image/v2/D4E0BAQHmhL_fRfTV4g/company-logo_100_100/B4EZU5h_2FGgAQ-/0/1740426968799/harvard_medical_school_logo?e=2147483647&v=beta&t=TazIVNy1Q3Zab6lwMqruQjcLpaxMqCT7JNc-OISlQqY",
        "company_name": "Harvard Medical School",
        "location": null,
        "summary": "Under the Dana-Farber Cancer Institute and Boston Children's Hospital",
        "starts_at": "2021",
        "ends_at": "2021",
        "duration": "less than a year"
      }
    ],
    "education": [
      {
        "college_url": "https://www.linkedin.com/school/stanford-university/?trk=public_profile_school_profile-section-card_image-click",
        "college_name": "Stanford University",
        "college_image": "https://media.licdn.com/dms/image/v2/C560BAQHr9suxyJBXMw/company-logo_100_100/company-logo_100_100/0/1635534378870/stanford_university_logo?e=2147483647&v=beta&t=ZvB25L95o9w4q9drvsWxGcM49tX66Cf5LsLAxYp8rSs",
        "college_degree": "Computer Science (AI)",
        "college_degree_field": null,
        "college_duration": " - ",
        "college_activity": "Freshman Council President, TreeHacks Alumni Director, ACM ProCo Director, SPBA PR Director, AEPi"
      },
      {
        "college_url": "https://www.linkedin.com/school/amador-valley-high-school/?trk=public_profile_school_profile-section-card_image-click",
        "college_name": "Amador Valley High School",
        "college_image": "https://media.licdn.com/dms/image/v2/C4E0BAQGt1j-vpgOa7w/company-logo_100_100/company-logo_100_100/0/1630590567630?e=2147483647&v=beta&t=sb_dfRU7F9bu6H6AcihQx_6eT49VfpEPnzijbu9U2Dk",
        "college_degree": "",
        "college_degree_field": null,
        "college_duration": " - ",
        "college_activity": "Salutatorian, Coca-Cola Scholar, National Merit Scholar, Kungfu Team USA Gold Medal x2, ISEF Finalist"
      }
    ],
    "articles": [],
    "description": {
      "description1": "Pear VC",
      "description1_link": "https://www.linkedin.com/company/pear-vc?trk=public_profile_topcard-current-company",
      "description2": "Stanford University",
      "description2_link": "https://www.linkedin.com/school/stanford-university/?trk=public_profile_topcard-school",
      "description3": ""
    },
    "activities": [
      {
        "link": "https://www.linkedin.com/posts/jonathandecaro_cokescholar-cocacolascholar-cocacola-activity-7292875921831702528-zsfX",
        "image": "https://media.licdn.com/dms/image/v2/D4E22AQFgxtoaY74B_A/feedshare-shrink_800/B4EZTV_._.HcAk-/0/1738757113835?e=2147483647&v=beta&t=BLw6JqgfRdEsNJbRBY8vRiVAhYWtCYKexPMzwUDy3yc",
        "title": "Out of more then 100,000+ applicants I am excited to announce I\u2019ve been named a 2025 Coca Cola Scholar. \ud83e\udd64\ud83c\udf89\n\nAs apart of this award I am so excited\u2026",
        "activity": "Liked by Tony Wang"
      },
      {
        "link": "https://www.linkedin.com/posts/maanitgoel_my-first-winter-quarter-in-sunny-california-activity-7284962525748568064-WT7L",
        "image": "https://media.licdn.com/dms/image/v2/D5622AQGZwrgjJCsqDQ/feedshare-shrink_800/B56ZRj60Q8HoAo-/0/1736843151845?e=2147483647&v=beta&t=1WdL6GF3PaA1lVrc5tQpuQCMGZgo6gMbyNrGnGgE7h8",
        "title": "My first winter quarter in sunny California began one week ago. Here's what I've been up to since New Student Orientation:\n\n> CS classes in DSA, Unix\u2026",
        "activity": "Liked by Tony Wang"
      },
      {
        "link": "https://www.linkedin.com/posts/dylanttang_amazon-amazonfutureengineers-activity-7274503881575817217-Uom2",
        "image": "https://media.licdn.com/dms/image/v2/D5622AQH4UEzxkJAw_g/feedshare-shrink_800/B56ZPQ6uc1HIAg-/0/1734376877587?e=2147483647&v=beta&t=pFzDPTuYFvcaJxfD4iqJuNZQW29eP0M3WZpQoYWCWMs",
        "title": "I\u2019m excited to announce that I\u2019ll be joining Amazon as a Software Development Engineer intern this summer! \ud83c\udf89\ud83c\udf8a\n\nI never imagined that after applying\u2026",
        "activity": "Liked by Tony Wang"
      },
      {
        "link": "https://www.linkedin.com/posts/arlina-yang_student-intern-happytoannounce-activity-7274576076176039936-Gly7",
        "image": "https://media.licdn.com/dms/image/v2/D5622AQF2OAsL2fqfXA/feedshare-shrink_2048_1536/B56ZPR8ZELGsAs-/0/1734394090188?e=2147483647&v=beta&t=CsETcWnrxLnfkhfVzRJ_BLh3xkxouGJmrR75lSpW3b0",
        "title": "After getting laid off from my last internship, I promised myself I\u2019ll be writing another happy to announce post before the end of the year. \n\nI\u2019m\u2026",
        "activity": "Liked by Tony Wang"
      },
      {
        "link": "https://www.linkedin.com/posts/arlina-yang_successes-in-life-are-really-just-fruits-activity-7274850877373353985-9Ve1",
        "image": "https://static.licdn.com/aero-v1/sc/h/53n89ecoxpr1qrki1do3alazb",
        "title": "Successes in life are really just fruits of failure.",
        "activity": "Liked by Tony Wang"
      },
      {
        "link": "https://www.linkedin.com/posts/arlina-yang_i-dont-know-who-needs-to-hear-this-but-you-activity-7273511683250135040-nWhw",
        "image": "https://static.licdn.com/aero-v1/sc/h/53n89ecoxpr1qrki1do3alazb",
        "title": "I don\u2019t know who needs to hear this but you\u2019re going to do amazing on your finals, get a cool summer 2025 internship offer soon, and have an amazing\u2026",
        "activity": "Liked by Tony Wang"
      },
      {
        "link": "https://www.linkedin.com/posts/rbccawang_wrapping-up-the-year-with-unforgettable-moments-activity-7274544836974624771-L6RV",
        "image": "https://media.licdn.com/dms/image/v2/D5622AQF_oXqssy-Mlg/feedshare-shrink_1280/B56ZPRf92wHoAk-/0/1734386639194?e=2147483647&v=beta&t=08GmBqVrKbd0Vr8IUbBH9IRC3bimwRiF7-W1wUHE7Ps",
        "title": "Wrapping up the year with unforgettable moments:\n\nLast week, I hosted an Afore Capital x General Catalyst dinner at Stanford. It was amazing to see\u2026",
        "activity": "Liked by Tony Wang"
      },
      {
        "link": "https://www.linkedin.com/posts/arlina-yang_getting-laid-off-from-tesla-changed-my-entire-activity-7245221859678396416-Ow3m",
        "image": "https://media.licdn.com/dms/image/v2/D5622AQH0s1YM9VdDnw/feedshare-shrink_2048_1536/feedshare-shrink_2048_1536/0/1727383760864?e=2147483647&v=beta&t=XYc8_G5RUz_1qZLZD06M8h5M5NXUK087szVepxNHSaw",
        "title": "Getting laid off from Tesla changed my entire career trajectory. \u00a0 \n\nInterning at Tesla would\u2019ve been an amazing experience to have under my belt\u2026",
        "activity": "Liked by Tony Wang"
      },
      {
        "link": "https://www.linkedin.com/posts/rbccawang_this-is-my-first-week-at-stanford-im-excited-activity-7244829585647804417-CH9a",
        "image": "https://media.licdn.com/dms/image/v2/D5622AQGDqVPyTg17Vw/feedshare-shrink_800/feedshare-shrink_800/0/1727301974565?e=2147483647&v=beta&t=BvaVlvb3jgDUe346AoCCpUcUZm3yztEWSSCVq4CSCDs",
        "title": "This is my first week at Stanford! I\u2019m excited to be here to study CS and MS&E and even more excited to dive deep into startups, entrepreneurship\u2026",
        "activity": "Liked by Tony Wang"
      },
      {
        "link": "https://www.linkedin.com/posts/dschonsimmons_weve-officially-started-year-2-this-summer-activity-7239256088489971712-cILw",
        "image": "https://media.licdn.com/dms/image/v2/D4E22AQERiP1AptZexw/feedshare-shrink_800/feedshare-shrink_800/0/1725973149558?e=2147483647&v=beta&t=k9ZmRRUh5h15DsSlSI7q_bAUsOJWdAxNIKF5yigm4Nw",
        "title": "We\u2019ve officially started Year 2! This summer has been a whirlwind of experiences\u2014working Princeton Reunions, leading at Church Unlimited\u2019s Youth\u2026",
        "activity": "Liked by Tony Wang"
      },
      {
        "link": "https://www.linkedin.com/posts/today-marks-the-end-of-my-formal-three-year-activity-7235274562798575616-tq6i",
        "image": "https://media.licdn.com/dms/image/v2/D4D05AQFWtoef24djnQ/videocover-high/videocover-high/0/1724939950321?e=2147483647&v=beta&t=SA9LyiNYEs45RUNqjA3Hbtt8C5Ei3POL6zHOzPjSNP4",
        "title": "Today marks the end of my formal three-year stint as the inaugural Director of Selection for Rise, a joint programme by Schmidt Futures and The\u2026",
        "activity": "Liked by Tony Wang"
      }
    ],
    "volunteering": [
      {
        "company_url": "https://www.linkedin.com/company/alamedacounty-sef?trk=public_profile_volunteering-position_profile-section-card_image-click",
        "company_position": "Founder, President (SLB)",
        "company_name": "Alameda County Science and Engineering Fair",
        "company_duration": "",
        "starts_at": "",
        "ends_at": ""
      },
      {
        "company_url": "https://uk.linkedin.com/company/non-trivial?trk=public_profile_volunteering-position_profile-section-card_image-click",
        "company_position": "Teaching Facilitator",
        "company_name": "Non-Trivial",
        "company_duration": "",
        "starts_at": "",
        "ends_at": ""
      }
    ],
    "certification": [],
    "people_also_viewed": [
      {
        "link": "https://www.linkedin.com/in/seanlandsberg?trk=public_profile_browsemap-profile",
        "name": "Sean Landsberg, CAM",
        "summary": "",
        "location": "Ramsey, NJ"
      },
      {
        "link": "https://in.linkedin.com/in/karthik-lingeswaran-7233256?trk=public_profile_browsemap-profile",
        "name": "Karthik Lingeswaran",
        "summary": "",
        "location": "India"
      },
      {
        "link": "https://www.linkedin.com/in/safemoneyexpert?trk=public_profile_browsemap-profile",
        "name": "C. Eric Masters",
        "summary": "Founder-The Master Plan Financial, \nEVP--Five Rings Financial, LLC",
        "location": "Denver, CO"
      },
      {
        "link": "https://www.linkedin.com/in/matthewsmithca?trk=public_profile_browsemap-profile",
        "name": "Matthew Smith",
        "summary": "",
        "location": "San Diego, CA"
      },
      {
        "link": "https://www.linkedin.com/in/raed-boutros-a2338350?trk=public_profile_browsemap-profile",
        "name": "Raed Boutros",
        "summary": "",
        "location": "Greater Chicago Area"
      },
      {
        "link": "https://www.linkedin.com/in/briansaul?trk=public_profile_browsemap-profile",
        "name": "Brian S. Saul",
        "summary": "",
        "location": "Cumming, GA"
      },
      {
        "link": "https://www.linkedin.com/in/jcobb?trk=public_profile_browsemap-profile",
        "name": "John C.",
        "summary": "",
        "location": "Minneapolis, MN"
      },
      {
        "link": "https://www.linkedin.com/in/jeffweil?trk=public_profile_browsemap-profile",
        "name": "Jeffrey Weil, MCR.h, SIOR, CCIM",
        "summary": "",
        "location": "Walnut Creek, CA"
      },
      {
        "link": "https://www.linkedin.com/in/don-hudson-42739013?trk=public_profile_browsemap-profile",
        "name": "Don \u5510 Hudson",
        "summary": "",
        "location": "Los Angeles Metropolitan Area"
      },
      {
        "link": "https://www.linkedin.com/in/donald-trump-jr-4454b862?trk=public_profile_browsemap-profile",
        "name": "Donald Trump Jr.",
        "summary": "",
        "location": "New York, NY"
      },
      {
        "link": "https://www.linkedin.com/in/karenlippman?trk=public_profile_browsemap-profile",
        "name": "Karen Shnek Lippman",
        "summary": "",
        "location": "United States"
      },
      {
        "link": "https://www.linkedin.com/in/medjones?trk=public_profile_browsemap-profile",
        "name": "Med Jones (Yones)",
        "summary": "Chief Strategist & Portfolio Manager - International Institute of Management",
        "location": "Washington DC-Baltimore Area"
      },
      {
        "link": "https://www.linkedin.com/in/don-kelley-5a58b95?trk=public_profile_browsemap-profile",
        "name": "Don Kelley",
        "summary": "",
        "location": "Overland Park, KS"
      },
      {
        "link": "https://www.linkedin.com/in/dockhighguy?trk=public_profile_browsemap-profile",
        "name": "David Murphy",
        "summary": "",
        "location": "Greater Orlando"
      },
      {
        "link": "https://www.linkedin.com/in/carrie-sachs?trk=public_profile_browsemap-profile",
        "name": "Carrie Sachs",
        "summary": "",
        "location": "New York, NY"
      },
      {
        "link": "https://www.linkedin.com/in/debfrey?trk=public_profile_browsemap-profile",
        "name": "Deb Frey",
        "summary": "",
        "location": "Westminster, CO"
      },
      {
        "link": "https://www.linkedin.com/in/mwri?trk=public_profile_browsemap-profile",
        "name": "Michael W. Riley, LUTCF",
        "summary": "",
        "location": "Morristown, NJ"
      },
      {
        "link": "https://www.linkedin.com/in/toddupchurch?trk=public_profile_browsemap-profile",
        "name": "Todd Upchurch",
        "summary": "",
        "location": "Charlotte, NC"
      },
      {
        "link": "https://www.linkedin.com/in/ralph-dibugnara-9759096?trk=public_profile_browsemap-profile",
        "name": "Ralph DiBugnara",
        "summary": "",
        "location": "New York City Metropolitan Area"
      }
    ],
    "similar_profiles": [
      {
        "link": "https://www.linkedin.com/in/tonyjwang?trk=public_profile_samename-profile",
        "name": "Tony Wang",
        "summary": "",
        "location": "San Francisco Bay Area"
      },
      {
        "link": "https://www.linkedin.com/in/tony-wang-23787815?trk=public_profile_samename-profile",
        "name": "Tony Wang",
        "summary": "",
        "location": "New York, NY"
      },
      {
        "link": "https://www.linkedin.com/in/tony-wang-4b99781?trk=public_profile_samename-profile",
        "name": "Tony Wang",
        "summary": "",
        "location": "Queens County, NY"
      },
      {
        "link": "https://www.linkedin.com/in/tonywzc?trk=public_profile_samename-profile",
        "name": "Tony Wang",
        "summary": "",
        "location": "Santa Clara, CA"
      }
    ],
    "recommendations": [],
    "publications": [],
    "courses": [],
    "languages": [],
    "organizations": [],
    "projects": [],
    "awards": [],
    "score": []
  }
]