{
  "title": "My website",
  "meta_description": "This is where I will tell my friends way too much about me",
  "main_content": "Sample blog post Each post also has a subtitle Posted on February 28, 2020 This is a demo post to show you how to write blog posts with markdown. I strongly encourage you to take 5 minutes to learn how to write in markdown - it\u2019ll teach you how to transform regular text into bold/italics/headings/tables/etc. [Read More] Tags: test",
  "links": [
    {
      "url": "https://aaronyim.github.io/2020-02-28-test-markdown/",
      "text": "Sample blog post\n\n        Each post also has a subtitle"
    },
    {
      "url": "https://aaronyim.github.io/2020-02-28-test-markdown/",
      "text": "[Read\u00a0More]"
    },
    {
      "url": "https://aaronyim.github.io/tags#test",
      "text": "test"
    },
    {
      "url": "https://aaronyim.github.io/2020-02-26-flake-it-till-you-make-it/",
      "text": "Flake it till you make it\n\n        Excerpt from Soulshaping by Jeff Brown"
    },
    {
      "url": "https://aaronyim.github.io/2020-02-26-flake-it-till-you-make-it/",
      "text": ""
    },
    {
      "url": "https://aaronyim.github.io/2020-02-26-flake-it-till-you-make-it/",
      "text": ""
    },
    {
      "url": "https://aaronyim.github.io/2020-02-26-flake-it-till-you-make-it/",
      "text": "[Read\u00a0More]"
    },
    {
      "url": "https://aaronyim.github.io/tags#books",
      "text": "books"
    },
    {
      "url": "https://aaronyim.github.io/tags#test",
      "text": "test"
    }
  ],
  "images": [
    {
      "src": "https://aaronyim.github.io/assets/img/thumb.png",
      "alt": "Post thumbnail"
    },
    {
      "src": "https://aaronyim.github.io/assets/img/thumb.png",
      "alt": "Post thumbnail"
    }
  ]
}