{
  "title": "Aaron Yim \u2022 Profile - Magnolia HS",
  "meta_description": "",
  "main_content": "Information Title: Band Teacher Email: Click to send email Aaron Yim Instrumental Music Director/VAPA Department Chair",
  "links": [
    {
      "url": "/ada/sitemap.cfm?s=8",
      "text": "Site Map"
    },
    {
      "url": "https://www.auhsd.us",
      "text": ""
    },
    {
      "url": "http://www.facebook.com/sharer.php?u=http%3A%2F%2Fwww%2Eauhsd%2Eus%2Findex%2Ecfm%3Fa%3Dprofile%26s%3DMagnolia%26id%3D4374%26t%3DAaron%2DYimt=",
      "text": "Share on Facebook"
    },
    {
      "url": "http://gmail.auhsd.us",
      "text": "WebMail"
    },
    {
      "url": "/Magnolia/",
      "text": ""
    },
    {
      "url": "http://coursecatalog.auhsd.us/sr_graduation_requirements.aspx",
      "text": "Graduation Requirements"
    },
    {
      "url": "http://coursecatalog.auhsd.us/",
      "text": "Key to Learning"
    },
    {
      "url": "https://www.auhsd.us/District/Department/14429-Request-Records",
      "text": "Transcripts"
    },
    {
      "url": "https://magnolia.auhsd.us/Magnolia/Department/11766-Administration",
      "text": "Administration"
    },
    {
      "url": "https://magnolia.auhsd.us/Magnolia/Department/14219-Magnolia-High-School/70197-AP-Team.html",
      "text": "AP Team"
    },
    {
      "url": "https://magnolia.auhsd.us/Magnolia/Department/14219-Magnolia-High-School/7500-Clubs.html",
      "text": "Clubs"
    },
    {
      "url": "https://aimeauhsd.wixsite.com/aime/student-opportunities",
      "text": "AIME Opportunities"
    },
    {
      "url": "https://www.auhsd.us/District/Department/14429-Request-Records",
      "text": "Transcripts"
    },
    {
      "url": "/Magnolia/Department/11965-Athletics",
      "text": "Athletics"
    },
    {
      "url": "/Magnolia/Department/11965-Athletics/31483-Athletic-Information.html",
      "text": "Athletic Information"
    },
    {
      "url": "https://magnolia.auhsd.us/Magnolia/Department/11965-Athletics/Portal/Cheer-Song",
      "text": "Cheer & Song"
    },
    {
      "url": "https://magnolia.auhsd.us/Magnolia/Department/11965-Athletics/31485-Coaches.html",
      "text": "Coaches"
    },
    {
      "url": "/Magnolia/Department/11965-Athletics/31484-Documents.html",
      "text": "Eligibility Documents"
    },
    {
      "url": "https://magnolia.auhsd.us/Magnolia/Department/11965-Athletics/79647--Girl-s-Golf.html",
      "text": "Girl''s Golf"
    },
    {
      "url": "/Magnolia/Department/11965-Athletics/31487-Injury-Prevention-Control.html",
      "text": "Injury Prevention & Control"
    },
    {
      "url": "/Magnolia/Department/11965-Athletics/31486-NCAA-Eligibility-Documents.html",
      "text": "NCAA Eligibility Documents"
    },
    {
      "url": "/Magnolia/Department/11965-Athletics/Gallery/",
      "text": "Sports Album"
    },
    {
      "url": "https://magnolia.auhsd.us/Magnolia/Department/11965-Athletics/76553-Title-IX-Participation.html",
      "text": "Title IX Participation"
    },
    {
      "url": "https://www.auhsd.us/District/Department/14186-Curriculum-Instruction/Portal/auhsd-educational-pledge",
      "text": "AUHSD Educational Pledge"
    },
    {
      "url": "https://magnolia.auhsd.us/Magnolia/Department/14312-Counseling",
      "text": "Counseling"
    },
    {
      "url": "https://magnolia.auhsd.us/Magnolia/Department/14219-Magnolia-High-School/88267-COVID-19-SSPP.html",
      "text": "COVID-19 SSPP"
    },
    {
      "url": "https://magnolia.auhsd.us/Magnolia/Department/14059-Cybersecurity-Institute",
      "text": "Cybersecurity"
    },
    {
      "url": "/Magnolia/74451-Cypress-College-Dual-Enrollment.html",
      "text": "Cypress College Dual Enrollment"
    },
    {
      "url": "https://magnolia.auhsd.us/Magnolia/Department/14219-Magnolia-High-School/Gallery/",
      "text": "Gallery"
    },
    {
      "url": "https://magnolia.auhsd.us/Magnolia/Department/14219-Magnolia-High-School/6007-Mission-Statement.html",
      "text": "Mission Statement"
    },
    {
      "url": "https://magnolia.auhsd.us/Magnolia/Department/14219-Magnolia-High-School/6008-Test-Score.html",
      "text": "Test Scores/Data"
    },
    {
      "url": "https://magnolia.auhsd.us/Magnolia/Department/14219-Magnolia-High-School/73140-Health-Office.html",
      "text": "Health Office"
    },
    {
      "url": "https://magnolia.auhsd.us/Magnolia/Department/14270-Library",
      "text": "Library"
    },
    {
      "url": "https://magnolia.auhsd.us/Magnolia/Department/14422-Magnolia-Agriscience-Community-Center",
      "text": "MACC"
    },
    {
      "url": "https://magnolia.auhsd.us/Magnolia/Department/14219-Magnolia-High-School/News/",
      "text": "News Section"
    },
    {
      "url": "https://magnolia.auhsd.us/Magnolia/Department/14219-Magnolia-High-School/88806-Department-List.html",
      "text": "PATHWAYS, PROGRAMS, AND COURSES"
    },
    {
      "url": "https://magnolia.auhsd.us/Magnolia/Department/14219-Magnolia-High-School/6038-Policies.html",
      "text": "Policies"
    },
    {
      "url": "https://magnolia.auhsd.us/Magnolia/Department/11766-Administration/77443-Principal-s-Message.html",
      "text": "Principal''s Message"
    },
    {
      "url": "https://magnolia.auhsd.us/Magnolia/Department/14219-Magnolia-High-School/Blog/",
      "text": "Anaheim Achieves"
    },
    {
      "url": "https://magnolia.auhsd.us/Magnolia/Department/14219-Magnolia-High-School/73594-PUENTE.html",
      "text": "PUENTE"
    },
    {
      "url": "https://magnolia.auhsd.us/Magnolia/Department/14059-Cybersecurity-Institute",
      "text": "Cybersecurity"
    },
    {
      "url": "https://magnolia.auhsd.us/Magnolia/Department/14219-Magnolia-High-School/73597-AVID.html",
      "text": "AVID"
    },
    {
      "url": "https://magnolia.auhsd.us/Magnolia/Department/14219-Magnolia-High-School/73598-ROP.html",
      "text": "ROP"
    },
    {
      "url": "https://magnolia.auhsd.us/Magnolia/Department/14219-Magnolia-High-School/73599-AP.html",
      "text": "AP"
    },
    {
      "url": "https://magnolia.auhsd.us/Magnolia/Department/14219-Magnolia-High-School/5946-SARC.html",
      "text": "SARC"
    },
    {
      "url": "https://magnolia.auhsd.us/Magnolia/Department/14219-Magnolia-High-School/70237-Photo-Gallery.html",
      "text": "Photo Gallery"
    },
    {
      "url": "https://magnolia.auhsd.us/Magnolia/Department/14219-Magnolia-High-School/70238-Newspaper-Team.html",
      "text": "Lamplight Newspaper"
    },
    {
      "url": "https://magnolia.auhsd.us/Magnolia/Department/14219-Magnolia-High-School/5946-School-Accountability-Report-Cards.html",
      "text": "School Accountability Report Cards"
    },
    {
      "url": "/Magnolia/Staff/",
      "text": "Teachers"
    },
    {
      "url": "https://magnolia.auhsd.us/Magnolia/Department/14221-Vietnamese-Dual-Language-Immersion-Academy",
      "text": "Vietnamese Dual Language Immersion Academy"
    },
    {
      "url": "https://magnolia.auhsd.us/Magnolia/Department/14221-Vietnamese-Dual-Language-Immersion-Academy/77844-Overview.html",
      "text": "Overview"
    },
    {
      "url": "https://magnolia.auhsd.us/Magnolia/Department/14221-Vietnamese-Dual-Language-Immersion-Academy/77845-Courses.html",
      "text": "Courses"
    },
    {
      "url": "https://magnolia.auhsd.us/Magnolia/Department/14221-Vietnamese-Dual-Language-Immersion-Academy/77846-Seal-of-Biliteracy.html",
      "text": "Seal of Biliteracy"
    },
    {
      "url": "https://magnolia.auhsd.us/Magnolia/Department/14221-Vietnamese-Dual-Language-Immersion-Academy/77847-Amazon-Future-Engineer-Program-Edhesive.html",
      "text": "Amazon Future Engineer Program Edhesive"
    },
    {
      "url": "https://magnolia.auhsd.us/Magnolia/Department/14221-Vietnamese-Dual-Language-Immersion-Academy/77848-Internships.html",
      "text": "Internships"
    },
    {
      "url": "https://magnolia.auhsd.us/Magnolia/Department/14221-Vietnamese-Dual-Language-Immersion-Academy/77849-Field-Trips.html",
      "text": "Field Trips"
    },
    {
      "url": "https://magnolia.auhsd.us/Magnolia/Department/14221-Vietnamese-Dual-Language-Immersion-Academy/77850-Community-Engagement-and-Services.html",
      "text": "Community Engagement and Services"
    },
    {
      "url": "https://magnolia.auhsd.us/Magnolia/Department/14221-Vietnamese-Dual-Language-Immersion-Academy/77851-Vietnamese-Student-Association-VSA.html",
      "text": "Vietnamese Student Association VSA"
    },
    {
      "url": "https://magnolia.auhsd.us/Magnolia/Department/14219-Magnolia-High-School/76312-WASC.html",
      "text": "WASC"
    },
    {
      "url": "https://magnolia.auhsd.us/Magnolia/Department/14219-Magnolia-High-School/68219-W-E-L-D.html",
      "text": "W.E.L.D"
    },
    {
      "url": "/Magnolia/3646-Students.html",
      "text": "Students"
    },
    {
      "url": "https://AnaheimUHSD.aeries.net/student",
      "text": "Aeries Student Portal"
    },
    {
      "url": "https://aimeauhsd.wixsite.com/aime/student-opportunities",
      "text": "AIME Opportunities"
    },
    {
      "url": "https://magnolia.auhsd.us/Magnolia/Department/14161-Autism-Focus",
      "text": "Autism Focus"
    },
    {
      "url": "https://magnolia.auhsd.us/Magnolia/Department/14219-Magnolia-High-School/86688-Bell-Schedule.html",
      "text": "Bell Schedule"
    },
    {
      "url": "https://auhsdbt.booksys.net/opac/auhsdbt/PatronCircInfo?action=OPAC",
      "text": "Booktracks"
    },
    {
      "url": "/Magnolia/Department/14219-Magnolia-High-School/82746-Magnolia-HS-Calendar.html",
      "text": "Calendar"
    },
    {
      "url": "https://www.auhsd.us/District/Department/14186-Curriculum-Instruction/80554-College-Access-for-All-Dream-Act.html",
      "text": "College Access for All (Dream Act)"
    },
    {
      "url": "https://magnolia.auhsd.us/Magnolia/Department/14219-Magnolia-High-School/76044-Community-Service.html",
      "text": "Community Service"
    },
    {
      "url": "https://auhsd.graystep.com",
      "text": "Community Webstore"
    },
    {
      "url": "https://auhsd.ekadence.com/",
      "text": "eKadence"
    },
    {
      "url": "https://magnolia.auhsd.us/Magnolia/Department/14219-Magnolia-High-School/75544-Extra-Curricular-Suspension-List-Appeals-Process.html",
      "text": "Extra Curricular Suspension List Appeals Process"
    },
    {
      "url": "https://www.auhsd.us/District/Department/14186-Curriculum-Instruction/80455-Fitnessgram-Information.html",
      "text": "FITNESSGRAM Information"
    },
    {
      "url": "https://magnolia.auhsd.us/Magnolia/Department/14270-Library",
      "text": "Library"
    },
    {
      "url": "https://magnolia.auhsd.us/Magnolia/Department/14219-Magnolia-High-School/6038-Policies.html",
      "text": "Policies"
    },
    {
      "url": "https://www.auhsd.us/District/Department/14182-Assessment-and-Evaluation/80477-Service-Learning-Forms.html",
      "text": "Service Learning Forms"
    },
    {
      "url": "https://www.auhsd.us/District/Department/14320-STUDENT-TECHNOLOGY-RESOURCES",
      "text": "Student Technology Resources"
    },
    {
      "url": "https://magnolia.auhsd.us/Magnolia/Department/14219-Magnolia-High-School/90281-Voter-Registration.html",
      "text": "Student Voter Registration"
    },
    {
      "url": "https://magnolia.auhsd.us/Magnolia/Department/14219-Magnolia-High-School/55133-Teacher-Student-Calendar.html",
      "text": "Teacher Student Calendar"
    },
    {
      "url": "https://www.thrively.com/login",
      "text": "Thrively"
    },
    {
      "url": "https://magnolia.auhsd.us/Magnolia/Department/14219-Magnolia-High-School/88279-Title-IX.html",
      "text": "Title IX"
    },
    {
      "url": "/Magnolia/3647-Parents.html",
      "text": "Parents"
    },
    {
      "url": "https://AnaheimUHSD.aeries.net/student",
      "text": "Aeries Parent Portal"
    },
    {
      "url": "https://magnolia.auhsd.us/Magnolia/Department/14219-Magnolia-High-School/87402-21-22-Enrollment-Information.html",
      "text": "Aeries Enrollment Information"
    },
    {
      "url": "https://anaheimuhsd.aeries.net/enrollment/",
      "text": "Aeries Online Enrollment"
    },
    {
      "url": "https://aimeauhsd.wixsite.com/aime/student-opportunities",
      "text": "AIME Opportunities"
    },
    {
      "url": "https://magnolia.auhsd.us/Magnolia/Department/14482-AUHSD-Parent-Student-Handbooks",
      "text": "AUHSD Parent Student Handbooks"
    },
    {
      "url": "https://magnolia.auhsd.us/Magnolia/Department/14219-Magnolia-High-School/86688-Bell-Schedule.html",
      "text": "Bell Schedule"
    },
    {
      "url": "https://auhsdbt.booksys.net/opac/auhsdbt/PatronCircInfo?action=OPAC",
      "text": "Booktracks"
    },
    {
      "url": "/Magnolia/Department/14219-Magnolia-High-School/82746-Magnolia-HS-Calendar.html",
      "text": "Calendar"
    },
    {
      "url": "https://www.auhsd.us/District/Department/14186-Curriculum-Instruction/80554-College-Access-for-All-Dream-Act.html",
      "text": "College Access for All (Dream Act)"
    },
    {
      "url": "https://www.auhsd.us/District/Department/14186-Curriculum-Instruction/80431-AUHSD-Digital-Citizenship-Week.html",
      "text": "Digital Citizenship"
    },
    {
      "url": "https://auhsd.ekadence.com/",
      "text": "eKadence"
    },
    {
      "url": "https://magnolia.auhsd.us/Magnolia/Department/14219-Magnolia-High-School/7239-ELAC.html",
      "text": "ELAC"
    },
    {
      "url": "https://www.auhsd.us/District/Department/14186-Curriculum-Instruction/80455-Fitnessgram-Information.html",
      "text": "FITNESSGRAM Information"
    },
    {
      "url": "https://magnolia.auhsd.us/Magnolia/Department/14219-Magnolia-High-School/54128-Google-Apps-for-Education-Parent-Letter.html",
      "text": "Google Apps for Education Parent Letter"
    },
    {
      "url": "https://magnolia.auhsd.us/Magnolia/Department/14506-Family-Engagement.html",
      "text": "Magnolia Family Engagement"
    },
    {
      "url": "https://magnolia.auhsd.us/Magnolia/Department/14506-Family-Engagement/87993-Magnolia-Family-Engagement-Policy.html",
      "text": "Magnolia Family Engagement Policy"
    },
    {
      "url": "https://magnolia.auhsd.us/Magnolia/Department/14506-Family-Engagement/87994-Magnolia-Parent-Compact.html",
      "text": "Magnolia Parent Compact"
    },
    {
      "url": "https://www.schoolnutritionandfitness.com/index.php?sid=2408121836266193",
      "text": "Nutrition Information"
    },
    {
      "url": "https://magnolia.auhsd.us/Magnolia/Department/14219-Magnolia-High-School/7479-Resources.html",
      "text": "Parent Resources"
    },
    {
      "url": "https://magnolia.auhsd.us/Magnolia/Department/14220-PTSA",
      "text": "PTSA"
    },
    {
      "url": "https://magnolia.auhsd.us/Magnolia/Department/14219-Magnolia-High-School/7457-Puente.html",
      "text": "Puente"
    },
    {
      "url": "https://magnolia.auhsd.us/Magnolia/Department/14219-Magnolia-High-School/7241-School-Site-Council.html",
      "text": "School Site Council"
    },
    {
      "url": "/Magnolia/Staff/",
      "text": "Staff Directory / Email"
    },
    {
      "url": "/Magnolia/Department/11775-Health",
      "text": "Student Health Tips"
    },
    {
      "url": "https://magnolia.auhsd.us/Magnolia/Department/14219-Magnolia-High-School/55133-Teacher-Student-Calendar.html",
      "text": "Teacher Student Calendar"
    },
    {
      "url": "https://www.auhsd.us/District/Department/14318-TUPE",
      "text": "TUPE"
    },
    {
      "url": "/Magnolia/Staff/",
      "text": "Staff"
    },
    {
      "url": "https://AnaheimUHSD.aeries.net/teacher",
      "text": "Aeries Teacher Connect"
    },
    {
      "url": "https://AnaheimUHSD.aeries.net/admin",
      "text": "Aeries - Non Teachers"
    },
    {
      "url": "https://auhsdbt.booksys.net/",
      "text": "Booktracks"
    },
    {
      "url": "https://www.auhsd.us/District/Department/14186-Curriculum-Instruction/80431-AUHSD-Digital-Citizenship-Week.html",
      "text": "Digital Citizenship"
    },
    {
      "url": "https://magnolia.auhsd.us/Magnolia/Department/14219-Magnolia-High-School/88288-District-IIPP-Plan.html",
      "text": "District''s IIPP Plan"
    },
    {
      "url": "https://auhsd.ekadence.com/",
      "text": "eKadence"
    },
    {
      "url": "https://docs.google.com/forms/d/e/1FAIpQLSelJ7Pa1DL_Ghe2xsEixhTq6V_hx1KETKgSxkAlDitLXDLZRQ/viewform?usp=sf_link",
      "text": "EMT Form"
    },
    {
      "url": "https://www.auhsd.us/District/Department/14319-ONLINE-LEARNING-TOOLS",
      "text": "Online Learning Tools"
    },
    {
      "url": "https://www.auhsd.us/District/Department/14394-MENTAL-HEALTH-AND-WELLBEING/85935-Pupil-Support-Services.html",
      "text": "Pupil Support Services"
    },
    {
      "url": "https://docs.google.com/forms/d/e/1FAIpQLSf1aWHWcNrmBXfK6B9KOngCify1CVZg8IhyJFZ4LOedNylk1w/viewform?usp=sf_link",
      "text": "Request for Transportation: Special Student Groups"
    },
    {
      "url": "https://anaheimuhsd.eschoolsolutions.com",
      "text": "SFE (Smart Find Express)"
    },
    {
      "url": "https://www.auhsd.us/District/Department/14199-Purchasing-Central-Services/83325-Warehouse-Tel-714-999-3573-3574.html",
      "text": "Surplus Request Form"
    },
    {
      "url": "/Magnolia/Staff/",
      "text": "Teachers"
    },
    {
      "url": "http://triprequest.transtraks.com",
      "text": "Trip Tracker"
    },
    {
      "url": "https://magnolia.auhsd.us/Magnolia/Department/14458-Website-Guide.html",
      "text": "Website Guide"
    },
    {
      "url": "/Magnolia/Contact/",
      "text": "Contact Us"
    },
    {
      "url": "/action/mail/sendMail.cfm?e=ZmxvcmVzX3JAYXVoc2QudXM=",
      "text": "Email Us"
    },
    {
      "url": "https://magnolia.auhsd.us/Magnolia/Department/14219-Magnolia-High-School/88289-Magnolia-Phone-Number.html",
      "text": "PHONE NUMBERS"
    },
    {
      "url": "https://magnolia.auhsd.us/Magnolia/Department/14219-Magnolia-High-School/4934-Get-Directions.html",
      "text": "Get Directions"
    },
    {
      "url": "/action/mail/sendMail.cfm?e=eWltX2FAYXVoc2QudXM=",
      "text": "Click to send email"
    },
    {
      "url": "http://www.facebook.com/magsentinels/",
      "text": "Share on Facebook"
    },
    {
      "url": "http://youtube.com/channel/UCtKEpPXOjEu7_ilBCdM-Ykw/featured",
      "text": "Share on Youtube"
    },
    {
      "url": "http://twitter.com/hs_magnolia",
      "text": "Share on Twitter"
    },
    {
      "url": "http://www.instagram.com/magnoliasentinels/",
      "text": "Share on Instagram"
    },
    {
      "url": "/action/mail/sendMail.cfm?e=VGl0bGVJWEBhdWhzZC51cw==",
      "text": "TitleIX@auhsd.us"
    },
    {
      "url": "/action/mail/sendMail.cfm?e=RXF1aXR5Q29tcGxpYW5jZU9mZmljZXJAYXVoc2QudXM=",
      "text": "EquityComplianceOfficer@auhsd.us"
    },
    {
      "url": "/action/mail/sendMail.cfm?e=NTA0Q29vcmRpbmF0b3JAYXVoc2QudXM=",
      "text": "504Coordinator@auhsd.us"
    },
    {
      "url": "//maps.google.com/maps?hl=en&q=2450%20W%2E%20Ball%20Rd%2E%2C%20Anaheim%2C%20CA%2092804&ie=UTF-8",
      "text": "Google Maps2450 W. Ball Rd."
    },
    {
      "url": "//maps.google.com/maps?hl=en&q=2450%20W%2E%20Ball%20Rd%2E%2C%20Anaheim%2C%20CA%2092804&ie=UTF-8",
      "text": "Anaheim, CA 92804"
    },
    {
      "url": "tel:(714) 220-4221",
      "text": "Phone: (714) 220-4221"
    },
    {
      "url": "/Magnolia/legal&mode=terms",
      "text": "Legal Information"
    },
    {
      "url": "/Magnolia/legal&mode=privacy",
      "text": "Privacy Policy"
    },
    {
      "url": "/ada/sitemap.cfm?s=8",
      "text": "Visual Site Map"
    },
    {
      "url": "sitemap.cfm",
      "text": "Site Map"
    },
    {
      "url": "//www.cyberschool.com",
      "text": "Web Development by Cyberschool &"
    },
    {
      "url": "//www.iescentral.com",
      "text": "IES, Inc."
    },
    {
      "url": "/Magnolia/Subscribe",
      "text": "Subscribe"
    },
    {
      "url": "/Magnolia/Subscribe",
      "text": "Subscribe"
    }
  ],
  "images": [
    {
      "src": "/custom/images/design/header/1/logo.gif",
      "alt": "Back To District"
    },
    {
      "src": "/images/getSchoolPicture.cfm?id=8",
      "alt": "Magnolia HS Logo"
    },
    {
      "src": "/images/getProfilePicture.cfm?id=4374",
      "alt": "Profile Picture"
    }
  ]
}