[
  {
    "fullName": "Vatsal Baherwani",
    "linkedin_internal_id": "918389201",
    "first_name": "Vatsal",
    "last_name": "Baherwani",
    "public_identifier": "vatsal-baherwani",
    "background_cover_image_url": "https://static.licdn.com/aero-v1/sc/h/5q92mjc5c51bjlwaj3rs9aa82",
    "profile_photo": "https://media.licdn.com/dms/image/v2/C4E03AQG7VtnPcIl_IQ/profile-displayphoto-shrink_200_200/profile-displayphoto-shrink_200_200/0/1635363400893?e=2147483647&v=beta&t=MQHG79ZR1oyybB1Rr_GILirkBBl0qxg2v7cCzz9Y5CE",
    "headline": "",
    "location": "1K followers\n          \n              500+ connections",
    "followers": "Issued Nov 2022",
    "connections": "Issued Nov 2022",
    "about": "Computer science student interested in artificial intelligence research",
    "experience": [],
    "education": [],
    "articles": [],
    "description": {
      "description1": "Center for Human-Compatible AI",
      "description1_link": "https://www.linkedin.com/company/humancompatibleai?trk=public_profile_topcard-current-company",
      "description2": "University of Maryland",
      "description2_link": "https://www.linkedin.com/school/university-of-maryland/?trk=public_profile_topcard-school",
      "description3": "Personal Website",
      "description3_link": "https://www.linkedin.com/redir/redirect?url=https%3A%2F%2Fvatsalb%2Enetlify%2Eapp%2F&urlhash=3D65&trk=public_profile_topcard-website"
    },
    "activities": [
      {
        "link": "https://www.linkedin.com/posts/archit-gore-1163a71b7_i-am-thrilled-to-announce-that-i-will-be-activity-7052001266507350016-ohRf",
        "image": "https://static.licdn.com/aero-v1/sc/h/53n89ecoxpr1qrki1do3alazb",
        "title": "I am thrilled to announce that I will be a research intern at FIRE to study Sustainability Analytics. I will use techniques that involve a\u2026",
        "activity": "Liked by Vatsal Baherwani"
      },
      {
        "link": "https://www.linkedin.com/posts/marvin-escobar-barajas_google-googledevelopers-softwaredeveloper-activity-7006009088874586113-EFfz",
        "image": "https://media.licdn.com/dms/image/v2/C4E22AQEr49m5f80QqQ/feedshare-shrink_2048_1536/feedshare-shrink_2048_1536/0/1670362729772?e=2147483647&v=beta&t=D8570Qnrfy2cPqqlN264ai4dJhUml-9aVLJEeZi2imU",
        "title": "After many ups and downs during this recruiting season, I am incredibly blessed to announce that I received an offer from Google to join their STEP\u2026",
        "activity": "Liked by Vatsal Baherwani"
      }
    ],
    "volunteering": [],
    "certification": [
      {
        "company_image": "https://media.licdn.com/dms/image/v2/C4D0BAQF0uyE7RGKDGg/company-logo_100_100/company-logo_100_100/0/1631374698859/bloomberg_lp_logo?e=2147483647&v=beta&t=GSA0lizuXUS399nB8pjg8WMi81RAtg-5c8IBsevzsyY",
        "certification": "Bloomberg Market Concepts",
        "company_url": "https://www.linkedin.com/company/bloomberg?trk=public_profile_profile-section-card_image-click",
        "company_name": "Bloomberg LP",
        "issue_date": "Issued Nov 2022",
        "credential_id": "See credential",
        "credential_url": "https://portal.bloombergforeducation.com/certificates/DQq5aqbnFKtFKmWuRnYvS9Lg?trk=public_profile_see-credential"
      },
      {
        "company_image": "https://media.licdn.com/dms/image/v2/C4E0BAQGbmegZ9h1otw/company-logo_100_100/company-logo_100_100/0/1631352159490?e=2147483647&v=beta&t=6q2bEbLD_XhZaG6dJjzWxgoFWmz65a0zwvpnAn386ug",
        "certification": "Intro to Deep Learning",
        "company_url": "https://www.linkedin.com/company/kaggle?trk=public_profile_profile-section-card_image-click",
        "company_name": "Kaggle",
        "issue_date": "Issued Dec 2021",
        "credential_id": "See credential",
        "credential_url": "https://www.kaggle.com/learn/certification/vatsalbaherwani/intro-to-deep-learning?trk=public_profile_see-credential"
      },
      {
        "company_image": "https://media.licdn.com/dms/image/v2/D560BAQH-5I5gu8cYiQ/company-logo_100_100/company-logo_100_100/0/1698271191415/stanford_online_logo?e=2147483647&v=beta&t=b4fT7CQKQlnc_lME1VVT8hjgey5x0Mg8z7b2J1H-3NQ",
        "certification": "Machine Learning",
        "company_url": "https://www.linkedin.com/company/stanford-online?trk=public_profile_profile-section-card_image-click",
        "company_name": "Stanford Online",
        "issue_date": "Issued Dec 2021",
        "credential_id": "Credential ID 964A25GZFXS5",
        "credential_url": "https://www.coursera.org/account/accomplishments/certificate/964A25GZFXS5?trk=public_profile_see-credential"
      }
    ],
    "people_also_viewed": [],
    "similar_profiles": [],
    "recommendations": [],
    "publications": [],
    "courses": [],
    "languages": [],
    "organizations": [],
    "projects": [],
    "awards": [],
    "score": []
  }
]