[
  {
    "fullName": "Matthew Law",
    "linkedin_internal_id": "1394323912",
    "first_name": "Matthew",
    "last_name": "Law",
    "public_identifier": "matthew-law-0x251",
    "background_cover_image_url": "https://media.licdn.com/dms/image/v2/D5616AQF-rvKz-ZqsCA/profile-displaybackgroundimage-shrink_200_800/profile-displaybackgroundimage-shrink_200_800/0/1729492008597?e=2147483647&v=beta&t=-VloCIBhoEb1J2bWwExtNbu9eM2CBNGPl2q64fQ-MfQ",
    "profile_photo": "https://media.licdn.com/dms/image/v2/D5603AQEH_PGSFl34zg/profile-displayphoto-shrink_200_200/B56ZUhis_4GUAg-/0/1740024500544?e=2147483647&v=beta&t=nqU84vPku0H9MsLz_PLDlMrLSR-7Pif_bqij4_gc0-g",
    "headline": "Research @Stanford HAI | 16x Hackathon Winner | Computational Neuroscience Engineer",
    "location": "574 followers\n          \n          \n              500+ connections",
    "about": "",
    "experience": [
      {
        "position": "Researcher",
        "company_url": "https://www.linkedin.com/company/stanfordhai?trk=public_profile_experience-item_profile-section-card_subtitle-click",
        "company_image": "https://media.licdn.com/dms/image/v2/C560BAQF2PTprLtXKjA/company-logo_100_100/company-logo_100_100/0/1678225171731/stanfordhai_logo?e=2147483647&v=beta&t=PlDeTtaHEJcSncvob68qksbRjGTw9SEPZiRQkppp9E4",
        "company_name": "Stanford Institute for Human-Centered Artificial Intelligence (HAI)",
        "location": "Palo Alto, California, United States",
        "summary": "",
        "starts_at": "Sep 2024",
        "ends_at": "Present",
        "duration": "7 months"
      },
      {
        "position": "Backend Lead",
        "company_url": "https://www.linkedin.com/company/stealthaistartup?trk=public_profile_experience-item_profile-section-card_subtitle-click",
        "company_image": "https://media.licdn.com/dms/image/v2/D560BAQHPao0B8uCJMA/company-logo_100_100/company-logo_100_100/0/1693216489946?e=2147483647&v=beta&t=Pq612RZumYxpq-BQFZUcf5CUoFZAYEEtLjt-m_hjIiQ",
        "company_name": "Stealth AI Startup",
        "location": "Palo Alto, California, United States",
        "summary": "",
        "starts_at": "Dec 2024",
        "ends_at": "Present",
        "duration": "4 months"
      }
    ],
    "education": [
      {
        "college_url": "https://www.linkedin.com/school/monte-vista-high-school-danville/?trk=public_profile_school_profile-section-card_image-click",
        "college_name": "Monte Vista High School",
        "college_image": "https://media.licdn.com/dms/image/v2/C560BAQHVeBvHs6g30Q/company-logo_100_100/company-logo_100_100/0/1630620866406/monte_vista_high_school_danville_logo?e=2147483647&v=beta&t=KyViWFq9IVMPShGYBfaeQ5cUxn7n09sh5NsvzvvD4Zg",
        "college_degree": "",
        "college_degree_field": null,
        "college_duration": "2021 - 2021",
        "college_activity": ""
      }
    ],
    "articles": [],
    "description": {
      "description1": "Stanford Institute for Human-Centered Artificial Intelligence (HAI)",
      "description1_link": "https://www.linkedin.com/company/stanfordhai?trk=public_profile_topcard-current-company",
      "description2": "Monte Vista High School",
      "description2_link": "https://www.linkedin.com/school/monte-vista-high-school-danville/?trk=public_profile_topcard-school",
      "description3": ""
    },
    "activities": [
      {
        "link": "https://www.linkedin.com/posts/stanfordhai_congratulations-to-our-co-director-fei-fei-activity-7292966677015605248-LiE1",
        "image": "https://media.licdn.com/dms/image/v2/D5610AQE13-mCTTbF6g/image-shrink_1280/B56ZTXSi9_GoAM-/0/1738778751800?e=2147483647&v=beta&t=gD5ksdLwup6j2h92E_F_9gXoE0aTOEP7ltxk2CuqOeA",
        "title": "Congratulations to our Co-Director Fei-Fei Li for winning this year's Queen Elizabeth Prize for Engineering. Her seminal work on ImageNet has laid\u2026",
        "activity": "Liked by Matthew Law"
      },
      {
        "link": "https://www.linkedin.com/posts/y-combinator_we-are-running-a-new-yc-batch-this-spring-activity-7287154235631190016-kZvM",
        "image": "https://media.licdn.com/dms/image/v2/D5605AQG3UiAkGozEFw/feedshare-thumbnail_720_1280/B56ZSEsFA9GQA8-/0/1737392938274?e=2147483647&v=beta&t=gEahxQuVLTqF0YA44umUI1cQW_EyFKw9OBvWo_DwyNY",
        "title": "We are running a new YC batch this spring!\n\nApplications are now open \u2014 submit yours by Tuesday, 2/11 @ 8PM PT.\n\n\u27a1\ufe0f https://lnkd.in/gKxR5UZn",
        "activity": "Liked by Matthew Law"
      },
      {
        "link": "https://www.linkedin.com/posts/chinat-yu_hackathons-ai-learningdifferences-activity-7273115425003966464-KTPD",
        "image": "https://media.licdn.com/dms/image/v2/D5622AQFRZAwRUdUPpQ/feedshare-shrink_800/B56ZO9L6ZlG8Ak-/0/1734045840881?e=2147483647&v=beta&t=22aIvAL5NLBIpSkiqmk8AwXYjEDy9cAVwWXW6P7gSZE",
        "title": "Attending a hackathon can be challenging, but organizing one? That\u2019s a whole new level! This past weekend, I had the privilege of helping design and\u2026",
        "activity": "Liked by Matthew Law"
      },
      {
        "link": "https://www.linkedin.com/posts/kevin-taylor-89710a262_my-team-and-i-placed-3rd-out-of-over-550-activity-7268434623099998208-Ca53",
        "image": "https://media.licdn.com/dms/image/v2/D5622AQGtwoQGWTSGQg/feedshare-shrink_800/feedshare-shrink_800/0/1732929842047?e=2147483647&v=beta&t=OX0g_vdC2YXGcA4HpXUrQoWWF8CSnd-8yfcTZVjMtuE",
        "title": "My team and I placed 3rd out of over 550 participants at the U.S.S. Hornet Defense Hackathon 2024! \n\nHuge thanks to Matthew Law, Sam Dickson, Nirmai\u2026",
        "activity": "Liked by Matthew Law"
      },
      {
        "link": "https://www.linkedin.com/posts/kevin-taylor-89710a262_im-a-high-school-senior-right-now-and-i-activity-7265567095411601409-K5Fc",
        "image": "https://media.licdn.com/dms/image/v2/D5605AQG6UiN3YuG95w/videocover-high/videocover-high/0/1732246158074?e=2147483647&v=beta&t=fvk9iKo0gs4ymjkeiW1Eqqh0igQYHIIG3KRVI_yirBU",
        "title": "I\u2019m a high school senior right now, and I think the best way to learn is to explain things to other people. I wanted to explore transfer learning -\u2026",
        "activity": "Liked by Matthew Law"
      },
      {
        "link": "https://www.linkedin.com/posts/itsajchan_last-week-i-had-the-privilege-of-hosting-activity-7258952777010225152-8HOt",
        "image": "https://media.licdn.com/dms/image/v2/D5605AQGr4WMqtso8jw/videocover-high/videocover-high/0/1730669162403?e=2147483647&v=beta&t=wmHpWEY1XbWuVYBOjPYID8_SPhQ4yGmMevLfO8-bAIw",
        "title": "Last week, I had the privilege of hosting Disrupt AI Agent Hack Day as an official side event to TechCrunch Disrupt. I work at Weaviate and we\u2026",
        "activity": "Liked by Matthew Law"
      },
      {
        "link": "https://www.linkedin.com/posts/itsajchan_want-to-talk-about-vector-databases-rag-activity-7258172090753654785-rGWD",
        "image": "https://media.licdn.com/dms/image/v2/D5605AQGxt3AFFXwYiQ/videocover-high/videocover-high/0/1730483060175?e=2147483647&v=beta&t=tEMGbw0FHzpqSNq7V0HEuJ_uuuw8KAEN-Sg3VdR4SOw",
        "title": "Want to talk about vector databases, RAG, or long term memory for AI Agents?\n\nCome find Weaviate at the Google  Responsible GenAI Conference in\u2026",
        "activity": "Liked by Matthew Law"
      },
      {
        "link": "https://www.linkedin.com/posts/boston-university_terriertown-activity-7253344181685751808-kuG1",
        "image": "https://media.licdn.com/dms/image/v2/D4E10AQEoglqE-_b01g/image-shrink_800/image-shrink_800/0/1729332003414?e=2147483647&v=beta&t=_w59Ec06CftpMeFWsqy_jHoNMclUn60imrAk9uZUfMQ",
        "title": "Sunrise on Comm. Ave \ud83c\udf06\ud83d\ude0d #TerrierTown \n\n\n\ud83d\udcf8: Nick Rocca",
        "activity": "Liked by Matthew Law"
      },
      {
        "link": "https://www.linkedin.com/posts/sambanova_developers-genai-machinelearning-activity-7249447342888624130-Ehh4",
        "image": "https://media.licdn.com/dms/image/v2/D5605AQHHFW2U73oC-w/feedshare-thumbnail_720_1280/feedshare-thumbnail_720_1280/0/1728402829694?e=2147483647&v=beta&t=1FeSMhSvmVnxR757kT1PpshiOTUhLtfhtxrR3TnTdjA",
        "title": "We've got some updates to talk about!\n\nToday, our Director of Machine Learning, Urmish Thakker joins Vasanth Mohan to discuss the latest updates on\u2026",
        "activity": "Liked by Matthew Law"
      },
      {
        "link": "https://www.linkedin.com/posts/sam-dickson-58bb99283_had-an-awesome-time-at-the-creatorscorner-activity-7254183319892893696-RI6z",
        "image": "https://media.licdn.com/dms/image/v2/D5622AQHo2Kdcru5yfg/feedshare-shrink_800/feedshare-shrink_800/0/1729532077584?e=2147483647&v=beta&t=TN4WT161DpH9BSo0pmKVWtISQPUijrglGeCsWiGFSnY",
        "title": "Had an awesome time at the CreatorsCorner and MindsDB Vertical Specific hackathon with my teammates, Kevin Taylor and Matthew Law. Huge thanks to all\u2026",
        "activity": "Liked by Matthew Law"
      }
    ],
    "volunteering": [],
    "certification": [],
    "people_also_viewed": [],
    "similar_profiles": [
      {
        "link": "https://www.linkedin.com/in/matthew-law-419b2043?trk=public_profile_samename-profile",
        "name": "Matthew Law",
        "summary": "Senior Vice President & Legal Counsel at MGM Resorts International",
        "location": "Las Vegas, NV"
      },
      {
        "link": "https://www.linkedin.com/in/matthew-law-62822a4b?trk=public_profile_samename-profile",
        "name": "Matthew Law",
        "summary": "",
        "location": "Reno, NV"
      },
      {
        "link": "https://www.linkedin.com/in/matthewlaw1?trk=public_profile_samename-profile",
        "name": "Matthew Law",
        "summary": "",
        "location": "San Diego, CA"
      },
      {
        "link": "https://www.linkedin.com/in/matthew-law-4538191b3?trk=public_profile_samename-profile",
        "name": "Matthew Law",
        "summary": "Cybersecurity Engineer at Liberty Mutual Insurance",
        "location": "Harwinton, CT"
      }
    ],
    "recommendations": [],
    "publications": [],
    "courses": [],
    "languages": [],
    "organizations": [],
    "projects": [],
    "awards": [],
    "score": []
  }
]