{
  "title": "\u202aDaniel Kharitonov\u202c - \u202aGoogle Scholar\u202c",
  "meta_description": "\u202aStanford University\u202c - \u202a\u202aCited by 240\u202c\u202c - \u202aDecision analysis\u202c - \u202astrategy\u202c - \u202acommunications\u202c - \u202arouters\u202c - \u202aswitches\u202c",
  "main_content": "Loading... The system can't perform the operation now. Try again later. Citations per year Duplicate citations The following articles are merged in Scholar. Their combined citations are counted only for the first article. Merged citations This \"Cited by\" count includes citations to the following articles in Scholar. The ones marked * may be different from the article in the profile. Add co-authors Co-authors Follow New articles by this author New citations to this author New articles related to this author's research Email address for updates Done My profile My library Metrics Alerts Settings Sign in Sign in Get my own profile Cited by View all All Since 2020 Citations 240 60 h-index 7 4 i10-index 7 2 0 28 14 2008 2009 2010 2011 2012 2013 2014 2015 2016 2017 2018 2019 2020 2021 2022 2023 2024 2025 2 6 10 17 28 12 22 19 19 8 27 8 16 16 9 11 6 2 Public access View all View all 1 article 0 articles available not available Based on funding mandates Co-authors Christian Raack Consultant at atesio GmbH Verified email at atesio.de Follow Daniel Kharitonov Stanford University Verified email at stanford.edu Decision analysis strategy communications routers switches Articles Cited by Public access Co-authors Title Sort Sort by citations Sort by year Sort by title Cited by Cited by Year Power saving strategies and technologies in network equipment opportunities and challenges, risk and rewards L Ceuppens, A Sardella, D Kharitonov 2008 international symposium on applications and the internet, 381-384 , 2008 74 2008 Virtual network prototyping environment D Kharitonov, C Constable, G Huang, J Obstfeld US Patent 8,671,176 , 2014 46 2014 Integrated packet inspection and modification system and network device for internet service provider market research and influence D Kharitonov US Patent 8,259,722 , 2012 39 2012 Network and telecom equipment-energy and performance assessment A Alimian, B Nordman, D Kharitonov ECR Initiative, Dec , 2010 17 2010 Time-domain approach to energy efficiency: high-performance network element design D Kharitonov 2009 IEEE Globecom Workshops, 1-5 , 2009 17 2009 Virtual network prototyping environment D Kharitonov, C Constable, G Huang, J Obstfeld US Patent 9,391,869 , 2016 13 2016 Network and Telecom Equipment Energy and Performance Assessment-Test Procedures and Measurement Methodology A Alimian, B Nordman, D Kharitonov ECR Initiative , 2008 13 2008 Embedded reactive and proactive intelligence P Mahajan, PA Shafer, RP Enns, D Kharitonov, D Narin, MR Salaiz US Patent 8,433,667 , 2013 6 2013 Green telecom metrics in perspective D Kharitonov 2012 18th Asia-Pacific Conference on Communications (APCC), 548-553 , 2012 6 2012 Optimal degree of optical circuit switching in IP-over-WDM networks U Menne, C Raack, R Wess\u00e4ly, D Kharitonov 2012 16th International Conference on Optical Network Design and Modelling \u2026 , 2012 5 2012 Extended security risks in IP networks D Kharitonov, O Ibatullin arXiv preprint arXiv:1309.5997 , 2013 2 2013 Net-centric world: Lifestyle of the 21st century D Kharitonov Proceedings of ITU Kaleidoscope 2011: The Fully Networked Human?-Innovations \u2026 , 2011 2 2011 Bayesian Structural Learning in Decision Analysis D Kharitonov Stanford University , 2020 2020 Integrated packet inspection and modification system and network device for internet service provider market research and influence D Kharitonov US Patent 9,344,341 , 2016 2016 Multi-attribute value functions in energy-aware network control D Kharitonov arXiv preprint arXiv:1212.5649 , 2012 2012 Optimal Degree of Optical Circuit Switching in IP-over-WDM Networks M Ulrich, C Raack, R Wess\u00e4ly, D Kharitonov 2012 The Economics of Network Energy D Kharitonov CoRR , 2012 2012 The system can't perform the operation now. Try again later. Articles 1\u201317 Show more Privacy Terms Help About Scholar Search help",
  "links": [
    {
      "url": "/schhp?hl=en",
      "text": ""
    },
    {
      "url": "/citations?hl=en",
      "text": "My profile"
    },
    {
      "url": "/scholar?scilib=1&hl=en",
      "text": "My library"
    },
    {
      "url": "/citations?view_op=metrics_intro&hl=en",
      "text": "Metrics"
    },
    {
      "url": "/scholar_alerts?view_op=list_alerts&hl=en",
      "text": "Alerts"
    },
    {
      "url": "/scholar_settings?hl=en",
      "text": "Settings"
    },
    {
      "url": "https://accounts.google.com/Login?hl=en&continue=https://scholar.google.com/schhp%3Fhl%3Den",
      "text": "Sign in"
    },
    {
      "url": "/schhp?hl=en",
      "text": ""
    },
    {
      "url": "https://accounts.google.com/Login?hl=en&continue=https://scholar.google.com/schhp%3Fhl%3Den",
      "text": "Sign in"
    },
    {
      "url": "/citations?hl=en",
      "text": "Get my own profile"
    },
    {
      "url": "/citations?view_op=list_mandates&hl=en&user=nQEBLxUAAAAJ",
      "text": "View all"
    },
    {
      "url": "/citations?user=ksooEeoAAAAJ&hl=en",
      "text": "Christian Raack"
    },
    {
      "url": "/citations?view_op=view_org&hl=en&org=8539678734835078480",
      "text": "Stanford University"
    },
    {
      "url": "/citations?view_op=search_authors&hl=en&mauthors=label:decision_analysis",
      "text": "Decision analysis"
    },
    {
      "url": "/citations?view_op=search_authors&hl=en&mauthors=label:strategy",
      "text": "strategy"
    },
    {
      "url": "/citations?view_op=search_authors&hl=en&mauthors=label:communications",
      "text": "communications"
    },
    {
      "url": "/citations?view_op=search_authors&hl=en&mauthors=label:routers",
      "text": "routers"
    },
    {
      "url": "/citations?view_op=search_authors&hl=en&mauthors=label:switches",
      "text": "switches"
    },
    {
      "url": "/citations?hl=en&user=nQEBLxUAAAAJ&view_op=list_works&sortby=title",
      "text": "Title"
    },
    {
      "url": "/citations?hl=en&user=nQEBLxUAAAAJ&view_op=list_works",
      "text": "Sort by citations"
    },
    {
      "url": "/citations?hl=en&user=nQEBLxUAAAAJ&view_op=list_works&sortby=pubdate",
      "text": "Sort by year"
    },
    {
      "url": "/citations?hl=en&user=nQEBLxUAAAAJ&view_op=list_works&sortby=title",
      "text": "Sort by title"
    },
    {
      "url": "/citations?hl=en&user=nQEBLxUAAAAJ&view_op=list_works&sortby=pubdate",
      "text": "Year"
    },
    {
      "url": "/citations?view_op=view_citation&hl=en&user=nQEBLxUAAAAJ&citation_for_view=nQEBLxUAAAAJ:u5HHmVD_uO8C",
      "text": "Power saving strategies and technologies in network equipment opportunities and challenges, risk and rewards"
    },
    {
      "url": "https://scholar.google.com/scholar?oi=bibs&hl=en&cites=1565737993488565258",
      "text": "74"
    },
    {
      "url": "/citations?view_op=view_citation&hl=en&user=nQEBLxUAAAAJ&citation_for_view=nQEBLxUAAAAJ:WF5omc3nYNoC",
      "text": "Virtual network prototyping environment"
    },
    {
      "url": "https://scholar.google.com/scholar?oi=bibs&hl=en&cites=7376623185612904843",
      "text": "46"
    },
    {
      "url": "/citations?view_op=view_citation&hl=en&user=nQEBLxUAAAAJ&citation_for_view=nQEBLxUAAAAJ:UeHWp8X0CEIC",
      "text": "Integrated packet inspection and modification system and network device for internet service provider market research and influence"
    },
    {
      "url": "https://scholar.google.com/scholar?oi=bibs&hl=en&cites=6153248248374186014",
      "text": "39"
    },
    {
      "url": "/citations?view_op=view_citation&hl=en&user=nQEBLxUAAAAJ&citation_for_view=nQEBLxUAAAAJ:d1gkVwhDpl0C",
      "text": "Network and telecom equipment-energy and performance assessment"
    },
    {
      "url": "https://scholar.google.com/scholar?oi=bibs&hl=en&cites=1652463927314648984",
      "text": "17"
    },
    {
      "url": "/citations?view_op=view_citation&hl=en&user=nQEBLxUAAAAJ&citation_for_view=nQEBLxUAAAAJ:u-x6o8ySG0sC",
      "text": "Time-domain approach to energy efficiency: high-performance network element design"
    },
    {
      "url": "https://scholar.google.com/scholar?oi=bibs&hl=en&cites=657604722272124457",
      "text": "17"
    },
    {
      "url": "/citations?view_op=view_citation&hl=en&user=nQEBLxUAAAAJ&citation_for_view=nQEBLxUAAAAJ:eQOLeE2rZwMC",
      "text": "Virtual network prototyping environment"
    },
    {
      "url": "https://scholar.google.com/scholar?oi=bibs&hl=en&cites=9246610057941186239",
      "text": "13"
    },
    {
      "url": "/citations?view_op=view_citation&hl=en&user=nQEBLxUAAAAJ&citation_for_view=nQEBLxUAAAAJ:_FxGoFyzp5QC",
      "text": "Network and Telecom Equipment Energy and Performance Assessment-Test Procedures and Measurement Methodology"
    },
    {
      "url": "https://scholar.google.com/scholar?oi=bibs&hl=en&cites=4360745854465031052",
      "text": "13"
    },
    {
      "url": "/citations?view_op=view_citation&hl=en&user=nQEBLxUAAAAJ&citation_for_view=nQEBLxUAAAAJ:IjCSPb-OGe4C",
      "text": "Embedded reactive and proactive intelligence"
    },
    {
      "url": "https://scholar.google.com/scholar?oi=bibs&hl=en&cites=5387172878281056817",
      "text": "6"
    },
    {
      "url": "/citations?view_op=view_citation&hl=en&user=nQEBLxUAAAAJ&citation_for_view=nQEBLxUAAAAJ:2osOgNQ5qMEC",
      "text": "Green telecom metrics in perspective"
    },
    {
      "url": "https://scholar.google.com/scholar?oi=bibs&hl=en&cites=11527355465875171253",
      "text": "6"
    },
    {
      "url": "/citations?view_op=view_citation&hl=en&user=nQEBLxUAAAAJ&citation_for_view=nQEBLxUAAAAJ:Tyk-4Ss8FVUC",
      "text": "Optimal degree of optical circuit switching in IP-over-WDM networks"
    },
    {
      "url": "https://scholar.google.com/scholar?oi=bibs&hl=en&cites=1072995192934604956",
      "text": "5"
    },
    {
      "url": "/citations?view_op=view_citation&hl=en&user=nQEBLxUAAAAJ&citation_for_view=nQEBLxUAAAAJ:W7OEmFMy1HYC",
      "text": "Extended security risks in IP networks"
    },
    {
      "url": "https://scholar.google.com/scholar?oi=bibs&hl=en&cites=12250399709240595195",
      "text": "2"
    },
    {
      "url": "/citations?view_op=view_citation&hl=en&user=nQEBLxUAAAAJ&citation_for_view=nQEBLxUAAAAJ:qjMakFHDy7sC",
      "text": "Net-centric world: Lifestyle of the 21st century"
    },
    {
      "url": "https://scholar.google.com/scholar?oi=bibs&hl=en&cites=14082051135737799668",
      "text": "2"
    },
    {
      "url": "/citations?view_op=view_citation&hl=en&user=nQEBLxUAAAAJ&citation_for_view=nQEBLxUAAAAJ:Se3iqnhoufwC",
      "text": "Bayesian Structural Learning in Decision Analysis"
    },
    {
      "url": "/citations?view_op=view_citation&hl=en&user=nQEBLxUAAAAJ&citation_for_view=nQEBLxUAAAAJ:ufrVoPGSRksC",
      "text": "Integrated packet inspection and modification system and network device for internet service provider market research and influence"
    },
    {
      "url": "/citations?view_op=view_citation&hl=en&user=nQEBLxUAAAAJ&citation_for_view=nQEBLxUAAAAJ:YsMSGLbcyi4C",
      "text": "Multi-attribute value functions in energy-aware network control"
    },
    {
      "url": "/citations?view_op=view_citation&hl=en&user=nQEBLxUAAAAJ&citation_for_view=nQEBLxUAAAAJ:9yKSN-GCB0IC",
      "text": "Optimal Degree of Optical Circuit Switching in IP-over-WDM Networks"
    },
    {
      "url": "/citations?view_op=view_citation&hl=en&user=nQEBLxUAAAAJ&citation_for_view=nQEBLxUAAAAJ:zYLM7Y9cAGgC",
      "text": "The Economics of Network Energy"
    },
    {
      "url": "//www.google.com/intl/en/policies/privacy/",
      "text": "Privacy"
    },
    {
      "url": "//www.google.com/intl/en/policies/terms/",
      "text": "Terms"
    },
    {
      "url": "/intl/en/scholar/about.html",
      "text": "About Scholar"
    },
    {
      "url": "//support.google.com/websearch?p=scholar_dsa&hl=en",
      "text": "Search help"
    }
  ],
  "images": [
    {
      "src": "/scholar/images/cleardot.gif",
      "alt": "Christian Raack"
    },
    {
      "src": "/citations/images/avatar_scholar_128.png",
      "alt": "Daniel Kharitonov"
    }
  ]
}