{
  "title": "The Bake King - Bold Management",
  "meta_description": "",
  "main_content": "Contact: jade@bold-management.com Ben Cullen aka \u2018The Bake King\u2019 is renowned as the UK\u2019s most creative cake maker. He began his career as a graphic designer after studying Art & Design at Chester University, and then ventured into the world of tattooing before falling in love with baking and developing into a truly extraordinary artistic baker. Ben\u2019s love of cake making came after being inspired by a design shown to him by a client he was tattooing. The Bake King was established in 2014 after Ben made his very first cake for his father. Since then The Bake King has won multiple awards including Gold at Cake International in 2015, 2016, 2017, 2018 & 2019. Ben was named one of the UK\u2019s Top 10 Cake Artists at Cakemasters in 2019. Ben specialises in creating complicated and unbelievably life-like cakes for a myriad of brands, charities and celebrity clients. Ben\u2019s career is growing from strength to strength as his work continues to stun millions on social media. Ben was one of the resident bakers on Channel 4\u2019s hit show, Extreme Cake Makers. A young man covered from head to toe in tattoos is probably as far away from Mary Berry as it gets, but Ben\u2019s work is making baking cool with a whole new generation.",
  "links": [
    {
      "url": "https://www.instagram.com/the_bakeking",
      "text": ""
    },
    {
      "url": "https://www.facebook.com/TheBakeking",
      "text": ""
    },
    {
      "url": "https://www.tiktok.com/@thebakeking?lang=en",
      "text": ""
    },
    {
      "url": "https://www.youtube.com/channel/UC3pGl-grkrg5rOBOpb7kJDg",
      "text": ""
    },
    {
      "url": "mailto:jade@bold-management.com",
      "text": "jade@bold-management.com"
    },
    {
      "url": "https://www.bold-management.com/home/wp-content/uploads/2022/08/6de166dc6bbe8bb1f2874c67493ff0922cf16f27-16x9-x0y0w1304h734.jpg",
      "text": ""
    },
    {
      "url": "https://www.bold-management.com/home/",
      "text": ""
    },
    {
      "url": "https://www.bold-management.com/home/clients/",
      "text": "TALENT"
    },
    {
      "url": "https://www.bold-management.com/home/about/",
      "text": "ABOUT"
    },
    {
      "url": "https://www.bold-management.com/home/contact/",
      "text": "CONTACT"
    },
    {
      "url": "https://www.bold-management.com/home/privacy-policy/",
      "text": "Privacy policy"
    }
  ],
  "images": [
    {
      "src": "https://secure.shoo5woop.com/166713.png",
      "alt": ""
    },
    {
      "src": "https://www.bold-management.com/home/wp-content/uploads/2019/01/bencnewphotoheader.png",
      "alt": ""
    },
    {
      "src": "https://www.bold-management.com/home/wp-content/uploads/2022/08/6de166dc6bbe8bb1f2874c67493ff0922cf16f27-16x9-x0y0w1304h734.jpg",
      "alt": ""
    },
    {
      "src": "https://www.bold-management.com/home/wp-content/uploads/2018/03/boldlogoArtboard-1@2x.png",
      "alt": "Bold Management"
    }
  ]
}