{
  "title": "Radostin Cholakov | DeepAI",
  "meta_description": "Read Radostin Cholakov's latest research, browse their coauthor's research, and play around with their algorithms",
  "main_content": "Radostin Cholakov \u2219 0 followers",
  "links": [
    {
      "url": "https://twitter.com/radi_cho",
      "text": ""
    },
    {
      "url": "/profile/todor-kolev",
      "text": ""
    },
    {
      "url": "/profile/todor-kolev",
      "text": "Todor Kolev"
    },
    {
      "url": "/publication/efficient-task-oriented-dialogue-systems-with-response-selection-as-an-auxiliary-task",
      "text": "Efficient Task-Oriented Dialogue Systems with Response Selection as an\n  Auxiliary Task"
    },
    {
      "url": "/profile/radostin-cholakov",
      "text": "Radostin Cholakov, et al."
    },
    {
      "url": "/publication/the-gatedtabtransformer-an-enhanced-deep-learning-architecture-for-tabular-modeling",
      "text": "The GatedTabTransformer. An enhanced deep learning architecture for\n  tabular modeling"
    },
    {
      "url": "/profile/radostin-cholakov",
      "text": "Radostin Cholakov, et al."
    },
    {
      "url": "/publication/transformers-predicting-the-future-applying-attention-in-next-frame-and-time-series-forecasting",
      "text": "Transformers predicting the future. Applying attention in next-frame and\n  time series forecasting"
    },
    {
      "url": "/profile/radostin-cholakov",
      "text": "Radostin Cholakov, et al."
    },
    {
      "url": "/pricing",
      "text": "See Full Pricing Page"
    }
  ],
  "images": [
    {
      "src": "/static/images/defaultprofile.jpg",
      "alt": ""
    },
    {
      "src": "/static/images/twitter-icon.png",
      "alt": ""
    },
    {
      "src": "/static/images/new_heart.png",
      "alt": ""
    },
    {
      "src": "/static/images/new_red_heart.png",
      "alt": ""
    },
    {
      "src": "/static/images/profile-placeholder-small.png",
      "alt": ""
    },
    {
      "src": "/static/images/new_heart.png",
      "alt": ""
    },
    {
      "src": "/static/images/new_red_heart.png",
      "alt": ""
    },
    {
      "src": "/static/images/new_share.png",
      "alt": ""
    },
    {
      "src": "/static/images/new_heart.png",
      "alt": ""
    },
    {
      "src": "/static/images/new_red_heart.png",
      "alt": ""
    },
    {
      "src": "/static/images/new_share.png",
      "alt": ""
    },
    {
      "src": "/static/images/new_heart.png",
      "alt": ""
    },
    {
      "src": "/static/images/new_red_heart.png",
      "alt": ""
    },
    {
      "src": "/static/images/new_share.png",
      "alt": ""
    },
    {
      "src": "/static/images/social-x-icon.svg",
      "alt": ""
    },
    {
      "src": "/static/images/social-facebook-icon.svg",
      "alt": ""
    },
    {
      "src": "/static/images/social-linkedin-icon.svg",
      "alt": ""
    },
    {
      "src": "/static/images/social-reddit-icon.svg",
      "alt": ""
    },
    {
      "src": "/static/images/social-copy-icon.svg",
      "alt": "Copy"
    },
    {
      "src": "/static/images/pro-badge.svg",
      "alt": ""
    }
  ]
}