{
  "title": "Radostin Lozanov Cholakov's Profile | Stanford Profiles",
  "meta_description": "Radostin Lozanov Cholakov is part of Stanford Profiles, official site for faculty, postdocs, students and staff information (Expertise, Bio, Research, Publications, and more). The site facilitates research and collaboration in academic endeavors.",
  "main_content": "Radostin Lozanov Cholakov Undergraduate, Computer Science Print Profile Email Profile View Stanford-only Profile Tab Menu Bio Contact Work radicho@stanford.edu University - Student Department:&nbspComputer Science Position: Undergraduate",
  "links": [
    {
      "url": "https://cap.stanford.edu/profiles/frdActionServlet?choiceId=printerprofile&profileversion=full&profileId=339130",
      "text": "Print Profile"
    },
    {
      "url": "mailto:?subject=Radostin Lozanov Cholakov's Profile&body=I would like to share the profile of Radostin Lozanov Cholakov with you. https://profiles.stanford.edu/radostin-cholakov",
      "text": "Email Profile"
    },
    {
      "url": "/intranet/radostin-cholakov",
      "text": "View Stanford-only Profile"
    },
    {
      "url": "/radostin-cholakov?tab=bio",
      "text": "Bio"
    },
    {
      "url": "mailto:radicho@stanford.edu",
      "text": "radicho@stanford.edu"
    }
  ],
  "images": []
}