{
  "title": "Home - Catherine Lee | Catherine Lee Artist | Sculpture",
  "meta_description": "Catherine Lee is an American artist. Her works, featuring repetitive forms in paintings, sculpture & print. She's been described as minimalist & structuralist.",
  "main_content": "Poetics paintings singularities repeating sets standing sculptures works on paper open series Exhibitions",
  "links": [
    {
      "url": "/poetics/",
      "text": "Poetics"
    },
    {
      "url": "/paintings/",
      "text": "paintings"
    },
    {
      "url": "/singularities/",
      "text": "singularities"
    },
    {
      "url": "/repeating-sets/",
      "text": "repeating sets"
    },
    {
      "url": "/standing-sculptures/",
      "text": "standing sculptures"
    },
    {
      "url": "/works-on-paper/",
      "text": "works on paper"
    },
    {
      "url": "/open-series/",
      "text": "open series"
    },
    {
      "url": "/exhibits/",
      "text": "Exhibitions"
    }
  ],
  "images": [
    {
      "src": "/wp-content/uploads/2023/08/Poetics.png",
      "alt": ""
    },
    {
      "src": "/wp-content/uploads/2023/07/Navigation_02.jpg",
      "alt": ""
    },
    {
      "src": "/wp-content/uploads/2023/07/Navigation_03.jpg",
      "alt": ""
    },
    {
      "src": "/wp-content/uploads/2023/07/Navigation_04.jpg",
      "alt": ""
    },
    {
      "src": "/wp-content/uploads/2023/07/Navigation_01.jpg",
      "alt": ""
    },
    {
      "src": "/wp-content/uploads/2023/07/Navigation_05.jpg",
      "alt": ""
    },
    {
      "src": "/wp-content/uploads/2023/07/Navigation_06.jpg",
      "alt": ""
    },
    {
      "src": "/wp-content/uploads/2023/07/Navigation_07.jpg",
      "alt": ""
    }
  ]
}