{
  "title": "Aaron Yim and Dalina Le's Wedding Website - The Knot",
  "meta_description": "Welcome to Aaron Yim and Dalina Le's Wedding Website! View photos, directions, registry details and more at The Knot.",
  "main_content": "Menu Button A&D July 12, 2025 Seattle WA Wedding Day July 12, 2025 Reception Salty\u2019s on Alki, Inc 1936 Harbor Ave SW, Seattle, WA, 98126 Home Our Story Photos Wedding Party Q + A Travel Things to Do Registry",
  "links": [
    {
      "url": "/us/aaron-yim-and-dalina-le-jul-2025",
      "text": "Home"
    },
    {
      "url": "/us/aaron-yim-and-dalina-le-jul-2025/our-story",
      "text": "Our Story"
    },
    {
      "url": "/us/aaron-yim-and-dalina-le-jul-2025/photos",
      "text": "Photos"
    },
    {
      "url": "/us/aaron-yim-and-dalina-le-jul-2025/wedding-party",
      "text": "Wedding Party"
    },
    {
      "url": "/us/aaron-yim-and-dalina-le-jul-2025/q-a",
      "text": "Q + A"
    },
    {
      "url": "/us/aaron-yim-and-dalina-le-jul-2025/travel",
      "text": "Travel"
    },
    {
      "url": "/us/aaron-yim-and-dalina-le-jul-2025/things-to-do",
      "text": "Things to Do"
    },
    {
      "url": "/us/aaron-yim-and-dalina-le-jul-2025/registry",
      "text": "Registry"
    }
  ],
  "images": [
    {
      "src": "https://media-api.xogrp.com/images/9351e993-f7aa-47f9-831b-d9b64c3888c6~rt_auto-rs_768.h?ordering=explicit",
      "alt": ""
    },
    {
      "src": "https://www.theknot.com/akam/13/pixel_7f97b939?a=dD1jYmNiODNkYzAwZDU3ZjdjMWVhZmNiOGNlOWIzODI2NjQ0ZWE2ZjA0JmpzPW9mZg==",
      "alt": ""
    }
  ]
}