[
  {
    "fullName": "Ian Lim",
    "linkedin_internal_id": "591107899",
    "first_name": "Ian",
    "last_name": "Lim",
    "public_identifier": "ianclim",
    "background_cover_image_url": "https://static.licdn.com/aero-v1/sc/h/5q92mjc5c51bjlwaj3rs9aa82",
    "profile_photo": "https://static.licdn.com/aero-v1/sc/h/9c8pery4andzj6ohjkjp54ma2",
    "headline": "",
    "location": "3K followers\n          \n          \n              500+ connections",
    "about": "https://ianlim.com/Twitter: @ianclim",
    "experience": [],
    "education": [],
    "articles": [],
    "description": {
      "description1": "Stealth",
      "description1_link": "https://www.linkedin.com/company/stealthstartupcareers?trk=public_profile_topcard-current-company",
      "description2": "Stanford University",
      "description2_link": "https://www.linkedin.com/school/stanford-university/?trk=public_profile_topcard-school",
      "description3": ""
    },
    "activities": [
      {
        "link": "https://www.linkedin.com/posts/kathleenmattie_sal-khan-how-ai-could-save-not-destroy-activity-7300533793738682369-C7nc",
        "image": "https://media.licdn.com/dms/image/sync/v2/D5627AQFCeFJxXj_hSg/articleshare-shrink_1280_800/articleshare-shrink_1280_800/0/1712134544242?e=2147483647&v=beta&t=Zh5Qi6VrQ7wmdFwcPRLL9lLjFwZnMATrFvOkfg8FvrA",
        "title": "In his TED talk, Sal Khan discusses how AI can transform education by offering personalized learning experiences, thus using AI as a personal tutor\u2026",
        "activity": "Liked by Ian Lim"
      },
      {
        "link": "https://www.linkedin.com/posts/karen-cottam-flpi-associate-cipd-colf-49a0753a_change-management-professional-certificate-activity-7294361041684103168-zZzD",
        "image": "https://media.licdn.com/dms/image/v2/D4E0DAQHOYtX5eFdajw/learning-public-banner-crop_300_1400/learning-public-banner-crop_300_1400/0/1726871941504?e=2147483647&v=beta&t=KDkSD5up0Gczf4BF7D4qnhQ0qAbeGQ2WgvraQdwJDH8",
        "title": "Just finished the learning path \u201cChange Management Professional Certificate by LinkedIn Learning\u201d! #changecommunications\u2026",
        "activity": "Liked by Ian Lim"
      },
      {
        "link": "https://www.linkedin.com/posts/jphillips89_talent-development-emea-lead-activity-7297277049587609600-_Xvq",
        "image": "https://media.licdn.com/dms/image/sync/v2/D5627AQEquBA6cRH8zQ/articleshare-shrink_800/articleshare-shrink_800/0/1739541077735?e=2147483647&v=beta&t=_N7gVaWvP83DD4eVI2DRNxvO5bCExxvudxIvuuFxFCY",
        "title": "\ud83d\ude80 \ud83c\uddec\ud83c\udde7 We\u2019re hiring! \ud83c\uddec\ud83c\udde7 \ud83d\ude80\nI\u2019m thrilled to announce an exciting opportunity to join our team as a Talent Development Lead for EMEA! \ud83c\udf89\n\nIf you\u2019re\u2026",
        "activity": "Liked by Ian Lim"
      },
      {
        "link": "https://es.linkedin.com/posts/josepmancebo_potencial-aprendizaje-desarrollo-activity-7295459655441420288-ZpC6",
        "image": "https://media.licdn.com/dms/image/v2/D4D22AQEV0FCuIjOmPg/feedshare-shrink_800/B4DZT6t5TSGcAk-/0/1739373123181?e=2147483647&v=beta&t=BBoCBEfsH_EB1WhmYpa2QjnsQ4vKn9nvs7NHfcuEoNQ",
        "title": "\u00a1Qu\u00e9 ilusi\u00f3n esta nominaci\u00f3n! \n\nFormar parte del ranking de los Top m\u00e1s influyentes en Recursos Humanos de RRHHDigital es todo un honor. Creo\u2026",
        "activity": "Liked by Ian Lim"
      },
      {
        "link": "https://www.linkedin.com/posts/jeremyarthurmclellan_as-we-focus-on-supporting-the-next-generation-activity-7291036276428800000-TqwA",
        "image": "https://media.licdn.com/dms/image/v2/D4E22AQGwZd6GHISXMw/feedshare-shrink_2048_1536/B4EZS72wFkGgAo-/0/1738318505470?e=2147483647&v=beta&t=sS_K7dGtZickr5NoUoHLQ2l0y3yYZhTj96o90a6p5VA",
        "title": "As we focus on supporting the next generation of A&M, it's crucial we establish consistent global standards and leverage our collective IP to deliver\u2026",
        "activity": "Liked by Ian Lim"
      },
      {
        "link": "https://www.linkedin.com/posts/jennifer-rice-9831684_meetmeatclnconferenceexpola-clnconferenceexpo-activity-7290140657547915264-ZNbA",
        "image": "https://media.licdn.com/dms/image/v2/D5610AQH5KUQ67MAlEw/image-shrink_1280/B56ZSvITF6GUAU-/0/1738104976163?e=2147483647&v=beta&t=jw3oBGTJqcUkgkiKk4ziOVNe0LhcXCgZj3dh78Y72gU",
        "title": "I've joined the speaker faculty at the CLN Learning Conference Los Angeles:  L&D's Top Speaker Lineup! I'm so excited to share my nuggets with\u2026",
        "activity": "Liked by Ian Lim"
      },
      {
        "link": "https://www.linkedin.com/posts/jaimiekrause_were-so-thrilled-to-celebratejackie-clifford-activity-7298685161561305089-hxOO",
        "image": "https://media.licdn.com/dms/image/v2/D5622AQFPoc9L0s7Xvg/feedshare-shrink_800/B56ZUojd6CGQAo-/0/1740142144520?e=2147483647&v=beta&t=00mtU2OiapZU6U_03uhv6Ou3z14NOugd0nXYIxtryms",
        "title": "We're so thrilled to celebrate\u00a0Jackie Clifford on her\u00a0Emerging Leader Award\u00a0from Training magazine. Emerging Leaders possess exceptional leadership\u2026",
        "activity": "Liked by Ian Lim"
      },
      {
        "link": "https://www.linkedin.com/posts/getinspired_do-you-want-to-work-for-a-hong-kong-institution-activity-7285798759756701696-Wldu",
        "image": "https://static.licdn.com/aero-v1/sc/h/53n89ecoxpr1qrki1do3alazb",
        "title": "Do you want to work for a Hong Kong institution? Well, I have good news - we're hiring! You can be part of a story over 160 years in the telling\u2026",
        "activity": "Liked by Ian Lim"
      },
      {
        "link": "https://www.linkedin.com/posts/ginocaropreso_hey-friends-i-was-recently-nominated-as-activity-7295805101238087680-7iMS",
        "image": "https://media.licdn.com/dms/image/v2/D4E22AQGn9ueuDKLkWQ/feedshare-shrink_2048_1536/B4EZT_oFInGwAo-/0/1739455484923?e=2147483647&v=beta&t=O1jaGDpslpfCxLPzkPnFbBipP-T7u20Vpxb_7HWuy4Q",
        "title": "Hey Friends, I was recently nominated as a Top 100 finalist for the Learning & Development ONCON Award. The award is pretty cool because it is\u2026",
        "activity": "Liked by Ian Lim"
      },
      {
        "link": "https://www.linkedin.com/posts/eqbalsinggh_mr-iqbal-singh-activity-7297576332081733632-QmUa",
        "image": "https://media.licdn.com/dms/image/sync/v2/D5627AQF0GxKYmJgJYw/articleshare-shrink_800/articleshare-shrink_800/0/1739877636303?e=2147483647&v=beta&t=Yiu0_qpY0Inka4DBjfIof6SEloAEquq4tSX88r8eII8",
        "title": "Excited to join the Board of Advisors at Muthoot Business School. Looking forward to contributing to its vision and growth alongside esteemed leaders\u2026",
        "activity": "Liked by Ian Lim"
      },
      {
        "link": "https://dk.linkedin.com/posts/dvphilipson-talent-management-strategy_ledelse-bias-psykologisktryghed-activity-7292567996202422275-MVaq",
        "image": "https://media.licdn.com/dms/image/v2/D5622AQGPkyN2Q155JQ/feedshare-shrink_2048_1536/B56ZTRn8AoGUAw-/0/1738683697918?e=2147483647&v=beta&t=KUra0hfW9FmI3hy4fYU7iQpsJkqOP62jP4DLEuE543w",
        "title": "Det kan du da nok se...  eller kan du?\n\n\ud83d\udc40 Vores perception af verden er aldrig neutral. Som ledere g\u00e5r vi ind i beslutningsrum og samarbejder med\u2026",
        "activity": "Liked by Ian Lim"
      },
      {
        "link": "https://www.linkedin.com/posts/tayn-pavelic-530516b_marriottinternational-marriott-be-activity-7292325797548224514-7jkl",
        "image": "https://static.licdn.com/aero-v1/sc/h/53n89ecoxpr1qrki1do3alazb",
        "title": "I'm beyond thrilled to share that I've joined Marriott International as Vice President, Global Leadership Development.\n\nThe hospitality industry is a\u2026",
        "activity": "Liked by Ian Lim"
      },
      {
        "link": "https://www.linkedin.com/posts/brettponton_clear-careers-join-our-team-grow-with-activity-7292982102684282880-7poI",
        "image": "https://media.licdn.com/dms/image/sync/v2/D4E27AQGoIRzVlTYeTQ/articleshare-shrink_800/articleshare-shrink_800/0/1720581245367?e=2147483647&v=beta&t=mnTbeAbuWG1VkigkFFaDzimj8zUgdOzZPEAq56bFKdA",
        "title": "Interested in your next opportunity? Check out all of our jobs available in New York, Austin, and across the country. Reach out and I'd be happy to\u2026",
        "activity": "Liked by Ian Lim"
      },
      {
        "link": "https://www.linkedin.com/posts/beingunapologetic_do-you-agree-with-these-3-ai-generated-activity-7295151037596717056-e5-_",
        "image": "https://media.licdn.com/dms/image/v2/D5622AQFR3rpaTtASRQ/feedshare-shrink_2048_1536/B56ZT2VNbPHsAo-/0/1739299543497?e=2147483647&v=beta&t=jnS-xNJ-8D9CuyZykLN0NNMvcc4XAQo5p75uGnMlC9E",
        "title": "Do you agree with these 3 A.I. generated takeaways from a TED talk?\n\n\nIn the talk: The Real Power of Choice | Overcoming Comparanoia, TED has\u2026",
        "activity": "Liked by Ian Lim"
      },
      {
        "link": "https://www.linkedin.com/posts/daveames_dhljobs-activity-7291185014656901123-fDdx",
        "image": "https://media.licdn.com/dms/image/v2/D5610AQGz5PIgQJYJuA/image-shrink_800/B56ZS9.HG9HQAo-/0/1738353965848?e=2147483647&v=beta&t=wZkxHyOlVA6QiedlBz-Z2c1M11ox_LDIQc3fG7Oe9cA",
        "title": "Your future starts here! DHL Supply Chain is committed to creating a workplace where employees can excel and be empowered. With our employee resource\u2026",
        "activity": "Liked by Ian Lim"
      },
      {
        "link": "https://www.linkedin.com/posts/adam-chasin_teamwday-activity-7295150369548947457-f2Hi",
        "image": "https://media.licdn.com/dms/image/v2/D5610AQFyg97rs_PdLA/image-shrink_1280/B56ZT2UmsAHoAM-/0/1739299384987?e=2147483647&v=beta&t=4EXeJ6u0hyfun3g6S3Ic8DhkxO_HL4c6Lns9evPR3Ag",
        "title": "Big news! \ud83d\udce3 The next generation of workforce management is here. Introducing Workday Agent System of Record. Organizations will be able to discover\u2026",
        "activity": "Liked by Ian Lim"
      },
      {
        "link": "https://www.linkedin.com/posts/clainudy_fortidia-franchiseleadership-learninganddevelopment-activity-7298399645225926656-HzIY",
        "image": "https://static.licdn.com/aero-v1/sc/h/53n89ecoxpr1qrki1do3alazb",
        "title": "Exciting News!\n\nI\u2019m thrilled to step into the role of Regional VP of Learning and Development at Fortidia! After leading a terrific US-based team in\u2026",
        "activity": "Liked by Ian Lim"
      }
    ],
    "volunteering": [
      {
        "company_url": "https://www.linkedin.com/company/stanford-bci?trk=public_profile_volunteering-position_profile-section-card_image-click",
        "company_position": "Co-Founder",
        "company_name": "Stanford BCI",
        "company_duration": "",
        "starts_at": "",
        "ends_at": ""
      },
      {
        "company_url": "https://www.linkedin.com/company/treehacks?trk=public_profile_volunteering-position_profile-section-card_image-click",
        "company_position": "Organizer",
        "company_name": "TreeHacks",
        "company_duration": "",
        "starts_at": "",
        "ends_at": ""
      }
    ],
    "certification": [],
    "people_also_viewed": [
      {
        "link": "https://www.linkedin.com/in/zhengzhongzhu?trk=public_profile_browsemap-profile",
        "name": "Jason Z.",
        "summary": "Software Engineer",
        "location": "Great Neck, NY"
      },
      {
        "link": "https://www.linkedin.com/in/lakshitagupta?trk=public_profile_browsemap-profile",
        "name": "Lakshita Gupta",
        "summary": "",
        "location": "New York, NY"
      },
      {
        "link": "https://cn.linkedin.com/in/anna-hong?trk=public_profile_browsemap-profile",
        "name": "Anna (Yiqiu) Hong",
        "summary": "",
        "location": "China"
      },
      {
        "link": "https://www.linkedin.com/in/roshanr11?trk=public_profile_browsemap-profile",
        "name": "Roshan Ram",
        "summary": "",
        "location": "San Francisco, CA"
      },
      {
        "link": "https://www.linkedin.com/in/arjdx?trk=public_profile_browsemap-profile",
        "name": "Arjun Dixit",
        "summary": "Building SDG Impact, Monitoring and Evaluation Systems @ Heifer International",
        "location": "Washington, DC"
      },
      {
        "link": "https://www.linkedin.com/in/niloofarghanbari?trk=public_profile_browsemap-profile",
        "name": "Niloofar Ghanbari",
        "summary": "",
        "location": "Campbell, CA"
      },
      {
        "link": "https://www.linkedin.com/in/hoxha?trk=public_profile_browsemap-profile",
        "name": "Deni Hoxha",
        "summary": "",
        "location": "Boston, MA"
      },
      {
        "link": "https://www.linkedin.com/in/aridyckovsky?trk=public_profile_browsemap-profile",
        "name": "Ari Dyckovsky",
        "summary": "",
        "location": "Brooklyn, NY"
      },
      {
        "link": "https://www.linkedin.com/in/fatimazali?trk=public_profile_browsemap-profile",
        "name": "Fatima Ali",
        "summary": "",
        "location": "San Francisco Bay Area"
      },
      {
        "link": "https://www.linkedin.com/in/seun-omonije-99b07318b?trk=public_profile_browsemap-profile",
        "name": "Seun Omonije",
        "summary": "",
        "location": "San Francisco, CA"
      },
      {
        "link": "https://www.linkedin.com/in/mosam-dabhi-9395b09a?trk=public_profile_browsemap-profile",
        "name": "Mosam Dabhi",
        "summary": "",
        "location": "Pittsburgh, PA"
      },
      {
        "link": "https://www.linkedin.com/in/hongtaocai?trk=public_profile_browsemap-profile",
        "name": "James Cai",
        "summary": "",
        "location": "New York, NY"
      },
      {
        "link": "https://www.linkedin.com/in/toxtli/en?trk=public_profile_browsemap-profile",
        "name": "Carlos Toxtli",
        "summary": "",
        "location": "Boston, MA"
      },
      {
        "link": "https://www.linkedin.com/in/tonmoyanandapaul?trk=public_profile_browsemap-profile",
        "name": "Tonmoy Ananda Paul",
        "summary": "",
        "location": "New York, NY"
      },
      {
        "link": "https://www.linkedin.com/in/lilycarrillo1?trk=public_profile_browsemap-profile",
        "name": "Lily C.",
        "summary": "Research Assistant at University of California, Berkeley",
        "location": "San Francisco Bay Area"
      },
      {
        "link": "https://www.linkedin.com/in/colediamond?trk=public_profile_browsemap-profile",
        "name": "Cole Diamond",
        "summary": "",
        "location": "Great Neck, NY"
      },
      {
        "link": "https://www.linkedin.com/in/majumderb?trk=public_profile_browsemap-profile",
        "name": "Bodhisattwa Majumder",
        "summary": "",
        "location": "San Diego, CA"
      },
      {
        "link": "https://www.linkedin.com/in/valerie-aguilar-dellisanti?trk=public_profile_browsemap-profile",
        "name": "Valerie Aguilar Dellisanti",
        "summary": "",
        "location": "Providence, RI"
      },
      {
        "link": "https://www.linkedin.com/in/elyas-bayati?trk=public_profile_browsemap-profile",
        "name": "Elyas Bayati",
        "summary": "",
        "location": "Greater Seattle Area"
      },
      {
        "link": "https://www.linkedin.com/in/tarik-brown-hello?trk=public_profile_browsemap-profile",
        "name": "Tarik Brown",
        "summary": "",
        "location": "Jacksonville, FL"
      }
    ],
    "similar_profiles": [
      {
        "link": "https://www.linkedin.com/in/ianlim213?trk=public_profile_samename-profile",
        "name": "Ian Lim",
        "summary": "Business Economics and Statistics at UCLA",
        "location": "Los Angeles, CA"
      },
      {
        "link": "https://www.linkedin.com/in/ian-lim-989aaa176?trk=public_profile_samename-profile",
        "name": "Ian Lim",
        "summary": "Electrical Engineering Associate at Los Angeles Department of Water and Power",
        "location": "Los Angeles Metropolitan Area"
      },
      {
        "link": "https://www.linkedin.com/in/cianlim?trk=public_profile_samename-profile",
        "name": "Ian Lim",
        "summary": "Worldwide Developer Relations at Apple Inc.",
        "location": "San Francisco Bay Area"
      },
      {
        "link": "https://www.linkedin.com/in/ian-lim-6262201b?trk=public_profile_samename-profile",
        "name": "Ian Lim",
        "summary": "",
        "location": "United States"
      }
    ],
    "recommendations": [],
    "publications": [],
    "courses": [],
    "languages": [],
    "organizations": [],
    "projects": [],
    "awards": [
      {
        "name": "MinneInno's 25 Under 25 List",
        "organization": "AmericanInno",
        "duration": "Sep 2018",
        "summary": "MinneInno's List of Minnesota's 25 Rising Entrepreneurs and Technologists Under the Age of 25."
      }
    ],
    "score": []
  }
]