{
  "title": "Max Li - Civil and Environmental Engineering",
  "meta_description": "",
  "main_content": "Max Li Assistant Professor Home / People / Faculty / Affiliated Faculty / Max Li email [email protected] Location 3029 Fran\u00e7ois-Xavier Bagnoud Aerospace Building 1320 Beal Avenue Ann Arbor, MI 48109-2140 Phone (734) 764-3310 Primary Website https://sites.google.com/umich.edu/lattice/home Education Massachusetts Institute of Technology PhD, Aerospace Engineering, 2021 University of Pennsylvania MSE, Systems Engineering, 2018 BSE, Electrical Engineering, Mathematics, 2018 Teaching AEROSP 350 \u2013 Fundamentals of Aerospace Computing AEROSP 740 \u2013 Air Transportation Systems Research Interests Air transportation systems Airport and airline operations UAM/AAM Networked systems Optimization and control Professional Service American Institute of Aeronautics and Astronautics (AIAA) Institute of Electrical and Electronics Engineers (IEEE) Institute for Operations Research and the Management Sciences (INFORMS) Airline Group of the International Federation of Operational Research Societies (AGIFORS) Transportation Research Board (TRB) Biography Max is an Assistant Professor of Aerospace Engineering (starting August 2022) at the University of Michigan, Ann Arbor, with a 0% appointment in Industrial and Operations Engineering. Max received his PhD in Aerospace Engineering from the Massachusetts Institute of Technology in 2021. He earned his MSE in Systems Engineering and BSE in Electrical Engineering and Mathematics, both from the University of Pennsylvania, in 2018. Broadly, he is interested in the analysis, control, and optimization of networks and networked processes, signal processing over irregular domains and manifolds, and geometric/topological data analysis, with an eye towards applications in air transportation systems and other societal-scale networks. Max is the recipient of the Federal Aviation Administration RAISE Award (2018), a National Science Foundation Graduate Research Fellowship (2018), and the Wellington and Irene Loh Fellowship from MIT (2019), as well as several best paper awards from ICRAT and the ATM R&D Seminar, two joint FAA-Eurocontrol conferences. Awards Best Paper Award (System Performance), ICRAT 2020 Aviation Applications Section Best Presentation, 2020 INFORMS Annual Meeting Best Paper Award (Performance Analysis and Metrics), ATM R&D Seminar 2019 NSF Graduate Research Fellowship, 2018 Federal Aviation Administration RAISE Award, 2018 Additional Title(s) Assistant Professor of Aerospace Engineering",
  "links": [
    {
      "url": "https://cee.engin.umich.edu",
      "text": "Home"
    },
    {
      "url": "https://cee.engin.umich.edu/people/",
      "text": "People"
    },
    {
      "url": "https://cee.engin.umich.edu/role/faculty/",
      "text": "Faculty"
    },
    {
      "url": "https://cee.engin.umich.edu/role/affiliated/",
      "text": "Affiliated Faculty"
    },
    {
      "url": "/cdn-cgi/l/email-protection#a1ccc0d9dbcdc8e1d4ccc8c2c98fc4c5d4",
      "text": "[email\u00a0protected]"
    },
    {
      "url": "tel:+5555555555",
      "text": "(734) 764-3310"
    },
    {
      "url": "https://sites.google.com/umich.edu/lattice/home",
      "text": "https://sites.google.com/umich.edu/lattice/home"
    }
  ],
  "images": [
    {
      "src": "https://cee.engin.umich.edu/wp-content/uploads/sites/4/2023/08/li-portrait.jpg",
      "alt": "Maxi Li Photo"
    }
  ]
}