{
  "title": "Li, Max Z. \u2013 Institute for Energy Solutions",
  "meta_description": "",
  "main_content": "Li, Max Z. Faculty (217) 419-5173 View Website Transportation Energy Assistant Professor of Aerospace Engineering, Industrial and Operations Engineering Biography Max is an Assistant Professor in the Department of Aerospace Engineering at the University of Michigan, Ann Arbor, with a courtesy appointment in the Department of Industrial and Operations Engineering. His research and teaching interests include air transportation systems, airport and airline operations, Advanced Air Mobility (AAM), networked systems, optimization, and controls. Additional Links Li's Aerospace Engineering Profile",
  "links": [
    {
      "url": "https://experts.umich.edu/7808-max-li",
      "text": "View Website"
    },
    {
      "url": "https://aero.engin.umich.edu/people/li-max/",
      "text": "Li's Aerospace Engineering Profile"
    }
  ],
  "images": [
    {
      "src": "https://ies.engin.umich.edu/wp-content/uploads/sites/573/2023/03/ML_B_headshot-Max-Li-e1679517420784-150x150.jpeg",
      "alt": "Max Li"
    }
  ]
}