{
  "title": "Arnav Adhikari | Cogut | Brown University",
  "meta_description": "2024-25 Graduate Fellow,Ph.D. Candidate in English",
  "main_content": "Cogut Institute for the Humanities Breadcrumb Home People arnav_adhikari@brown.edu Project \u201cAmorphous Empires: Literature, Media, and Politics in Cold War South Asia\u201d Last updated June 20, 2024 Arnav Adhikari is a sixth-year doctoral candidate in the Department of English. His dissertation examines the intersecting trajectories of the Cold War and decolonization in South Asia. Weaving together literary texts, documentary cinema, and political history, his project is particularly interested in the memorialization of anticolonial movements and the aesthetics of postwar socialisms. At Brown, he has taught courses on contemporary graphic novels and the global city, and has held fellowships from the Cogut Institute for the Humanities, the Saxena Center for Contemporary South Asia, and the Graduate School. His writing has appeared in Postcolonial Text , Global South Studies , and public venues like The Atlantic and the Asian American Writers\u2019 Workshop. He holds a B.A. in literary studies from Middlebury College.",
  "links": [
    {
      "url": "/",
      "text": "Home"
    },
    {
      "url": "/people",
      "text": "People"
    },
    {
      "url": "mailto:arnav_adhikari@brown.edu",
      "text": "arnav_adhikari@brown.edu"
    }
  ],
  "images": [
    {
      "src": "/sites/default/files/styles/portrait_classic_xsml/public/2024-06/Arnav%20Adhikari%20%28Crop%29.png?h=91e99bec&itok=xT8z2By-",
      "alt": ""
    }
  ]
}