[
  {
    "fullName": "Evelyn T.",
    "linkedin_internal_id": "946050967",
    "first_name": "Evelyn",
    "last_name": "T.",
    "public_identifier": "evtran",
    "background_cover_image_url": "https://static.licdn.com/aero-v1/sc/h/5q92mjc5c51bjlwaj3rs9aa82",
    "profile_photo": "https://media.licdn.com/dms/image/v2/D5603AQFQxO-eia1jmw/profile-displayphoto-shrink_200_200/profile-displayphoto-shrink_200_200/0/1686641156064?e=2147483647&v=beta&t=nh_9J8JbF96KaolrbHja2jC7irtVwy4jSEEEGo6rHmQ",
    "headline": "Building AI for Refund Fraud Prevention | Regents\u2019 and Chancellor\u2019s Scholar @UC Berkeley | Stanford StartX S24",
    "location": "3K followers\n          \n          \n              500+ connections",
    "about": "",
    "experience": [
      {
        "position": "ML Researcher",
        "company_url": "https://www.linkedin.com/company/lawrenceberkeleylabs?trk=public_profile_experience-item_profile-section-card_subtitle-click",
        "company_image": null,
        "company_name": "Lawrence Berkeley Labs",
        "location": "Berkeley, California, United States",
        "summary": "",
        "starts_at": "2025",
        "ends_at": "Present",
        "duration": "less than a year"
      },
      {
        "position": "Founder in Residence",
        "company_url": "https://www.linkedin.com/company/foundation-capital?trk=public_profile_experience-item_profile-section-card_subtitle-click",
        "company_image": null,
        "company_name": "Foundation Capital",
        "location": "San Francisco Bay Area",
        "summary": "",
        "starts_at": "Dec 2024",
        "ends_at": "Present",
        "duration": "4 months"
      },
      {
        "position": "Garage Fellow",
        "company_url": "https://www.linkedin.com/company/pear-vc?trk=public_profile_experience-item_profile-section-card_subtitle-click",
        "company_image": "https://media.licdn.com/dms/image/v2/D560BAQFSlreFuDK-kQ/company-logo_100_100/company-logo_100_100/0/1724194795145/pear_vc_logo?e=2147483647&v=beta&t=CaM5fddHZ-vQXtrsUTXL6cKmg-ZY2nhWPB2IepMA-Jc",
        "company_name": "Pear VC",
        "location": "San Francisco Bay Area",
        "summary": "Community of the top 20 engineering students across Stanford, Berkeley, & Harvard building startupsCurrently building for the $35B in losses to retail fraud",
        "starts_at": "Oct 2024",
        "ends_at": "Present",
        "duration": "6 months"
      },
      {
        "position": "Founder in Residence",
        "company_url": "https://www.linkedin.com/company/startxfounders?trk=public_profile_experience-item_profile-section-card_subtitle-click",
        "company_image": "https://media.licdn.com/dms/image/v2/C4E0BAQG9OsMFZua_Lg/company-logo_100_100/company-logo_100_100/0/1631316506051?e=2147483647&v=beta&t=71VqCEecaG5MMT_yhFSVdZL_H-jrfFx0xh4ilHTwwLQ",
        "company_name": "StartX",
        "location": "Palo Alto, California, United States",
        "summary": "Equity-free funding to continue building TouchStone! Accepted into the S24 cohort",
        "starts_at": "Apr 2024",
        "ends_at": "Present",
        "duration": "1 year"
      },
      {
        "position": "Co-Founder",
        "company_url": "https://www.linkedin.com/company/stealthaistartup?trk=public_profile_experience-item_profile-section-card_subtitle-click",
        "company_image": "https://media.licdn.com/dms/image/v2/D560BAQHPao0B8uCJMA/company-logo_100_100/company-logo_100_100/0/1693216489946?e=2147483647&v=beta&t=Pq612RZumYxpq-BQFZUcf5CUoFZAYEEtLjt-m_hjIiQ",
        "company_name": "Stealth AI Startup",
        "location": "Berkeley, California, United States",
        "summary": "",
        "starts_at": "Jul 2023",
        "ends_at": "Present",
        "duration": "1 year 9 months"
      },
      {
        "position": "Co-Founder",
        "company_url": "https://www.linkedin.com/company/werkerbee?trk=public_profile_experience-item_profile-section-card_subtitle-click",
        "company_image": "https://media.licdn.com/dms/image/v2/D560BAQG2m9bQEQrFYg/company-logo_100_100/company-logo_100_100/0/1687926399488/werkerbee_logo?e=2147483647&v=beta&t=ZVlA1dRgKsO28whuOdkjZWpAQNfxeySL2t9ILEe2uKQ",
        "company_name": "WerkerBee Inc.",
        "location": "Berkeley, California, United States",
        "summary": "I've been passionate about the hospitality industry since I was 7 years old, and now I get to solve the biggest problem facing the industry with an extraordinary team.",
        "starts_at": "Sep 2022",
        "ends_at": "Oct 2023",
        "duration": "1 year 2 months"
      },
      {
        "position": "Product Manager & GTM",
        "company_url": "https://ch.linkedin.com/company/mitipi?trk=public_profile_experience-item_profile-section-card_subtitle-click",
        "company_image": "https://media.licdn.com/dms/image/v2/C560BAQEj2tPpITVeyA/company-logo_100_100/company-logo_100_100/0/1630669175682/mitipi_logo?e=2147483647&v=beta&t=mmY8sdFHCywChvu2rrnGigzKG0P5uKqrHr8Py7YVh0k",
        "company_name": "Mitipi - KEVIN",
        "location": "California, United States",
        "summary": "",
        "starts_at": "Oct 2022",
        "ends_at": "Jan 2023",
        "duration": "4 months"
      },
      {
        "position": "Project Management Consultant & Sales",
        "company_url": "https://www.linkedin.com/company/usa-launching-pad?trk=public_profile_experience-item_profile-section-card_subtitle-click",
        "company_image": "https://media.licdn.com/dms/image/v2/C560BAQECO1hdXXRAvg/company-logo_100_100-alternative/company-logo_100_100-alternative/0/1630654885418?e=2147483647&v=beta&t=1myzUupmM8b97i95E00_u1i9IDIdkoOk5MFLuZ1ajTM",
        "company_name": "USA Launching Pad",
        "location": "San Francisco Bay Area",
        "summary": "",
        "starts_at": "Sep 2022",
        "ends_at": "Dec 2022",
        "duration": "4 months"
      },
      {
        "position": "Independent Owner",
        "company_url": null,
        "company_image": "https://static.licdn.com/aero-v1/sc/h/cs8pjfgyw96g44ln9r7tct85f",
        "company_name": "Anchored Garage Gym",
        "location": "Orange County, California, United States",
        "summary": "Reached $15k MRRWrote online fitness programs & ebooks and acquired clients through targeted subreddits & Facebook groups - made up 75% of MRRManaged weekly schedules of 15+ one-on-one and group training clients in person, driving engagement and retention Wrote personalized training programs (Olympic lifting, powerlifting, functional bodybuilding, etc.), providing bi-weekly progress feedback during check-ins to ensure client successIncreased profitability by optimizing equipment budgets and negotiating partnerships/sponsorships with local suppliers, fostering mutually beneficial business relationships\n            \n\n    \n    \n\n    \n        Show less",
        "starts_at": "Apr 2020",
        "ends_at": "Dec 2022",
        "duration": "2 years 9 months"
      },
      {
        "position": "Technical Product Manager Intern",
        "company_url": "https://www.linkedin.com/company/intuit?trk=public_profile_experience-item_profile-section-card_subtitle-click",
        "company_image": "https://media.licdn.com/dms/image/v2/C560BAQFTpF8uneqScw/company-logo_100_100/company-logo_100_100/0/1661446146222/intuit_logo?e=2147483647&v=beta&t=5hsEsGdMVVpQSXz7yjJc2fshydqwaa7AOmiIPwuwgmA",
        "company_name": "Intuit",
        "location": "Mountain View, California, United States",
        "summary": "",
        "starts_at": "Jun 2022",
        "ends_at": "Oct 2022",
        "duration": "5 months"
      },
      {
        "position": "Co-Founder & Lead Developer",
        "company_url": null,
        "company_image": "https://static.licdn.com/aero-v1/sc/h/cs8pjfgyw96g44ln9r7tct85f",
        "company_name": "Connexcities",
        "location": "Orange County, California, United States",
        "summary": "Backed by Intuit Ventures, Acquired June 2022",
        "starts_at": "Sep 2021",
        "ends_at": "Jun 2022",
        "duration": "10 months"
      },
      {
        "position": "Assistant Manager & Customer Service Representative",
        "company_url": "https://se.linkedin.com/company/h&m?trk=public_profile_experience-item_profile-section-card_subtitle-click",
        "company_image": "https://media.licdn.com/dms/image/v2/C4E0BAQHq33akTF76eA/company-logo_100_100/company-logo_100_100/0/1679061166847/hm_logo?e=2147483647&v=beta&t=EJEWNoFmNEh77Ma_WEkty8xBK6yX37uTMl7HVNRiP0U",
        "company_name": "H&M",
        "location": null,
        "summary": "",
        "starts_at": "Aug 2017",
        "ends_at": "Nov 2021",
        "duration": "4 years 4 months"
      },
      {
        "position": "Retail Associate",
        "company_url": "https://www.linkedin.com/company/abercrombie-&-fitch?trk=public_profile_experience-item_profile-section-card_subtitle-click",
        "company_image": "https://media.licdn.com/dms/image/v2/D560BAQEt4kh-rJLf-Q/company-logo_100_100/company-logo_100_100/0/1681931571824/abercrombie__fitch_logo?e=2147483647&v=beta&t=wIp5Rer2SwWJgNl3cCPixZClOmJNPqodq6GMuQ5GTC4",
        "company_name": "Abercrombie & Fitch Co.",
        "location": null,
        "summary": "",
        "starts_at": "Jan 2017",
        "ends_at": "May 2017",
        "duration": "5 months"
      }
    ],
    "education": [
      {
        "college_url": "https://www.linkedin.com/school/berkeleyengineering/?trk=public_profile_school_profile-section-card_image-click",
        "college_name": "UC Berkeley College of Engineering",
        "college_image": "https://media.licdn.com/dms/image/v2/D560BAQE8ypwnesOgsw/company-logo_100_100/B56ZUbNdUHHQAU-/0/1739918267914/berkeleyengineering_logo?e=2147483647&v=beta&t=ttM8r8YT0AkIQQr84BZwoeXdia6KrxyravCVsD6NiyA",
        "college_degree": "Certificate of Entrepreneurship & Technology",
        "college_degree_field": "AI, IoT, Mobile",
        "college_duration": " - ",
        "college_activity": "Completed the certificate twice before my sophomore year"
      },
      {
        "college_url": "https://www.linkedin.com/school/uc-berkeley/?trk=public_profile_school_profile-section-card_image-click",
        "college_name": "University of California, Berkeley",
        "college_image": "https://media.licdn.com/dms/image/v2/D560BAQGwjF_5CYj_JQ/company-logo_100_100/company-logo_100_100/0/1732135669731/uc_berkeley_logo?e=2147483647&v=beta&t=7XwNqDpzm3ORttlebBpryt59e62a2tAk2Xf7mIuoOlY",
        "college_degree": "Bachelor of Science - BS",
        "college_degree_field": "Computer Science, Material Science Engineering Minor",
        "college_duration": " - ",
        "college_activity": ""
      },
      {
        "college_url": "https://www.linkedin.com/school/berkeley-haas/?trk=public_profile_school_profile-section-card_image-click",
        "college_name": "University of California, Berkeley, Haas School of Business",
        "college_image": "https://media.licdn.com/dms/image/v2/C4E0BAQEc1EFtLIThEw/company-logo_100_100/company-logo_100_100/0/1631312193135?e=2147483647&v=beta&t=eG81PQAfZC1H6BMrykgegVNZKb0JJFa4WeJoYUetPjk",
        "college_degree": "Bachelor of Science - BS, Business Administration",
        "college_degree_field": null,
        "college_duration": " - ",
        "college_activity": ""
      }
    ],
    "articles": [],
    "description": {
      "description1": "Lawrence Berkeley Labs",
      "description1_link": "https://www.linkedin.com/company/lawrenceberkeleylabs?trk=public_profile_topcard-current-company",
      "description2": "UC Berkeley College of Engineering",
      "description2_link": "https://www.linkedin.com/school/berkeleyengineering/?trk=public_profile_topcard-school",
      "description3": "",
      "description3_link": null
    },
    "activities": [],
    "volunteering": [
      {
        "company_url": "https://www.linkedin.com/company/nami?trk=public_profile_volunteering-position_profile-section-card_image-click",
        "company_position": "Social Media Ambassador",
        "company_name": "NAMI",
        "company_duration": "",
        "starts_at": "Nov 2020",
        "ends_at": "Present"
      },
      {
        "company_url": "https://www.linkedin.com/company/active-minds-inc-?trk=public_profile_volunteering-position_profile-section-card_image-click",
        "company_position": "Student Ambassador",
        "company_name": "Active Minds, Inc.",
        "company_duration": "",
        "starts_at": "Nov 2020",
        "ends_at": "Present"
      },
      {
        "company_url": "https://www.linkedin.com/company/millionkids?trk=public_profile_volunteering-position_profile-section-card_image-click",
        "company_position": "Volunteer Staff",
        "company_name": "MillionKids.org",
        "company_duration": "",
        "starts_at": "Jan 2021",
        "ends_at": "Present"
      },
      {
        "company_url": "https://www.linkedin.com/company/colette's-children's-home?trk=public_profile_volunteering-position_profile-section-card_image-click",
        "company_position": "Community Volunteer",
        "company_name": "Colette's Children's Home",
        "company_duration": "",
        "starts_at": "Sep 2019",
        "ends_at": "Present"
      },
      {
        "company_url": null,
        "company_position": "Founder and President",
        "company_name": "Mental Health Awareness and Support Chapter (affiliated as an Active Minds Chapter late 2020)",
        "company_duration": "",
        "starts_at": "Jun 2018",
        "ends_at": "Present"
      },
      {
        "company_url": null,
        "company_position": "Volunteer",
        "company_name": "Children's Fund, Children's Network & CFS",
        "company_duration": "",
        "starts_at": "Aug 2019",
        "ends_at": "Present"
      },
      {
        "company_url": "https://www.linkedin.com/company/crisistextline?trk=public_profile_volunteering-position_profile-section-card_image-click",
        "company_position": "Volunteer Counselor",
        "company_name": "Crisis Text Line",
        "company_duration": "",
        "starts_at": "Feb 2021",
        "ends_at": "Present"
      },
      {
        "company_url": null,
        "company_position": "Volunteer Staff",
        "company_name": "St. Bonaventure Catholic Church",
        "company_duration": "",
        "starts_at": "Feb 2011",
        "ends_at": "Present"
      }
    ],
    "certification": [],
    "people_also_viewed": [],
    "similar_profiles": [
      {
        "link": "https://www.linkedin.com/in/evelynyortiz?trk=public_profile_samename-profile",
        "name": "Evelyn Ortiz, EA, GMS-T",
        "summary": "Head of Global Employment Tax, Adobe",
        "location": "Dublin, CA"
      },
      {
        "link": "https://www.linkedin.com/in/evelyn-t-401b99112?trk=public_profile_samename-profile",
        "name": "Evelyn T",
        "summary": "Sociology major",
        "location": "Ventura, CA"
      },
      {
        "link": "https://www.linkedin.com/in/evelyn-t-48a81316b?trk=public_profile_samename-profile",
        "name": "Evelyn T",
        "summary": "Student at National University",
        "location": "San Diego, CA"
      },
      {
        "link": "https://www.linkedin.com/in/mecta?trk=public_profile_samename-profile",
        "name": "Mary Evelyn T.",
        "summary": "Healthcare Recruiter, Social Media Marketer, Account Manager",
        "location": "Katy, TX"
      },
      {
        "link": "https://www.linkedin.com/in/evelyn-t-6014ba254?trk=public_profile_samename-profile",
        "name": "Evelyn T",
        "summary": "--",
        "location": "Riverside, CA"
      }
    ],
    "recommendations": [],
    "publications": [],
    "courses": [],
    "languages": [
      {
        "name": "Vietnamese",
        "level": "Native or bilingual proficiency"
      },
      {
        "name": "Spanish",
        "level": "Limited working proficiency"
      }
    ],
    "organizations": [],
    "projects": [],
    "awards": [
      {
        "name": "Aerospace Satellite Scholarship Winner",
        "organization": "Aerospace Federal Credit Union",
        "duration": "Jul 2022",
        "summary": ""
      },
      {
        "name": "Girl Scouts Take Action Award",
        "organization": "Girl Scouts of the USA",
        "duration": "May 2022",
        "summary": "Awarded to the Top 3 Girl Scouts in the State of California"
      },
      {
        "name": "First Place Winner of Intuit\u2019s Lead with a Cause: Social Innovation Challenge",
        "organization": "Intuit, TurboTax, Quickbooks, Mint, Credit Karma, mailchimp",
        "duration": "Apr 2022",
        "summary": ""
      },
      {
        "name": "Girl Up Teen Advisor",
        "organization": "UN Foundation",
        "duration": "May 2021",
        "summary": ""
      },
      {
        "name": "NAMI Awareness Award for a Stigma Reducing Podcast",
        "organization": "Steve Pitman",
        "duration": "Dec 2020",
        "summary": ""
      }
    ],
    "score": []
  }
]