{
  "title": "Aadi Nashikkar's Profile | Stanford Profiles",
  "meta_description": "Aadi Nashikkar is part of Stanford Profiles, official site for faculty, postdocs, students and staff information (Expertise, Bio, Research, Publications, and more). The site facilitates research and collaboration in academic endeavors.",
  "main_content": "Aadi Nashikkar Undergraduate, Vice Provost for Undergraduate Education Print Profile Email Profile View Stanford-only Profile Tab Menu Bio Contact Work aadinash@stanford.edu University - Student Department:&nbspVice Provost for Undergraduate Education Position: Undergraduate",
  "links": [
    {
      "url": "https://cap.stanford.edu/profiles/frdActionServlet?choiceId=printerprofile&profileversion=full&profileId=261667",
      "text": "Print Profile"
    },
    {
      "url": "mailto:?subject=Aadi Nashikkar's Profile&body=I would like to share the profile of Aadi Nashikkar with you. https://profiles.stanford.edu/aadi-nashikkar",
      "text": "Email Profile"
    },
    {
      "url": "/intranet/aadi-nashikkar",
      "text": "View Stanford-only Profile"
    },
    {
      "url": "/aadi-nashikkar?tab=bio",
      "text": "Bio"
    },
    {
      "url": "mailto:aadinash@stanford.edu",
      "text": "aadinash@stanford.edu"
    }
  ],
  "images": []
}