{
  "title": "Arnav Adhikari | Center for Contemporary South Asia",
  "meta_description": "The Center for Contemporary South Asia facilitates the study of South Asia from a multidisciplinary perspective. The center is based at the Watson Institute for International and Public Affairs at Brown University.",
  "main_content": "Skip to content People Arnav Adhikari PhD Candidate in English Summer Fellow 2020 Language Training | Zabaan School for Languages Arnav's research interests lie at the intersections of postcolonial theory, global anglophone literature, and the relationship between image and text, with a particular emphasis on photography. In examining these connections, he also considers how first-person narratives might inform questions of authenticity and citizenship across the contemporary novel.",
  "links": [
    {
      "url": "/southasia/people",
      "text": "People"
    }
  ],
  "images": [
    {
      "src": "https://watson.brown.edu/southasia/files/southasia/styles/personimage/public/imce/people/fellows/arnav.jpg?itok=lm1BMLIB",
      "alt": ""
    },
    {
      "src": "//googleads.g.doubleclick.net/pagead/viewthroughconversion/963925417/?value=0&guid=ON&script=0",
      "alt": ""
    }
  ]
}