[
  {
    "fullName": "Vishal Nandakumar",
    "linkedin_internal_id": "1476848365",
    "first_name": "Vishal",
    "last_name": "Nandakumar",
    "public_identifier": "vishal-nandakumar-751715352",
    "background_cover_image_url": "https://static.licdn.com/aero-v1/sc/h/5q92mjc5c51bjlwaj3rs9aa82",
    "profile_photo": "https://static.licdn.com/aero-v1/sc/h/9c8pery4andzj6ohjkjp54ma2",
    "headline": "Student at Massachusetts Institute of Technology",
    "location": "",
    "about": "",
    "experience": [],
    "education": [
      {
        "college_url": "https://www.linkedin.com/school/mit/?trk=public_profile_school_profile-section-card_image-click",
        "college_name": "Massachusetts Institute of Technology",
        "college_degree": "",
        "college_degree_field": null,
        "college_duration": "2024 - 2027",
        "college_activity": ""
      },
      {
        "college_url": "https://www.linkedin.com/school/tjpartnershipfund/?trk=public_profile_school_profile-section-card_image-click",
        "college_name": "Thomas Jefferson High School for Science and Technology",
        "college_degree": "High School Diploma",
        "college_degree_field": null,
        "college_duration": "2020 - 2024",
        "college_activity": ""
      }
    ],
    "articles": [],
    "description": {
      "description1": "Massachusetts Institute of Technology",
      "description1_link": "https://www.linkedin.com/school/mit/?trk=public_profile_topcard-school",
      "description2": ""
    },
    "activities": [],
    "volunteering": [],
    "certification": [],
    "people_also_viewed": [],
    "similar_profiles": [
      {
        "link": "https://in.linkedin.com/in/vishal-nandakumar-00516a1aa?trk=public_profile_samename-profile",
        "name": "Vishal Nandakumar",
        "summary": "",
        "location": "Bengaluru"
      },
      {
        "link": "https://au.linkedin.com/in/vishal-nandakumar-141755195?trk=public_profile_samename-profile",
        "name": "VISHAL NANDAKUMAR",
        "summary": "Master of Engineering in- Manufacturing Engineering and Engineering Management from University of Technology Sydney, AUS",
        "location": "Sydney, NSW"
      },
      {
        "link": "https://in.linkedin.com/in/vishal-nandakumar-087247258?trk=public_profile_samename-profile",
        "name": "Vishal Nandakumar",
        "summary": "Sr. sales consultant/Inside Sales Specialist/Customer support",
        "location": "Bengaluru"
      },
      {
        "link": "https://in.linkedin.com/in/vishal-nandakumar-478ba417b?trk=public_profile_samename-profile",
        "name": "Vishal Nandakumar",
        "summary": "Account Relationship Manager at Axis Bank",
        "location": "Bengaluru"
      },
      {
        "link": "https://lk.linkedin.com/in/vishal-nandakumar-5093b0276?trk=public_profile_samename-profile",
        "name": "Vishal Nandakumar",
        "summary": "Attended Institute of Chartered Accountants of Sri Lanka",
        "location": "Colombo"
      }
    ],
    "recommendations": [],
    "publications": [],
    "courses": [],
    "languages": [],
    "organizations": [],
    "projects": [],
    "awards": [],
    "score": []
  }
]