{
  "title": "Procyon\u2013 A High School Startup Bringing Light-Speed Computers to the World - CEO Weekly",
  "meta_description": "Procyon is a deep tech startup led by two high school students, Jagadeepram (Jag) Maddipatla and Sathvik...",
  "main_content": "From Officer to Entrepreneur: Ben Singleton\u2019s Dedication to Combating Cybercrime March 1, 2025",
  "links": [
    {
      "url": "https://ceoweekly.com/",
      "text": ""
    },
    {
      "url": "https://ceoweekly.com/",
      "text": ""
    },
    {
      "url": "https://ceoweekly.com/",
      "text": ""
    },
    {
      "url": "https://ceoweekly.com/",
      "text": ""
    },
    {
      "url": "https://ceoweekly.com/category/news/",
      "text": "News"
    },
    {
      "url": "https://ceoweekly.com/wp-content/uploads/2023/10/1-39.png",
      "text": ""
    },
    {
      "url": "https://ceoweekly.com/author/contributors1/",
      "text": "CEO Weekly Staff"
    },
    {
      "url": "https://ceoweekly.com/2023/10/18/",
      "text": "October 18, 2023"
    },
    {
      "url": "https://ceoweekly.com/all-post/",
      "text": "Recent News"
    },
    {
      "url": "https://ceoweekly.com/from-officer-to-entrepreneur-ben-singletons-dedication-to-combating-cybercrime/",
      "text": ""
    },
    {
      "url": "https://ceoweekly.com/from-officer-to-entrepreneur-ben-singletons-dedication-to-combating-cybercrime/",
      "text": "From Officer to Entrepreneur: Ben Singleton\u2019s Dedication to Combating Cybercrime"
    },
    {
      "url": "https://ceoweekly.com/how-marisa-wong-built-mw-experiences-and-what-we-can-learn-from-her-ceo-mindset/",
      "text": ""
    },
    {
      "url": "https://ceoweekly.com/how-marisa-wong-built-mw-experiences-and-what-we-can-learn-from-her-ceo-mindset/",
      "text": "How Marisa Wong Built MW Experiences\u2014and What We Can Learn from Her CEO Mindset"
    },
    {
      "url": "https://ceoweekly.com/april-tyner-the-trusted-results-driven-realtor-bringing-a-fresh-approach-to-north-carolina-real-estate/",
      "text": ""
    },
    {
      "url": "https://ceoweekly.com/april-tyner-the-trusted-results-driven-realtor-bringing-a-fresh-approach-to-north-carolina-real-estate/",
      "text": "April Tyner: The Trusted, Results-Driven Realtor Bringing a Fresh Approach to North Carolina Real Estate"
    },
    {
      "url": "https://ceoweekly.com/the-small-business-bringing-big-caribbean-flavor-to-america/",
      "text": ""
    },
    {
      "url": "https://ceoweekly.com/the-small-business-bringing-big-caribbean-flavor-to-america/",
      "text": "The Small Business Bringing Big Caribbean Flavor to America"
    },
    {
      "url": "https://ceoweekly.com/author/contributors1/",
      "text": "CEO Weekly Staff"
    },
    {
      "url": "https://ceoweekly.com/terms-of-use/#branded-content-disclosure",
      "text": "branded content"
    },
    {
      "url": "https://ceoweekly.com/business/",
      "text": "Business"
    },
    {
      "url": "https://ceoweekly.com/news/",
      "text": "News"
    },
    {
      "url": "https://ceoweekly.com/politics/",
      "text": "Politics"
    },
    {
      "url": "https://ceoweekly.com/leadership/",
      "text": "Leadership"
    },
    {
      "url": "https://ceoweekly.com/entertainment/",
      "text": "Entertainment"
    },
    {
      "url": "https://ceoweekly.com/lifestyle/",
      "text": "Lifestyle"
    },
    {
      "url": "https://ceoweekly.com/contact-us/",
      "text": "Contact Us"
    },
    {
      "url": "https://www.instagram.com/ceo_weekly/",
      "text": ""
    },
    {
      "url": "https://www.facebook.com/ceoweekly",
      "text": ""
    },
    {
      "url": "https://ceoweekly.com/",
      "text": ""
    },
    {
      "url": "//www.dmca.com/Protection/Status.aspx?ID=7d4079d3-d2d5-4ee0-bdbc-4c205dc107f9",
      "text": ""
    },
    {
      "url": "//www.dmca.com/Protection/Status.aspx?ID=7d4079d3-d2d5-4ee0-bdbc-4c205dc107f9",
      "text": ""
    }
  ],
  "images": [
    {
      "src": "https://ceoweekly.com/wp-content/uploads/2022/07/CEO-Weekly.svg",
      "alt": "CEO Weekly"
    },
    {
      "src": "https://ceoweekly.com/wp-content/uploads/2020/11/CEO-Weekly-1.png",
      "alt": "CEO Weekly"
    },
    {
      "src": "https://ceoweekly.com/wp-content/uploads/2022/07/CEO-Weekly-1.png",
      "alt": ""
    },
    {
      "src": "https://ceoweekly.com/wp-content/uploads/2022/07/CEO-Weekly-1-1.png",
      "alt": ""
    },
    {
      "src": "https://ceoweekly.com/wp-content/uploads/elementor/thumbs/1-39-qnmhzmnycd0cs3fmxcy39xszlf0gcd5vypd8d0zwj4.png",
      "alt": "Image commercially licensed from: https://unsplash.com/photos/black-computer-keyboard-on-brown-wooden-desk-XP9JF6jyRGc"
    },
    {
      "src": "https://ceoweekly.com/wp-content/uploads/2023/12/CEO-Weekly-500x500-Logo.png",
      "alt": ""
    },
    {
      "src": "https://ceoweekly.com/wp-content/uploads/2023/10/image1-39.jpg",
      "alt": "Procyon\u2013 A High School Startup Bringing Light-Speed Computers to the World"
    },
    {
      "src": "https://ceoweekly.com/wp-content/uploads/2025/03/image1.jpg",
      "alt": "From Officer to Entrepreneur: Ben Singleton\u2019s Dedication to Combating Cybercrime"
    },
    {
      "src": "https://ceoweekly.com/wp-content/uploads/2025/02/image2-20.jpg",
      "alt": "How Marisa Wong Built MW Experiences\u2014and What We Can Learn from Her CEO Mindset"
    },
    {
      "src": "https://ceoweekly.com/wp-content/uploads/2025/02/image1-127.jpg",
      "alt": "April Tyner: The Trusted, Results-Driven Realtor Bringing a Fresh Approach to North Carolina Real Estate"
    },
    {
      "src": "https://ceoweekly.com/wp-content/uploads/2025/02/image1-126.jpg",
      "alt": "The Small Business Bringing Big Caribbean Flavor to America"
    },
    {
      "src": "https://ceoweekly.com/wp-content/uploads/2023/12/CEO-Weekly-500x500-Logo.png",
      "alt": ""
    },
    {
      "src": "https://ceoweekly.com/wp-content/uploads/2023/10/image1-39.jpg",
      "alt": "Procyon\u2013 A High School Startup Bringing Light-Speed Computers to the World"
    },
    {
      "src": "https://ceoweekly.com/wp-content/uploads/2022/07/CEO-Weekly-1-1-1024x252.png",
      "alt": ""
    },
    {
      "src": "https://images.dmca.com/Badges/dmca-badge-w200-5x1-10.png?ID=7d4079d3-d2d5-4ee0-bdbc-4c205dc107f9",
      "alt": "DMCA.com Protection Status"
    },
    {
      "src": "https://ceoweekly.com/wp-content/uploads/2022/07/SSL-Secured.2024.png",
      "alt": ""
    },
    {
      "src": "https://images.dmca.com/Badges/dmca-badge-w200-5x1-10.png?ID=7d4079d3-d2d5-4ee0-bdbc-4c205dc107f9",
      "alt": "DMCA.com Protection Status"
    },
    {
      "src": "https://ceoweekly.com/wp-content/uploads/2022/07/SSL-Secured.2024.png",
      "alt": ""
    }
  ]
}