{
  "title": "Porvesh Balasubramanian - Michigan Cricket Association USA",
  "meta_description": "All Rounder M:4 R:0 SR:0.00 W:1 Econ:6.14",
  "main_content": "Porvesh Balasubramanian CC Player ID : 2633790 Current Team : Detroit Challengers CC DCCC Teams : Troy CC TRCE,Detroit Challengers CC DCCC Playing Role : All Rounder Batting Style : Right Handed Batter Bowling Style : Right Arm Medium Matches 12 Runs 9 Wickets 10 Michigan Cricket Association USA Northern California Cricket Association (NCCA) National College Cricket Association Chicago Panthers MBC 2024 American Cricket League BATTING STATISTICS Bowling STATISTICS Series Type Mat Inns NO Runs Balls Ave SR HS 100's 50's 25's 0's 4's 6's T20 4 0 0 0 0 -- 0.00 0 0 0 0 0 0 0 View statistics by : Series Year Loading ... Practice 0 0 0 0 0 0 0 0.00 0 0 0 0 0 0 Series Type Mat Inns Overs Runs Wkts BBF Mdns Ave Econ SR 4W 5W Wides Catches T20 4 3 7.0 43 1 26/1 0 43.00 6.14 42.0 0 0 4 1 View statistics by : Series Year Loading ... Practice 0 0 0.0 0 0 0 0 0.00 0 0 0 0 0 0 BATTING: RUNS PER INNINGS No Data BATTING: DISMISSAL TYPE No Data BOWLING: WICKETS PER INNINGS BOWLING: DISMISSAL TYPE BATTING STATISTICS Bowling STATISTICS Series Type Mat Inns NO Runs Balls Ave SR HS 100's 50's 25's 0's 4's 6's League 0 0 0 0 0 0 0 0.00 0 0 0 0 0 0 Series Type Mat Inns Overs Runs Wkts BBF Mdns Ave Econ SR 4W 5W Wides Catches League 0 0 0.0 0 0 0 0 0.00 0 0 0 0 0 0 Please visit Northern California Cricket Association (NCCA) to see more details about the player. BATTING STATISTICS Bowling STATISTICS Series Type Mat Inns NO Runs Balls Ave SR HS 100's 50's 25's 0's 4's 6's T20 3 1 0 8 13 8.00 61.54 8 0 0 0 0 1 0 View statistics by : Series Year Loading ... Series Type Mat Inns Overs Runs Wkts BBF Mdns Ave Econ SR 4W 5W Wides Catches T20 3 3 10.0 79 5 31/2 0 15.80 7.90 12.0 0 0 11 2 View statistics by : Series Year Loading ... Please visit National College Cricket Association to see more details about the player. BATTING STATISTICS Bowling STATISTICS Series Type Mat Inns NO Runs Balls Ave SR HS 100's 50's 25's 0's 4's 6's T20 2 1 0 1 3 1.00 33.33 1 0 0 0 0 0 0 View statistics by : Series Year Loading ... Series Type Mat Inns Overs Runs Wkts BBF Mdns Ave Econ SR 4W 5W Wides Catches T20 2 2 5.0 32 0 8/0 1 0 6.40 0.0 0 0 1 0 View statistics by : Series Year Loading ... Please visit Chicago Panthers to see more details about the player. BATTING STATISTICS Bowling STATISTICS Series Type Mat Inns NO Runs Balls Ave SR HS 100's 50's 25's 0's 4's 6's T20 3 0 0 0 0 -- 0.00 0 0 0 0 0 0 0 View statistics by : Series Year Loading ... Series Type Mat Inns Overs Runs Wkts BBF Mdns Ave Econ SR 4W 5W Wides Catches T20 3 2 5.5 30 4 14/4 0 7.50 5.14 8.8 1 0 7 0 View statistics by : Series Year Loading ... Please visit MBC 2024 to see more details about the player. BATTING STATISTICS Bowling STATISTICS Series Type Mat Inns NO Runs Balls Ave SR HS 100's 50's 25's 0's 4's 6's League 0 0 0 0 0 0 0 0.00 0 0 0 0 0 0 Series Type Mat Inns Overs Runs Wkts BBF Mdns Ave Econ SR 4W 5W Wides Catches League 0 0 0.0 0 0 0 0 0.00 0 0 0 0 0 0 Please visit American Cricket League to see more details about the player. # Player Name Email Change Type Change BY Profile Changed Time # Series Name Team Name Action Type Changed By Modified Date Club: Select Club Team: Select Team Install Cricclubs App for better experince ? It will Redirect to",
  "links": [
    {
      "url": "/MichCA/viewTeam.do?teamId=1466&clubId=2119",
      "text": "Detroit Challengers CC DCCC"
    },
    {
      "url": "/MichCA/playerAllBattingRecords.do?playerId=2633790&clubId=2119",
      "text": "0"
    },
    {
      "url": "/MichCA/playerAllBowlingRecords.do?playerId=2633790&clubId=2119",
      "text": "1"
    },
    {
      "url": "https://cricclubs.com/NCCA/viewPlayer.do?playerId=2633790&clubId=1191",
      "text": "Northern California Cricket Association (NCCA)"
    },
    {
      "url": "https://cricclubs.com//NationalCollegeCricketAssociation/playerAllBattingRecords.do?playerId=2633790&clubId=10170",
      "text": "8"
    },
    {
      "url": "https://cricclubs.com//NationalCollegeCricketAssociation/playerAllBowlingRecords.do?playerId=2633790&clubId=10170",
      "text": "5"
    },
    {
      "url": "https://cricclubs.com/NationalCollegeCricketAssociation/viewPlayer.do?playerId=2633790&clubId=10170",
      "text": "National College Cricket Association"
    },
    {
      "url": "https://cricclubs.com//ChicagoPanthers/playerAllBattingRecords.do?playerId=2633790&clubId=31666",
      "text": "1"
    },
    {
      "url": "https://cricclubs.com//ChicagoPanthers/playerAllBowlingRecords.do?playerId=2633790&clubId=31666",
      "text": "0"
    },
    {
      "url": "https://cricclubs.com/ChicagoPanthers/viewPlayer.do?playerId=2633790&clubId=31666",
      "text": "Chicago Panthers"
    },
    {
      "url": "https://cricclubs.com//mbctoledo2024/playerAllBattingRecords.do?playerId=2633790&clubId=1093050",
      "text": "0"
    },
    {
      "url": "https://cricclubs.com//mbctoledo2024/playerAllBowlingRecords.do?playerId=2633790&clubId=1093050",
      "text": "4"
    },
    {
      "url": "https://cricclubs.com/mbctoledo2024/viewPlayer.do?playerId=2633790&clubId=1093050",
      "text": "MBC 2024"
    },
    {
      "url": "https://cricclubs.com/AmericanCricketleague/viewPlayer.do?playerId=2633790&clubId=1094574",
      "text": "American Cricket League"
    }
  ],
  "images": [
    {
      "src": "https://cricclubs.com/documentsRep/profilePics/1e7a60f2-200b-4254-9224-7844e7fe6470.jpeg",
      "alt": ""
    },
    {
      "src": "/utilsv2/images/ok.png",
      "alt": "Verified"
    },
    {
      "src": "/utilsv2/images/fb_new.png",
      "alt": ""
    },
    {
      "src": "/utilsv2/images/twi.png",
      "alt": ""
    },
    {
      "src": "/utilsv2/images/goo.png",
      "alt": ""
    },
    {
      "src": "/utilsv2/images/mail.png",
      "alt": ""
    },
    {
      "src": "/utilsv2/images/whatsapp.png",
      "alt": ""
    },
    {
      "src": "/utilsv2/images/delete.png",
      "alt": "Delete Club"
    },
    {
      "src": "https://www.facebook.com/tr?id=802686347040044&ev=PageView&noscript=1",
      "alt": ""
    },
    {
      "src": "https://certify.alexametrics.com/atrk.gif?account=mluzr1O7kI20L7",
      "alt": ""
    }
  ]
}