{
  "title": "Porvesh Balasubramanian's (porveshb) software portfolio | Devpost",
  "meta_description": "Porvesh Balasubramanian specializes in C++ and Python. Follow Porvesh Balasubramanian on Devpost!",
  "main_content": "Freshify Turn overcrowded fridges into simple, manageable lists with Freshify! Use our app's built-in artificial intelligence to track expiration dates and get tailored recipe recommendations on the fly.",
  "links": [
    {
      "url": "https://devpost.com/software/freshify-i9ox8f",
      "text": "Freshify\n                \n\n                  Turn overcrowded fridges into simple, manageable lists with Freshify! Use our app's built-in artificial intelligence to track expiration dates and get tailored recipe recommendations on the fly."
    }
  ],
  "images": [
    {
      "src": "https://d2dmyh35ffsxbl.cloudfront.net/assets/defaults/thumbnail-placeholder-8c916ef4da99a222ce6ece077c71c7e282f071f830747b2abb5718018cbfa699.gif",
      "alt": "Freshify"
    }
  ]
}