{
  "title": "Porvesh Balasubramanian | Flickr",
  "meta_description": "Explore Porvesh Balasubramanian\u2019s 99 photos on Flickr!",
  "main_content": "Explore What\u2019s New New! Recent Photos Trending Events The Commons Flickr Galleries World Map Camera Finder Flickr Blog Prints The Print Shop Prints & Wall Art Photo Books Get Pro Pro Plans Stats Dashboard Get Auto-Uploadr Log In Sign Up Log In Explore Trending Events The Commons Flickr Galleries Flickr Blog The Print Shop Prints & Wall Art Photo Books Get Pro About Jobs Blog Advertise Developers Guidelines Help Privacy Terms Cookies English Porvesh Balasubramanian Follow Give Pro porveshb 0 Followers \u2022 1 Following 99 Photos Joined 2025 Porvesh Balasubramanian Give Pro porveshb 0 Followers \u2022 1 Following 99 Photos Joined 2025 Follow Save Cancel Drag to set position! About Photostream Albums Faves Galleries Groups This user has no public photos",
  "links": [
    {
      "url": "/",
      "text": ""
    },
    {
      "url": "https://blog.flickr.net/en/2025/02/10/flickrs-21-day-birthday-photo-challenge-starts-today/",
      "text": ""
    },
    {
      "url": "/explore",
      "text": "Explore"
    },
    {
      "url": "/explore/discover",
      "text": "What\u2019s New\n\t\t\t\t\t\t\t\t\tNew!"
    },
    {
      "url": "/explore",
      "text": "Recent Photos"
    },
    {
      "url": "/photos/tags",
      "text": "Trending"
    },
    {
      "url": "/events",
      "text": "Events"
    },
    {
      "url": "/commons",
      "text": "The Commons"
    },
    {
      "url": "/galleries",
      "text": "Flickr Galleries"
    },
    {
      "url": "/map",
      "text": "World Map"
    },
    {
      "url": "/cameras",
      "text": "Camera Finder"
    },
    {
      "url": "https://blog.flickr.net/",
      "text": "Flickr Blog"
    },
    {
      "url": "/prints",
      "text": "Prints"
    },
    {
      "url": "/prints/discover",
      "text": "The Print Shop"
    },
    {
      "url": "/prints",
      "text": "Prints & Wall Art"
    },
    {
      "url": "/create",
      "text": "Photo Books"
    },
    {
      "url": "/account/upgrade/pro?utm_campaign=web&utm_source=desktop&utm_medium=gn&utm_content=Get%20Pro",
      "text": "Get Pro"
    },
    {
      "url": "/account/upgrade/pro",
      "text": "Pro Plans"
    },
    {
      "url": "/photos/me/stats",
      "text": "Stats Dashboard"
    },
    {
      "url": "/tools",
      "text": "Get Auto-Uploadr"
    },
    {
      "url": "/upload",
      "text": ""
    },
    {
      "url": "/signin",
      "text": "Log In"
    },
    {
      "url": "/signup",
      "text": "Sign Up"
    },
    {
      "url": "/signin",
      "text": "Log In"
    },
    {
      "url": "/explore",
      "text": "Explore"
    },
    {
      "url": "/photos/tags",
      "text": "Trending"
    },
    {
      "url": "/events",
      "text": "Events"
    },
    {
      "url": "/commons",
      "text": "The Commons"
    },
    {
      "url": "/galleries",
      "text": "Flickr Galleries"
    },
    {
      "url": "https://blog.flickr.net/",
      "text": "Flickr Blog"
    },
    {
      "url": "/prints/discover",
      "text": "The Print Shop"
    },
    {
      "url": "/prints",
      "text": "Prints & Wall Art"
    },
    {
      "url": "/create",
      "text": "Photo Books"
    },
    {
      "url": "/account/upgrade/pro?utm_campaign=web&utm_source=desktop&utm_medium=gn&utm_content=Get%20Pro",
      "text": "Get Pro"
    },
    {
      "url": "/about",
      "text": "About"
    },
    {
      "url": "/jobs",
      "text": "Jobs"
    },
    {
      "url": "//blog.flickr.net/en",
      "text": "Blog"
    },
    {
      "url": "https://www.flickrads.com?utm_source=flickr&utm_campaign=footer",
      "text": "Advertise"
    },
    {
      "url": "/services/developer",
      "text": "Developers"
    },
    {
      "url": "/help/guidelines",
      "text": "Guidelines"
    },
    {
      "url": "//flickrhelp.com",
      "text": "Help"
    },
    {
      "url": "/help/privacy",
      "text": "Privacy"
    },
    {
      "url": "/help/terms",
      "text": "Terms"
    },
    {
      "url": "/help/cookies",
      "text": "Cookies"
    },
    {
      "url": "/change_language.gne?lang=en-US&csrf=",
      "text": "English"
    },
    {
      "url": "?giftPro",
      "text": "Give Pro"
    },
    {
      "url": "/people/202138159@N05/contacts",
      "text": "1 Following"
    },
    {
      "url": "?giftPro",
      "text": "Give Pro"
    },
    {
      "url": "/people/202138159@N05/contacts",
      "text": "1 Following"
    },
    {
      "url": "/people/202138159@N05/",
      "text": "About"
    },
    {
      "url": "/photos/202138159@N05/",
      "text": "Photostream"
    },
    {
      "url": "/photos/202138159@N05/albums",
      "text": "Albums"
    },
    {
      "url": "/photos/202138159@N05/favorites",
      "text": "Faves"
    },
    {
      "url": "/photos/202138159@N05/galleries",
      "text": "Galleries"
    },
    {
      "url": "/people/202138159@N05/groups/",
      "text": "Groups"
    }
  ],
  "images": [
    {
      "src": "//live.staticflickr.com/65535/54285493631_11c676413a_z.jpg",
      "alt": ""
    },
    {
      "src": "//live.staticflickr.com/65535/54285917710_4af3df96cc_z.jpg",
      "alt": ""
    },
    {
      "src": "//live.staticflickr.com/65535/54285493641_da85c05894_n.jpg",
      "alt": ""
    },
    {
      "src": "//live.staticflickr.com/65535/54285917750_bbec09ff3e_n.jpg",
      "alt": ""
    },
    {
      "src": "//live.staticflickr.com/65535/54285917740_cd2299a79c_n.jpg",
      "alt": ""
    },
    {
      "src": "//live.staticflickr.com/65535/54285493671_eaec8c15c0_n.jpg",
      "alt": ""
    },
    {
      "src": "//live.staticflickr.com/65535/54285733659_29664a88a0_n.jpg",
      "alt": ""
    },
    {
      "src": "//live.staticflickr.com/65535/54285917785_aa5c10e3cb.jpg",
      "alt": ""
    },
    {
      "src": "//live.staticflickr.com/65535/54285736093_a5115304be_n.jpg",
      "alt": ""
    },
    {
      "src": "//live.staticflickr.com/65535/54285736068_fca279e06a.jpg",
      "alt": ""
    },
    {
      "src": "//live.staticflickr.com/65535/54285733684_f52d4eafe2_n.jpg",
      "alt": ""
    },
    {
      "src": "//live.staticflickr.com/65535/54284608102_b13c4595ab.jpg",
      "alt": ""
    },
    {
      "src": "//live.staticflickr.com/65535/54284605312_337856d3b4.jpg",
      "alt": ""
    },
    {
      "src": "//live.staticflickr.com/65535/54285733098_402c40039f_z.jpg",
      "alt": ""
    },
    {
      "src": "//live.staticflickr.com/65535/54285914910_98e09227ce_z.jpg",
      "alt": ""
    },
    {
      "src": "//live.staticflickr.com/65535/54285914900_3437bcaf87_z.jpg",
      "alt": ""
    },
    {
      "src": "//live.staticflickr.com/65535/54285490541_dc990235f3_z.jpg",
      "alt": ""
    },
    {
      "src": "//live.staticflickr.com/65535/54285728354_b4fb124d1c_w.jpg",
      "alt": ""
    },
    {
      "src": "//live.staticflickr.com/65535/54285730893_47dba9c945_w.jpg",
      "alt": ""
    },
    {
      "src": "//live.staticflickr.com/65535/54284603097_98348894aa_w.jpg",
      "alt": ""
    },
    {
      "src": "//live.staticflickr.com/65535/54285729743_986e9a4c9f_w.jpg",
      "alt": ""
    },
    {
      "src": "//live.staticflickr.com/65535/54285729728_b8cefecd0c_z.jpg",
      "alt": ""
    },
    {
      "src": "//live.staticflickr.com/65535/54284601937_becfa9d4a4_z.jpg",
      "alt": ""
    },
    {
      "src": "//live.staticflickr.com/65535/54284601912_94461eb992_z.jpg",
      "alt": ""
    },
    {
      "src": "//live.staticflickr.com/65535/54285727179_33f397d530_z.jpg",
      "alt": ""
    }
  ]
}