{
  "title": "About Porvesh Balasubramanian | Flickr",
  "meta_description": "",
  "main_content": "Explore What\u2019s New New! Recent Photos Trending Events The Commons Flickr Galleries World Map Camera Finder Flickr Blog Prints The Print Shop Prints & Wall Art Photo Books Get Pro Pro Plans Stats Dashboard Get Auto-Uploadr Log In Sign Up Log In Explore Trending Events The Commons Flickr Galleries Flickr Blog The Print Shop Prints & Wall Art Photo Books Get Pro About Jobs Blog Advertise Developers Guidelines Help Privacy Terms Cookies English Porvesh Balasubramanian Follow Give Pro porveshb 0 Followers \u2022 1 Following 99 Photos Joined 2025 Porvesh Balasubramanian Give Pro porveshb 0 Followers \u2022 1 Following 99 Photos Joined 2025 Follow Save Cancel Drag to set position! About Photostream Albums Faves Galleries Groups Showcase Joined January 2025 Testimonials Nothing to show.",
  "links": [
    {
      "url": "/",
      "text": ""
    },
    {
      "url": "https://blog.flickr.net/en/2025/02/10/flickrs-21-day-birthday-photo-challenge-starts-today/",
      "text": ""
    },
    {
      "url": "/explore",
      "text": "Explore"
    },
    {
      "url": "/explore/discover",
      "text": "What\u2019s New\n\t\t\t\t\t\t\t\t\tNew!"
    },
    {
      "url": "/explore",
      "text": "Recent Photos"
    },
    {
      "url": "/photos/tags",
      "text": "Trending"
    },
    {
      "url": "/events",
      "text": "Events"
    },
    {
      "url": "/commons",
      "text": "The Commons"
    },
    {
      "url": "/galleries",
      "text": "Flickr Galleries"
    },
    {
      "url": "/map",
      "text": "World Map"
    },
    {
      "url": "/cameras",
      "text": "Camera Finder"
    },
    {
      "url": "https://blog.flickr.net/",
      "text": "Flickr Blog"
    },
    {
      "url": "/prints",
      "text": "Prints"
    },
    {
      "url": "/prints/discover",
      "text": "The Print Shop"
    },
    {
      "url": "/prints",
      "text": "Prints & Wall Art"
    },
    {
      "url": "/create",
      "text": "Photo Books"
    },
    {
      "url": "/account/upgrade/pro?utm_campaign=web&utm_source=desktop&utm_medium=gn&utm_content=Get%20Pro",
      "text": "Get Pro"
    },
    {
      "url": "/account/upgrade/pro",
      "text": "Pro Plans"
    },
    {
      "url": "/photos/me/stats",
      "text": "Stats Dashboard"
    },
    {
      "url": "/tools",
      "text": "Get Auto-Uploadr"
    },
    {
      "url": "/upload",
      "text": ""
    },
    {
      "url": "/signin",
      "text": "Log In"
    },
    {
      "url": "/signup",
      "text": "Sign Up"
    },
    {
      "url": "/signin",
      "text": "Log In"
    },
    {
      "url": "/explore",
      "text": "Explore"
    },
    {
      "url": "/photos/tags",
      "text": "Trending"
    },
    {
      "url": "/events",
      "text": "Events"
    },
    {
      "url": "/commons",
      "text": "The Commons"
    },
    {
      "url": "/galleries",
      "text": "Flickr Galleries"
    },
    {
      "url": "https://blog.flickr.net/",
      "text": "Flickr Blog"
    },
    {
      "url": "/prints/discover",
      "text": "The Print Shop"
    },
    {
      "url": "/prints",
      "text": "Prints & Wall Art"
    },
    {
      "url": "/create",
      "text": "Photo Books"
    },
    {
      "url": "/account/upgrade/pro?utm_campaign=web&utm_source=desktop&utm_medium=gn&utm_content=Get%20Pro",
      "text": "Get Pro"
    },
    {
      "url": "/about",
      "text": "About"
    },
    {
      "url": "/jobs",
      "text": "Jobs"
    },
    {
      "url": "//blog.flickr.net/en",
      "text": "Blog"
    },
    {
      "url": "https://www.flickrads.com?utm_source=flickr&utm_campaign=footer",
      "text": "Advertise"
    },
    {
      "url": "/services/developer",
      "text": "Developers"
    },
    {
      "url": "/help/guidelines",
      "text": "Guidelines"
    },
    {
      "url": "//flickrhelp.com",
      "text": "Help"
    },
    {
      "url": "/help/privacy",
      "text": "Privacy"
    },
    {
      "url": "/help/terms",
      "text": "Terms"
    },
    {
      "url": "/help/cookies",
      "text": "Cookies"
    },
    {
      "url": "/change_language.gne?lang=en-US&csrf=",
      "text": "English"
    },
    {
      "url": "?giftPro",
      "text": "Give Pro"
    },
    {
      "url": "/people/202138159@N05/contacts",
      "text": "1 Following"
    },
    {
      "url": "?giftPro",
      "text": "Give Pro"
    },
    {
      "url": "/people/202138159@N05/contacts",
      "text": "1 Following"
    },
    {
      "url": "/people/202138159@N05/",
      "text": "About"
    },
    {
      "url": "/photos/202138159@N05/",
      "text": "Photostream"
    },
    {
      "url": "/photos/202138159@N05/albums",
      "text": "Albums"
    },
    {
      "url": "/photos/202138159@N05/favorites",
      "text": "Faves"
    },
    {
      "url": "/photos/202138159@N05/galleries",
      "text": "Galleries"
    },
    {
      "url": "/people/202138159@N05/groups/",
      "text": "Groups"
    },
    {
      "url": "/photos/202138159@N05/archives",
      "text": "January 2025"
    }
  ],
  "images": []
}