{
  "title": "Yohannes Tenagashaw Aklilu's Profile | Stanford Profiles",
  "meta_description": "Yohannes Tenagashaw Aklilu is part of Stanford Profiles, official site for faculty, postdocs, students and staff information (Expertise, Bio, Research, Publications, and more). The site facilitates research and collaboration in academic endeavors.",
  "main_content": "Yohannes Tenagashaw Aklilu Undergraduate, Vice Provost for Undergraduate Education Print Profile Email Profile View Stanford-only Profile Tab Menu Bio Contact Work yaklilu@stanford.edu University - Student Department:&nbspVice Provost for Undergraduate Education Position: Undergraduate",
  "links": [
    {
      "url": "https://cap.stanford.edu/profiles/frdActionServlet?choiceId=printerprofile&profileversion=full&profileId=316822",
      "text": "Print Profile"
    },
    {
      "url": "mailto:?subject=Yohannes Tenagashaw Aklilu's Profile&body=I would like to share the profile of Yohannes Tenagashaw Aklilu with you. https://profiles.stanford.edu/yohannes-aklilu",
      "text": "Email Profile"
    },
    {
      "url": "/intranet/yohannes-aklilu",
      "text": "View Stanford-only Profile"
    },
    {
      "url": "/yohannes-aklilu?tab=bio",
      "text": "Bio"
    },
    {
      "url": "mailto:yaklilu@stanford.edu",
      "text": "yaklilu@stanford.edu"
    }
  ],
  "images": []
}