{
  "title": "Andrew Tan (born 1952), Philippine CEO, chairman, company owner | \n                World Biographical Encyclopedia",
  "meta_description": "Andrew L. Tan is a Filipino-Chinese businessman, who engages in real estate, liquor and fast food. Originally Andrew Tan made his first fortune in brandy. He was the first property developer to pioneer the live-work-play concept. Through Travellers International Hotel Group, Inc. Andrew Tan became the biggest hotelier in the country. \nHe is now the biggest developer of BPO companies.",
  "main_content": "Andrew Tan CEO chairman company owner 1952 Fujian, China Andrew Tan is the founder of Alliance Global Group, Inc. He has served as Chairman of the Board and President of the Company since its incorporation in 1989. He has extensive experience in real estate, the food and beverage industry and quick service restaurants. He concurrently serves as the Chairman of the Board of Empire East Land Holdings, Inc., Alliance Global Group, Inc., Fil-Estate Land, Inc., Alliance Global Brands, Inc., Suntrust Properties, Inc., Adams Properties, Inc., Travellers International Hotel Group, Inc., Consolidated Distillers of the Far East, Inc. and Emperador Distillers, Inc. Mr Tan serves in the boards of Megaworld subsidiaries, Eastwood Cyber One Corporation, Inc., Megaworld Cayman Islands, Inc., Megaworld Central Properties, Inc., Forbes Town Properties & Holdings, Inc., and Townsquare Development, Inc. He is also Chairman of the Board and President of Megaworld Newport Property Holdings, Inc., The Bar Beverage, Inc., Megaworld Land, Inc., Megaworld Globus Asia, Inc., Richmonde Hotel Group International Limited and Yorkshire Holdings, Inc. He sits in the boards of The Andresons Group, Inc. and Raffles & Co. He is also a Director and Treasurer of Andresons Global Inc.",
  "links": [
    {
      "url": "/web/user-landing.html",
      "text": ""
    },
    {
      "url": "/web/search.html#activity=CEO",
      "text": "CEO"
    },
    {
      "url": "/web/search.html#activity=chairman",
      "text": "chairman"
    },
    {
      "url": "/web/search.html#activity=company%20owner",
      "text": "company owner"
    },
    {
      "url": "/web/person-edit.html?profileId=725183\u00a7ion=education",
      "text": "Add photo"
    },
    {
      "url": "/web/person-edit.html?profileId=725183\u00a7ion=education",
      "text": "Add photo"
    },
    {
      "url": "/web/person-edit.html?profileId=725183\u00a7ion=work",
      "text": "Add photo"
    },
    {
      "url": "/web/person-edit.html?profileId=725183\u00a7ion=work",
      "text": "Add photo"
    },
    {
      "url": "/web/person-edit.html?profileId=725183\u00a7ion=lifeStance",
      "text": "Add photo"
    },
    {
      "url": "/web/person-edit.html?profileId=725183\u00a7ion=work",
      "text": "Add photo"
    },
    {
      "url": "/web/person-edit.html?profileId=725183\u00a7ion=album",
      "text": "Add photo"
    },
    {
      "url": "/web/person-edit.html?profileId=725183\u00a7ion=connections",
      "text": "Add photo"
    },
    {
      "url": "/web/person-edit.html?profileId=725183\u00a7ion=publications",
      "text": "Add photo"
    },
    {
      "url": "/web/person-edit.html?profileId=725183\u00a7ion=education",
      "text": "Edit"
    },
    {
      "url": "/web/person-edit.html?profileId=725183\u00a7ion=work",
      "text": "Edit"
    },
    {
      "url": "/web/person-edit.html?profileId=725183\u00a7ion=work",
      "text": "Edit"
    },
    {
      "url": "/web/person-edit.html?profileId=725183\u00a7ion=work",
      "text": "Edit"
    },
    {
      "url": "/web/person-edit.html?profileId=725183\u00a7ion=album",
      "text": "Edit"
    },
    {
      "url": "/web/person-edit.html?profileId=725183\u00a7ion=album",
      "text": "Edit"
    },
    {
      "url": "/web/person-edit.html?profileId=725183\u00a7ion=album",
      "text": "Edit"
    },
    {
      "url": "/web/person-edit.html?profileId=725183\u00a7ion=album",
      "text": "Edit"
    },
    {
      "url": "/web/person-edit.html?profileId=725183\u00a7ion=album",
      "text": "Edit"
    },
    {
      "url": "/web/person-edit.html?profileId=725183\u00a7ion=album",
      "text": "Edit"
    },
    {
      "url": "/web/person-edit.html?profileId=725183\u00a7ion=album",
      "text": "Edit"
    },
    {
      "url": "/web/person-edit.html?profileId=725183\u00a7ion=album",
      "text": "Edit"
    },
    {
      "url": "/web/person-edit.html?profileId=725183\u00a7ion=connections",
      "text": "Edit"
    },
    {
      "url": "/web/person-edit.html?profileId=725183\u00a7ion=connections",
      "text": "Edit"
    },
    {
      "url": "/web/person-edit.html?profileId=725183\u00a7ion=general",
      "text": "General"
    },
    {
      "url": "/web/person-edit.html?profileId=725183\u00a7ion=education",
      "text": "Education"
    },
    {
      "url": "/web/person-edit.html?profileId=725183\u00a7ion=work",
      "text": "Career"
    },
    {
      "url": "/web/person-edit.html?profileId=725183\u00a7ion=works",
      "text": "Works"
    },
    {
      "url": "/web/person-edit.html?profileId=725183\u00a7ion=lifeStance",
      "text": "Life Stance"
    },
    {
      "url": "/web/person-edit.html?profileId=725183\u00a7ion=personality",
      "text": "Personality"
    },
    {
      "url": "/web/person-edit.html?profileId=725183\u00a7ion=connections",
      "text": "Connections"
    },
    {
      "url": "/web/person-edit.html?profileId=725183\u00a7ion=references",
      "text": "References"
    },
    {
      "url": "/web/person-edit.html?profileId=725183\u00a7ion=album",
      "text": "Album"
    },
    {
      "url": "/web/henry.ng/725182",
      "text": "Henry Ng"
    },
    {
      "url": "/web/giovanni.ravazzotti/725008",
      "text": "Giovanni Ravazzotti"
    },
    {
      "url": "/web/joachim.milberg/725463",
      "text": "Joachim Milberg"
    },
    {
      "url": "/web/vincent_kennedy.mcmahon/722522",
      "text": "Vincent Kennedy McMahon"
    },
    {
      "url": "/web/frederick.smith/725349",
      "text": "Frederick Smith"
    },
    {
      "url": "/web/brian.roberts/616795",
      "text": "Brian Roberts"
    },
    {
      "url": "/web/person-edit.html?profileId=725183\u00a7ion=generalInfo#general",
      "text": "Edit Profile"
    },
    {
      "url": "/web/search.html#activity=CEO",
      "text": "CEO"
    },
    {
      "url": "/web/search.html#activity=chairman",
      "text": "chairman"
    },
    {
      "url": "/web/search.html#activity=company%20owner",
      "text": "company owner"
    },
    {
      "url": "/web/person-edit.html?profileId=725183\u00a7ion=activities#general",
      "text": ""
    },
    {
      "url": "/web/person-edit.html?profileId=725183\u00a7ion=lifeInBrief#general",
      "text": ""
    },
    {
      "url": "/web/person-edit.html?profileId=725183\u00a7ion=background#general",
      "text": ""
    },
    {
      "url": "/web/person-edit.html?profileId=725183\u00a7ion=background#general",
      "text": ""
    },
    {
      "url": "/web/person-edit.html?profileId=725183\u00a7ion=education#education",
      "text": ""
    },
    {
      "url": "/web/person-edit.html?profileId=725183\u00a7ion=workResults#work",
      "text": ""
    },
    {
      "url": "/web/person-edit.html?profileId=725183\u00a7ion=major-achievements#work",
      "text": ""
    },
    {
      "url": "/web/person-edit.html?profileId=725183\u00a7ion=interests#personality",
      "text": ""
    },
    {
      "url": "/web/person-edit.html?profileId=725183\u00a7ion=interests#personality",
      "text": ""
    },
    {
      "url": "/web/person-edit.html?profileId=725183&editId=1355954\u00a7ion=relativePersons#connections",
      "text": ""
    },
    {
      "url": "/web/person-edit.html?profileId=725183&editId=1355955\u00a7ion=relativePersons#connections",
      "text": ""
    },
    {
      "url": "/web/search.html#",
      "text": "1952"
    },
    {
      "url": "/web/search.html#birthPlace=Fujian%2C%20China&id=-1907341404",
      "text": "Fujian, China"
    },
    {
      "url": "/web/person-edit.html?profileId=725183\u00a7ion=generalInfo#general",
      "text": ""
    },
    {
      "url": "/web/search.html#nationality=Philippines",
      "text": "Philippines"
    },
    {
      "url": "/web/person-edit.html?profileId=725183\u00a7ion=nationality#general",
      "text": ""
    },
    {
      "url": "/web/search.html#education=%55%6E%69%76%65%72%73%69%74%79%20%6F%66%20%74%68%65%20%45%61%73%74&id=382311364",
      "text": "University of the East"
    },
    {
      "url": "/web/person-edit.html?profileId=725183&editId=1528819\u00a7ion=universityEducations#education",
      "text": ""
    },
    {
      "url": "/web/search.html#work=%46%6F%75%6E%64%65%72%2C%20%43%68%61%69%72%6D%61%6E%20%6F%66%20%74%68%65%20%42%6F%61%72%64%20%61%6E%64%20%50%72%65%73%69%64%65%6E%74&id=-1533667539",
      "text": "Founder, Chairman of the Board and President"
    },
    {
      "url": "/web/search.html#work=%4D%65%67%61%77%6F%72%6C%64%20%43%6F%72%70%6F%72%61%74%69%6F%6E&id=-1533667539",
      "text": "Megaworld Corporation"
    },
    {
      "url": "/web/search.html#work=%4D%65%67%61%77%6F%72%6C%64%20%43%6F%72%70%6F%72%61%74%69%6F%6E&general=%50%68%69%6C%69%70%70%69%6E%65%73&id=-1533667539",
      "text": "Philippines"
    },
    {
      "url": "/web/person-edit.html?profileId=725183&editId=4740661\u00a7ion=workActivities#work",
      "text": ""
    },
    {
      "url": "/web/search.html#work=%43%68%61%69%72%6D%61%6E%2C%20%43%68%61%69%72%6D%61%6E%20%6F%66%20%43%6F%6D%70%65%6E%73%61%74%69%6F%6E%20%61%6E%64%20%52%65%6D%75%6E%65%72%61%74%69%6F%6E%20%43%6F%6D%6D%69%74%74%65%65%20%61%6E%64%20%43%68%61%69%72%6D%61%6E%20%6F%66%20%45%78%65%63%75%74%69%76%65%20%43%6F%6D%6D%69%74%74%65%65&id=-1533667539",
      "text": "Chairman, Chairman of Compensation and Remuneration Committee and Chairman of Executive Committee"
    },
    {
      "url": "/web/search.html#work=%45%6D%70%69%72%65%20%45%61%73%74%20%4C%61%6E%64%20%48%6F%6C%64%69%6E%67%73%20%49%6E%63%6F%72%70%6F%72%61%74%65%64&id=-1533667539",
      "text": "Empire East Land Holdings Incorporated"
    },
    {
      "url": "/web/person-edit.html?profileId=725183&editId=4740663\u00a7ion=workActivities#work",
      "text": ""
    },
    {
      "url": "/web/search.html#work=%43%68%61%69%72%6D%61%6E%2C%20%43%68%69%65%66%20%45%78%65%63%75%74%69%76%65%20%4F%66%66%69%63%65%72%2C%20%43%68%61%69%72%6D%61%6E%20%6F%66%20%43%6F%6D%70%65%6E%73%61%74%69%6F%6E%20%26%20%52%65%6D%75%6E%65%72%61%74%69%6F%6E%20%43%6F%6D%6D%69%74%74%65%65%20%61%6E%64%20%4D%65%6D%62%65%72%20%6F%66%20%41%75%64%69%74%20%43%6F%6D%6D%69%74%74%65%65%20%20%41%6C%6C%69%61%6E%63%65%20%47%6C%6F%62%61%6C%20%47%72%6F%75%70%20%49%6E%63%6F%72%70%6F%72%61%74%65%64&id=-1533667539",
      "text": "Chairman, Chief Executive Officer, Chairman of Compensation & Remuneration Committee and Member of Audit Committee  Alliance Global Group Incorporated"
    },
    {
      "url": "/web/search.html#work=%41%6C%6C%69%61%6E%63%65%20%47%6C%6F%62%61%6C%20%47%72%6F%75%70%2C%20%49%6E%63%6F%72%70%6F%72%61%74%65%64&id=-1533667539",
      "text": "Alliance Global Group, Incorporated"
    },
    {
      "url": "/web/search.html#work=%41%6C%6C%69%61%6E%63%65%20%47%6C%6F%62%61%6C%20%47%72%6F%75%70%2C%20%49%6E%63%6F%72%70%6F%72%61%74%65%64&general=%50%68%69%6C%69%70%70%69%6E%65%73&id=-1533667539",
      "text": "Philippines"
    },
    {
      "url": "/web/person-edit.html?profileId=725183&editId=4740662\u00a7ion=workActivities#work",
      "text": ""
    },
    {
      "url": "/web/person-edit.html?profileId=725183&editId=500676\u00a7ion=awards#work",
      "text": ""
    },
    {
      "url": "/web/person-edit.html?profileId=725183&editId=500677\u00a7ion=awards#work",
      "text": ""
    },
    {
      "url": "/web/person-edit.html?profileId=725183&editId=500678\u00a7ion=awards#work",
      "text": ""
    }
  ],
  "images": [
    {
      "src": "https://www.facebook.com/tr?id=954281624993604&ev=PageView\n        &noscript=1",
      "alt": ""
    },
    {
      "src": "/web/img/banner_top_green.gif",
      "alt": "Banner"
    },
    {
      "src": "/web/show-photo-icon.jpg?id=15767&width=220&cache=false",
      "alt": "Andrew Tan's Profile Photo"
    },
    {
      "src": "/web/assets/ajax-loader.gif",
      "alt": "Loader image"
    },
    {
      "src": "/web/img/loading.gif",
      "alt": "Andrew Tan"
    },
    {
      "src": "/web/img/loading.gif",
      "alt": "Gallery of Andrew Tan"
    },
    {
      "src": "/web/img/loading.gif",
      "alt": "Gallery of Andrew Tan"
    },
    {
      "src": "/web/img/loading.gif",
      "alt": "Gallery of Andrew Tan"
    },
    {
      "src": "/web/img/loading.gif",
      "alt": "Gallery of Andrew Tan"
    },
    {
      "src": "/web/img/loading.gif",
      "alt": "Wife: Katherine L. Tan"
    },
    {
      "src": "/web/img/loading.gif",
      "alt": "Son: Kevin Tan"
    },
    {
      "src": "/web/show-profile-photo-icon.jpg?id=725182&width=95",
      "alt": "Henry Ng"
    },
    {
      "src": "/web/show-profile-photo-icon.jpg?id=725008&width=95",
      "alt": "Giovanni Ravazzotti"
    },
    {
      "src": "/web/show-profile-photo-icon.jpg?id=725463&width=95",
      "alt": "Joachim Milberg"
    },
    {
      "src": "/web/show-profile-photo-icon.jpg?id=722522&width=95",
      "alt": "Vincent Kennedy McMahon"
    },
    {
      "src": "/web/show-profile-photo-icon.jpg?id=725349&width=95",
      "alt": "Frederick Smith"
    },
    {
      "src": "/web/show-profile-photo-icon.jpg?id=616795&width=95",
      "alt": "Brian Roberts"
    },
    {
      "src": "/web/show-photo-icon.jpg?id=15768&width=150&cache=false",
      "alt": "Katherine L. Tan - Wife of Andrew Tan"
    },
    {
      "src": "/web/show-photo-icon.jpg?id=15769&width=150&cache=false",
      "alt": "Kevin Tan - Son of Andrew Tan"
    },
    {
      "src": "/web/show-photo-icon.jpg?id=15767&width=220&cache=false",
      "alt": "Andrew Tan's Profile Photo"
    },
    {
      "src": "/web/show-photo-icon.jpg?id=15763&width=77&cache=false",
      "alt": "Photo from profile of Andrew Tan"
    },
    {
      "src": "/web/show-photo-icon.jpg?id=15764&width=77&cache=false",
      "alt": "Photo from profile of Andrew Tan"
    },
    {
      "src": "/web/show-photo-icon.jpg?id=15765&width=77&cache=false",
      "alt": "Photo from profile of Andrew Tan"
    },
    {
      "src": "/web/show-photo-icon.jpg?id=15766&width=77&cache=false",
      "alt": "Photo from profile of Andrew Tan"
    },
    {
      "src": "/web/show-photo-icon.jpg?id=15770&width=77&cache=false",
      "alt": "Photo from profile of Andrew Tan"
    },
    {
      "src": "/web/show-photo-icon.jpg?id=15771&width=77&cache=false",
      "alt": "Photo from profile of Andrew Tan"
    },
    {
      "src": "/web/img/map-stock.png",
      "alt": "Click for see on larger map"
    }
  ]
}