{
  "title": "Billionaire Andrew Tan\u2019s Megaworld To Invest $6.3 Billion On Philippine Townships, Hotels In Next Five Years",
  "meta_description": "Megaworld is investing 350 billion pesos over the next five years to build townships across the Philippines, betting the country\u2019s economic recovery will continue amid a revival in tourism and consumer spending.",
  "main_content": "Asia Billionaire Andrew Tan\u2019s Megaworld To Invest $6.3 Billion On Philippine Townships, Hotels In Next Five Years By Jonathan Burgos , Forbes Staff. Senior editor covering billionaires, entrepreneurs and deals in Asia Follow Author Jun 18, 2023, 11:15pm EDT Save Article Newport World Resorts, formerly Resorts World Manila, is benefiting from a post-pandemic tourism ... [+] boom. COURTESY OF ALLIANCE GLOBAL Megaworld \u2014controlled by real estate and liquor billionaire Andrew Tan \u2014is investing 350 billion pesos ($6.3 billion) over the next five years to build townships across the Philippines, betting the country\u2019s economic recovery will continue amid a revival in tourism and consumer spending. The townships\u2014which will be located across Metro Manila and nearby provinces as well as parts of the central Philippine island of Visayas and the southern island of Mindanao\u2014will have residential, office, shopping mall and hotel components, the company said in a statement. To tap on the recovery in tourism as well as increasing MICE (meetings, incentives, conventions and exhibitions) activities in the country, Megaworld and its parent company Alliance Global Group are aggressively expanding their hotel footprint as part of the group\u2019s township investment plan. \u201cWith the surge in domestic and international tourism activities, all our hotels have been experiencing high occupancy rates and much-improved average daily room rates,\u201d Kevin L. Tan, CEO of Alliance Global, said in a statement. The group aims to expand its hotel portfolio to 11,000 rooms across 25 properties by 2028 from 7,500 rooms across 19 properties currently. Revenues of Alliance Group\u2019s tourism-related business increased 84% to a record high of 38.6 billion pesos in 2022, surpassing pre-pandemic levels by 10%. Reflecting its confidence in the sector, the conglomerate agreed to buy out its financially troubled partner Genting Hong Kong in their joint venture company, Travellers International, owner of Newport World Resorts hotel and casino in Manila. MORE FROM FORBES ADVISOR Best Travel Insurance Companies By Amy Danise , Editor Best Covid-19 Travel Insurance Plans By Amy Danise , Editor \u201cAGI remains to be the biggest player in the Philippine tourism sector, with the largest array of international and homegrown hotels at varying price points to cater to all types of tourists and visitors,\u201d Tan, whose father Andrew built a multi-billion dollar real estate and spirits business over three decades ago, said. The hotel business contributes over 20% of the group\u2019s revenue. Alliance Global holds Tan\u2019s interest in Megaworld, one the country\u2019s biggest property developers; Emperador, owner of Spain\u2019s Bodegas Fundador, the world\u2019s No. 1 brandy maker as well as Golden Arches, the Philippine franchisee of McDonald\u2019s. Tan has a net worth of about $2.5 billion, according to Forbes \u2019 real-time data . Andrew Tan, chairman of Alliance Global, and his oldest son Kevin, CEO of the Philippine ... [+] conglomerate that owns property giant Megaworld and liquor maker Emperador. Courtesy of Alliance Global Send me a secure tip . Editorial Standards Forbes Accolades LOADING VIDEO PLAYER... FORBES\u2019 FEATURED Video",
  "links": [
    {
      "url": "https://www.forbes.com/",
      "text": ""
    },
    {
      "url": "https://www.forbes.com/sites/jonathanburgos/",
      "text": "Jonathan Burgos"
    },
    {
      "url": "https://www.forbes.com/asia/",
      "text": "Asia"
    },
    {
      "url": "https://www.forbes.com/sites/jonathanburgos/",
      "text": "Jonathan Burgos"
    },
    {
      "url": "https://www.megaworldcorp.com/",
      "text": "Megaworld"
    },
    {
      "url": "https://www.forbes.com/profile/andrew-tan/?list=philippines-billionaires&sh=275cc161dacf",
      "text": "Andrew Tan"
    },
    {
      "url": "https://www.allianceglobalinc.com/",
      "text": "Alliance Global Group"
    },
    {
      "url": "https://www.forbes.com/sites/jonathanburgos/2023/05/31/billionaire-andrew-tans-alliance-global-buys-out-gentings-stake-in-philippine-casino/?sh=12c01d327c1c",
      "text": "buy out"
    },
    {
      "url": "https://www.forbes.com/advisor/travel-insurance/best-travel-insurance/?utm_source=forbes&utm_medium=recirc&utm_campaign=tirecircnov",
      "text": ""
    },
    {
      "url": "https://www.forbes.com/advisor/travel-insurance/best-travel-insurance/?utm_source=forbes&utm_medium=recirc&utm_campaign=tirecircnov",
      "text": "Best Travel Insurance Companies"
    },
    {
      "url": "https://www.forbes.com/advisor/author/adanise/",
      "text": "Amy Danise,"
    },
    {
      "url": "https://www.forbes.com/advisor/travel-insurance/best-pandemic-travel-insurance/?utm_source=forbes&utm_medium=recirc&utm_campaign=tirecircnov",
      "text": ""
    },
    {
      "url": "https://www.forbes.com/advisor/travel-insurance/best-pandemic-travel-insurance/?utm_source=forbes&utm_medium=recirc&utm_campaign=tirecircnov",
      "text": "Best Covid-19 Travel Insurance Plans"
    },
    {
      "url": "https://www.forbes.com/advisor/author/adanise/",
      "text": "Amy Danise,"
    },
    {
      "url": "https://www.forbes.com/real-time-billionaires/#7be386813d78",
      "text": "real-time data"
    },
    {
      "url": "https://www.forbes.com/tips/",
      "text": "tip"
    },
    {
      "url": "https://www.forbes.com/sites/forbesstaff/article/forbes-editorial-values-and-standards/",
      "text": "Editorial Standards"
    },
    {
      "url": "https://www.parsintl.com/publications/forbes/",
      "text": "Forbes Accolades"
    }
  ],
  "images": [
    {
      "src": "https://www.forbes.com/advisor/wp-content/uploads/2021/08/tropical-vacation.jpeg.jpg",
      "alt": "Graphic Best Travel Insurance Companies"
    },
    {
      "src": "https://www.forbes.com/advisor/wp-content/uploads/2020/12/couple-traveling-2-e1608019949550.jpg",
      "alt": "Graphic Best Covid-19 Travel Insurance Plans"
    }
  ]
}