{
  "title": "Andrew Tan: Net Worth, Businesses, Biography",
  "meta_description": "The Chairman of the Alliance Global Group, Inc. and Megaworld Corporation, Tan is one of the most respected self-made billionaires in the Philippines. Here's everything we know about Andrew Tan.",
  "main_content": "",
  "links": [
    {
      "url": "http://www.esquiremag.ph/the-good-life/the-directory/andrew-tan-wealth-business-empire-and-life-outside-work-a00203-20230824-lfrm?s=6e7o2j02omokslrjv1mvvj8kd1",
      "text": "Retake this Poll"
    },
    {
      "url": "http://www.esquiremag.ph/the-good-life/the-directory/andrew-tan-wealth-business-empire-and-life-outside-work-a00203-20230824-lfrm?s=6e7o2j02omokslrjv1mvvj8kd1",
      "text": ""
    },
    {
      "url": "http://www.esquiremag.ph/the-good-life/the-directory/andrew-tan-wealth-business-empire-and-life-outside-work-a00203-20230824-lfrm?s=6e7o2j02omokslrjv1mvvj8kd1",
      "text": ""
    },
    {
      "url": "/the-good-life/?ref=article_channel",
      "text": "The Good Life"
    },
    {
      "url": "/the-good-life/the-directory/?ref=article_channel",
      "text": "The Directory"
    },
    {
      "url": "https://www.esquiremag.ph/author/esquire-philippines?ref=article_author",
      "text": ""
    },
    {
      "url": "https://www.esquiremag.ph/author/esquire-philippines?ref=article_author",
      "text": "Esquire Philippines"
    },
    {
      "url": "https://www.esquiremag.ph/money/wealth/richest-billionaires-in-the-philippines-in-2023-a00304-20230405-lfrm",
      "text": "The 14 Richest Billionaires in the Philippines in 2023"
    },
    {
      "url": "https://www.esquiremag.ph/the-good-life/the-directory/ramon-ang-wealth-business-empire-and-life-outside-work-a00203-20230818-lfrm",
      "text": "Ramon Ang: Wealth, Business Empire, and Life Outside Work"
    },
    {
      "url": "https://www.esquiremag.ph/the-good-life/the-directory/ramon-ang-wealth-business-empire-and-life-outside-work-a00203-20230818-lfrm",
      "text": ""
    },
    {
      "url": "https://www.esquiremag.ph/tag/money?ref=article_tag",
      "text": "Money"
    },
    {
      "url": "https://www.esquiremag.ph/tag/billionaires?ref=article_tag",
      "text": "billionaires"
    },
    {
      "url": "https://www.esquiremag.ph/tag/profiles?ref=article_tag",
      "text": "profiles"
    },
    {
      "url": "https://www.esquiremag.ph/tag/movers?ref=article_tag",
      "text": "movers"
    },
    {
      "url": "https://www.esquiremag.ph/tag/the-good-life?ref=article_tag",
      "text": "the good life"
    },
    {
      "url": "https://www.esquiremag.ph/tag/andrew-tan?ref=article_tag",
      "text": "Andrew Tan"
    },
    {
      "url": "https://www.esquiremag.ph/tag/the-standard?ref=article_tag",
      "text": "The Standard"
    },
    {
      "url": "https://www.esquiremag.ph/tag/team-00007?ref=article_tag",
      "text": "team-00007"
    },
    {
      "url": "https://www.esquiremag.ph/tag/sc23?ref=article_tag",
      "text": "sc23"
    },
    {
      "url": "https://www.esquiremag.ph/tag/philippines-richest?ref=article_tag",
      "text": "philippines richest"
    },
    {
      "url": "https://www.esquiremag.ph/tag/the-directory?ref=article_tag",
      "text": "the directory"
    },
    {
      "url": "https://www.esquiremag.ph/tag/core?ref=article_tag",
      "text": "core"
    },
    {
      "url": "https://www.esquiremag.ph/author/esquire-philippines?ref=article_author",
      "text": "View Other Articles From Esquire Philippines"
    },
    {
      "url": "https://www.esquiremag.ph/culture/movies-and-tv/mickey-17-robbert-pattinson-a1057-20250301-lfrm",
      "text": "Robert Pattinson Talks Mickey 17, and His Unique Sci-Fi Role"
    },
    {
      "url": "https://www.esquiremag.ph/style/watches/maurice-lacroix-aikon-chronograph-a4703-20250301",
      "text": "Maurice Lacroix\u2019s New Aikon Chronograph is Inspired by an Icon from the \u201890s"
    },
    {
      "url": "https://www.esquiremag.ph/style/fashion/the-air-max-dn8-come-and-go-by-pink-bubbles-src-esquireuk-a7787-20250301",
      "text": "The Air Max DN8: Come and Go by Pink Bubbles"
    },
    {
      "url": "https://www.esquiremag.ph/style/fashion/suits-for-every-occasion-a7994-20250228-lfrm",
      "text": "Suits for Every Occasion: Which One Should You Wear?"
    },
    {
      "url": "https://www.esquiremag.ph/style/watches/oris-miss-piggy-edition-a4703-20250228",
      "text": "Miss Piggy is the Star in This Oris ProPilot X Timepiece"
    },
    {
      "url": "https://www.esquiremag.ph/politics/news/loida-nicolas-lewis-philippine-politics-a2556-20250228",
      "text": "Fil-Am Billionaire Loida Nicolas-Lewis: \u2018I\u2019m Almost Giving Up on the Philippines\u2019"
    },
    {
      "url": "/fop?ref=fop_feed",
      "text": "#InTheLoop"
    },
    {
      "url": "https://www.facebook.com/EsquirePh",
      "text": ""
    },
    {
      "url": "https://twitter.com/EsquirePh",
      "text": ""
    },
    {
      "url": "https://www.instagram.com/esquireph",
      "text": ""
    },
    {
      "url": "https://www.youtube.com/channel/UCxaoCTM0r-IdCN4YiBLmw4A?sub_confirmation=1",
      "text": ""
    },
    {
      "url": "/privacy-policy",
      "text": "here"
    }
  ],
  "images": [
    {
      "src": "https://sb.scorecardresearch.com/p?c1=2&c2=7385338&c3=&c4=&c5=&c6=&c15=&cj=1",
      "alt": ""
    },
    {
      "src": "https://images.esquiremag.ph/esquiremagph/images/webcomponents/authorplaceholder.png",
      "alt": ""
    },
    {
      "src": "https://images.esquiremag.ph/esquiremagph/images/2023/08/24/andrew-tan-main.png",
      "alt": ""
    },
    {
      "src": "https://images.esquiremag.ph/esquiremagph/images/webcomponents/authorplaceholder.png",
      "alt": ""
    },
    {
      "src": "#",
      "alt": ""
    },
    {
      "src": "#",
      "alt": ""
    },
    {
      "src": "https://images.summitmedia-digital.com/logo-dpo-dps-resized.png",
      "alt": ""
    }
  ]
}