{
  "title": "ArooshJ (Aroosh Joshi) \u00b7 GitHub",
  "meta_description": "Passionate about solving problems, crafting innovative solutions, and exploring new technologies to drive meaningful impact. - ArooshJ",
  "main_content": "ArooshJ Follow More Overview Repositories Projects Packages Stars ArooshJ Follow Aroosh Joshi ArooshJ Follow Passionate about solving problems, crafting innovative solutions, and exploring new technologies to drive meaningful impact. 5 followers \u00b7 7 following Achievements Achievements Block or Report Block or report ArooshJ Block user Prevent this user from interacting with your repositories and sending you notifications. Learn more about blocking users . You must be logged in to block users. Add an optional note: Please don't include any personal information such as legal names or email addresses. Maximum 100 characters, markdown supported. This note will be visible to only you. Block user Report abuse Contact GitHub support about this user\u2019s behavior. Learn more about reporting abuse . Report abuse More Overview Repositories Projects Packages Stars ArooshJ / README .md Hello, I'm Aroosh Joshi. I'm a tech enthusiast with a strong passion for Machine Learning and backend development. My expertise lies in creating scalable APIs using Django and developing machine learning models for real-world applications. I thrive on exploring new technologies, solving complex problems, and continuously learning to enhance my skills. Currently, my focus is on building intelligent systems and contributing to projects that make a meaningful impact. Let's connect and collaborate on exciting tech innovations! Pinned Loading ShubhamKarampure/ ShikshaSangam ShubhamKarampure/ShikshaSangam Public cross platform app for student, college alumni interaction built on django, react and react-native JavaScript AmazonMLChallenge24 AmazonMLChallenge24 Public Jupyter Notebook ShubhamKarampure/ asl-streamlit-signlingo ShubhamKarampure/asl-streamlit-signlingo Public streamlit based web-app for teaching sign language through real-time hand gesture recognition. Python NNFromScratch NNFromScratch Public My attempt to create neural network design with autograd and backpropogation from scratch using python. Jupyter Notebook RohitMangale/ MessMate RohitMangale/MessMate Public Python 1 QiskitBasics QiskitBasics Public Exploring the basics qiskit Jupyter Notebook Something went wrong, please refresh the page to try again. If the problem persists, check the GitHub status page or contact support .",
  "links": [
    {
      "url": "/login?return_to=https%3A%2F%2Fgithub.com%2FArooshJ",
      "text": "Follow"
    },
    {
      "url": "/ArooshJ",
      "text": "Overview"
    },
    {
      "url": "/ArooshJ?tab=repositories",
      "text": "Repositories"
    },
    {
      "url": "/ArooshJ?tab=projects",
      "text": "Projects"
    },
    {
      "url": "/ArooshJ?tab=packages",
      "text": "Packages"
    },
    {
      "url": "/ArooshJ?tab=stars",
      "text": "Stars"
    },
    {
      "url": "/login?return_to=https%3A%2F%2Fgithub.com%2FArooshJ",
      "text": "Follow"
    },
    {
      "url": "https://avatars.githubusercontent.com/u/128293317?v=4",
      "text": ""
    },
    {
      "url": "/login?return_to=https%3A%2F%2Fgithub.com%2FArooshJ",
      "text": "Follow"
    },
    {
      "url": "https://github.com/ArooshJ?tab=followers",
      "text": "5\n          followers"
    },
    {
      "url": "https://github.com/ArooshJ?tab=following",
      "text": "7\n          following"
    },
    {
      "url": "/ArooshJ?tab=achievements",
      "text": "Achievements"
    },
    {
      "url": "/ArooshJ?achievement=pull-shark&tab=achievements",
      "text": ""
    },
    {
      "url": "/ArooshJ?tab=achievements",
      "text": "Achievements"
    },
    {
      "url": "/ArooshJ?achievement=pull-shark&tab=achievements",
      "text": ""
    },
    {
      "url": "https://docs.github.com/articles/blocking-a-user-from-your-personal-account",
      "text": "blocking users"
    },
    {
      "url": "https://docs.github.com/articles/reporting-abuse-or-spam",
      "text": "reporting abuse"
    },
    {
      "url": "/contact/report-abuse?report=ArooshJ+%28user%29",
      "text": "Report abuse"
    },
    {
      "url": "/ArooshJ",
      "text": "Overview"
    },
    {
      "url": "/ArooshJ?tab=repositories",
      "text": "Repositories"
    },
    {
      "url": "/ArooshJ?tab=projects",
      "text": "Projects"
    },
    {
      "url": "/ArooshJ?tab=packages",
      "text": "Packages"
    },
    {
      "url": "/ArooshJ?tab=stars",
      "text": "Stars"
    },
    {
      "url": "/ArooshJ/ArooshJ",
      "text": "ArooshJ"
    },
    {
      "url": "/ShubhamKarampure/ShikshaSangam",
      "text": "ShubhamKarampure/ShikshaSangam"
    },
    {
      "url": "/ArooshJ/AmazonMLChallenge24",
      "text": "AmazonMLChallenge24"
    },
    {
      "url": "/ShubhamKarampure/asl-streamlit-signlingo",
      "text": "ShubhamKarampure/asl-streamlit-signlingo"
    },
    {
      "url": "/ArooshJ/NNFromScratch",
      "text": "NNFromScratch"
    },
    {
      "url": "/RohitMangale/MessMate",
      "text": "RohitMangale/MessMate"
    },
    {
      "url": "/RohitMangale/MessMate/forks",
      "text": "1"
    },
    {
      "url": "/ArooshJ/QiskitBasics",
      "text": "QiskitBasics"
    },
    {
      "url": "https://www.githubstatus.com/",
      "text": "GitHub status page"
    },
    {
      "url": "/contact",
      "text": "contact support"
    }
  ],
  "images": [
    {
      "src": "https://avatars.githubusercontent.com/u/128293317?s=64&v=4",
      "alt": "@ArooshJ"
    },
    {
      "src": "https://avatars.githubusercontent.com/u/128293317?s=64&v=4",
      "alt": "@ArooshJ"
    },
    {
      "src": "https://avatars.githubusercontent.com/u/128293317?v=4",
      "alt": "View ArooshJ's full-sized avatar"
    },
    {
      "src": "https://github.githubassets.com/assets/pull-shark-default-498c279a747d.png",
      "alt": "Achievement: Pull Shark"
    },
    {
      "src": "https://github.githubassets.com/assets/pull-shark-default-498c279a747d.png",
      "alt": "Achievement: Pull Shark"
    }
  ]
}