[
  {
    "fullName": "Jeremy Zhang",
    "linkedin_internal_id": "673734069",
    "first_name": "Jeremy",
    "last_name": "Zhang",
    "public_identifier": "jeremyzhang1",
    "background_cover_image_url": "https://media.licdn.com/dms/image/v2/D5616AQF0GpxDaD4OXQ/profile-displaybackgroundimage-shrink_200_800/profile-displaybackgroundimage-shrink_200_800/0/1718246414992?e=2147483647&v=beta&t=QXN2wws7buOByFB0jZ6OO39SuMNQy3B4_bVQ0Qa-2L4",
    "profile_photo": "https://static.licdn.com/aero-v1/sc/h/9c8pery4andzj6ohjkjp54ma2",
    "headline": "",
    "location": "1K followers\n          \n              500+ connections",
    "about": "",
    "experience": [],
    "education": [],
    "articles": [],
    "description": {
      "description1": "Ramp",
      "description1_link": "https://www.linkedin.com/company/ramp?trk=public_profile_topcard-current-company",
      "description2": "Harvard University",
      "description2_link": "https://www.linkedin.com/school/harvard-university/?trk=public_profile_topcard-school",
      "description3": ""
    },
    "activities": [],
    "volunteering": [],
    "certification": [],
    "people_also_viewed": [
      {
        "link": "https://www.linkedin.com/in/saumilagrawal?trk=public_profile_browsemap-profile",
        "name": "Saumil Agrawal",
        "summary": "",
        "location": "Austin, TX"
      },
      {
        "link": "https://www.linkedin.com/in/johnshunfan?trk=public_profile_browsemap-profile",
        "name": "John Fan",
        "summary": "",
        "location": "San Francisco, CA"
      },
      {
        "link": "https://www.linkedin.com/in/rajat-goel-a9513715?trk=public_profile_browsemap-profile",
        "name": "Rajat Goel",
        "summary": "",
        "location": "Mountain View, CA"
      },
      {
        "link": "https://www.linkedin.com/in/shitijmalhotra?trk=public_profile_browsemap-profile",
        "name": "Shitij Malhotra, CFA",
        "summary": "",
        "location": "New York, NY"
      },
      {
        "link": "https://www.linkedin.com/in/vzhao?trk=public_profile_browsemap-profile",
        "name": "Valerie Zhao",
        "summary": "",
        "location": "Boston, MA"
      },
      {
        "link": "https://www.linkedin.com/in/joshmittler?trk=public_profile_browsemap-profile",
        "name": "Josh M.",
        "summary": "",
        "location": "Los Angeles Metropolitan Area"
      },
      {
        "link": "https://www.linkedin.com/in/hsiehtingyao?trk=public_profile_browsemap-profile",
        "name": "Tony Hsieh",
        "summary": "",
        "location": "New York, NY"
      },
      {
        "link": "https://www.linkedin.com/in/abeweston?trk=public_profile_browsemap-profile",
        "name": "Abe Weston",
        "summary": "",
        "location": "Fremont, CA"
      },
      {
        "link": "https://www.linkedin.com/in/ravipnshah?trk=public_profile_browsemap-profile",
        "name": "Ravi Shah",
        "summary": "",
        "location": "New York, NY"
      },
      {
        "link": "https://www.linkedin.com/in/vincent-garcia-0625?trk=public_profile_browsemap-profile",
        "name": "Vincent Garcia",
        "summary": "",
        "location": "Los Angeles Metropolitan Area"
      },
      {
        "link": "https://www.linkedin.com/in/merveatess?trk=public_profile_browsemap-profile",
        "name": "MERVE ATES",
        "summary": "",
        "location": "San Francisco, CA"
      },
      {
        "link": "https://www.linkedin.com/in/ryan-cutter-29635b84?trk=public_profile_browsemap-profile",
        "name": "Ryan Cutter",
        "summary": "",
        "location": "Indianapolis, IN"
      },
      {
        "link": "https://uk.linkedin.com/in/yunjiaoduan?trk=public_profile_browsemap-profile",
        "name": "Yunjiao Duan",
        "summary": "",
        "location": "London"
      },
      {
        "link": "https://www.linkedin.com/in/omkaracharya009?trk=public_profile_browsemap-profile",
        "name": "Omkar Acharya",
        "summary": "",
        "location": "Atlanta, GA"
      },
      {
        "link": "https://www.linkedin.com/in/mengxu1?trk=public_profile_browsemap-profile",
        "name": "Meng(Sirius) Xu, FRM",
        "summary": "",
        "location": "New York City Metropolitan Area"
      },
      {
        "link": "https://www.linkedin.com/in/bukolaayodele?trk=public_profile_browsemap-profile",
        "name": "Bukola Ayodele",
        "summary": "",
        "location": "New York, NY"
      },
      {
        "link": "https://www.linkedin.com/in/jamesbarlia?trk=public_profile_browsemap-profile",
        "name": "James Barlia",
        "summary": "",
        "location": "Washington, DC"
      },
      {
        "link": "https://www.linkedin.com/in/aditi-maheshwari-stanford?trk=public_profile_browsemap-profile",
        "name": "Aditi Maheshwari",
        "summary": "",
        "location": "Boston, MA"
      },
      {
        "link": "https://www.linkedin.com/in/vchabs?trk=public_profile_browsemap-profile",
        "name": "Vishaal Chhabria",
        "summary": "",
        "location": "Washington DC-Baltimore Area"
      }
    ],
    "similar_profiles": [
      {
        "link": "https://www.linkedin.com/in/jeremyziyuzhang?trk=public_profile_samename-profile",
        "name": "Jeremy Zhang",
        "summary": "",
        "location": "San Francisco Bay Area"
      },
      {
        "link": "https://www.linkedin.com/in/jeremy-zhang-73bb261?trk=public_profile_samename-profile",
        "name": "Jeremy Zhang",
        "summary": "",
        "location": "Raleigh, NC"
      },
      {
        "link": "https://www.linkedin.com/in/jeremy-zhang-b1256233?trk=public_profile_samename-profile",
        "name": "Jeremy Zhang",
        "summary": "",
        "location": "San Francisco Bay Area"
      },
      {
        "link": "https://www.linkedin.com/in/jeremy-zhang-b16302230?trk=public_profile_samename-profile",
        "name": "Jeremy Zhang",
        "summary": "Ex-CASETiFY | Business Analytics & Intelligence | UW-Madison",
        "location": "Madison, WI"
      }
    ],
    "recommendations": [],
    "publications": [],
    "courses": [],
    "languages": [],
    "organizations": [],
    "projects": [],
    "awards": [],
    "score": []
  }
]