[
  {
    "fullName": "Mav L.",
    "linkedin_internal_id": "831321162",
    "first_name": "Mav",
    "last_name": "L.",
    "public_identifier": "mavli",
    "background_cover_image_url": "https://media.licdn.com/dms/image/v2/C4E16AQGaJsfrLnqf9w/profile-displaybackgroundimage-shrink_200_800/profile-displaybackgroundimage-shrink_200_800/0/1631161128047?e=2147483647&v=beta&t=72m77FH0RMAL_MX0IeEbZtjjSWvFQ18fOQoBFEGZhyQ",
    "profile_photo": "https://static.licdn.com/aero-v1/sc/h/9c8pery4andzj6ohjkjp54ma2",
    "headline": "Explorer / Investor / Trader / IESO'19 / CM, WCM in Chess",
    "location": "2K followers\n          \n          \n              500+ connections",
    "followers": "Issued Mar 2022",
    "connections": "Issued Mar 2022",
    "about": "",
    "experience": [
      {
        "position": "Exploring",
        "company_url": "https://www.linkedin.com/company/stealthstartupcareers?trk=public_profile_experience-item_profile-section-card_subtitle-click",
        "company_image": "https://media.licdn.com/dms/image/v2/D4D0BAQHGEIyhghfgwQ/company-logo_100_100/company-logo_100_100/0/1689624249740/warmstealth_logo?e=2147483647&v=beta&t=os-d87pMiWiyRN_hqK0T5bQzGHYEY26iZuqFFuAVObk",
        "company_name": "Stealth",
        "location": "San Francisco Bay Area",
        "summary": "",
        "starts_at": "2025",
        "ends_at": "Present",
        "duration": "less than a year"
      },
      {
        "position": "Angel Investor",
        "company_url": "https://www.linkedin.com/company/stealthstartupcareers?trk=public_profile_experience-item_profile-section-card_subtitle-click",
        "company_image": "https://media.licdn.com/dms/image/v2/D4D0BAQHGEIyhghfgwQ/company-logo_100_100/company-logo_100_100/0/1689624249740/warmstealth_logo?e=2147483647&v=beta&t=os-d87pMiWiyRN_hqK0T5bQzGHYEY26iZuqFFuAVObk",
        "company_name": "Stealth",
        "location": null,
        "summary": "",
        "starts_at": "2025",
        "ends_at": "Present",
        "duration": "less than a year"
      },
      {
        "position": "Angel Investor",
        "company_url": "https://www.linkedin.com/company/nosuio?trk=public_profile_experience-item_profile-section-card_subtitle-click",
        "company_image": "https://media.licdn.com/dms/image/v2/D560BAQFxLA9UBtGlIA/company-logo_100_100/company-logo_100_100/0/1733773529419?e=2147483647&v=beta&t=JWDTYmB4LShmm9W6vuriPoO4fSMPMFcHbZU1kl7uBhI",
        "company_name": "nosu",
        "location": null,
        "summary": "",
        "starts_at": "2025",
        "ends_at": "Present",
        "duration": "less than a year"
      },
      {
        "position": "Angel Investor",
        "company_url": "https://www.linkedin.com/company/haizelabs?trk=public_profile_experience-item_profile-section-card_subtitle-click",
        "company_image": "https://media.licdn.com/dms/image/v2/D4E0BAQFxLLr3DKjq5A/company-logo_100_100/company-logo_100_100/0/1718167747924?e=2147483647&v=beta&t=WUtZod_M0p7dtZYyoQq-n4_sxqZlEnjZNmb-E_kQjZs",
        "company_name": "Haize Labs",
        "location": null,
        "summary": "",
        "starts_at": "2024",
        "ends_at": "Present",
        "duration": "1 year"
      },
      {
        "position": "Angel Investor",
        "company_url": "https://www.linkedin.com/company/etched-ai?trk=public_profile_experience-item_profile-section-card_subtitle-click",
        "company_image": "https://media.licdn.com/dms/image/v2/D560BAQEJn1FE1j5S-A/company-logo_100_100/company-logo_100_100/0/1703108342517/etched_ai_logo?e=2147483647&v=beta&t=cDvZc1mxv-HSGA3laU7bBU9_sE-J6agvCHe0eulq3M4",
        "company_name": "Etched",
        "location": null,
        "summary": "",
        "starts_at": "2024",
        "ends_at": "Present",
        "duration": "1 year"
      },
      {
        "position": "Angel Investor",
        "company_url": "https://www.linkedin.com/company/xoul-ai?trk=public_profile_experience-item_profile-section-card_subtitle-click",
        "company_image": "https://media.licdn.com/dms/image/v2/D560BAQG53CyWB0HR4w/company-logo_100_100/company-logo_100_100/0/1702264436677/xoul_ai_logo?e=2147483647&v=beta&t=8DOujiPKmWdYZQAR95PFVK33w7WRU81zSMg656kq7JA",
        "company_name": "XOUL",
        "location": null,
        "summary": "",
        "starts_at": "2024",
        "ends_at": "Present",
        "duration": "1 year"
      },
      {
        "position": "Quantitative Trader",
        "company_url": "https://www.linkedin.com/company/blackedge-capital?trk=public_profile_experience-item_profile-section-card_subtitle-click",
        "company_image": "https://media.licdn.com/dms/image/v2/C510BAQEwHs0oy0Ly7A/company-logo_100_100/company-logo_100_100/0/1631366884664?e=2147483647&v=beta&t=nL-w9uL3ibH68VwRLlAC7o7F6OVj6d2tAH0i_4Kvx_8",
        "company_name": "BlackEdge Capital",
        "location": null,
        "summary": "",
        "starts_at": "2024",
        "ends_at": "2024",
        "duration": "less than a year"
      },
      {
        "position": "Study Abroad, Student Researcher in the Arctic",
        "company_url": "https://www.linkedin.com/school/schoolforinternationaltraining/?trk=public_profile_experience-item_profile-section-card_subtitle-click",
        "company_image": "https://media.licdn.com/dms/image/v2/C4E0BAQHjidVVQE68WA/company-logo_100_100/company-logo_100_100/0/1630593690064/schoolforinternationaltraining_logo?e=2147483647&v=beta&t=Zj7_PvC7VLjliohfu0JP4kjqlYY0a6cYnOHbxwlZFhQ",
        "company_name": "School for International Training",
        "location": "Iceland",
        "summary": "",
        "starts_at": "Aug 2023",
        "ends_at": "Dec 2023",
        "duration": "5 months"
      },
      {
        "position": "Undergrad Researcher",
        "company_url": "https://www.linkedin.com/school/harvard-school-of-engineering-and-applied-sciences/?trk=public_profile_experience-item_profile-section-card_subtitle-click",
        "company_image": "https://media.licdn.com/dms/image/v2/C4E0BAQF26un2IGhsYg/company-logo_100_100/company-logo_100_100/0/1630609147706/harvard_school_of_engineering_and_applied_sciences_logo?e=2147483647&v=beta&t=ZzDYym7AJl0uJBYBAqOmUGLWZIQC6BWhWzHiqLQ2Cuc",
        "company_name": "Harvard John A. Paulson School of Engineering and Applied Sciences",
        "location": null,
        "summary": "",
        "starts_at": "Jan 2023",
        "ends_at": "May 2023",
        "duration": "5 months"
      },
      {
        "position": "Quantitative Trader",
        "company_url": "https://www.linkedin.com/company/jane-street-global?trk=public_profile_experience-item_profile-section-card_subtitle-click",
        "company_image": "https://media.licdn.com/dms/image/v2/D4E0BAQGDwkF0pxTSjg/company-logo_100_100/company-logo_100_100/0/1700507376786/jane_street_global_logo?e=2147483647&v=beta&t=eyFaBH-a-t5Vq833fZdXpmwlgy-c5614-tH0NvnA19c",
        "company_name": "Jane Street",
        "location": "New York, New York, United States",
        "summary": "",
        "starts_at": "2023",
        "ends_at": "2023",
        "duration": "less than a year"
      },
      {
        "position": "Program Lead",
        "company_url": "https://www.linkedin.com/company/huceg?trk=public_profile_experience-item_profile-section-card_subtitle-click",
        "company_image": "https://media.licdn.com/dms/image/v2/D560BAQEWrAjjEHme8g/company-logo_100_100/company-logo_100_100/0/1737009359261/huceg_logo?e=2147483647&v=beta&t=_goWRb6v9DEK_KojbmkYXaJb50xGivr54-kxYvVADXY",
        "company_name": "Harvard Undergraduate Clean Energy Group",
        "location": null,
        "summary": "",
        "starts_at": "Aug 2021",
        "ends_at": "May 2022",
        "duration": "10 months"
      },
      {
        "position": "Crypto Trader",
        "company_url": "https://www.linkedin.com/company/galaxyhq?trk=public_profile_experience-item_profile-section-card_subtitle-click",
        "company_image": "https://media.licdn.com/dms/image/v2/D4E0BAQFRmPyZvorlsA/company-logo_100_100/company-logo_100_100/0/1706048770104/galaxyhq_logo?e=2147483647&v=beta&t=zFlyPvL31u1AagZJyy8A8l03OeGwvmdbwWd-BlwjXt4",
        "company_name": "Galaxy",
        "location": "New York, New York, United States",
        "summary": "",
        "starts_at": "2022",
        "ends_at": "2022",
        "duration": "less than a year"
      },
      {
        "position": "Growth Investor",
        "company_url": "https://www.linkedin.com/company/the-lightsmith-group?trk=public_profile_experience-item_profile-section-card_subtitle-click",
        "company_image": "https://media.licdn.com/dms/image/v2/C560BAQG4SPk1I0lsVg/company-logo_100_100/company-logo_100_100/0/1630627200046/the_lightsmith_group_logo?e=2147483647&v=beta&t=KjfitEVxiuWIhkbD8L0B0DiKtl55vf8Wpou7eTDS-38",
        "company_name": "The Lightsmith Group",
        "location": null,
        "summary": "",
        "starts_at": "2022",
        "ends_at": "2022",
        "duration": "less than a year"
      },
      {
        "position": "Principal",
        "company_url": "https://www.linkedin.com/company/harvard-undergraduate-capital-partners?trk=public_profile_experience-item_profile-section-card_subtitle-click",
        "company_image": "https://media.licdn.com/dms/image/v2/C4D0BAQEbjTv8E7z3rg/company-logo_100_100/company-logo_100_100/0/1630552118367/harvard_undergraduate_capital_partners_logo?e=2147483647&v=beta&t=FN_UAkhi_mmKW2p784RcSdCv9e6XwQ_ddZNWD-f0eQg",
        "company_name": "Harvard Undergraduate Capital Partners",
        "location": null,
        "summary": "",
        "starts_at": "Aug 2020",
        "ends_at": "May 2021",
        "duration": "10 months"
      }
    ],
    "education": [
      {
        "college_url": "https://www.linkedin.com/school/harvard-university/?trk=public_profile_school_profile-section-card_image-click",
        "college_name": "Harvard University",
        "college_image": "https://media.licdn.com/dms/image/v2/C4E0BAQF5t62bcL0e9g/company-logo_100_100/company-logo_100_100/0/1631318058235?e=2147483647&v=beta&t=Ye1klXowyo8TIcnkhTlmORgiA5ZywvooNihDMnx5urQ",
        "college_degree": "Applied Mathematics",
        "college_degree_field": null,
        "college_duration": " - ",
        "college_activity": ""
      }
    ],
    "articles": [],
    "description": {
      "description1": "Stealth",
      "description1_link": "https://www.linkedin.com/company/stealthstartupcareers?trk=public_profile_topcard-current-company",
      "description2": "Harvard University",
      "description2_link": "https://www.linkedin.com/school/harvard-university/?trk=public_profile_topcard-school",
      "description3": "",
      "description3_link": null
    },
    "activities": [],
    "volunteering": [
      {
        "company_url": "https://www.linkedin.com/school/harvard-university/?trk=public_profile_volunteering-position_profile-section-card_image-click",
        "company_position": "Alumni Interviewer",
        "company_name": "Harvard University",
        "company_duration": "",
        "starts_at": "2024",
        "ends_at": "Present"
      },
      {
        "company_url": "https://www.linkedin.com/company/energy?trk=public_profile_volunteering-position_profile-section-card_image-click",
        "company_position": "Alumni National Science Bowl Volunteer",
        "company_name": "U.S. Department of Energy (DOE)",
        "company_duration": "",
        "starts_at": "Jan 2024",
        "ends_at": "Present"
      }
    ],
    "certification": [
      {
        "company_image": "https://media.licdn.com/dms/image/v2/D560BAQFzxUDOFJE90Q/company-logo_100_100/B56ZT2MqAIGUAU-/0/1739297300806/akuna_capital_logo?e=2147483647&v=beta&t=LhL63nYTAFFoLxYXoh6eZxbT8-B39P9wzvwAQ1-y7AQ",
        "certification": "Akuna Capital Options 101",
        "company_url": "https://www.linkedin.com/company/akuna-capital?trk=public_profile_profile-section-card_image-click",
        "company_name": "Akuna Capital",
        "issue_date": "Issued Mar 2022",
        "credential_id": "Credential ID cert_hsfptlzy",
        "credential_url": "https://drive.google.com/file/d/1kZ9EVdByV6XFoW3pnsuL6krvgb5UkvIy/view?usp=sharing&trk=public_profile_see-credential"
      },
      {
        "company_image": "https://media.licdn.com/dms/image/v2/C4D0BAQEkYdZtEI_xNA/company-logo_100_100/company-logo_100_100/0/1630482775376/us_chess_federation_logo?e=2147483647&v=beta&t=yHMmwsW4XpXUy5sZu-pi8suyx-TdDfpFb9bVGVPG2eA",
        "certification": "Candidate Master",
        "company_url": "https://www.linkedin.com/company/us-chess-federation?trk=public_profile_profile-section-card_image-click",
        "company_name": "US Chess",
        "issue_date": "",
        "credential_id": "",
        "credential_url": null
      },
      {
        "company_image": "https://static.licdn.com/aero-v1/sc/h/cs8pjfgyw96g44ln9r7tct85f",
        "certification": "Womens Candidate Master",
        "company_url": "https://www.linkedin.com/company/fide---world-chess-federation?trk=public_profile_profile-section-card_image-click",
        "company_name": "FIDE - World Chess Federation",
        "issue_date": "",
        "credential_id": "",
        "credential_url": null
      }
    ],
    "people_also_viewed": [
      {
        "link": "https://www.linkedin.com/in/ashernoel?trk=public_profile_browsemap-profile",
        "name": "Asher Noel",
        "summary": "",
        "location": "New York, NY"
      },
      {
        "link": "https://www.linkedin.com/in/jade-stannard?trk=public_profile_browsemap-profile",
        "name": "Jade Stannard",
        "summary": "",
        "location": "San Francisco, CA"
      },
      {
        "link": "https://www.linkedin.com/in/dovranov?trk=public_profile_browsemap-profile",
        "name": "Sohbet Dovranov",
        "summary": "",
        "location": "Cambridge, MA"
      },
      {
        "link": "https://www.linkedin.com/in/catherineye00?trk=public_profile_browsemap-profile",
        "name": "Catherine Ye",
        "summary": "",
        "location": "New York City Metropolitan Area"
      },
      {
        "link": "https://www.linkedin.com/in/marienganele?trk=public_profile_browsemap-profile",
        "name": "Marie Nganele",
        "summary": "Technical Marketing Specialist at Becker & Poliakoff",
        "location": "New York, NY"
      },
      {
        "link": "https://www.linkedin.com/in/christopher-cleveland?trk=public_profile_browsemap-profile",
        "name": "Christopher Cleveland",
        "summary": "",
        "location": "Providence, RI"
      },
      {
        "link": "https://www.linkedin.com/in/stephcanahuati-crowl?trk=public_profile_browsemap-profile",
        "name": "Stephanie Canahuati-Crowl, MBA",
        "summary": "Bilingual Professional | Strategic Planner & Communicator",
        "location": "Houston, TX"
      },
      {
        "link": "https://www.linkedin.com/in/andrew-huang-547a72146?trk=public_profile_browsemap-profile",
        "name": "Andrew Huang",
        "summary": "",
        "location": "Marlboro, NJ"
      },
      {
        "link": "https://www.linkedin.com/in/alexander-ruhl?trk=public_profile_browsemap-profile",
        "name": "Alexander Ruhl",
        "summary": "",
        "location": "New York City Metropolitan Area"
      },
      {
        "link": "https://www.linkedin.com/in/natalie-jahnke-09220452?trk=public_profile_browsemap-profile",
        "name": "Natalie Jahnke",
        "summary": "Event Coordinator at Inspire CIO Leadership Network (InspireCIO)",
        "location": "Atlanta, GA"
      }
    ],
    "similar_profiles": [
      {
        "link": "https://ca.linkedin.com/in/mav-l-5a77071b5?trk=public_profile_samename-profile",
        "name": "Mav L",
        "summary": "--",
        "location": "Montreal, QC"
      },
      {
        "link": "https://ca.linkedin.com/in/mav-l-b727071b5?trk=public_profile_samename-profile",
        "name": "Mav L",
        "summary": "--",
        "location": "Montreal, QC"
      }
    ],
    "recommendations": [],
    "publications": [],
    "courses": [],
    "languages": [
      {
        "name": "Chinese",
        "level": "Native or bilingual proficiency"
      },
      {
        "name": "Spanish",
        "level": "Limited working proficiency"
      },
      {
        "name": "English",
        "level": "Native or bilingual proficiency"
      }
    ],
    "organizations": [],
    "projects": [],
    "awards": [
      {
        "name": "Chess Awards",
        "organization": "-",
        "duration": "",
        "summary": "3rd place @ NGTOC(National Girls Tournament of Champion)Rep US @ World Youth Chess Championships Female (U16) in Uruguay and Female (U14) in Greece3-time IL State Female (U-18) Chess Champion(chosen to represent IL @ NGTOC)WCM and CM titles"
      },
      {
        "name": "Earth Science Olympiad Awards",
        "organization": "-",
        "duration": "",
        "summary": "Qualified for Gold Medal Score @ IESO in South Korea (Top 30 students in the World)International Earth Science Olympiad(IESO) Qualifier (Top 8 students in the US)US Earth Science Olympiad(USESO) Qualifier (Top 36 students in the US)"
      }
    ],
    "score": []
  }
]