[
  {
    "fullName": "Arjun Melwani",
    "linkedin_internal_id": "755574688",
    "first_name": "Arjun",
    "last_name": "Melwani",
    "public_identifier": "arjun-melwani",
    "background_cover_image_url": "https://static.licdn.com/aero-v1/sc/h/5q92mjc5c51bjlwaj3rs9aa82",
    "profile_photo": "https://media.licdn.com/dms/image/v2/C5603AQFHpGLGdJN4cg/profile-displayphoto-shrink_200_200/profile-displayphoto-shrink_200_200/0/1659050812346?e=2147483647&v=beta&t=HS7G9lzuJhJtcl7hT8LJKJ1HfBewBzmok62Aiz9I7oo",
    "headline": "Electrical Engineering, Computers Science and Physics @ MIT",
    "location": "1K followers\n          \n          \n              500+ connections",
    "about": "",
    "experience": [
      {
        "position": "Researcher",
        "company_url": "https://www.linkedin.com/company/mit-media-lab?trk=public_profile_experience-item_profile-section-card_subtitle-click",
        "company_image": "https://media.licdn.com/dms/image/v2/C560BAQEEH3CNoBAf9g/company-logo_100_100/company-logo_100_100/0/1675453512122/mit_media_lab_logo?e=2147483647&v=beta&t=pn4z7W1Gfo4ExBMwl9bP5-RVwarU95zET2ys_ri0ivM",
        "company_name": "MIT Media Lab",
        "location": null,
        "summary": "",
        "starts_at": "Sep 2024",
        "ends_at": "Present",
        "duration": "7 months"
      },
      {
        "position": "Product Development",
        "company_url": "https://www.linkedin.com/company/articulate-labs?trk=public_profile_experience-item_profile-section-card_subtitle-click",
        "company_image": "https://media.licdn.com/dms/image/v2/C4E0BAQH_A7sfXrFI3Q/company-logo_100_100/company-logo_100_100/0/1631336076940?e=2147483647&v=beta&t=6uItmQEhV1G7qcF1kcb1haPD0hwGNJruKp3QH3Pjkqw",
        "company_name": "Articulate Labs",
        "location": "Dallas, Texas, United States",
        "summary": "",
        "starts_at": "Jul 2021",
        "ends_at": "Jan 2024",
        "duration": "2 years 7 months"
      },
      {
        "position": "Company Owner",
        "company_image": "https://static.licdn.com/aero-v1/sc/h/cs8pjfgyw96g44ln9r7tct85f",
        "company_name": "Techabyte3d",
        "location": "Dallas, Texas, United States",
        "summary": "",
        "starts_at": "May 2016",
        "ends_at": "Jan 2024",
        "duration": "7 years 9 months"
      }
    ],
    "education": [
      {
        "college_url": "https://www.linkedin.com/school/mit/?trk=public_profile_school_profile-section-card_image-click",
        "college_name": "Massachusetts Institute of Technology",
        "college_image": "https://media.licdn.com/dms/image/v2/D560BAQH-UXRfIDIKug/company-logo_100_100/company-logo_100_100/0/1689799729035/mit_logo?e=2147483647&v=beta&t=2BcyEkKb9m86JDvxtNLfDVfyept76unhOFNf5Wt_Vp4",
        "college_degree": "Bachelor of Science - BS",
        "college_degree_field": "Electrical Engineering Computer Science and Physics",
        "college_duration": "2024 - 2028",
        "college_activity": ""
      },
      {
        "college_url": "https://www.linkedin.com/school/greenhill-school/?trk=public_profile_school_profile-section-card_image-click",
        "college_name": "Greenhill School",
        "college_image": "https://media.licdn.com/dms/image/v2/D4E0BAQFcmk979EbBLg/company-logo_100_100/company-logo_100_100/0/1690316740875/greenhill_school_logo?e=2147483647&v=beta&t=op1QkZgL-NyLRAk54M03DYNi2ud47us_JkKCW7q3Vz8",
        "college_degree": "",
        "college_degree_field": null,
        "college_duration": "2008 - 2024",
        "college_activity": ""
      }
    ],
    "articles": [],
    "description": {
      "description1": "MIT Media Lab",
      "description1_link": "https://www.linkedin.com/company/mit-media-lab?trk=public_profile_topcard-current-company",
      "description2": "Massachusetts Institute of Technology",
      "description2_link": "https://www.linkedin.com/school/mit/?trk=public_profile_topcard-school",
      "description3": ""
    },
    "activities": [
      {
        "link": "https://www.linkedin.com/posts/eric-vyacheslav-156273169_watch-out-cursor-engineers-are-coming-for-activity-7282758651323260928-ZjAz",
        "title": "Watch out. Cursor engineers are coming for our jobs.\n\n\u2193\nAre you technical? Check out\u00a0https://AlphaSignal.ai\u00a0to get a daily summary of breakthrough\u2026",
        "activity": "Liked by Arjun Melwani"
      },
      {
        "link": "https://www.linkedin.com/posts/audrey-chen-tech_hackathon-hackathonwin-careergrowth-activity-7285302992315019264-qWtj",
        "title": "The full 6 week journey of nosu.io with aidan gollan so far \ud83e\udd79\ud83e\udd72, all the way up to the vc backing\n\nnosu \n#hackathon #hackathonwin #careergrowth\u2026",
        "activity": "Liked by Arjun Melwani"
      },
      {
        "link": "https://www.linkedin.com/posts/roxanagrunenwald_mit-entrepreneurship-vc-activity-7273431992161968128-9cCO",
        "image": "https://media.licdn.com/dms/image/v2/D4D22AQGf-SegKQDpvw/feedshare-shrink_800/B4DZPBr2c5HMAg-/0/1734121320167?e=2147483647&v=beta&t=3jUfqylWfpixEYd1dcWYUW5pesSX-Ne52x06gbS_je8",
        "title": "Last week, I attended the MIT $100K Entrepreneurship Competition and heard 16 incredible, early-stage MIT companies give a 90-second pitch, no\u2026",
        "activity": "Liked by Arjun Melwani"
      },
      {
        "link": "https://www.linkedin.com/posts/mit-100k-entrepreneurship-competition_mit-100k-entreprenuership-competition-pitch-activity-7263924255598260224-YK_t",
        "image": "https://media.licdn.com/dms/image/sync/v2/D5627AQHulpXsDt8APg/articleshare-shrink_800/articleshare-shrink_800/0/1731383413063?e=2147483647&v=beta&t=0lHpnOzE0RnceZYC3gr-QQVJkEWERwMuvHaVxW8a0kw",
        "title": "We're excited to hear 16 teams pitch on Dec 3rd from 7:00 - 9:30PM! Come join us for an action packed evening as we highlight and award some of MIT's\u2026",
        "activity": "Liked by Arjun Melwani"
      },
      {
        "link": "https://www.linkedin.com/posts/christina-lee-28528b238_launching-guii-your-creative-coding-companion-activity-7262904432600719362-7Ak4",
        "image": "https://media.licdn.com/dms/image/v2/D5622AQGAbbU9Z6z6WQ/feedshare-shrink_2048_1536/feedshare-shrink_2048_1536/0/1731609137879?e=2147483647&v=beta&t=UfagKaPi6ZDTu8avuXDfLpv2cQeqIAbjE8x9ndBjm1w",
        "title": "\ud83d\udc0c Launching Guii, your Creative Coding Companion\n\nRead more about Guii.AI, your creative coding companion, powered by Cerebras inference at\u2026",
        "activity": "Liked by Arjun Melwani"
      },
      {
        "link": "https://www.linkedin.com/posts/anaschen_exciting-news-to-share-after-being-selected-activity-7256791555045269504-xR5L",
        "image": "https://media.licdn.com/dms/image/v2/D4D22AQG8PN5aFA-flQ/feedshare-shrink_800/feedshare-shrink_800/0/1730153929110?e=2147483647&v=beta&t=Dc3SS0PLalCNjLGxrv8sBggTy9uOP30pjGBGYhzYnEE",
        "title": "\ud83c\udfc6 Exciting news to share: After being selected as finalists in the MIT AI Hackathon last week, our team went on to secure 3rd place at the MIT AI\u2026",
        "activity": "Liked by Arjun Melwani"
      },
      {
        "link": "https://www.linkedin.com/posts/terraapi_hackmit2024-terraapi-wearabletech-activity-7257421054367723522-SvbD",
        "image": "https://media.licdn.com/dms/image/v2/D4E05AQEdR4QlzI0CEg/videocover-high/videocover-high/0/1727701416937?e=2147483647&v=beta&t=0_5vgnVMr9w12AuP9ILjT_rLJVh2JujJDaL3hf7fGLQ",
        "title": "Here's a look back on the winners of our TerraAPI track and the overall grand prize at HackMIT,\u00a0Team HarmoNIC! \n\nCongratulations again to\u00a0Arjun\u2026",
        "activity": "Liked by Arjun Melwani"
      },
      {
        "link": "https://www.linkedin.com/posts/skylotech_skylo-powered-team-wins-hackmit-hackathon-activity-7253034894111526914-_IhM",
        "image": "https://media.licdn.com/dms/image/v2/D4E05AQGmjJ4UW673JA/feedshare-thumbnail_720_1280/feedshare-thumbnail_720_1280/0/1729257944955?e=2147483647&v=beta&t=MvVVsCtVmgcrWeJEbq7GVzty3BqDBGjB2gU5KFGKNeU",
        "title": "We were proud to sponsor HackMIT last month and to see a Skylo-powered team take the event\u2019s top prize. This weekend we are sponsoring Cal Hacks, the\u2026",
        "activity": "Liked by Arjun Melwani"
      },
      {
        "link": "https://www.linkedin.com/posts/arjun-melwani_i-have-some-exciting-news-to-share-last-activity-7245170845201903617-hP6a",
        "image": "https://media.licdn.com/dms/image/v2/D5622AQGEZ0-wDEpBVg/feedshare-shrink_2048_1536/feedshare-shrink_2048_1536/0/1727383336108?e=2147483647&v=beta&t=MYbKHPM6I2wcDupvoS2O-WFcG29XZPSmImTdhQ2YrRU",
        "title": "I have some exciting news to share: last weekend, my teammates, Arnav Adhikari, Tahsin Zaman, and I won first place at HackMIT \u2014 one of the biggest\u2026",
        "activity": "Shared by Arjun Melwani"
      },
      {
        "link": "https://www.linkedin.com/posts/ani-chari_240909975-activity-7241664827163566081-iC7B",
        "image": "https://static.licdn.com/aero-v1/sc/h/53n89ecoxpr1qrki1do3alazb",
        "title": "Happy to share my latest preprint, \"Constrained Bandwidth Observation Sharing for Multi-Robot Navigation in Dynamic Environments via Intelligent\u2026",
        "activity": "Liked by Arjun Melwani"
      },
      {
        "link": "https://www.linkedin.com/posts/cheng-george_%F0%9D%97%AA%F0%9D%97%B5%F0%9D%97%AE%F0%9D%98%81-%F0%9D%97%B6%F0%9D%98%80-%F0%9D%97%B0%F0%9D%97%BC%F0%9D%97%B9%F0%9D%97%B9%F0%9D%97%B2%F0%9D%97%B4%F0%9D%97%B2-%F0%9D%97%AE%F0%9D%97%B9%F0%9D%97%B9-%F0%9D%97%AE%F0%9D%97%AF%F0%9D%97%BC%F0%9D%98%82%F0%9D%98%81-activity-7239286554379132928-tJTk",
        "image": "https://media.licdn.com/dms/image/v2/D4E22AQErOtzce4gAuw/feedshare-shrink_2048_1536/feedshare-shrink_2048_1536/0/1725953417435?e=2147483647&v=beta&t=rpE8ZvU2q4t-iXkCnKJ20yoR8Hull1D4TlvHlrCJ340",
        "title": "\ud835\uddea\ud835\uddf5\ud835\uddee\ud835\ude01 \ud835\uddf6\ud835\ude00 \ud835\uddf0\ud835\uddfc\ud835\uddf9\ud835\uddf9\ud835\uddf2\ud835\uddf4\ud835\uddf2 \ud835\uddee\ud835\uddf9\ud835\uddf9 \ud835\uddee\ud835\uddef\ud835\uddfc\ud835\ude02\ud835\ude01?\n\nSome may say that it's the education. Others may say that it's an opportunity to grow skills in\u2026",
        "activity": "Liked by Arjun Melwani"
      },
      {
        "link": "https://www.linkedin.com/posts/greenhill-school_congratulations-to-the-class-of-2024-we-activity-7198733158085742593-Id3a",
        "image": "https://media.licdn.com/dms/image/v2/D5610AQHxp0Ze-tokig/image-shrink_800/image-shrink_800/0/1716311730625?e=2147483647&v=beta&t=LY-OUL3Wq2x5Dzd2J8cr0_aclFyJkFkXmNUVs86Q_UM",
        "title": "Congratulations to the Class of 2024! We\u2019re incredibly proud of these hard-working graduates and can\u2019t wait to see all they accomplish.",
        "activity": "Liked by Arjun Melwani"
      },
      {
        "link": "https://www.linkedin.com/posts/ashverya_so-happy-to-be-back-for-greenhills-alumni-activity-7187460040189009920-5j3j",
        "image": "https://media.licdn.com/dms/image/v2/D5622AQGeDUbnmeKgAw/feedshare-shrink_2048_1536/feedshare-shrink_2048_1536/0/1713624008267?e=2147483647&v=beta&t=qbySsnq8aOiq5ZEwBqfLnb6yCRjyP-V9TOJeO8EihoA",
        "title": "So happy to be back for Greenhill's alumni weekend! It was wonderful to see Mr. Oros and celebrate his retirement. We were also lucky to get a tour\u2026",
        "activity": "Liked by Arjun Melwani"
      },
      {
        "link": "https://www.linkedin.com/posts/varun-gande_i-am-excited-to-announce-that-after-completion-activity-7178280768115265536-rADD",
        "image": "https://media.licdn.com/dms/image/v2/D5622AQG6Fq3NL5ru1w/feedshare-shrink_2048_1536/feedshare-shrink_2048_1536/0/1711431064776?e=2147483647&v=beta&t=lxcWtK-7b2QFlmD7BDmzm05AIlfS5OjAm3DrH2pOHn8",
        "title": "I am excited to announce that after completion of my undergraduate studies at Cornell University, I will be pursuing a Ph.D. at Stanford University\u2026",
        "activity": "Liked by Arjun Melwani"
      },
      {
        "link": "https://www.linkedin.com/posts/peter-ch-guo_praxis-incubate-2024-program-praxis-spinal-activity-7153459923127812097-pAH7",
        "image": "https://media.licdn.com/dms/image/sync/v2/D4E27AQGzauMhZqg5ig/articleshare-shrink_800/articleshare-shrink_800/0/1711549660827?e=2147483647&v=beta&t=6zwK4R2VfPeSDaO8oy2oV_J8-GzeRTLWr3fO17rWY6I",
        "title": "Calling entrepreneurs with a focus on spinal cord injury therapies and devices - this opportunity is for you! Praxis accelerates ideation and\u2026",
        "activity": "Liked by Arjun Melwani"
      },
      {
        "link": "https://www.linkedin.com/posts/molly-fagelman-b2133a253_i-am-excited-to-share-that-i-will-be-interning-activity-7145526508336410624-sz91",
        "image": "https://media.licdn.com/dms/image/v2/D4E22AQHXvm-nurOPBA/feedshare-shrink_2048_1536/feedshare-shrink_2048_1536/0/1703626276401?e=2147483647&v=beta&t=AGKhPWFrpmYoYesG832FNrVMN_wgdRhT0nxMQuO-ClA",
        "title": "I am excited to share that I will be interning in the office of Congresswoman Beth Van-Duyne (TX-24) this upcoming semester. I am extremely grateful\u2026",
        "activity": "Liked by Arjun Melwani"
      }
    ],
    "volunteering": [],
    "certification": [],
    "people_also_viewed": [
      {
        "link": "https://www.linkedin.com/in/laura-brenner-555a63188?trk=public_profile_browsemap-profile",
        "name": "Laura Brenner",
        "summary": "Clerk Typist/Administrative Assistant at Commonwealth of Pennsylvania Liquor Control Board",
        "location": "Greater Philadelphia"
      },
      {
        "link": "https://www.linkedin.com/in/amy-de-vault-215178156?trk=public_profile_browsemap-profile",
        "name": "Amy De vault",
        "summary": "--",
        "location": "United States"
      },
      {
        "link": "https://www.linkedin.com/in/bailey-mccarthy-361a4b176?trk=public_profile_browsemap-profile",
        "name": "Bailey McCarthy",
        "summary": "Company Owner at Biscuit Home",
        "location": "Greater Houston"
      },
      {
        "link": "https://www.linkedin.com/in/roxanne-burroughs-bba960183?trk=public_profile_browsemap-profile",
        "name": "Roxanne Burroughs",
        "summary": "President at Majestic Grounds",
        "location": "Washington DC-Baltimore Area"
      },
      {
        "link": "https://www.linkedin.com/in/marcia-hendry-39986089?trk=public_profile_browsemap-profile",
        "name": "Marcia Hendry",
        "summary": "--",
        "location": "United States"
      },
      {
        "link": "https://www.linkedin.com/in/marti-jurak-3292b057?trk=public_profile_browsemap-profile",
        "name": "Marti Jurak",
        "summary": "--",
        "location": "United States"
      },
      {
        "link": "https://www.linkedin.com/in/rosemary-richard-543ab218a?trk=public_profile_browsemap-profile",
        "name": "Rosemary Richard",
        "summary": "Owner at Georgia Remodel Kitchen and Bath",
        "location": "Atlanta Metropolitan Area"
      },
      {
        "link": "https://www.linkedin.com/in/stephen-talbert-64b19670?trk=public_profile_browsemap-profile",
        "name": "Stephen Talbert",
        "summary": "Company owner",
        "location": "Roseville, CA"
      },
      {
        "link": "https://www.linkedin.com/in/david-glessing-56932a101?trk=public_profile_browsemap-profile",
        "name": "David Glessing",
        "summary": "Company Owner at ON THE LEVEL",
        "location": "Annapolis, MD"
      },
      {
        "link": "https://www.linkedin.com/in/charles-fradin-51b0b9181?trk=public_profile_browsemap-profile",
        "name": "Charles Fradin",
        "summary": "Company Owner at SG Fradin",
        "location": "Los Angeles Metropolitan Area"
      }
    ],
    "similar_profiles": [
      {
        "link": "https://in.linkedin.com/in/arjun-melwani-1216931b2?trk=public_profile_samename-profile",
        "name": "Arjun Melwani",
        "summary": "Founder at OG Samosa",
        "location": "Mumbai"
      }
    ],
    "recommendations": [],
    "publications": [],
    "courses": [],
    "languages": [],
    "organizations": [],
    "projects": [],
    "awards": [],
    "score": []
  }
]