{
  "title": "Max Z. Li - Michigan Aerospace Engineering",
  "meta_description": "",
  "main_content": "Max Z. Li Assistant Professor Home / People / Strategic Thrust Faculty Affiliations / Advanced Air Mobility / Max Z. Li email [email protected] Location 3029 Fran\u00e7ois-Xavier Bagnoud Aerospace Building 1320 Beal Avenue Ann Arbor, MI 48109-2140 Phone (217) 419-5173 Primary Website Visit Lab Site Biography Additional Title(s) Assistant Professor of Industrial and Operations Engineering Assistant Professor of Civil and Environmental Engineering Max is an Assistant Professor of Aerospace Engineering at the University of Michigan, Ann Arbor. He also has courtesy appointments in Civil and Environmental Engineering as well as Industrial and Operations Engineering. Max received his PhD in Aerospace Engineering from the Massachusetts Institute of Technology in 2021. He earned his MSE in Systems Engineering and BSE in Electrical Engineering and Mathematics, both from the University of Pennsylvania, in 2018. Max\u2019s research and teaching interests include air transportation systems, airport and airline operations, Advanced Air Mobility, networked systems, as well as optimization and control. Education Massachusetts Institute of Technology PhD, Aerospace Engineering, 2021 University of Pennsylvania MSE, Systems Engineering, 2018 BSE, Electrical Engineering, Mathematics, 2018 Research Interests Air transportation systems Airport and airline operations UAM/AAM Networked systems Optimization and control Research areas: Autonomous Systems and Control , Computation , MISA , Sustainable Aviation Professional Service American Institute of Aeronautics and Astronautics (AIAA) Institute of Electrical and Electronics Engineers (IEEE) Institute for Operations Research and the Management Sciences (INFORMS) Airline Group of the International Federation of Operational Research Societies (AGIFORS) Transportation Research Board (TRB) Awards Aviation Applications Section Best PhD Dissertation Prize, INFORMS 2022 Best Paper Award (System Performance), ICRAT 2020 Aviation Applications Section Best Presentation, 2020 INFORMS Annual Meeting Best Paper Award (Performance Analysis and Metrics), ATM R&D Seminar 2019 NSF Graduate Research Fellowship, 2018 Federal Aviation Administration RAISE Award, 2018 Related Links Curriculum Vitae Publications ResearchGate",
  "links": [
    {
      "url": "https://aero.engin.umich.edu",
      "text": "Home"
    },
    {
      "url": "https://aero.engin.umich.edu/people/",
      "text": "People"
    },
    {
      "url": "https://aero.engin.umich.edu/role/strategic-thrust-faculty-affiliations/",
      "text": "Strategic Thrust Faculty Affiliations"
    },
    {
      "url": "https://aero.engin.umich.edu/role/advanced-air-mobility/",
      "text": "Advanced Air Mobility"
    },
    {
      "url": "/cdn-cgi/l/email-protection#d4b9b5acaeb8bd94a1b9bdb7bcfab1b0a1",
      "text": "[email\u00a0protected]"
    },
    {
      "url": "tel:+2174195173",
      "text": "(217) 419-5173"
    },
    {
      "url": "https://sites.google.com/umich.edu/lattice/home",
      "text": "Visit Lab Site"
    },
    {
      "url": "https://aero.engin.umich.edu/research-area/autonomous-systems-control/",
      "text": "Autonomous Systems and Control"
    },
    {
      "url": "https://aero.engin.umich.edu/research-area/computation/",
      "text": "Computation"
    },
    {
      "url": "https://aero.engin.umich.edu/research-area/michigan-initiative-for-sustainable-aviation/",
      "text": "MISA"
    },
    {
      "url": "https://aero.engin.umich.edu/research-area/sustainable-aviation/",
      "text": "Sustainable Aviation"
    },
    {
      "url": "https://drive.google.com/file/d/19v_Ak-is2v8Fz3lDtP8I-_7mJcu0kA00/view?usp=sharing",
      "text": "Curriculum Vitae"
    },
    {
      "url": "https://scholar.google.com/citations?user=5zkrTYwAAAAJ&hl=en",
      "text": "Publications"
    },
    {
      "url": "https://www.researchgate.net/profile/Max-Li",
      "text": "ResearchGate"
    }
  ],
  "images": [
    {
      "src": "https://aero.engin.umich.edu/wp-content/uploads/sites/2/2021/08/li-portrait.jpg",
      "alt": ""
    }
  ]
}