{
  "title": "Max Z. Li - Industrial & Operations Engineering",
  "meta_description": "Max Li is a faculty member at the University of Michigan Department of Industrial and Operations Engineering.",
  "main_content": "Max Z. Li Assistant Professor Home / People / Faculty / Adjunct Faculty / Max Z. Li email [email protected] Location 3029 Fran\u00e7ois-Xavier Bagnoud Aerospace Building Phone (217) 419-5173 Primary Website https://sites.google.com/umich.edu/lattice/home Biography Personal Pronouns he/him Related Links Curriculum Vitae Publications ResearchGate Additional Title(s) Assistant Professor of Aerospace Engineering Assistant Professor of Civil and Environmental Engineering Max is an Assistant Professor of Aerospace Engineering at the University of Michigan, Ann Arbor. He also has courtesy appointments in Civil and Environmental Engineering as well as Industrial and Operations Engineering. Max received his PhD in Aerospace Engineering from the Massachusetts Institute of Technology in 2021. He earned his MSE in Systems Engineering and BSE in Electrical Engineering and Mathematics, both from the University of Pennsylvania, in 2018. Education PhD, Massachusetts Institute of Technology, 2021, Aerospace Engineering MSE, University of Pennsylvania, 2018, Systems Engineering BSE, University of Pennsylvania, 2018, Electrical Engineering, Mathematics Research Interests Max\u2019s research and teaching interests include air transportation systems, airport and airline operations, Advanced Air Mobility, networked systems, as well as optimization and control. Research areas: Data analytics , Mobility and transportation networks , Optimization , Stochastic systems Professional Society Memberships American Institute of Aeronautics and Astronautics (AIAA) Institute of Electrical and Electronics Engineers (IEEE) Institute for Operations Research and the Management Sciences (INFORMS) Airline Group of the International Federation of Operational Research Societies (AGIFORS) Transportation Research Board (TRB) Awards Best Paper Award (System Performance), ICRAT 2020 Aviation Applications Section Best Presentation, 2020 INFORMS Annual Meeting Best Paper Award (Performance Analysis and Metrics), ATM R&D Seminar 2019 NSF Graduate Research Fellowship, 2018 Federal Aviation Administration RAISE Award, 2018 Sample Publications Find Max\u2019s publications here",
  "links": [
    {
      "url": "https://ioe.engin.umich.edu",
      "text": "Home"
    },
    {
      "url": "https://ioe.engin.umich.edu/people/",
      "text": "People"
    },
    {
      "url": "https://ioe.engin.umich.edu/role/faculty/",
      "text": "Faculty"
    },
    {
      "url": "https://ioe.engin.umich.edu/role/adjunct-faculty/",
      "text": "Adjunct Faculty"
    },
    {
      "url": "/cdn-cgi/l/email-protection#1479756c6e787d5461797d777c3a717061",
      "text": "[email\u00a0protected]"
    },
    {
      "url": "tel:217419-5173",
      "text": "(217) 419-5173"
    },
    {
      "url": "https://sites.google.com/umich.edu/lattice/home",
      "text": "https://sites.google.com/umich.edu/lattice/home"
    },
    {
      "url": "https://drive.google.com/file/d/19v_Ak-is2v8Fz3lDtP8I-_7mJcu0kA00/view?usp=sharing",
      "text": "Curriculum Vitae"
    },
    {
      "url": "https://scholar.google.com/citations?user=5zkrTYwAAAAJ&hl=en",
      "text": "Publications"
    },
    {
      "url": "https://www.researchgate.net/profile/Max-Li",
      "text": "ResearchGate"
    },
    {
      "url": "https://ioe.engin.umich.edu/research-area/data-analytics/",
      "text": "Data analytics"
    },
    {
      "url": "https://ioe.engin.umich.edu/research-area/mobility-and-transportation-networks/",
      "text": "Mobility and transportation networks"
    },
    {
      "url": "https://ioe.engin.umich.edu/research-area/optimization/",
      "text": "Optimization"
    },
    {
      "url": "https://ioe.engin.umich.edu/research-area/stochastic-systems/",
      "text": "Stochastic systems"
    },
    {
      "url": "https://scholar.google.com/citations?user=5zkrTYwAAAAJ&hl=en",
      "text": "publications here"
    }
  ],
  "images": [
    {
      "src": "https://ioe.engin.umich.edu/wp-content/uploads/sites/7/2022/09/li-portrait.jpg",
      "alt": "Max Z. Li smiles and poses for a portrait."
    }
  ]
}