{
  "title": "Max Z. Li | Institute of Transportation Studies",
  "meta_description": "",
  "main_content": "Max Z. Li Job title: Co-Principal Investigator Department: Assistant Professor of Aerospace Engineering University of Michigan Bio/CV: Max is an Assistant Professor of Aerospace Engineering at the University of Michigan, Ann Arbor. He also has courtesy appointments in Civil and Environmental Engineering as well as Industrial and Operations Engineering. Max received his PhD in Aerospace Engineering from the Massachusetts Institute of Technology in 2021. He earned his MSE in Systems Engineering and BSE in Electrical Engineering and Mathematics, both from the University of Pennsylvania, in 2018. Max\u2019s research and teaching interests include air transportation systems, airport and airline operations, Advanced Air Mobility, networked systems, as well as optimization and control: At the University of Michigan, he leads the Laboratory for Air Transportation, Infrastructure, and Connected Environments (LATTICE). Max\u2019s research and LATTICE have been gratefully supported by the US National Science Foundation, NASA, The MITRE Corporation, and Collins Aerospace/RTX. Max is the recipient of the INFORMS Aviation Applications Section Best PhD Dissertation Prize, the FAA RAISE Award (2018), a National Science Foundation Graduate Research Fellowship (2018), as well as several best paper awards from ICRAT and ATM R&D Seminar, two joint FAA-EUROCONTROL conferences. Research interests: Air transportation systems Airport and airline operations Urban Air Mobility and Advanced Air Mobility Networked systems Optimization and Control Role: CATRes",
  "links": [
    {
      "url": "/person-type/catres",
      "text": "CATRes"
    }
  ],
  "images": [
    {
      "src": "https://its.berkeley.edu/sites/default/files/styles/openberkeley_brand_widgets_rectangle/public/maxli.png?itok=O0bTTYn9&timestamp=1736893544",
      "alt": "Max Li Headshot"
    }
  ]
}