{
  "title": "Students of STEM",
  "meta_description": "Speaker Spotlight In partnership with Discourse\u2014a YouTube channel started by our content director Vatsal Sivaratri\u2014Students of STEM is spotlighting speakers with computer science experience to give an inside perspective to the ever-changing field. For a complete playlist of guest talks, check out Discourse here. https://www.youtube.com/watch?v=AsqFap43N2k Ep. 5 Part I: Zarif Azher on Bioinformatics, BioCode, and\u2026",
  "main_content": "Speaker Spotlight In partnership with Discourse\u2014a YouTube channel started by our content director Vatsal Sivaratri\u2014Students of STEM is spotlighting speakers with computer science experience to give an inside perspective to the ever-changing field. For a complete playlist of guest talks, check out Discourse here . Ep. 5 Part I: Zarif Azher on Bioinformatics, BioCode, and Omics-Data Prognostics Zarif Azher is a bioinformatics researcher who strives to bridge the gap between science and policy making and making healthcare more accessible. We talk about his work in multimodal learning, and his work in science fairs and labs. \u3164 Ep. 4: Dr. John Leddo on AI Educational Software, Anti-Aging, and AI in Education Dr. John Leddo is an educational psychologist with over 30 years of experience. Recently, he\u2019s incorporated AI as a means to better educate his students, as well as pursue some of his own passion projects. \u3164 Ep 3: Aryaman Khanna on TJML, Autonomous Vehicles, and Blockchain Technology Aryaman Khanna, an accomplished student ML researcher, shares insights into his work on self-driving cars and his project on a decentralized blockchain network for secure data exchange between vehicles. He explores the fascinating world of vehicle automation and blockchain technology. \u3164 Ep. 2: Dr. Nisha Talagala on her journey in AI, AI Literacy, and AIClub & AIClub Pro Dr. Nisha Talagala, a leader in Machine Learning and AI literacy, discusses her journey in AI and her passion. We also talk about her education AI organizations, AIClub, and AIClub Pro, and the motivation behind these. \u3164 Ep. 1: Sauman Das on Club Leadership, Healthcare Inequity, and AI in Medicine Sauman Das, a freshman at UPenn M&T, shares his journey in club leadership, his mission to address healthcare disparities through technology, and healthcare inequities. We talk more about leadership, and the future of AI in healthcare. \u3164 Ep. 0: Introducing Discourse \u2013 Exploring the World of AI Together! Join Vatsal Sivaratri, a high school junior, on a journey through the world of Artificial Intelligence (AI). \u3164 Learn more about Discourse! Stay up to date with the latest computer science & AI trends! Every week, Discourse will spotlight a new speaker\u2014ranging from college undergrads to tenured professionals\u2014to give an inside view on the ever-changing field. Whether you an expert or a beginner just getting started, Discourse is a great way to learn more about STEM in a fun and easy-to-understand way! Check out Discourse!",
  "links": [
    {
      "url": "https://www.youtube.com/@theaidiscourse",
      "text": "here"
    },
    {
      "url": "https://www.youtube.com/@theaidiscourse",
      "text": "Check out Discourse!"
    },
    {
      "url": "https://studentsofstem.org",
      "text": "Students of STEM"
    },
    {
      "url": "https://wordpress.com/log-in?redirect_to=https%3A%2F%2Fr-login.wordpress.com%2Fremote-login.php%3Faction%3Dlink%26back%3Dhttps%253A%252F%252Fstudentsofstem.org%252Fspeaker-spotlight%252F",
      "text": "Log in now."
    },
    {
      "url": "https://studentsofstem.org",
      "text": "Students of STEM"
    },
    {
      "url": "https://wordpress.com/start/",
      "text": "Sign up"
    },
    {
      "url": "https://wordpress.com/log-in?redirect_to=https%3A%2F%2Fr-login.wordpress.com%2Fremote-login.php%3Faction%3Dlink%26back%3Dhttps%253A%252F%252Fstudentsofstem.org%252Fspeaker-spotlight%252F",
      "text": "Log in"
    },
    {
      "url": "https://wp.me/PdnayO-sz",
      "text": "Copy shortlink"
    },
    {
      "url": "https://wordpress.com/abuse/?report_url=https://studentsofstem.org/speaker-spotlight/",
      "text": "Report this content"
    },
    {
      "url": "https://wordpress.com/reader/blogs/197614510/posts/1771",
      "text": "View post in Reader"
    },
    {
      "url": "https://subscribe.wordpress.com/",
      "text": "Manage subscriptions"
    }
  ],
  "images": [
    {
      "src": "https://studentsofstem.org/wp-content/uploads/2022/12/2.png",
      "alt": ""
    },
    {
      "src": "https://studentsofstem.org/wp-content/uploads/2022/12/2.png",
      "alt": ""
    },
    {
      "src": "https://studentsofstem.org/wp-content/uploads/2022/06/cropped-512squarelogostudentsofstem.jpg?w=50",
      "alt": ""
    },
    {
      "src": "https://studentsofstem.org/wp-content/uploads/2022/06/cropped-512squarelogostudentsofstem.jpg?w=50",
      "alt": ""
    },
    {
      "src": "https://pixel.wp.com/b.gif?v=noscript",
      "alt": ""
    }
  ]
}