{
  "title": "Members - Gao Research Group @ Caltech",
  "meta_description": "",
  "main_content": "\u200b PI: Wei Gao , Ph.D. CV Bio Professor of Medical Engineering Ronald and JoAnne Willens Scholar Investigator, Heritage Medical Research Institute Division of Engineering and Applied Science California Institute of Technology, Pasadena, CA Email: [email protected] 139 Keck Laboratory, MC 138-78. Tel: (626) 395-2958 \u200b Administrative Assistant \u200b \u200b \u200b Gabrielle Weise MC 138-78, Pasadena CA 91125 Office Phone: (626) 487-4948 Email: [email protected] Postdoctoral Scholars and Visitors \u200b Yongsuk Choi Ph.D. SKKU Gwangmook Kim Ph.D. Yonsei Sukyoung Won Ph.D. Inha Sijie Ji Ph.D. NTU Jounghyun Yoo Ph.D. POSTECH Yadong Xu Ph.D. UMissouri Jihong Min Ph.D. Caltech L\u00edvia Fl\u00f3rio Sgobbi Ph.D. USP Inho Kim Ph.D. KAIST Jeonghee Yeom \u200bPh.D. UNIST Wenjian Li Ph.D. RUG Hyunah Ahn Ph.D. KAIST Songsong Tang Ph.D. USTB Moon-Ju Kim Ph.D. Yonsei Shadman Khan Ph.D. McMaster Ruijin Zeng PhD. FZU \u200b PhD Students and Visiting Students \u200b \u200b Samuel Solomon B.S. MIT \u200b\u200b(NSF Fellow) Hong Han M.S. Nankai University \u200b Xiaotian Ma B.S. HUST \u200b Ruixiao Liu B.S. UC San Diego Ruihao Song M.S. Northwestern \u200b Ahyeon Cho Visiting student \u200bKAIST Wenzheng Heng \u200bB.S. Zhejiang Univ. \u200b\u200b Soyoung Shin \u200bB.S. UC San Diego \u200b Shukun Yin B.S. Wuhan University \u200b\u200b Peng Jin M.S. Zhejiang Univ. Seokjoo Cho Visiting Student KAIST Jiahong Li M.S. Northwestern \u200b Canran Wang B.S. SJTU \u200b Yerim Lee \u200bB.S. NUS (A*STAR Fellow) Kexin Fan B.S. CUHK-Shenzhen Wenying Tang Visiting Student HKUST Dickson (Richard) Yao M.S. Columbia Univ. (NSERC Fellow) Jos\u00e9 A. Lasalde Ram\u00edrez B.S. UPR (NSF Fellow) Joshua Chaj Ulloa B.S. UTSA (NSF Fellow) Yonglin Chen M.S. ETH Zurich Byungkook Oh Visiting student KAIST \u200b Undergraduate Students \u200b \u200b Jadelynn Dao \u200bCaltech CS Charlotte Zhang Caltech Biology - SURF Zarif Azher Caltech BioE Isabel Xu\u200b Caltech EE-MedE \u200b Alumni Ph.D. Students & Postdocs Joanna Nassar, Postdoc, 2018-2019, now Senior Product Design Engineer at Apple Inc., USA. Zhiguang Wu, Postdoc, 2018-2019, now Full Professor at Harbin Institute of Technology, China. Rebeca M. Torrente\u2010Rodr\u00edguez \u200b\u200b, Postdoc, 2018-2020, now Assistant Professor at Complutense University of Madrid, Spain. You Yu, Postdoc, 2017-2022, now Assistant Professor at ShanghaiTech University, China. Roland Tay, Postdoc, 2021-2023, now Assistant Professor at Nanyang Technological University, Singapore. Emil Karshalev, Postdoc, 2021-2022, now Engineer at General Atomics, USA. Yiran (Isabella) Yang, Ph.D. in MedE, 2017-2023, now J.D. Candidate at Stanford Law School, USA. Ben Sadri, Postdoc, 2021-2023, now Research Engineer at Meta Platforms, Inc., USA. Ehsan Shirzaei Sani, Postdoc, 2020-2023, now Assistant Professor at Central Florida University. Sung-Hyuk Sunwoo, Postdoc, 2023-2024, now Assistant Professor at Kumoh National Institute of Technology, South Korea. Juliane R. Sempionatto, Postdoc, 2021-2024, now Assistant Professor at Rice University, USA. Yu Song, Postdoc, 2021-2024, now Presidential Assistant Professor at City University of Hong Kong, Hong Kong. Jiaobing Tu, Ph.D. in MedE, 2018-2023, Postdoc, 2023-2024, now Postdoc at University of Washington, Seattle, USA. Jihong Min, Ph.D. in MedE, 2018-2023, now NIH T32 Postdoc at Caltech, USA. Changhao Xu, Ph.D. in MedE, 2018-2024, now Postdoc at Stanford University, USA. Daniel Mukasa, Ph.D. in Materials Science, 2019-2024, now Postdoc at MIT, USA. Heather Lukas, Ph.D. in MedE, 2019-2024, now Chief Scientific Officer at Persperity Health, USA. Elham Davoodi, Postdoc, 2021-2024, now Assistant Professor at University of Utah, USA. Minqiang Wang, Postdoc, 2020-2025, now Associate Professor at Shanghai Jiao Tong University, China. Cui Ye, Postdoc, 2021-2025, now Associate Professor at Shanghai Jiao Tong University, China. Visiting Students/Scholars and R otation Graduates So-Yoon Yang Caltech EE Siyi Bi Visiting Student - Fudan Univ. Zachary Ahmad Caltech MS David Valero Calvo Visiting Student - Univ. Oviedo Ming You Visiting Student - WHUT Wei Guo Visiting Student, HUST Hyunah Ahn Visiting Student - KAIST Hye Hyun Kim Visiting Student, \u200bUNIST Prof. Xiangjie Bo Visiting Scholar, NENU Jeongsoo (Greg) Hur Caltech BE Suhyun Kim Visiting Student - UNIST Chihyeong Won Visiting Student, Yonsei Univ. Prof. Zhifu Yin Visiting Scholar, Jilin Univ. Marion Pang Caltech BE Sanghyun Lee Visiting Student - Yonsei Univ. Undergraduates Augusta Uwamanzu-Nna WAVE Fellow - Harvard Rohan Doshi\u200b Caltech EE Undergraduate Tara Porter Caltech EE Undergraduate Alison Lao SURF Fellow - UCSD Ashwitha Surabhi Caltech CNS SURF Fellow Ellen Min Caltech CS Undergraduate Freyr V. Einarsson Univ. Iceland Jos\u00e9 Lasalde Ram\u00edrez WAVE Fellow - UPR Adam Dai Caltech EE Undergraduate \u200bChibuike Uwakwe \u200bWAVE Fellow - Harvard Seunghee (Ellie) Cho Caltech EE \u200bSURF Fellow Alex Seder Amgen Fellow - UCLA Chrystalen Stambaugh WAVE Fellow - Stanford Mya Verrett UC San Diego - WAVE Fellow Adam Kogan Caltech EE SURF Fellow Adrian Huang Caltech Chemistry SURF Fellow Nicole Heflin (EE)\u200b Caltech \u200bSURF Fellow Rinni Bhansali Amgen Fellow - Stanford Robin McDonald \u200bCaltech MS Undergraduate Payal N. Patel Caltech ME \u200bSURF Fellow Ashley Mo Caltech BioE - SURF Zhenya Luo SURF Fellow - USTC Saehui Hwang Caltech EE Undergraduate Kaliden Drango \u200bCaltech EE SURF Fellow Claire Hays Caltech BioE SURF Fellow Rohan Vemu \u200bAmgen Fellow - UPenn Xin Hui Ooi \u200bCaltech ME Undergraduate Arya Khokhar Caltech BioE - SURF Administrative Assistant : Catherine L. (Katie) Pichotta",
  "links": [
    {
      "url": "/",
      "text": "Gao Research Group @ Caltech"
    },
    {
      "url": "/",
      "text": "Home"
    },
    {
      "url": "/members.html",
      "text": "Members"
    },
    {
      "url": "/research.html",
      "text": "Research"
    },
    {
      "url": "/publications.html",
      "text": "Publications"
    },
    {
      "url": "/news.html",
      "text": "News"
    },
    {
      "url": "/awards.html",
      "text": "Awards"
    },
    {
      "url": "/gallery.html",
      "text": "Gallery"
    },
    {
      "url": "http://eas.caltech.edu/people/weigao",
      "text": "Wei Gao"
    },
    {
      "url": "/uploads/2/6/7/2/26723767/wei_gao-cv-2025.pdf",
      "text": "CV"
    },
    {
      "url": "/uploads/2/6/7/2/26723767/short_bio.pdf",
      "text": "Bio"
    },
    {
      "url": "/cdn-cgi/l/email-protection",
      "text": "[email\u00a0protected]"
    },
    {
      "url": "/cdn-cgi/l/email-protection",
      "text": "[email\u00a0protected]"
    },
    {
      "url": "http://www.caltech.edu/",
      "text": "Caltech\u00a0Home"
    },
    {
      "url": "http://eas.caltech.edu/",
      "text": "Engineering & Applied Science"
    },
    {
      "url": "http://www.mede.caltech.edu/",
      "text": "Cherng Medical Engineering"
    },
    {
      "url": "http://www.gao.caltech.edu/",
      "text": "Gao Research Group"
    }
  ],
  "images": [
    {
      "src": "/uploads/2/6/7/2/26723767/p188_orig.png",
      "alt": "Picture"
    },
    {
      "src": "/uploads/2/6/7/2/26723767/published/gabrielle.jpeg?1728188177",
      "alt": "Picture"
    },
    {
      "src": "/uploads/2/6/7/2/26723767/published/yonsuk.jpg?1706814070",
      "alt": "Picture"
    },
    {
      "src": "/uploads/2/6/7/2/26723767/editor/gwangmookkim.jpg?1706814287",
      "alt": "Picture"
    },
    {
      "src": "/uploads/2/6/7/2/26723767/published/sukyoung-won.jpg?1713313512",
      "alt": "Picture"
    },
    {
      "src": "/uploads/2/6/7/2/26723767/editor/sijie-ji.jpg?1722402831",
      "alt": "Picture"
    },
    {
      "src": "/uploads/2/6/7/2/26723767/published/jounghyun.jpg?1706814303",
      "alt": "Picture"
    },
    {
      "src": "/uploads/2/6/7/2/26723767/published/yadong-xu.jpg?1715463569",
      "alt": "Picture"
    },
    {
      "src": "/uploads/2/6/7/2/26723767/published/jihong.jpg?1715488391",
      "alt": "Picture"
    },
    {
      "src": "/uploads/2/6/7/2/26723767/published/li-via-flo-rio-sgobbi.jpg?1730662790",
      "alt": "Picture"
    },
    {
      "src": "/uploads/2/6/7/2/26723767/published/ios.jpg?1715488174",
      "alt": "Picture"
    },
    {
      "src": "/uploads/2/6/7/2/26723767/published/photo-jeonghee.jpg?1713414855",
      "alt": "Picture"
    },
    {
      "src": "/uploads/2/6/7/2/26723767/published/wenjian-li.jpg?1719088407",
      "alt": "Picture"
    },
    {
      "src": "/uploads/2/6/7/2/26723767/published/img-7714.jpg?1740718625",
      "alt": "Picture"
    },
    {
      "src": "/uploads/2/6/7/2/26723767/published/songsong-2.jpg?1735966596",
      "alt": "Picture"
    },
    {
      "src": "/uploads/2/6/7/2/26723767/editor/moon-ju-picture.jpg?1706847824",
      "alt": "Picture"
    },
    {
      "src": "/uploads/2/6/7/2/26723767/published/shadmankhan.jpg?1740809848",
      "alt": "Picture"
    },
    {
      "src": "/uploads/2/6/7/2/26723767/published/headphoto.jpg?1740809824",
      "alt": "Picture"
    },
    {
      "src": "/uploads/2/6/7/2/26723767/published/sam.png?1694892222",
      "alt": "Picture"
    },
    {
      "src": "/uploads/2/6/7/2/26723767/published/hong-han.jpg?1726337545",
      "alt": "Picture"
    },
    {
      "src": "/uploads/2/6/7/2/26723767/published/xiaotian.jpg?1725225344",
      "alt": "Picture"
    },
    {
      "src": "/uploads/2/6/7/2/26723767/editor/ruixiao.jpeg?1694892083",
      "alt": "Picture"
    },
    {
      "src": "/uploads/2/6/7/2/26723767/published/ruihao-song.jpg?1726898824",
      "alt": "Picture"
    },
    {
      "src": "/uploads/2/6/7/2/26723767/ahyeon_orig.jpeg",
      "alt": "Picture"
    },
    {
      "src": "/uploads/2/6/7/2/26723767/editor/image-from-ios.jpg?1616563142",
      "alt": "Picture"
    },
    {
      "src": "/uploads/2/6/7/2/26723767/published/soyoung.jpeg?1694815053",
      "alt": "Picture"
    },
    {
      "src": "/uploads/2/6/7/2/26723767/editor/shukun-yin.jpg?1694808918",
      "alt": "Picture"
    },
    {
      "src": "/uploads/2/6/7/2/26723767/editor/peng.jpeg?1706814751",
      "alt": "Picture"
    },
    {
      "src": "/uploads/2/6/7/2/26723767/published/headshot-photo-seokjoo-cho.jpg?1726337652",
      "alt": "Picture"
    },
    {
      "src": "/uploads/2/6/7/2/26723767/editor/jiahong.png?1706814463",
      "alt": "Picture"
    },
    {
      "src": "/uploads/2/6/7/2/26723767/editor/canran.jpg?1686852505",
      "alt": "Picture"
    },
    {
      "src": "/uploads/2/6/7/2/26723767/editor/yerim.jpeg?1706814739",
      "alt": "Picture"
    },
    {
      "src": "/uploads/2/6/7/2/26723767/published/kexin.jpeg?1725225265",
      "alt": "Picture"
    },
    {
      "src": "/uploads/2/6/7/2/26723767/published/img-8725.jpg?1726337325",
      "alt": "Picture"
    },
    {
      "src": "/uploads/2/6/7/2/26723767/published/richard.jpg?1706814550",
      "alt": "Picture"
    },
    {
      "src": "/uploads/2/6/7/2/26723767/editor/image-from-ios-1.jpg?1694892105",
      "alt": "Picture"
    },
    {
      "src": "/uploads/2/6/7/2/26723767/published/joshua-chaj-ulloa.jpg?1706814723",
      "alt": "Picture"
    },
    {
      "src": "/uploads/2/6/7/2/26723767/published/img-9771.jpg?1726337474",
      "alt": "Picture"
    },
    {
      "src": "/uploads/2/6/7/2/26723767/published/byungkook-oh-photo.png?1730613795",
      "alt": "Picture"
    }
  ]
}