{
  "title": "Zeyneb K",
  "meta_description": "",
  "main_content": "Award Recipients Zeyneb K. Zeyneb Kaya is a student at Stanford University interested in working with computation in language. She has conducted research in the areas of natural language processing and computational linguistics. Her research focuses on applications of NLP in the social sciences, including bias, communications, and low-resource languages. She is the founder of the nonprofit organization, Romeyka Everlasting, where she works towards developing computational methods for the documentation and analysis of the endangered dialect, Romeyka. She is a Regeneron Science Talent Search Winner, Coca-Cola Scholar, and Congressional App Challenge Winner. Awards Received 2023 National Winner 2023 California: San Francisco Bay Area Winner 2025 National Finalist",
  "links": [
    {
      "url": "/be-inspired/awardees",
      "text": "Award Recipients"
    },
    {
      "url": "https://ncwit.org/about-ncwit/our-supporters/",
      "text": ""
    },
    {
      "url": "https://ncwit.org/about-ncwit/our-supporters/",
      "text": ""
    },
    {
      "url": "https://ncwit.org/about-ncwit/our-supporters/",
      "text": ""
    },
    {
      "url": "https://ncwit.org/about-ncwit/our-supporters/",
      "text": ""
    },
    {
      "url": "https://www.facebook.com/aspirationsaward",
      "text": ""
    },
    {
      "url": "https://bsky.app/profile/aspirations.org",
      "text": ""
    },
    {
      "url": "http://instagram.com/ncwitaic",
      "text": ""
    },
    {
      "url": "https://www.linkedin.com/company/ncwit",
      "text": ""
    },
    {
      "url": "https://www.ncwit.org",
      "text": ""
    }
  ],
  "images": [
    {
      "src": "https://ncwit-file-uploads.s3.us-west-2.amazonaws.com/next-s3-uploads/47d4e77a-5d58-4ab3-adbf-c699dde1b140/IMG_6992.jpeg",
      "alt": "User's Profile Picture"
    },
    {
      "src": "/static/icons/awards-side.png",
      "alt": ""
    },
    {
      "src": "/static/images/nsf.png",
      "alt": ""
    },
    {
      "src": "/static/images/apple.png",
      "alt": ""
    },
    {
      "src": "/static/images/strategic-partners.png",
      "alt": ""
    },
    {
      "src": "/static/images/investment-partners-2024.png",
      "alt": ""
    },
    {
      "src": "/static/images/logo_ncwit.png",
      "alt": ""
    }
  ]
}