{
  "title": "GitHub - zarif101/3D_ST_Inference_ML4H2024",
  "meta_description": "Contribute to zarif101/3D_ST_Inference_ML4H2024 development by creating an account on GitHub.",
  "main_content": "zarif101 / 3D_ST_Inference_ML4H2024 Public Notifications You must be signed in to change notification settings Fork 0 Star 0 0 stars 0 forks Branches Tags Activity Star Notifications You must be signed in to change notification settings zarif101/3D_ST_Inference_ML4H2024 main Branches Tags Go to file Code Folders and files Name Name Last commit message Last commit date Latest commit History 1 Commit .ipynb_checkpoints .ipynb_checkpoints CelltypesInvestigation.ipynb CelltypesInvestigation.ipynb ClusteringAnalyses_CH_FM.ipynb ClusteringAnalyses_CH_FM.ipynb DomainsAnalysis.ipynb DomainsAnalysis.ipynb README.md README.md View all files Repository files navigation This folder contains code used to generate quantitative results used in the study titled \"Mapping Three-Dimensional Tumor Heterogeneity through Deep Learning Inference of Spatial Transcriptomics from Routine Histopathology: A Proof-of-Concept Comparative Study\" at ML4H 2024. Additional code for experiments is being de-anonymized and will be added to this repository. Please direct questions to the corresponding author Zarif Azher ( zazher@caltech.edu ). About No description, website, or topics provided. Resources Readme Activity Stars 0 stars Watchers 1 watching Forks 0 forks Report repository Releases No releases published Packages 0 No packages published Languages Jupyter Notebook 100.0%",
  "links": [
    {
      "url": "/zarif101",
      "text": "zarif101"
    },
    {
      "url": "/zarif101/3D_ST_Inference_ML4H2024",
      "text": "3D_ST_Inference_ML4H2024"
    },
    {
      "url": "/login?return_to=%2Fzarif101%2F3D_ST_Inference_ML4H2024",
      "text": "Notifications"
    },
    {
      "url": "/login?return_to=%2Fzarif101%2F3D_ST_Inference_ML4H2024",
      "text": "Fork\n    0"
    },
    {
      "url": "/login?return_to=%2Fzarif101%2F3D_ST_Inference_ML4H2024",
      "text": "Star\n 0"
    },
    {
      "url": "/zarif101/3D_ST_Inference_ML4H2024/stargazers",
      "text": "0\n          stars"
    },
    {
      "url": "/zarif101/3D_ST_Inference_ML4H2024/forks",
      "text": "0\n          forks"
    },
    {
      "url": "/zarif101/3D_ST_Inference_ML4H2024/branches",
      "text": "Branches"
    },
    {
      "url": "/zarif101/3D_ST_Inference_ML4H2024/tags",
      "text": "Tags"
    },
    {
      "url": "/zarif101/3D_ST_Inference_ML4H2024/activity",
      "text": "Activity"
    },
    {
      "url": "/login?return_to=%2Fzarif101%2F3D_ST_Inference_ML4H2024",
      "text": "Star"
    },
    {
      "url": "/login?return_to=%2Fzarif101%2F3D_ST_Inference_ML4H2024",
      "text": "Notifications"
    },
    {
      "url": "/zarif101/3D_ST_Inference_ML4H2024/branches",
      "text": "Branches"
    },
    {
      "url": "/zarif101/3D_ST_Inference_ML4H2024/tags",
      "text": "Tags"
    },
    {
      "url": "/zarif101/3D_ST_Inference_ML4H2024/branches",
      "text": ""
    },
    {
      "url": "/zarif101/3D_ST_Inference_ML4H2024/tags",
      "text": ""
    },
    {
      "url": "/zarif101/3D_ST_Inference_ML4H2024/commits/main/",
      "text": "1 Commit"
    },
    {
      "url": "/zarif101/3D_ST_Inference_ML4H2024/commits/main/",
      "text": ""
    },
    {
      "url": "/zarif101/3D_ST_Inference_ML4H2024/tree/main/.ipynb_checkpoints",
      "text": ".ipynb_checkpoints"
    },
    {
      "url": "/zarif101/3D_ST_Inference_ML4H2024/tree/main/.ipynb_checkpoints",
      "text": ".ipynb_checkpoints"
    },
    {
      "url": "/zarif101/3D_ST_Inference_ML4H2024/blob/main/CelltypesInvestigation.ipynb",
      "text": "CelltypesInvestigation.ipynb"
    },
    {
      "url": "/zarif101/3D_ST_Inference_ML4H2024/blob/main/CelltypesInvestigation.ipynb",
      "text": "CelltypesInvestigation.ipynb"
    },
    {
      "url": "/zarif101/3D_ST_Inference_ML4H2024/blob/main/ClusteringAnalyses_CH_FM.ipynb",
      "text": "ClusteringAnalyses_CH_FM.ipynb"
    },
    {
      "url": "/zarif101/3D_ST_Inference_ML4H2024/blob/main/ClusteringAnalyses_CH_FM.ipynb",
      "text": "ClusteringAnalyses_CH_FM.ipynb"
    },
    {
      "url": "/zarif101/3D_ST_Inference_ML4H2024/blob/main/DomainsAnalysis.ipynb",
      "text": "DomainsAnalysis.ipynb"
    },
    {
      "url": "/zarif101/3D_ST_Inference_ML4H2024/blob/main/DomainsAnalysis.ipynb",
      "text": "DomainsAnalysis.ipynb"
    },
    {
      "url": "/zarif101/3D_ST_Inference_ML4H2024/blob/main/README.md",
      "text": "README.md"
    },
    {
      "url": "/zarif101/3D_ST_Inference_ML4H2024/blob/main/README.md",
      "text": "README.md"
    },
    {
      "url": "mailto:zazher@caltech.edu",
      "text": "zazher@caltech.edu"
    },
    {
      "url": "/zarif101/3D_ST_Inference_ML4H2024/activity",
      "text": "Activity"
    },
    {
      "url": "/zarif101/3D_ST_Inference_ML4H2024/stargazers",
      "text": "0\n      stars"
    },
    {
      "url": "/zarif101/3D_ST_Inference_ML4H2024/watchers",
      "text": "1\n      watching"
    },
    {
      "url": "/zarif101/3D_ST_Inference_ML4H2024/forks",
      "text": "0\n      forks"
    },
    {
      "url": "/contact/report-content?content_url=https%3A%2F%2Fgithub.com%2Fzarif101%2F3D_ST_Inference_ML4H2024&report=zarif101+%28user%29",
      "text": "Report repository"
    },
    {
      "url": "/zarif101/3D_ST_Inference_ML4H2024/releases",
      "text": "Releases"
    },
    {
      "url": "/users/zarif101/packages?repo_name=3D_ST_Inference_ML4H2024",
      "text": "Packages\n      0"
    },
    {
      "url": "/zarif101/3D_ST_Inference_ML4H2024/search?l=jupyter-notebook",
      "text": "Jupyter Notebook\n100.0%"
    }
  ],
  "images": []
}