{
  "title": "\u202aZarif Azher\u202c - \u202aGoogle Scholar\u202c",
  "meta_description": "\u202aStudent at California Institute of Technology\u202c - \u202a\u202aCited by 66\u202c\u202c - \u202abioinformatics\u202c - \u202amachine learning\u202c - \u202amultimodal deep learning\u202c - \u202acancer\u202c - \u202apathology\u202c",
  "main_content": "Loading... The system can't perform the operation now. Try again later. Citations per year Duplicate citations The following articles are merged in Scholar. Their combined citations are counted only for the first article. Merged citations This \"Cited by\" count includes citations to the following articles in Scholar. The ones marked * may be different from the article in the profile. Add co-authors Co-authors Follow New articles by this author New citations to this author New articles related to this author's research Email address for updates Done My profile My library Metrics Alerts Settings Sign in Sign in Get my own profile Cited by All Since 2020 Citations 66 66 h-index 5 5 i10-index 3 3 0 40 20 2022 2023 2024 2025 3 17 40 6 Public access View all View all 8 articles 2 articles available not available Based on funding mandates Follow Zarif Azher Student at California Institute of Technology Verified email at caltech.edu bioinformatics machine learning multimodal deep learning cancer pathology Articles Cited by Public access Title Sort Sort by citations Sort by year Sort by title Cited by Cited by Year Inferring spatial transcriptomics markers from whole slide images to characterize metastasis-related spatial heterogeneity of colorectal tumors: A pilot study M Fatemi, E Feng, C Sharma, Z Azher, T Goel, O Ramwala, SM Palisoul, ... Journal of Pathology Informatics 14, 100308 , 2023 15 2023 Development of biologically interpretable multimodal deep learning model for cancer prognosis prediction ZL Azher, LJ Vaickus, LA Salas, BC Christensen, JJ Levy Proceedings of the 37th ACM/SIGAPP Symposium on Applied Computing, 636-644 , 2022 13 2022 Assessment of emerging pretraining strategies in interpretable multimodal deep learning for cancer prognostication ZL Azher, A Suvarna, JQ Chen, Z Zhang, BC Christensen, LA Salas, ... BioData Mining 16 (1), 23 , 2023 12 2023 Potential to enhance large scale molecular assessments of skin photoaging through virtual inference of spatial transcriptomics from routine staining G Srinivasan, MJ Davis, MR LeBoeuf, M Fatemi, ZL Azher, Y Lu, AB Diallo, ... Pacific Symposium on Biocomputing. Pacific Symposium on Biocomputing 29, 477 , 2024 5 2024 Spatial omics driven crossmodal pretraining applied to graph-based deep learning for cancer pathology analysis ZL Azher, M Fatemi, Y Lu, G Srinivasan, AB Diallo, BC Christensen, ... Pacific Symposium on Biocomputing. Pacific Symposium on Biocomputing 29, 464 , 2024 5 2024 Artificial Intelligence, Bioinformatics, and pathology: Emerging trends part I\u2014An introduction to machine learning technologies J Levy, Y Lu, M Montivero, O Ramwala, J McFadden, C Miles, ... Advances in Molecular Pathology 5 (1), e1-e24 , 2022 5 2022 Simulating the us senate: An llm-driven agent approach to modeling legislative behavior and bipartisanship ZR Baker, ZL Azher arXiv preprint arXiv:2406.18702 , 2024 4 2024 Using the Maryland Park Equity Tool to Correlate Park Space with Children's Health in Baltimore, Maryland V Ravichandran, JM Archer, L Aiyar, M Teirstein, K Barton, Z Azher, ... Environmental Justice 17 (5), 337-350 , 2024 2 2024 Feasibility of inferring spatial transcriptomics from single-cell histological patterns for studying colon cancer tumor heterogeneity MY Fatemi, Y Lu, C Sharma, E Feng, ZL Azher, AB Diallo, G Srinivasan, ... medRxiv, 2023.10. 09.23296701 , 2023 2 2023 Artificial Intelligence, Bioinformatics, and Pathology: Emerging Trends Part II\u2013\u2013Current Applications in Anatomic and Molecular Pathology J Levy, Y Lu, M Montivero, O Ramwala, J McFadden, C Miles, ... Advances in Molecular Pathology 5 (1), e25-e52 , 2022 2 2022 An initial game-theoretic assessment of enhanced tissue preparation and imaging protocols for improved deep learning inference of spatial transcriptomics from tissue morphology MY Fatemi, Y Lu, AB Diallo, G Srinivasan, ZL Azher, BC Christensen, ... Briefings in Bioinformatics 25 (6), bbae476 , 2024 1 2024 Mapping Three-Dimensional Tumor Heterogeneity through Deep Learning Inference of Spatial Transcriptomics from Routine Histopathology: A Proof-of-Concept Comparative Study Z Azher, G Srinivasan, K Yao, MK Le, K Lau, H Kaur, F Kolling, L Vaickus, ... Machine Learning for Health (ML4H), 73-85 , 2025 2025 Tu1703 MULTI CENTER VALIDATION OF VIDEO-BASED DEEP LEARNING TO INTERPRET ANORECTAL MANOMETRY Z Azher, BD Ginnebaugh, DJ Levinthal, N Valentin, JJ Levy, ED Shah Gastroenterology 166 (5), S-1387 , 2024 2024 Abstract B003: Preliminary machine learning integration of DNA methylation-based tumor immune microenvironment deconvolution with histopathological slides for bladder cancer \u2026 ZL Azher, Z Zhang, BC Christensen, LA Salas, MR Karagas, LJ Vaickus, ... Clinical Cancer Research 30 (10_Supplement), B003-B003 , 2024 2024 The Overlooked Role of Specimen Preparation in Bolstering Deep Learning-Enhanced Spatial Transcriptomics Workflows MY Fatemi, Y Lu, AB Diallo, G Srinivasan, ZL Azher, BC Christensen, ... medRxiv, 2023.10. 09.23296700 , 2023 2023 Inferring Spatially Resolved Transcriptomics Data from Whole Slide Images for the Assessment of Colorectal Tumor Metastasis: A Feasibility Study M Fatemi, E Feng, C Sharma, Z Azher, T Goel, O Ramwala, S Palisoul, ... bioRxiv, 2022.11. 24.517856 , 2022 2022 ADVANCES IN MOLECULAR PATHOLOGY Z AZHER, T CRONIN, AG DIAMOND, S GABBITA, T GOEL, ... ADVANCES IN MOLECULAR PATHOLOGY J Levy, Y Lu, M Montivero, O Ramwala, J McFadden, C Miles, ... The system can't perform the operation now. Try again later. Articles 1\u201318 Show more Privacy Terms Help About Scholar Search help",
  "links": [
    {
      "url": "/schhp?hl=en",
      "text": ""
    },
    {
      "url": "/citations?hl=en",
      "text": "My profile"
    },
    {
      "url": "/scholar?scilib=1&hl=en",
      "text": "My library"
    },
    {
      "url": "/citations?view_op=metrics_intro&hl=en",
      "text": "Metrics"
    },
    {
      "url": "/scholar_alerts?view_op=list_alerts&hl=en",
      "text": "Alerts"
    },
    {
      "url": "/scholar_settings?hl=en",
      "text": "Settings"
    },
    {
      "url": "https://accounts.google.com/Login?hl=en&continue=https://scholar.google.com/schhp%3Fhl%3Den",
      "text": "Sign in"
    },
    {
      "url": "/schhp?hl=en",
      "text": ""
    },
    {
      "url": "https://accounts.google.com/Login?hl=en&continue=https://scholar.google.com/schhp%3Fhl%3Den",
      "text": "Sign in"
    },
    {
      "url": "/citations?hl=en",
      "text": "Get my own profile"
    },
    {
      "url": "/citations?view_op=list_mandates&hl=en&user=RuRyHyYAAAAJ",
      "text": "View all"
    },
    {
      "url": "/citations?view_op=view_org&hl=en&org=7467084778962869219",
      "text": "California Institute of Technology"
    },
    {
      "url": "/citations?view_op=search_authors&hl=en&mauthors=label:bioinformatics",
      "text": "bioinformatics"
    },
    {
      "url": "/citations?view_op=search_authors&hl=en&mauthors=label:machine_learning",
      "text": "machine learning"
    },
    {
      "url": "/citations?view_op=search_authors&hl=en&mauthors=label:multimodal_deep_learning",
      "text": "multimodal deep learning"
    },
    {
      "url": "/citations?view_op=search_authors&hl=en&mauthors=label:cancer",
      "text": "cancer"
    },
    {
      "url": "/citations?view_op=search_authors&hl=en&mauthors=label:pathology",
      "text": "pathology"
    },
    {
      "url": "/citations?hl=en&user=RuRyHyYAAAAJ&view_op=list_works&sortby=title",
      "text": "Title"
    },
    {
      "url": "/citations?hl=en&user=RuRyHyYAAAAJ&view_op=list_works",
      "text": "Sort by citations"
    },
    {
      "url": "/citations?hl=en&user=RuRyHyYAAAAJ&view_op=list_works&sortby=pubdate",
      "text": "Sort by year"
    },
    {
      "url": "/citations?hl=en&user=RuRyHyYAAAAJ&view_op=list_works&sortby=title",
      "text": "Sort by title"
    },
    {
      "url": "/citations?hl=en&user=RuRyHyYAAAAJ&view_op=list_works&sortby=pubdate",
      "text": "Year"
    },
    {
      "url": "/citations?view_op=view_citation&hl=en&user=RuRyHyYAAAAJ&citation_for_view=RuRyHyYAAAAJ:9yKSN-GCB0IC",
      "text": "Inferring spatial transcriptomics markers from whole slide images to characterize metastasis-related spatial heterogeneity of colorectal tumors: A pilot study"
    },
    {
      "url": "https://scholar.google.com/scholar?oi=bibs&hl=en&cites=532425985754255558",
      "text": "15"
    },
    {
      "url": "/citations?view_op=view_citation&hl=en&user=RuRyHyYAAAAJ&citation_for_view=RuRyHyYAAAAJ:u5HHmVD_uO8C",
      "text": "Development of biologically interpretable multimodal deep learning model for cancer prognosis prediction"
    },
    {
      "url": "https://scholar.google.com/scholar?oi=bibs&hl=en&cites=11262073463966877044",
      "text": "13"
    },
    {
      "url": "/citations?view_op=view_citation&hl=en&user=RuRyHyYAAAAJ&citation_for_view=RuRyHyYAAAAJ:u-x6o8ySG0sC",
      "text": "Assessment of emerging pretraining strategies in interpretable multimodal deep learning for cancer prognostication"
    },
    {
      "url": "https://scholar.google.com/scholar?oi=bibs&hl=en&cites=14187562506454391660",
      "text": "12"
    },
    {
      "url": "/citations?view_op=view_citation&hl=en&user=RuRyHyYAAAAJ&citation_for_view=RuRyHyYAAAAJ:Tyk-4Ss8FVUC",
      "text": "Potential to enhance large scale molecular assessments of skin photoaging through virtual inference of spatial transcriptomics from routine staining"
    },
    {
      "url": "https://scholar.google.com/scholar?oi=bibs&hl=en&cites=15204137644133760276",
      "text": "5"
    },
    {
      "url": "/citations?view_op=view_citation&hl=en&user=RuRyHyYAAAAJ&citation_for_view=RuRyHyYAAAAJ:zYLM7Y9cAGgC",
      "text": "Spatial omics driven crossmodal pretraining applied to graph-based deep learning for cancer pathology analysis"
    },
    {
      "url": "https://scholar.google.com/scholar?oi=bibs&hl=en&cites=16306133583752696068",
      "text": "5"
    },
    {
      "url": "/citations?view_op=view_citation&hl=en&user=RuRyHyYAAAAJ&citation_for_view=RuRyHyYAAAAJ:qjMakFHDy7sC",
      "text": "Artificial Intelligence, Bioinformatics, and pathology: Emerging trends part I\u2014An introduction to machine learning technologies"
    },
    {
      "url": "https://scholar.google.com/scholar?oi=bibs&hl=en&cites=16477934594954613515",
      "text": "5"
    },
    {
      "url": "/citations?view_op=view_citation&hl=en&user=RuRyHyYAAAAJ&citation_for_view=RuRyHyYAAAAJ:ufrVoPGSRksC",
      "text": "Simulating the us senate: An llm-driven agent approach to modeling legislative behavior and bipartisanship"
    },
    {
      "url": "https://scholar.google.com/scholar?oi=bibs&hl=en&cites=8665542773688685248",
      "text": "4"
    },
    {
      "url": "/citations?view_op=view_citation&hl=en&user=RuRyHyYAAAAJ&citation_for_view=RuRyHyYAAAAJ:Y0pCki6q_DkC",
      "text": "Using the Maryland Park Equity Tool to Correlate Park Space with Children's Health in Baltimore, Maryland"
    },
    {
      "url": "https://scholar.google.com/scholar?oi=bibs&hl=en&cites=7550055488332163010",
      "text": "2"
    },
    {
      "url": "/citations?view_op=view_citation&hl=en&user=RuRyHyYAAAAJ&citation_for_view=RuRyHyYAAAAJ:W7OEmFMy1HYC",
      "text": "Feasibility of inferring spatial transcriptomics from single-cell histological patterns for studying colon cancer tumor heterogeneity"
    },
    {
      "url": "https://scholar.google.com/scholar?oi=bibs&hl=en&cites=5566211038907519768",
      "text": "2"
    },
    {
      "url": "/citations?view_op=view_citation&hl=en&user=RuRyHyYAAAAJ&citation_for_view=RuRyHyYAAAAJ:2osOgNQ5qMEC",
      "text": "Artificial Intelligence, Bioinformatics, and Pathology: Emerging Trends Part II\u2013\u2013Current Applications in Anatomic and Molecular Pathology"
    },
    {
      "url": "https://scholar.google.com/scholar?oi=bibs&hl=en&cites=3169476238763903113",
      "text": "2"
    },
    {
      "url": "/citations?view_op=view_citation&hl=en&user=RuRyHyYAAAAJ&citation_for_view=RuRyHyYAAAAJ:_FxGoFyzp5QC",
      "text": "An initial game-theoretic assessment of enhanced tissue preparation and imaging protocols for improved deep learning inference of spatial transcriptomics from tissue morphology"
    },
    {
      "url": "https://scholar.google.com/scholar?oi=bibs&hl=en&cites=8839135708990816302",
      "text": "1"
    },
    {
      "url": "/citations?view_op=view_citation&hl=en&user=RuRyHyYAAAAJ&citation_for_view=RuRyHyYAAAAJ:LkGwnXOMwfcC",
      "text": "Mapping Three-Dimensional Tumor Heterogeneity through Deep Learning Inference of Spatial Transcriptomics from Routine Histopathology: A Proof-of-Concept Comparative Study"
    },
    {
      "url": "/citations?view_op=view_citation&hl=en&user=RuRyHyYAAAAJ&citation_for_view=RuRyHyYAAAAJ:eQOLeE2rZwMC",
      "text": "Tu1703 MULTI CENTER VALIDATION OF VIDEO-BASED DEEP LEARNING TO INTERPRET ANORECTAL MANOMETRY"
    },
    {
      "url": "/citations?view_op=view_citation&hl=en&user=RuRyHyYAAAAJ&citation_for_view=RuRyHyYAAAAJ:WF5omc3nYNoC",
      "text": "Abstract B003: Preliminary machine learning integration of DNA methylation-based tumor immune microenvironment deconvolution with histopathological slides for bladder cancer\u00a0\u2026"
    },
    {
      "url": "/citations?view_op=view_citation&hl=en&user=RuRyHyYAAAAJ&citation_for_view=RuRyHyYAAAAJ:YsMSGLbcyi4C",
      "text": "The Overlooked Role of Specimen Preparation in Bolstering Deep Learning-Enhanced Spatial Transcriptomics Workflows"
    },
    {
      "url": "/citations?view_op=view_citation&hl=en&user=RuRyHyYAAAAJ&citation_for_view=RuRyHyYAAAAJ:d1gkVwhDpl0C",
      "text": "Inferring Spatially Resolved Transcriptomics Data from Whole Slide Images for the Assessment of Colorectal Tumor Metastasis: A Feasibility Study"
    },
    {
      "url": "/citations?view_op=view_citation&hl=en&user=RuRyHyYAAAAJ&citation_for_view=RuRyHyYAAAAJ:IjCSPb-OGe4C",
      "text": "ADVANCES IN MOLECULAR PATHOLOGY"
    },
    {
      "url": "/citations?view_op=view_citation&hl=en&user=RuRyHyYAAAAJ&citation_for_view=RuRyHyYAAAAJ:UeHWp8X0CEIC",
      "text": "ADVANCES IN MOLECULAR PATHOLOGY"
    },
    {
      "url": "//www.google.com/intl/en/policies/privacy/",
      "text": "Privacy"
    },
    {
      "url": "//www.google.com/intl/en/policies/terms/",
      "text": "Terms"
    },
    {
      "url": "/intl/en/scholar/about.html",
      "text": "About Scholar"
    },
    {
      "url": "//support.google.com/websearch?p=scholar_dsa&hl=en",
      "text": "Search help"
    }
  ],
  "images": [
    {
      "src": "/citations/images/avatar_scholar_128.png",
      "alt": "Zarif Azher"
    }
  ]
}