{
  "title": "Zarif Azher \u2013 I want to use powerful technology to improve healthcare access and quality worldwide.",
  "meta_description": "I want to use powerful technology to improve healthcare access and quality worldwide.",
  "main_content": "Hi, I\u2019m Zarif. I want to use powerful technology to improve healthcare access and quality worldwide. I\u2019m always open to new ideas, opportunities, and partners. To contact me, please email: zarif.azher@gmail.com! Leader Organizing people and things to accomplish ambitious goals. Researcher Developing novel solutions to real-world issues \u2013 science for action, not observation. Innovator Bringing impactful products to the places which need them the most. Collaborators Working with diverse opinions and experts to formulate solutions. Here\u2019s a few fast facts about me: Undergraduate student @ California Institute of Technology (Class of 2028). 10+ peer-reviewed publications in major scientific journals and international conferences, focused on developing interpretable AI for cancer diagnostics and treatment. Spearheaded projects to fight government corruption in Bangladesh, advocate for environmental justice in the USA, and deploy novel assistive-technology for medical practitioners in underserved regions. Strong background in ML/AI development, validation, and deployment, with experience working both in large institutions and fast-moving startups. Full resume/CV: email (zazher@caltech.edu). List of experiences: LinkedIn ( https://www.linkedin.com/in/zarif-azher-260b401bb/ ). Complete publication list: Google Scholar ( https://scholar.google.com/citations?user=RuRyHyYAAAAJ&hl=en ). Subscribe Subscribed Zarif Azher Sign me up Already have a WordPress.com account? Log in now. Zarif Azher Subscribe Subscribed Sign up Log in Report this content View site in Reader Manage subscriptions Collapse this bar",
  "links": [
    {
      "url": "https://www.linkedin.com/in/zarif-azher-260b401bb/",
      "text": "https://www.linkedin.com/in/zarif-azher-260b401bb/"
    },
    {
      "url": "https://scholar.google.com/citations?user=RuRyHyYAAAAJ&hl=en",
      "text": "https://scholar.google.com/citations?user=RuRyHyYAAAAJ&hl=en"
    },
    {
      "url": "https://zarifazher.com",
      "text": "Zarif Azher"
    },
    {
      "url": "https://wordpress.com/log-in?redirect_to=https%3A%2F%2Fr-login.wordpress.com%2Fremote-login.php%3Faction%3Dlink%26back%3Dhttps%253A%252F%252Fzarifazher.com%252F2024%252F04%252F05%252Fhello-world%252F",
      "text": "Log in now."
    },
    {
      "url": "https://zarifazher.com",
      "text": "Zarif Azher"
    },
    {
      "url": "https://wordpress.com/start/",
      "text": "Sign up"
    },
    {
      "url": "https://wordpress.com/log-in?redirect_to=https%3A%2F%2Fr-login.wordpress.com%2Fremote-login.php%3Faction%3Dlink%26back%3Dhttps%253A%252F%252Fzarifazher.com%252F2024%252F04%252F05%252Fhello-world%252F",
      "text": "Log in"
    },
    {
      "url": "https://wordpress.com/abuse/?report_url=https://zarifazher.com",
      "text": "Report this content"
    },
    {
      "url": "https://wordpress.com/reader/feeds/157084421",
      "text": "View site in Reader"
    },
    {
      "url": "https://subscribe.wordpress.com/",
      "text": "Manage subscriptions"
    }
  ],
  "images": [
    {
      "src": "https://zarifazher.com/wp-content/uploads/2024/04/img_6584-e1712332420228.jpeg",
      "alt": ""
    },
    {
      "src": "https://s2.wp.com/i/logo/wpcom-gray-white.png",
      "alt": ""
    },
    {
      "src": "https://s2.wp.com/i/logo/wpcom-gray-white.png",
      "alt": ""
    },
    {
      "src": "https://pixel.wp.com/b.gif?v=noscript",
      "alt": ""
    }
  ]
}