[
  {
    "fullName": "Vivan Madan",
    "linkedin_internal_id": "1393501494",
    "first_name": "Vivan",
    "last_name": "Madan",
    "public_identifier": "vivan-madan-58682032a",
    "background_cover_image_url": "https://static.licdn.com/aero-v1/sc/h/5q92mjc5c51bjlwaj3rs9aa82",
    "profile_photo": "https://media.licdn.com/dms/image/v2/D5603AQFoF-XDX1JAVw/profile-displayphoto-shrink_100_100/profile-displayphoto-shrink_100_100/0/1726942288279?e=2147483647&v=beta&t=wTJbBkPGneHFJGI13DmMz2oM2q1Ss06JbkxBWqoCR94",
    "headline": "CS + Math @ UMD",
    "location": "2 followers\n          \n              2 connections",
    "about": "",
    "experience": [],
    "education": [
      {
        "college_url": "https://www.linkedin.com/school/university-of-maryland/?trk=public_profile_school_profile-section-card_image-click",
        "college_name": "University of Maryland",
        "college_image": "https://media.licdn.com/dms/image/v2/C560BAQHrhLnmmZTGjQ/company-logo_100_100/company-logo_100_100/0/1631303360671?e=2147483647&v=beta&t=D4gyMJ553_Y4L1TVqioiwvQbXiArSKWPzMYx136iNOs",
        "college_degree": "",
        "college_degree_field": null,
        "college_duration": "2024 - 2028",
        "college_activity": ""
      }
    ],
    "articles": [],
    "description": {
      "description1": "University of Maryland",
      "description1_link": "https://www.linkedin.com/school/university-of-maryland/?trk=public_profile_topcard-school",
      "description2": ""
    },
    "activities": [],
    "volunteering": [],
    "certification": [],
    "people_also_viewed": [],
    "similar_profiles": [
      {
        "link": "https://in.linkedin.com/in/vivan-madan-01a74a2b9?trk=public_profile_samename-profile",
        "name": "Vivan Madan",
        "summary": "Attended AMITY University Gurgaon",
        "location": "Gurugram"
      },
      {
        "link": "https://in.linkedin.com/in/vivan-madan-a4a8352a0?trk=public_profile_samename-profile",
        "name": "Vivan Madan",
        "summary": "--",
        "location": "Gurugram"
      },
      {
        "link": "https://in.linkedin.com/in/vivan-madan-484968334?trk=public_profile_samename-profile",
        "name": "Vivan Madan",
        "summary": "--",
        "location": "Pune"
      }
    ],
    "recommendations": [],
    "publications": [],
    "courses": [],
    "languages": [],
    "organizations": [],
    "projects": [],
    "awards": [],
    "score": []
  }
]