{
  "title": "PhD Student | Gradient Spaces Lab",
  "meta_description": "",
  "main_content": "PhD Student Skip Secondary Navigation Main content start PhD Martin Juan Jos\u00e9 Bucher PhD Student, CEE Sayan Deb Sarkar PhD Student, CEE Emily Steiner PhD Student, EE Tao Sun PhD Student, CEE Jianhao Zheng PhD Student, CEE Liyuan Zhu PhD Student, CEE In Leave Zhizhuo Zhou PhD Student, CS Back to Top",
  "links": [
    {
      "url": "/people/martin-juan-jose-bucher",
      "text": "Martin Juan Jos\u00e9 Bucher"
    },
    {
      "url": "/people/sayan-deb-sarkar",
      "text": "Sayan Deb Sarkar"
    },
    {
      "url": "/people/emily-steiner",
      "text": "Emily Steiner"
    },
    {
      "url": "/people/tao-sun",
      "text": "Tao Sun"
    },
    {
      "url": "/people/jianhao-zheng",
      "text": "Jianhao Zheng"
    },
    {
      "url": "/people/liyuan-zhu",
      "text": "Liyuan Zhu"
    },
    {
      "url": "/people/zhizhuo-zhou",
      "text": "Zhizhuo Zhou"
    }
  ],
  "images": [
    {
      "src": "/sites/g/files/sbiybj27761/files/styles/square_1900/public/media/image/martin_0.jpeg?h=cbc98321&itok=FdQhXwvi",
      "alt": "Martin Juan Jos\u00e9 Bucher"
    },
    {
      "src": "/sites/g/files/sbiybj27761/files/styles/square_1900/public/media/image/sayandebsarkar_0.jpg?h=cfd741a4&itok=JPQuL2i7",
      "alt": "Sayan Deb Sarker"
    },
    {
      "src": "/sites/g/files/sbiybj27761/files/styles/square_1900/public/media/image/emily_steiner_0.jpeg?h=0f3f3a77&itok=FXy6m43z",
      "alt": "Emily Steiner"
    },
    {
      "src": "/sites/g/files/sbiybj27761/files/styles/square_1900/public/media/image/wechatimg52_0.jpg?h=89d6a65b&itok=yjrcCPmG",
      "alt": "Tao Sun"
    },
    {
      "src": "/sites/g/files/sbiybj27761/files/styles/square_1900/public/media/image/jianhao_1.jpg?h=f7e6b4b1&itok=0WrZq6rD",
      "alt": "Jianhao Zheng"
    },
    {
      "src": "/sites/g/files/sbiybj27761/files/styles/square_1900/public/media/image/liyuan_2.jpg?h=a6c49293&itok=8CeuUkR1",
      "alt": "Liyuan Zhu"
    },
    {
      "src": "/sites/g/files/sbiybj27761/files/styles/square_1900/public/media/image/zhizhuo_zhou_0.jpeg?h=a7ffc51c&itok=vkyMkZuq",
      "alt": ""
    }
  ]
}