{
  "title": "\u202aZhizhuo Zhou\u202c - \u202aGoogle Scholar\u202c",
  "meta_description": "\u202aStanford University\u202c - \u202a\u202aCited by 281\u202c\u202c - \u202acomputer vision\u202c",
  "main_content": "Loading... The system can't perform the operation now. Try again later. Citations per year Duplicate citations The following articles are merged in Scholar. Their combined citations are counted only for the first article. Merged citations This \"Cited by\" count includes citations to the following articles in Scholar. The ones marked * may be different from the article in the profile. Add co-authors Co-authors Follow New articles by this author New citations to this author New articles related to this author's research Email address for updates Done My profile My library Metrics Alerts Settings Sign in Sign in Get my own profile Cited by All Since 2020 Citations 281 276 h-index 5 5 i10-index 5 5 0 180 90 45 135 2018 2019 2020 2021 2022 2023 2024 2025 1 4 6 6 7 61 174 21 Public access View all View all 2 articles 0 articles available not available Based on funding mandates Follow Zhizhuo Zhou Stanford University Verified email at stanford.edu - Homepage computer vision Articles Cited by Public access Title Sort Sort by citations Sort by year Sort by title Cited by Cited by Year Sparsefusion: Distilling view-conditioned diffusion for 3d reconstruction Z Zhou, S Tulsiani Proceedings of the IEEE/CVF Conference on Computer Vision and Pattern \u2026 , 2023 215 2023 Revealing the evolution of non-thermal electrons in solar flares using 3D modeling GD Fleishman, GM Nita, N Kuroda, S Jia, K Tong, RR Wen, Z Zhizhuo The Astrophysical Journal 859 (1), 17 , 2018 19 2018 A deep neural network for high\u2010throughput measurement of functional traits on museum skeletal specimens BC Weeks, Z Zhou, BK O'Brien, R Darling, M Dean, T Dias, G Hassena, ... Methods in Ecology and Evolution 14 (2), 347-359 , 2023 17 2023 Audrey: A personalized open-domain conversational bot CH Hong, Y Liang, SS Roy, A Jain, V Agarwal, R Draves, Z Zhou, W Chen, ... arXiv preprint arXiv:2011.05910 , 2020 13 2020 Mvd-fusion: Single-view 3d via depth-consistent multi-view generation H Hu, Z Zhou, V Jampani, S Tulsiani Proceedings of the IEEE/CVF Conference on Computer Vision and Pattern \u2026 , 2024 12 2024 Skeletal morphology of bird wings is determined by thermoregulatory demand for heat dissipation in warmer climates BC Weeks, C Harvey, JA Tobias, C Sheard, Z Zhou, DF Fouhey bioRxiv, 2023.02. 06.527306 , 2023 4 2023 Quantifying bird skeletons Z Zhou, G Hassena, BC Weeks, DF Fouhey CV4 Animals Workshop. Conference on Computer Vision for Pattern Recognition , 2021 1 2021 The system can't perform the operation now. Try again later. Articles 1\u20137 Show more Privacy Terms Help About Scholar Search help",
  "links": [
    {
      "url": "/schhp?hl=en",
      "text": ""
    },
    {
      "url": "/citations?hl=en",
      "text": "My profile"
    },
    {
      "url": "/scholar?scilib=1&hl=en",
      "text": "My library"
    },
    {
      "url": "/citations?view_op=metrics_intro&hl=en",
      "text": "Metrics"
    },
    {
      "url": "/scholar_alerts?view_op=list_alerts&hl=en",
      "text": "Alerts"
    },
    {
      "url": "/scholar_settings?hl=en",
      "text": "Settings"
    },
    {
      "url": "https://accounts.google.com/Login?hl=en&continue=https://scholar.google.com/schhp%3Fhl%3Den",
      "text": "Sign in"
    },
    {
      "url": "/schhp?hl=en",
      "text": ""
    },
    {
      "url": "https://accounts.google.com/Login?hl=en&continue=https://scholar.google.com/schhp%3Fhl%3Den",
      "text": "Sign in"
    },
    {
      "url": "/citations?hl=en",
      "text": "Get my own profile"
    },
    {
      "url": "/citations?view_op=list_mandates&hl=en&user=WjZyzbYAAAAJ",
      "text": "View all"
    },
    {
      "url": "/citations?view_op=view_org&hl=en&org=8539678734835078480",
      "text": "Stanford University"
    },
    {
      "url": "https://www.zhiz.dev/",
      "text": "Homepage"
    },
    {
      "url": "/citations?view_op=search_authors&hl=en&mauthors=label:computer_vision",
      "text": "computer vision"
    },
    {
      "url": "/citations?hl=en&user=WjZyzbYAAAAJ&view_op=list_works&sortby=title",
      "text": "Title"
    },
    {
      "url": "/citations?hl=en&user=WjZyzbYAAAAJ&view_op=list_works",
      "text": "Sort by citations"
    },
    {
      "url": "/citations?hl=en&user=WjZyzbYAAAAJ&view_op=list_works&sortby=pubdate",
      "text": "Sort by year"
    },
    {
      "url": "/citations?hl=en&user=WjZyzbYAAAAJ&view_op=list_works&sortby=title",
      "text": "Sort by title"
    },
    {
      "url": "/citations?hl=en&user=WjZyzbYAAAAJ&view_op=list_works&sortby=pubdate",
      "text": "Year"
    },
    {
      "url": "/citations?view_op=view_citation&hl=en&user=WjZyzbYAAAAJ&citation_for_view=WjZyzbYAAAAJ:UeHWp8X0CEIC",
      "text": "Sparsefusion: Distilling view-conditioned diffusion for 3d reconstruction"
    },
    {
      "url": "https://scholar.google.com/scholar?oi=bibs&hl=en&cites=18025733111334442055",
      "text": "215"
    },
    {
      "url": "/citations?view_op=view_citation&hl=en&user=WjZyzbYAAAAJ&citation_for_view=WjZyzbYAAAAJ:u-x6o8ySG0sC",
      "text": "Revealing the evolution of non-thermal electrons in solar flares using 3D modeling"
    },
    {
      "url": "https://scholar.google.com/scholar?oi=bibs&hl=en&cites=16534391514624710448,11133890285731826688",
      "text": "19"
    },
    {
      "url": "/citations?view_op=view_citation&hl=en&user=WjZyzbYAAAAJ&citation_for_view=WjZyzbYAAAAJ:qjMakFHDy7sC",
      "text": "A deep neural network for high\u2010throughput measurement of functional traits on museum skeletal specimens"
    },
    {
      "url": "https://scholar.google.com/scholar?oi=bibs&hl=en&cites=10530126368041697283",
      "text": "17"
    },
    {
      "url": "/citations?view_op=view_citation&hl=en&user=WjZyzbYAAAAJ&citation_for_view=WjZyzbYAAAAJ:d1gkVwhDpl0C",
      "text": "Audrey: A personalized open-domain conversational bot"
    },
    {
      "url": "https://scholar.google.com/scholar?oi=bibs&hl=en&cites=9642819633717967868",
      "text": "13"
    },
    {
      "url": "/citations?view_op=view_citation&hl=en&user=WjZyzbYAAAAJ&citation_for_view=WjZyzbYAAAAJ:zYLM7Y9cAGgC",
      "text": "Mvd-fusion: Single-view 3d via depth-consistent multi-view generation"
    },
    {
      "url": "https://scholar.google.com/scholar?oi=bibs&hl=en&cites=9283351492248832562",
      "text": "12"
    },
    {
      "url": "/citations?view_op=view_citation&hl=en&user=WjZyzbYAAAAJ&citation_for_view=WjZyzbYAAAAJ:IjCSPb-OGe4C",
      "text": "Skeletal morphology of bird wings is determined by thermoregulatory demand for heat dissipation in warmer climates"
    },
    {
      "url": "https://scholar.google.com/scholar?oi=bibs&hl=en&cites=10247088416171893080",
      "text": "4"
    },
    {
      "url": "/citations?view_op=view_citation&hl=en&user=WjZyzbYAAAAJ&citation_for_view=WjZyzbYAAAAJ:2osOgNQ5qMEC",
      "text": "Quantifying bird skeletons"
    },
    {
      "url": "https://scholar.google.com/scholar?oi=bibs&hl=en&cites=5044784684827461761",
      "text": "1"
    },
    {
      "url": "//www.google.com/intl/en/policies/privacy/",
      "text": "Privacy"
    },
    {
      "url": "//www.google.com/intl/en/policies/terms/",
      "text": "Terms"
    },
    {
      "url": "/intl/en/scholar/about.html",
      "text": "About Scholar"
    },
    {
      "url": "//support.google.com/websearch?p=scholar_dsa&hl=en",
      "text": "Search help"
    }
  ],
  "images": [
    {
      "src": "https://scholar.googleusercontent.com/citations?view_op=view_photo&user=WjZyzbYAAAAJ&citpid=1",
      "alt": "Zhizhuo Zhou"
    }
  ]
}