{
  "title": "Coursework | Justin Ji",
  "meta_description": "Coursework for my CS A.B. at Harvard.",
  "main_content": "Note: (G) indicates graduate-level coursework. First-year fall \ud83c\udf41 CS 61 - Systems Programming and Machine Organization Stat 110 - Introduction to Probability Math 22a - Vector Calculus and Linear Algebra I Chinese Bx - Elementary Chinese for Advanced Beginners First-year spring \ud83c\udf37 CS 124 - Data Structures and Algorithms CS 181 - Machine Learning Expos 20 - Telling Her Story: Narrative, Media, and #MeToo Chinese 123xb - Intermediate Modern Chinese for Advanced Beginners First-year summer \u2600\ufe0f Chinese 130xc - Pre-Advanced Modern Chinese for Heritage Speakers (two semesters of credit) Sophomore fall \ud83c\udf41 MIT 6.S898 (G) - Deep Learning CS 121 - Introduction to Theoretical Computer Science CS 136 - Economics and Computation GenEd 1169 - What Is the Good China Story? Sophomore spring \ud83c\udf37 MIT 6.8200 (G) - Sensorimotor Learning CS 128 - Convex Optimization and Applications in Machine Learning Stat 111 - Introduction to Statistical Inference English 185E - The Essay: History and Practice Sophomore summer \u2600\ufe0f Kempner REU (conducted research on AI interpretability) Junior fall \ud83c\udf41 CS 2281R (G) - Training Foundation Models CS 91R - Supervised Research (continued summer research) CS 73 - Code, Data, and Art English 191RW - Reading for Fiction Writers",
  "links": [],
  "images": []
}