[
  {
    "fullName": "Shaurya Agrawal",
    "linkedin_internal_id": "947711414",
    "first_name": "Shaurya",
    "last_name": "Agrawal",
    "public_identifier": "shaurya-agrawal-132478225",
    "background_cover_image_url": "https://static.licdn.com/aero-v1/sc/h/5q92mjc5c51bjlwaj3rs9aa82",
    "profile_photo": "https://static.licdn.com/aero-v1/sc/h/9c8pery4andzj6ohjkjp54ma2",
    "headline": "CS & Physics @ MIT | RSI '23 | ISEF '22, '24 | ZFellows '23",
    "location": "117 followers\n          \n          \n              117 connections",
    "about": "",
    "experience": [],
    "education": [
      {
        "college_url": "https://www.linkedin.com/school/mit/?trk=public_profile_school_profile-section-card_image-click",
        "college_name": "Massachusetts Institute of Technology",
        "college_image": "https://media.licdn.com/dms/image/v2/D560BAQH-UXRfIDIKug/company-logo_100_100/company-logo_100_100/0/1689799729035/mit_logo?e=2147483647&v=beta&t=2BcyEkKb9m86JDvxtNLfDVfyept76unhOFNf5Wt_Vp4",
        "college_degree": "Bachelor's degree",
        "college_degree_field": "Computer Science and Physics",
        "college_duration": "2024 - 2028",
        "college_activity": ""
      },
      {
        "college_url": "https://www.linkedin.com/school/stevenson-high-school/?trk=public_profile_school_profile-section-card_image-click",
        "college_name": "Stevenson High School, Lincolnshire, IL",
        "college_image": "https://media.licdn.com/dms/image/v2/C4E0BAQFHYpZ2R5n8Bw/company-logo_100_100/company-logo_100_100/0/1630600433565/stevenson_high_school_logo?e=2147483647&v=beta&t=OQLlcIr4l1xE0h7ptKesZmoGhYcABLWtg5yGyt-Zt88",
        "college_degree": "High School Diploma",
        "college_degree_field": "None",
        "college_duration": "2020 - 2024",
        "college_activity": ""
      }
    ],
    "articles": [],
    "description": {
      "description1": "Massachusetts Institute of Technology",
      "description1_link": "https://www.linkedin.com/school/mit/?trk=public_profile_topcard-school",
      "description2": ""
    },
    "activities": [
      {
        "link": "https://www.linkedin.com/posts/bilawalsidhu_bro-is-literally-driving-around-a-3d-gaussian-activity-7297616593247686657-enVI",
        "title": "Bro is literally driving around a 3d gaussian splat of a city block. Layer in procedural 3D elements ala. Houdini and an AI video model like NVIDIA\u2026",
        "activity": "Liked by Shaurya Agrawal"
      },
      {
        "link": "https://www.linkedin.com/posts/t-shi_what-a-class-true-legend-activity-7295571097217810432-aNu9",
        "title": "What a class! True legend",
        "activity": "Liked by Shaurya Agrawal"
      },
      {
        "link": "https://www.linkedin.com/posts/ankurtoshniwal_developer-docs-should-be-extinct-stripe-activity-7290126075035099136-0h8_",
        "image": "https://static.licdn.com/aero-v1/sc/h/53n89ecoxpr1qrki1do3alazb",
        "title": "Developer docs should be extinct. \n\nStripe used to be the hallmark of developer docs. Integrating it by trying to read their docs now was a\u2026",
        "activity": "Liked by Shaurya Agrawal"
      },
      {
        "link": "https://www.linkedin.com/posts/our-team-at-openai-is-hiring-strong-candidates-activity-7291576031252000768-2D1X",
        "image": "https://static.licdn.com/aero-v1/sc/h/53n89ecoxpr1qrki1do3alazb",
        "title": "Our team at OpenAI is hiring strong candidates in embodied AI and foundation models \ud83e\udd16 ! Come join us if you are interested in sitting in the driving\u2026",
        "activity": "Liked by Shaurya Agrawal"
      },
      {
        "link": "https://www.linkedin.com/posts/dario-gil-58575713_mr-president-thank-you-for-the-honor-of-activity-7285714606222643200-nwmD",
        "image": "https://static.licdn.com/aero-v1/sc/h/53n89ecoxpr1qrki1do3alazb",
        "title": "Mr. President, thank you for the honor of being nominated to be Under Secretary for Science at the Department of Energy.\u00a0\n\u00a0\nThis office is the\u2026",
        "activity": "Liked by Shaurya Agrawal"
      },
      {
        "link": "https://www.linkedin.com/posts/andrewyng_our-first-short-course-with-anthropic-building-activity-7287891624569802755-eSJe",
        "image": "https://media.licdn.com/dms/image/v2/D5605AQFAuCmek72jiQ/videocover-high/B56ZSPKuQJHoBw-/0/1737568750618?e=2147483647&v=beta&t=UT2_zkE4eZ8rwiHktop49A8rbNzp7FtMFUflaMirdbM",
        "title": "Our first short course with Anthropic! Building Towards Computer Use with Anthropic. This teaches you to build an LLM-based agent that uses a\u2026",
        "activity": "Liked by Shaurya Agrawal"
      },
      {
        "link": "https://www.linkedin.com/posts/markpalatucci_machine-learning-engineer-generative-ai-activity-7272674103080230913-K1JY",
        "image": "https://media.licdn.com/dms/image/sync/v2/D5627AQHxrDjRPJ7o1w/articleshare-shrink_800/articleshare-shrink_800/0/1733891888398?e=2147483647&v=beta&t=vnMMvIWrA9rQ3grJp1qIVhu4XCbBymaOXOiPqdf9pbQ",
        "title": "My team works at the heart of Apple Intelligence, and we're hiring a number of software and ML engineers to work on exciting GenAI features that\u2026",
        "activity": "Liked by Shaurya Agrawal"
      },
      {
        "link": "https://www.linkedin.com/posts/ronit-batra-167539234_its-not-every-day-that-you-get-to-become-activity-7265034756419960834-08gd",
        "image": "https://static.licdn.com/aero-v1/sc/h/53n89ecoxpr1qrki1do3alazb",
        "title": "It\u2019s not every day that you get to become president of an organization you\u2019ve helped shape from its earliest steps. Fidutam has grown into one of the\u2026",
        "activity": "Liked by Shaurya Agrawal"
      },
      {
        "link": "https://www.linkedin.com/posts/pedrolslopes_after-much-honing-of-my-coding-skills-im-activity-7162594964995043328-TmTk",
        "image": "https://media.licdn.com/dms/image/v2/D4E22AQGhsAdFOpgEqw/feedshare-shrink_800/feedshare-shrink_800/0/1707695713182?e=2147483647&v=beta&t=i1tt6G3CSESPfHKN86ebvqvFOJ3yFUPVyxAxo0lZl9Q",
        "title": "After much honing of my coding skills, I'm thrilled to announce the launch of my personal/professional website!\n\nhttps://lnkd.in/eHdk_jAw\n\nStop by if\u2026",
        "activity": "Liked by Shaurya Agrawal"
      },
      {
        "link": "https://www.linkedin.com/posts/annreedvogel_what-an-awesome-opportunity-for-our-2023-activity-7077661482569613312-QFOv",
        "image": "https://static.licdn.com/aero-v1/sc/h/53n89ecoxpr1qrki1do3alazb",
        "title": "What an awesome opportunity for our 2023 BioGENEius winner, Shaurya Agrawal! Thank you Xeris Pharmaceuticals, Inc.!",
        "activity": "Liked by Shaurya Agrawal"
      },
      {
        "link": "https://www.linkedin.com/posts/christopher-sedlock-4a97b617b_givingtuesday2023-activity-7135270038747443200-jE7c",
        "image": "https://static.licdn.com/aero-v1/sc/h/53n89ecoxpr1qrki1do3alazb",
        "title": "Funding for the Center for Excellence in Education began with $250 received by Admiral H.G. Rickover for a university lecture. Since then, thousands\u2026",
        "activity": "Liked by Shaurya Agrawal"
      },
      {
        "link": "https://www.linkedin.com/posts/womanium_%F0%9D%90%80%F0%9D%90%9D%F0%9D%90%AF%F0%9D%90%9A%F0%9D%90%A7%F0%9D%90%9C%F0%9D%90%A2%F0%9D%90%A7%F0%9D%90%A0-%F0%9D%90%90%F0%9D%90%AE%F0%9D%90%9A%F0%9D%90%A7%F0%9D%90%AD%F0%9D%90%AE%F0%9D%90%A6-%F0%9D%90%96%F0%9D%90%A8%F0%9D%90%AB%F0%9D%90%A4%F0%9D%90%9F%F0%9D%90%A8%F0%9D%90%AB%F0%9D%90%9C%F0%9D%90%9E-activity-7112197854772805632-GLJW",
        "image": "https://static.licdn.com/aero-v1/sc/h/53n89ecoxpr1qrki1do3alazb",
        "title": "\ud835\udc00\ud835\udc1d\ud835\udc2f\ud835\udc1a\ud835\udc27\ud835\udc1c\ud835\udc22\ud835\udc27\ud835\udc20 \ud835\udc10\ud835\udc2e\ud835\udc1a\ud835\udc27\ud835\udc2d\ud835\udc2e\ud835\udc26 \ud835\udc16\ud835\udc28\ud835\udc2b\ud835\udc24\ud835\udc1f\ud835\udc28\ud835\udc2b\ud835\udc1c\ud835\udc1e \ud835\udc03\ud835\udc1e\ud835\udc2f\ud835\udc1e\ud835\udc25\ud835\udc28\ud835\udc29\ud835\udc26\ud835\udc1e\ud835\udc27\ud835\udc2d \ud835\udc08\ud835\udc27\ud835\udc22\ud835\udc2d\ud835\udc22\ud835\udc1a\ud835\udc2d\ud835\udc22\ud835\udc2f\ud835\udc1e\ud835\udc2c:\n\ud835\udc12\ud835\udc2d\ud835\udc2b\ud835\udc1a\ud835\udc2d\ud835\udc1e\ud835\udc20\ud835\udc22\ud835\udc1e\ud835\udc2c, \ud835\udc02\ud835\udc21\ud835\udc1a\ud835\udc25\ud835\udc25\ud835\udc1e\ud835\udc27\ud835\udc20\ud835\udc1e\ud835\udc2c \ud835\udc1a\ud835\udc27\ud835\udc1d\u2026",
        "activity": "Liked by Shaurya Agrawal"
      },
      {
        "link": "https://www.linkedin.com/posts/rald_quantumcomputing-womanium-activity-7107601450255466497-mS-2",
        "image": "https://media.licdn.com/dms/image/v2/D5622AQFxHlW0ZRjWRg/feedshare-shrink_2048_1536/feedshare-shrink_2048_1536/0/1694584236417?e=2147483647&v=beta&t=4nAEmQ_QdIB--8AFpL8ElEcb6mm8hTtKyXSvI65BAy4",
        "title": "After a journey filled with challenges and growth, I'm thrilled to announce that I received Quantum Computing Software Certificate from WOMANIUM! \ud83c\udf89\u2026",
        "activity": "Liked by Shaurya Agrawal"
      },
      {
        "link": "https://www.linkedin.com/posts/jaydewillingham_quantum-activity-7107594785246363648-wUXg",
        "image": "https://media.licdn.com/dms/image/v2/D5622AQEYDG50N7BLTA/feedshare-shrink_2048_1536/feedshare-shrink_2048_1536/0/1694582648533?e=2147483647&v=beta&t=82CJ-GvgWlvF9jbu1SksnsWGLRRLOGsJmUZZXfBUiEE",
        "title": "Ok this has to be my favourite certificate so far from the WOMANIUM Quantum program! It really captures the fun I had learning and completing the\u2026",
        "activity": "Liked by Shaurya Agrawal"
      },
      {
        "link": "https://www.linkedin.com/posts/susan-filisetti-110514273_womanium-activity-7092626621156765696-ZjML",
        "image": "https://media.licdn.com/dms/image/v2/D5622AQGkl5UiI4DEqw/feedshare-shrink_800/feedshare-shrink_800/0/1691013959130?e=2147483647&v=beta&t=-xGDbqpSI4kYqdsULmZlHH6-Pyrxh1_WCce-j_PTAzc",
        "title": "When I was awarded this $900 worth scholarship to attend the WOMANIUM GLOBAL QUANTUM & ENTREPRENEURSHIP PROGRAM 2023, I didn't know this program\u2026",
        "activity": "Liked by Shaurya Agrawal"
      },
      {
        "link": "https://www.linkedin.com/posts/shaurya-agrawal-132478225_womanium-quantum-activity-7060775743047282688-dcu_",
        "image": "https://static.licdn.com/aero-v1/sc/h/53n89ecoxpr1qrki1do3alazb",
        "title": "Shared by Shaurya Agrawal",
        "activity": ""
      }
    ],
    "volunteering": [],
    "certification": [],
    "people_also_viewed": [
      {
        "link": "https://in.linkedin.com/company/educationpostnews?trk=public_profile_relatedPosts_face-pile-cta",
        "name": "",
        "summary": "EPN- EDUCATION POST NEWS\n        \n              \n          \ud835\udddc\ud835\udddc\ud835\udde7 \ud835\udde0\ud835\uddee\ud835\uddfb\ud835\uddf1\ud835\uddf6 \ud835\uddf6\ud835\uddfb\ud835\ude01\ud835\uddff\ud835\uddfc\ud835\uddf1\ud835\ude02\ud835\uddf0\ud835\uddf2\ud835\ude00 \ud835\ude01\ud835\ude04\ud835\uddfc \ud835\uddfb\ud835\uddf2\ud835\ude04 \ud835\uddf0\ud835\uddfc\ud835\ude02\ud835\uddff\ud835\ude00\ud835\uddf2\ud835\ude00 \ud835\uddf6\ud835\uddfb \ud835\udde0\ud835\ude02\ud835\ude00\ud835\uddf6\ud835\uddf0 & \ud835\udde0\ud835\ude02\ud835\ude00\ud835\uddfc\ud835\uddfd\ud835\uddee\ud835\ude01\ud835\uddf5\ud835\ude06\n\nThe research-based M.S. and PhD programs in Musopathy and Music are designed to produce highly qualified professionals and scholars who can make significant contributions to the growth and understanding of music.\n\n\ud835\ude0a\ud835\ude2d\ud835\ude2a\ud835\ude24\ud835\ude2c \ud835\ude29\ud835\ude26\ud835\ude33\ud835\ude26 \ud835\ude35\ud835\ude30 \ud835\ude33\ud835\ude26\ud835\ude22\ud835\ude25 \ud835\ude2e\ud835\ude30\ud835\ude33\ud835\ude26 \ud83d\udc49 https://lnkd.in/gafbwWQn\n\n#IITMandi #MusicEducation #Musopathy #NewCourses #AcademicInnovation #ResearchInMusic #HigherEducation #MusicStudies #AdvancedDegrees #EPNews",
        "location": ""
      },
      {
        "link": "https://www.linkedin.com/company/wu-tsai-neurosciences-institute?trk=public_profile_relatedPosts_face-pile-cta",
        "name": "",
        "summary": "Wu Tsai Neurosciences Institute\n        \n              \n          Stanford scientists (Corey Keller, Jessica Ross) are developing transcranial magnetic stimulation (TMS) methods that optimize neuromodulation effects using music-induced brain state dynamics. Their Koret Pilot Grant award will support a study tracking the effects of a novel sensory-entrained TMS protocol on excitability and plasticity in motor and prefrontal brain networks, with implications for personalized neuromodulation and clinical TMS.\n\nThe Koret Human Neurosciences Community Lab provides state-of-the-art EEG and TMS technologies alongside expert guidance to researchers across disciplines, promoting innovative research and collaboration. The goal of the Koret Pilot Grants is to increase accessibility of these advanced technologies to scientists of all disciplines and career levels.\n\nLearn more about this project here: https://lnkd.in/d6gc9zkH\n\n#stanford #research #neuroscience",
        "location": "105\n              \n            \n      \n  \n                  \n                  \n                  \n                  \n                  \n                  \n                  \n            \n      \n        \n                1 Comment"
      },
      {
        "link": "https://www.linkedin.com/company/stanfordhai?trk=public_profile_relatedPosts_face-pile-cta",
        "name": "",
        "summary": "Stanford Institute for Human-Centered Artificial Intelligence (HAI)\n        \n              \n          Imagine an AI agent leading a team of AI scientist agents to tackle challenging, open-ended research, with a human researcher providing high-level feedback. According to Stanford HAI faculty affiliate James Zou, that\u2019s where we\u2019re headed. Read more: https://lnkd.in/geTSQQ5Z",
        "location": "103\n              \n            \n      \n  \n                  \n                  \n                  \n                  \n                  \n                  \n                  \n            \n      \n        \n                6 Comments"
      },
      {
        "link": "https://uk.linkedin.com/showcase/alli-news/?trk=public_profile_relatedPosts_face-pile-cta",
        "name": "",
        "summary": "aLL-i news\n        \n              \n          This is a fascinating glimpse into the future of AI research! James Zou paints a picture of a truly collaborative and potentially revolutionary approach to scientific discovery. Here's a breakdown of why this idea is so compelling:\nAI-led Scientific Teams:\nAccelerated Discovery: Imagine AI agents capable of sifting through massive datasets, designing experiments, and analyzing results at speeds far beyond human capability. This could drastically accelerate the pace of research in fields like medicine, materials science, and climate science.\nNovel Insights: AI agents might identify patterns and connections that human researchers could miss, leading to breakthroughs in understanding complex phenomena. Their ability to explore unconventional approaches could open up entirely new avenues of inquiry.\nIncreased Efficiency: By automating many of the tedious tasks involved in research, AI agents could free up human scientists to focus on higher-level thinking, creative problem-solving, and the \"big picture\" implications of their work.\nHuman-in-the-Loop:\nGuidance and Ethics: While AI agents take on more responsibility, human researchers would still provide essential guidance, ensuring that research aligns with ethical considerations and societal values.\nIntuition and Creativity: Human researchers bring unique qualities to the table, such as intuition, creativity, and the ability to connect seemingly disparate ideas. These remain crucial for framing research questions and interpreting results in a meaningful way.\nCollaboration and Mentorship: The vision of an AI agent \"leading\" a team doesn't negate the role of human scientists. Instead, it suggests a collaborative partnership where humans mentor and guide AI agents, fostering their development and ensuring responsible use.\nPotential Challenges:\nExplainability and Trust: It's essential to develop AI agents that can explain their reasoning and decision-making processes, building trust and understanding between humans and AI.\nBias and Fairness: AI agents must be trained on diverse and unbiased datasets to avoid perpetuating existing societal biases in their research.\nControl and Oversight: Clear mechanisms for human oversight and control are crucial to ensure that AI-driven research remains aligned with human values and goals.",
        "location": ""
      },
      {
        "link": "https://www.linkedin.com/showcase/flandersinvestmentandtrade-usa/?trk=public_profile_relatedPosts_face-pile-cta",
        "name": "",
        "summary": "Flanders Investment & Trade - USA\n        \n              \n          \ud83c\udf1f Exciting advancements at Stanford University!\n\nDr. Olivier Gevaert and his team have developed Sequoia, an AI-powered tool revolutionizing cancer treatment by analyzing tumor biopsies to predict gene activity. This breakthrough:\n\ud83e\uddec Identifies optimal treatments like chemotherapy or immunotherapy.\n\ud83d\udcca Boasts over 80% predictive accuracy for patient outcomes.\n\ud83d\udca1 Reduces costs by minimizing reliance on genomic tests.\n\nNext steps? Clinical trials and FDA approval! Sequoia could transform oncology and beyond. \ud83d\udc4fCongratulations to this team for shaping the future of medtech!\n\nInterested to learn more? \ud83d\udcfaWatch the news report here: https://lnkd.in/dgijRjxD\n\n#Innovation #AIinHealthcare #CancerResearch #flemish\nWim Sohier Jan Wauters",
        "location": "4"
      },
      {
        "link": "https://www.linkedin.com/company/d-matrix?trk=public_profile_relatedPosts_face-pile-cta",
        "name": "",
        "summary": "d-Matrix\n        \n              \n          d-Matrix's team was invited by Sophia Shao as guest speakers at UC Berkeley Hardware for Machine learning class. In \u201cDemocratizing AI through Hardware-Software Codesign for LLM Inference,\u201d\u00a0d-Matrix founder Sudeep Bhoja & team Akhil Arunkumar + Aayush Ankit discusses the challenges of LLM inference and how d-Matrix uniquely tackles them with advancements in hardware and software.\n\nhttps://lnkd.in/gUkReXzU\n\n#AI #LLM #Inference",
        "location": "82"
      },
      {
        "link": "https://www.linkedin.com/company/stat-news?trk=public_profile_relatedPosts_face-pile-cta",
        "name": "",
        "summary": "STAT\n        \n              \n          The Beckman Foundation wanted to make sure it wasn\u2019t unfairly prioritizing elite research institutions. So it tried something new: dual anonymization in peer review. https://trib.al/ndkvlHX",
        "location": "3"
      },
      {
        "link": "https://www.linkedin.com/company/hypothalamus-ai?trk=public_profile_relatedPosts_face-pile-cta",
        "name": "",
        "summary": "HYPOTHALAMUS Artificial Intelligence\n        \n              \n          From Arithmetic to Math Parallel Thinking  \n\nhttps://lnkd.in/ejCpn5ui",
        "location": "1"
      },
      {
        "link": "https://www.linkedin.com/school/mit/?trk=public_profile_relatedPosts_face-pile-cta",
        "name": "",
        "summary": "Massachusetts Institute of Technology\n        \n              \n          Physicists were surprised to find that under specific conditions, electrons split into fractions of themselves. A new study suggests a mechanism for how this could work, enabling \u201call kinds of new experiments that previously one could only dream about,\u201d\u00a0Senthil Todadri\u00a0says. https://lnkd.in/gZZy3pDC",
        "location": "920\n              \n            \n      \n  \n                  \n                  \n                  \n                  \n                  \n                  \n                  \n            \n      \n        \n                46 Comments"
      },
      {
        "link": "https://www.linkedin.com/company/information-sciences-institute?trk=public_profile_relatedPosts_face-pile-cta",
        "name": "",
        "summary": "USC Information Sciences Institute\n        \n              \n          USC ISI researcher Mayank Kejriwal and his collaborators propose separating the AI makers from the AI testers to create more robust systems.\n\nRead the full story here --> https://bit.ly/4bqOg1o\n\n@USCViterbi @USCedu #AI #LLM #OWL #artificialintelligence",
        "location": "8"
      },
      {
        "link": "https://uk.linkedin.com/company/ucl-computer-science?trk=public_profile_relatedPosts_face-pile-cta",
        "name": "",
        "summary": "UCL Computer Science\n        \n              \n          \nMILISMA's ability to accurately detect red blood cell changes at scale will greatly enhance our ability to early detect those children progressing towards this severe malaria syndrome.\u00a0\" - Professor Delmiro Fernandez-Reyes\n\n\"Our deep learning model, MILISMA, not only improves the accuracy of SMA diagnosis but also provides a valuable tool for understanding the underlying pathology of the disease. This innovation could pave the way for studies that explore effective treatments and interventions.\" - Dr Petru Manescu \n\nUCL and University of Ibadan researchers have created an AI-driven model to detect severe malarial anaemia early, aiming to reduce child mortality in sub-Saharan Africa. \n\nhttps://lnkd.in/gQQqsZxe\n\n#EarlyDetection #HealthcareInnovation #ChildHealth",
        "location": "8"
      },
      {
        "link": "https://www.linkedin.com/company/quera-computing-inc?trk=public_profile_relatedPosts_face-pile-cta",
        "name": "",
        "summary": "QuEra Computing Inc.\n        \n              \n          Thanks to coherent atomic shuttling, the exploration space for optimal algorithm compilation in neutral-atom quantum computers remains a promising area of innovation. In this work, a UCLA-based team led by Jason Cong continues to enhance their compilation stack, introducing processes to minimize data movement between zones (boosting speed and fidelity), increase the flexibility of zone architecture, and improve scheduling strategies. The advantages of zone-based architectures over monolithic processing systems are further validated, with the compiler predicting fidelity improvements exceeding a factor of 20 in benchmarking tests.\n\nRead the full paper on arXiv! https://hubs.ly/Q02_Hm8D0",
        "location": "35"
      },
      {
        "link": "https://www.linkedin.com/company/irvinesensors?trk=public_profile_relatedPosts_face-pile-cta",
        "name": "",
        "summary": "Irvine Sensors Corporation\n        \n              \n          \ud83e\udde0\ud83e\udd16 \ud835\uddd5\ud835\uddff\ud835\uddf6\ud835\uddf1\ud835\uddf4\ud835\uddf6\ud835\uddfb\ud835\uddf4 \ud835\uddd5\ud835\uddff\ud835\uddee\ud835\uddf6\ud835\uddfb \ud835\uddee\ud835\uddfb\ud835\uddf1 \ud835\udde0\ud835\uddee\ud835\uddf0\ud835\uddf5\ud835\uddf6\ud835\uddfb\ud835\uddf2\n\nThis recent Nature Magazine article illuminates the extraordinary complexity of the human brain\u2014hosting roughly 86 billion neurons, each connecting with at least 10,000 synapses. These intricate neural connections inspire Irvine Sensors\u2019 analog AI chipsets, designed to mimic biological efficiency and adaptability with groundbreaking results. By modeling our hardware on the brain\u2019s neural structures, we aim to advance neuro-sensor technology and push the limits of real-time AI, autonomous systems, defense, and more.\n\n#ArtificialIntelligence #Neuroscience #Innovation #AI #BrainInABoxFor20Watts",
        "location": "2\n              \n            \n      \n  \n                  \n                  \n                  \n                  \n                  \n                  \n                  \n            \n      \n        \n                1 Comment"
      },
      {
        "link": "https://www.linkedin.com/company/ai-feed?trk=public_profile_relatedPosts_face-pile-cta",
        "name": "",
        "summary": "Artificial Intelligence Feed\n        \n              \n          Unveiling Schrdingers Memory: Dynamic Memory Mechanisms in Transformer-Based Language Models\n\nLLMs exhibit remarkable language abilities, prompting questions about their memory mechanisms. Unlike humans, who use memory for daily tasks, LLMs\u2019 \u201cmemory\u201d is derived from input rather than stored externally. Research efforts have aimed to improve ...\n\nhttps://lnkd.in/edTjfdiD\n\n\n#AI #ML #Automation",
        "location": ""
      },
      {
        "link": "https://ca.linkedin.com/company/sciencefeatured?trk=public_profile_relatedPosts_face-pile-cta",
        "name": "",
        "summary": "Science Featured\n        \n              \n          Exploring the Invisible Forces of Angular-Momentum Waves in Physics - https://scft.link/uW3w5\n\nProfessor Jing-Ling Chen, Xing-Yan Fan, and Xiang-Ru Xie from Nankai University have discovered angular-momentum waves, potentially revolutionizing our understanding of particle physics. \n\nTheir study was published in the journal Results in Physics. These waves, derived from the Yang-Mills equations, suggest new insights into the fundamental forces of nature and potential technological advancements.\n\n#angularmomentum #particlephysics #YangMills #physicsresearch #sciencefeatured #sciencenews",
        "location": "2"
      },
      {
        "link": "https://www.linkedin.com/showcase/toshiba-qt/?trk=public_profile_relatedPosts_face-pile-cta",
        "name": "",
        "summary": "Toshiba Quantum Technology\n        \n              \n          Researchers discovered that bismuth atoms embedded in calcium oxide can function as qubits for quantum computers, providing a low-noise, durable, and inexpensive alternative to current materials.\n\nThrough using theoretical and computational approaches, scientists have discovered how tiny, lone atoms of bismuth embedded within solid calcium oxide can act as qubits, becoming the foundation for quantum computers and quantum communication devices.\n\nFind out how this groundbreaking discovery could have the potential to transform quantum computing and telecommunications: https://lnkd.in/eJc6P-vz via SciTechDaily\n\n#QuantumComputing #Technology #Science #Qubits",
        "location": "23"
      },
      {
        "link": "https://nl.linkedin.com/company/humemai?trk=public_profile_relatedPosts_face-pile-cta",
        "name": "",
        "summary": "HumemAI\n        \n              \n          Introducing HumemAI: A Machine With Human-Like Memory Systems!\n\nCurrent AI systems lack memory. The HumemAI project, launched from Taewoon Kim\u2019s PhD research, models memory with a knowledge graph to enable AI to remember and learn from past interactions.\n\nhttps://humem.ai\n\nAlso check out our introduction video: https://lnkd.in/epb_m-vy",
        "location": "13"
      },
      {
        "link": "https://de.linkedin.com/company/the-decoder-en?trk=public_profile_relatedPosts_face-pile-cta",
        "name": "",
        "summary": "THE DECODER - EVERYTHING AI\n        \n              \n          \ud83d\udc49 The million-dollar ARC Prize is intended to encourage the development of AI that can adapt to new situations and solve simple reasoning tasks, and to steer research back toward general artificial intelligence (AGI).\n\n\ud83d\udc49 According to the researchers behind the prize, today's AI systems, like large language models, memorize patterns from human-generated data and reach their limits when new elements are introduced. Intelligence, however, is characterized by its ability to adapt to novelty.\n\n\ud83d\udc49 The ARC Prize builds on the ARC benchmark, which will be published in 2019, and aims to shift the focus from developing systems that outperform humans in individual tasks to AI systems with human-like cognitive abilities.\n\n\ud83d\udc47 Read more #ai #artificialintelligence",
        "location": "1"
      },
      {
        "link": "https://www.linkedin.com/company/towards-data-science?trk=public_profile_relatedPosts_face-pile-cta",
        "name": "",
        "summary": "Towards Data Science\n        \n              \n          Could reinforcement learning help validate AI-generated ideas in biology? The answer might just be yes. Meghan Heintz explores how RL is being applied in self-driving cars and autonomous labs.",
        "location": "5"
      },
      {
        "link": "https://www.linkedin.com/company/xcures?trk=public_profile_relatedPosts_face-pile-cta",
        "name": "",
        "summary": "xCures\n        \n              \n          Deep learning is transforming osteoporosis risk prediction!\n\nA recent study by Tulane University demonstrated that a deep neural network (DNN) outperforms traditional models, achieving an AUC of 0.848. The AUC, or Area Under the Curve, measures the ability of a model to distinguish between classes. An AUC of 0.848 is considered excellent, indicating high accuracy.\n\nThis tool analyzes demographic and clinical data, including age, weight, and grip strength, to identify at-risk individuals more accurately.\n\nEarly detection is crucial for preventing fractures and disabilities in older adults. The potential of AI in healthcare continues to grow, offering new avenues for precision medicine.\n\nSee link to original article in the comments below \ud83d\udc47\n\n#AIinHealthcare #DeepLearning #PrecisionMedicine #Osteoporosis\n\n\ud83d\udc49 Follow xCures\nRead our LinkedIn Newsletter:\u00a0https://lnkd.in/dnNJV2ti\nhttps://xcures.com/ \ud83d\udc40",
        "location": "2\n              \n            \n      \n  \n                  \n                  \n                  \n                  \n                  \n                  \n                  \n            \n      \n        \n                1 Comment"
      }
    ],
    "similar_profiles": [
      {
        "link": "https://www.linkedin.com/in/shauryaagrawal?trk=public_profile_samename-profile",
        "name": "Shaurya Agrawal",
        "summary": "",
        "location": "Austin, Texas Metropolitan Area"
      },
      {
        "link": "https://www.linkedin.com/in/shauryaagarwal?trk=public_profile_samename-profile",
        "name": "Shaurya Agrawal",
        "summary": "Cooperative Mobility | Smart Cities | Researcher & Educator @ UCF |",
        "location": "Orlando, FL"
      },
      {
        "link": "https://in.linkedin.com/in/agrawalshaurya?trk=public_profile_samename-profile",
        "name": "Shaurya Agrawal",
        "summary": "PGDM BIMTECH'26 | Media Conduit",
        "location": "Noida"
      },
      {
        "link": "https://uk.linkedin.com/in/agrawal-shaurya?trk=public_profile_samename-profile",
        "name": "Shaurya Agrawal",
        "summary": "BA Mathematics @ Cambridge (Trinity) '27 | JEE Adv 2024 AIR 21 | Non-Trivial Fellow | Maths & Biology Enthusiast",
        "location": "Cambridge"
      },
      {
        "link": "https://in.linkedin.com/in/shaurya-agrawal-8624b2169?trk=public_profile_samename-profile",
        "name": "Shaurya Agrawal",
        "summary": "Creative Problem-Solver and Aspiring Web Developer Driven by Innovation and Design",
        "location": "Ghaziabad"
      }
    ],
    "recommendations": [],
    "publications": [],
    "courses": [],
    "languages": [],
    "organizations": [],
    "projects": [],
    "awards": [],
    "score": []
  }
]