[
  {
    "fullName": "Catherine Lee",
    "linkedin_internal_id": "400750774",
    "first_name": "Catherine",
    "last_name": "Lee",
    "public_identifier": "~catherine",
    "background_cover_image_url": "https://media.licdn.com/dms/image/v2/C5116AQEro0IeUqnZSA/profile-displaybackgroundimage-shrink_200_800/profile-displaybackgroundimage-shrink_200_800/0/1517575950834?e=2147483647&v=beta&t=ydPVXyb_6Yq01jGdKvgBKObbt3E3WBaj9yMjbTE1Htw",
    "profile_photo": "https://static.licdn.com/aero-v1/sc/h/9c8pery4andzj6ohjkjp54ma2",
    "headline": "",
    "location": "1K followers\n          \n          \n              500+ connections",
    "followers": "Issued Jan 2024",
    "connections": "Issued Jan 2024",
    "about": "",
    "experience": [],
    "education": [],
    "articles": [],
    "description": {
      "description1": "Lamini",
      "description1_link": "https://www.linkedin.com/company/lamini-ai?trk=public_profile_topcard-current-company",
      "description2": ""
    },
    "activities": [],
    "volunteering": [],
    "certification": [
      {
        "company_image": "https://static.licdn.com/aero-v1/sc/h/cs8pjfgyw96g44ln9r7tct85f",
        "certification": "Machine Learning Specialization",
        "company_url": "https://www.coursera.org/account/accomplishments/specialization/5XXRSBRXXNE9?trk=public_profile_certification-title",
        "company_name": "DeepLearning.AI, Stanford University",
        "issue_date": "Issued Jan 2024",
        "credential_id": "Credential ID 5XXRSBRXXNE9",
        "credential_url": "https://www.coursera.org/account/accomplishments/specialization/5XXRSBRXXNE9?trk=public_profile_see-credential"
      }
    ],
    "people_also_viewed": [
      {
        "link": "https://www.linkedin.com/in/angelica-willis?trk=public_profile_browsemap-profile",
        "name": "Angelica Willis",
        "summary": "",
        "location": "Washington DC-Baltimore Area"
      },
      {
        "link": "https://www.linkedin.com/in/pradeepsinngh?trk=public_profile_browsemap-profile",
        "name": "Pradeep Singh",
        "summary": "",
        "location": "Bellevue, WA"
      },
      {
        "link": "https://www.linkedin.com/in/mona-jalal?trk=public_profile_browsemap-profile",
        "name": "Mona Jalal",
        "summary": "",
        "location": "Columbus, IN"
      },
      {
        "link": "https://www.linkedin.com/in/samnejad?trk=public_profile_browsemap-profile",
        "name": "Mahshad Samnejad, PhD",
        "summary": "",
        "location": "Los Angeles, CA"
      },
      {
        "link": "https://www.linkedin.com/in/johnssears?trk=public_profile_browsemap-profile",
        "name": "John Sears",
        "summary": "",
        "location": "Berkeley, CA"
      },
      {
        "link": "https://www.linkedin.com/in/qi-shan-uw?trk=public_profile_browsemap-profile",
        "name": "Qi Shan",
        "summary": "Apple Intelligence, Vision Pro",
        "location": "Seattle, WA"
      },
      {
        "link": "https://www.linkedin.com/in/chad-mcguire?trk=public_profile_browsemap-profile",
        "name": "Chad McGuire",
        "summary": "",
        "location": "Nashville, TN"
      },
      {
        "link": "https://www.linkedin.com/in/huangyi7?trk=public_profile_browsemap-profile",
        "name": "Yi Huang",
        "summary": "",
        "location": "San Francisco Bay Area"
      },
      {
        "link": "https://www.linkedin.com/in/prnvg?trk=public_profile_browsemap-profile",
        "name": "Pranav Gupta \ud83d\udca1",
        "summary": "",
        "location": "Mountain View, CA"
      },
      {
        "link": "https://www.linkedin.com/in/zehao-sean-huang?trk=public_profile_browsemap-profile",
        "name": "Sean Huang",
        "summary": "",
        "location": "Chicago, IL"
      }
    ],
    "similar_profiles": [
      {
        "link": "https://www.linkedin.com/in/catherinedelee?trk=public_profile_samename-profile",
        "name": "Catherine Lee",
        "summary": "CS & Econ @ MIT",
        "location": "Boston, MA"
      },
      {
        "link": "https://www.linkedin.com/in/catherine-lee-847289?trk=public_profile_samename-profile",
        "name": "Catherine Lee",
        "summary": "",
        "location": "Washington DC-Baltimore Area"
      },
      {
        "link": "https://www.linkedin.com/in/chenc?trk=public_profile_samename-profile",
        "name": "Catherine Lee",
        "summary": "",
        "location": "San Francisco Bay Area"
      },
      {
        "link": "https://www.linkedin.com/in/catherinenlee?trk=public_profile_samename-profile",
        "name": "Catherine Lee",
        "summary": "",
        "location": "Tampa, FL"
      },
      {
        "link": "https://www.linkedin.com/in/catherineleepdx?trk=public_profile_samename-profile",
        "name": "Catherine Lee",
        "summary": "Business Analyst at AlixPartners | Industrial Engineering and Operations Research @ UC Berkeley",
        "location": "San Francisco Bay Area"
      }
    ],
    "recommendations": [],
    "publications": [
      {
        "name": "Predicting the Number of Accidents in Different Weather Conditions in  Barcelona Using Long Short Term Memory",
        "sub_title": "June 10, 2019",
        "summary": "",
        "date": "June 10, 2019",
        "link": "https://www.linkedin.com/redir/redirect?url=https%3A%2F%2Fdrive%2Egoogle%2Ecom%2Ffile%2Fd%2F1MAxLmyg7jLXg3VKYisZ-hgAYVDT5sY1e%2Fview%3Fusp%3Dsharing&urlhash=jb7V&trk=public_profile_publication-title"
      },
      {
        "name": "Adtracking Fraud Detection Using Boosting Algorithms and Neural Networks",
        "sub_title": "February 10, 2019",
        "summary": "",
        "date": "February 10, 2019",
        "link": "https://www.linkedin.com/redir/redirect?url=https%3A%2F%2Fdrive%2Egoogle%2Ecom%2Ffile%2Fd%2F1f3zKwLXBpzrcjfwnGz_UoeSwKgWwmvIW%2Fview%3Fusp%3Dsharing&urlhash=QzEU&trk=public_profile_publication-title"
      }
    ],
    "courses": [],
    "languages": [
      {
        "name": "English",
        "level": "Native or bilingual proficiency"
      },
      {
        "name": "Cantonese",
        "level": "Native or bilingual proficiency"
      },
      {
        "name": "French",
        "level": "Elementary proficiency"
      }
    ],
    "organizations": [],
    "projects": [
      {
        "title": "Ayna",
        "duration": "Nov 2023 - Nov 2023"
      },
      {
        "title": "Bikeable",
        "link": "https://devpost.com/software/bikeable?trk=public_profile_project-title",
        "duration": "Sep 2019 - Nov 2019"
      },
      {
        "title": "Google CodeU Program",
        "duration": "Jun 2019 - Sep 2019"
      },
      {
        "title": "PictRNNary",
        "link": "https://github.com/DevinMui/pictionary?trk=public_profile_project-title",
        "duration": "Nov 2018 - Nov 2018"
      },
      {
        "title": "JP Morgan Code for Good",
        "link": "https://github.com/Delaware2018/team-7?trk=public_profile_project-title",
        "duration": "Sep 2018 - Sep 2018"
      },
      {
        "title": "Catherinelee274.github.io",
        "link": "http://catherinelee274.github.io?trk=public_profile_project-title",
        "duration": "-"
      }
    ],
    "awards": [
      {
        "name": "Best Under Construction Hack",
        "organization": "LA Hacks 2020",
        "duration": "Mar 2020",
        "summary": "https://devpost.com/software/place-it-n9tq5b"
      },
      {
        "name": "Best Data Usability Hack",
        "organization": "PennApps 2019",
        "duration": "Sep 2019",
        "summary": "Awarded Best Data Usability for Bikeable, a Boston directions app for bicyclists that uses machine learning to generate directions for users based on prior bike accidents in police reports."
      },
      {
        "name": "Best Use of Microsoft Azure Hack",
        "organization": "Cal Hacks 5.0",
        "duration": "Nov 2018",
        "summary": "PictRNNary was awarded the Best use of Microsoft Azure award out of 2300 participants at Cal Hacks 5.0 (see PictRNNary under Projects)"
      }
    ],
    "score": []
  }
]