[
  {
    "fullName": "Tristan T.",
    "linkedin_internal_id": "529065260",
    "first_name": "Tristan",
    "last_name": "T.",
    "public_identifier": "ttrouwen",
    "background_cover_image_url": "https://media.licdn.com/dms/image/v2/C4E16AQHXb1UOl_-kCw/profile-displaybackgroundimage-shrink_200_800/profile-displaybackgroundimage-shrink_200_800/0/1652443084673?e=2147483647&v=beta&t=HstoJ34YQlwqjDGXniiWyr8oiRy4FsU3zoIUEF3qg6Y",
    "profile_photo": "https://media.licdn.com/dms/image/v2/D4E03AQFRb9eXaQBzbg/profile-displayphoto-shrink_200_200/B4EZSaUNfOG0Ag-/0/1737755778056?e=2147483647&v=beta&t=-UHQsn88Z2ruw4734Nrpy6P4c0pKjEJZJ3aNG2Iu5Og",
    "headline": "",
    "location": "688 followers\n          \n          \n              500+ connections",
    "about": "",
    "experience": [],
    "education": [],
    "articles": [],
    "description": {
      "description1": "d-Matrix",
      "description1_link": "https://www.linkedin.com/company/d-matrix?trk=public_profile_topcard-current-company",
      "description2": "Eindhoven University of Technology",
      "description2_link": "https://nl.linkedin.com/school/eindhoven-university-of-technology/?trk=public_profile_topcard-school",
      "description3": ""
    },
    "activities": [],
    "volunteering": [
      {
        "company_url": "https://nl.linkedin.com/company/esdachronos?trk=public_profile_volunteering-position_profile-section-card_image-click",
        "company_position": "Board Treasurer",
        "company_name": "E.S.D.A. Chronos",
        "company_duration": "",
        "starts_at": "May 2019",
        "ends_at": "May 2020"
      },
      {
        "company_url": "https://es.linkedin.com/company/nova?trk=public_profile_volunteering-position_profile-section-card_image-click",
        "company_position": "Member",
        "company_name": "Nova",
        "company_duration": "",
        "starts_at": "Nov 2022",
        "ends_at": "Present"
      }
    ],
    "certification": [],
    "people_also_viewed": [
      {
        "link": "https://fr.linkedin.com/in/daniquewijnalda?trk=public_profile_browsemap-profile",
        "name": "Danique Wijnalda",
        "summary": "",
        "location": "Paris"
      },
      {
        "link": "https://nl.linkedin.com/in/mhluttekes?trk=public_profile_browsemap-profile",
        "name": "\ud83d\udc69\ud83c\udffb\u200d\ud83d\udcbb Marijke Luttekes",
        "summary": "Web developer | Django | DSF | Python | HTML",
        "location": "Greater Groningen Area"
      },
      {
        "link": "https://nl.linkedin.com/in/kirsten-ruys-96326612?trk=public_profile_browsemap-profile",
        "name": "Kirsten Ruys",
        "summary": "",
        "location": "Amsterdam"
      },
      {
        "link": "https://nl.linkedin.com/in/sheameyers?trk=public_profile_browsemap-profile",
        "name": "Shea Meyers",
        "summary": "",
        "location": "Voorburg"
      },
      {
        "link": "https://nl.linkedin.com/in/abdulrahman-almaddad-831192127?trk=public_profile_browsemap-profile",
        "name": "Abdulrahman Almaddad",
        "summary": "Web Developer at Restart Network",
        "location": "The Hague"
      },
      {
        "link": "https://nl.linkedin.com/in/abdallaelmedny?trk=public_profile_browsemap-profile",
        "name": "Abdalla Elmedny",
        "summary": "",
        "location": "Amsterdam"
      },
      {
        "link": "https://nl.linkedin.com/in/steven-van-bennekom?trk=public_profile_browsemap-profile",
        "name": "Steven van Bennekom",
        "summary": "",
        "location": "Koudekerk aan den Rijn"
      },
      {
        "link": "https://nl.linkedin.com/in/joel-lupfer-a8b68958?trk=public_profile_browsemap-profile",
        "name": "Joel Lupfer",
        "summary": "",
        "location": "Enschede"
      },
      {
        "link": "https://nl.linkedin.com/in/eindbaaserik?trk=public_profile_browsemap-profile",
        "name": "Erik de Vries",
        "summary": "Software Developer at RH Marine",
        "location": "The Randstad, Netherlands"
      },
      {
        "link": "https://nl.linkedin.com/in/mossawii?trk=public_profile_browsemap-profile",
        "name": "Abdelmounaim Al Mossaoui",
        "summary": "",
        "location": "The Randstad, Netherlands"
      },
      {
        "link": "https://nl.linkedin.com/in/rjssmeets?trk=public_profile_browsemap-profile",
        "name": "Ruud Smeets",
        "summary": "Web Developer & Projectmanager bij INOVAdev",
        "location": "Venlo"
      },
      {
        "link": "https://nl.linkedin.com/in/lars-dol-95b72044?trk=public_profile_browsemap-profile",
        "name": "Lars Dol",
        "summary": "",
        "location": "Amsterdam"
      },
      {
        "link": "https://nl.linkedin.com/in/matthijs-neven-4243a413?trk=public_profile_browsemap-profile",
        "name": "Matthijs Neven",
        "summary": "",
        "location": "Delft"
      },
      {
        "link": "https://nl.linkedin.com/in/bbehendriks?trk=public_profile_browsemap-profile",
        "name": "Bas Hendriks",
        "summary": "Web developer bij Appart",
        "location": "Beesel"
      },
      {
        "link": "https://nl.linkedin.com/in/kevin-zijlmans?trk=public_profile_browsemap-profile",
        "name": "Kevin Zijlmans",
        "summary": "Backend Developer",
        "location": "Amsterdam"
      },
      {
        "link": "https://nl.linkedin.com/in/thmills?trk=public_profile_browsemap-profile",
        "name": "Thomas Mills",
        "summary": "Frontend/Web Developer at City of Amsterdam",
        "location": "Amsterdam"
      },
      {
        "link": "https://nl.linkedin.com/in/richardkorthuis?trk=public_profile_browsemap-profile",
        "name": "Richard Korthuis-van Opstal",
        "summary": "",
        "location": "Utrecht, Netherlands"
      },
      {
        "link": "https://nl.linkedin.com/in/mbrostami?trk=public_profile_browsemap-profile",
        "name": "Mohammad Rostami",
        "summary": "Software Engineer at Harlem Next",
        "location": "Netherlands"
      },
      {
        "link": "https://nl.linkedin.com/in/marnikliefers?trk=public_profile_browsemap-profile",
        "name": "Marnik Liefers",
        "summary": "",
        "location": "Netherlands"
      },
      {
        "link": "https://nl.linkedin.com/in/thijs-daniels-3324463b?trk=public_profile_browsemap-profile",
        "name": "Thijs Daniels",
        "summary": "",
        "location": "Amsterdam"
      }
    ],
    "similar_profiles": [
      {
        "link": "https://www.linkedin.com/in/tristan-acha-159122205?trk=public_profile_samename-profile",
        "name": "Tristan Acha",
        "summary": "MSW Student at the University of Minnesota Twin Cities",
        "location": "Minneapolis, MN"
      },
      {
        "link": "https://www.linkedin.com/in/tristan-t-038307330?trk=public_profile_samename-profile",
        "name": "Tristan T.",
        "summary": "Customer Service and Moderation at Roblox",
        "location": "Clovis, CA"
      },
      {
        "link": "https://www.linkedin.com/in/tristanbarnes-325425atascocitahig?trk=public_profile_samename-profile",
        "name": "Tristan Barnes",
        "summary": "I'm a senior at atascocita high-school about to graduate looking for a job",
        "location": "College Station, TX"
      },
      {
        "link": "https://www.linkedin.com/in/tristan-berger-3b113469?trk=public_profile_samename-profile",
        "name": "Tristan Berger",
        "summary": "Maintenance Supervisor at LOFTY ASSET MANAGEMENT INC",
        "location": "Tallahassee, FL"
      },
      {
        "link": "https://www.linkedin.com/in/tristan-t-a9681b28a?trk=public_profile_samename-profile",
        "name": "Tristan T",
        "summary": "Student at University of North Texas",
        "location": "Denton, TX"
      }
    ],
    "recommendations": [],
    "publications": [
      {
        "name": "Between JIRA and GitHub: ASFBot and its Influence on Human Comments in Issue Trackers",
        "sub_title": "IEEE",
        "summary": "",
        "date": "June 27, 2022",
        "link": "https://www.linkedin.com/redir/redirect?url=https%3A%2F%2Fdoi%2Eorg%2F10%2E1145%2F3524842%2E3528528&urlhash=iKUH&trk=public_profile_publication-title"
      }
    ],
    "courses": [],
    "languages": [
      {
        "name": "Dutch",
        "level": "Native or bilingual proficiency"
      },
      {
        "name": "English",
        "level": "Full professional proficiency"
      }
    ],
    "organizations": [],
    "projects": [
      {
        "title": "Github Profile",
        "link": "https://github.com/trirpi?trk=public_profile_project-title",
        "duration": "Dec 2015 - Present"
      }
    ],
    "awards": [
      {
        "name": "ALSP Scholarship",
        "organization": "Amandus H. Lundqvist Scholarship Program",
        "duration": "Sep 2021",
        "summary": "Merit-based scholarship including tuition waiver and monthly stipend."
      }
    ],
    "score": []
  }
]