[
  {
    "fullName": "Om Shastri",
    "linkedin_internal_id": "870919574",
    "first_name": "Om",
    "last_name": "Shastri",
    "public_identifier": "omshastri",
    "background_cover_image_url": "https://media.licdn.com/dms/image/v2/D4E16AQHq-HM1AtwAfA/profile-displaybackgroundimage-shrink_200_800/profile-displaybackgroundimage-shrink_200_800/0/1729741497343?e=2147483647&v=beta&t=6cZywUP2aIvmXb5whhYP_XYQb_oZ5SRf11VGi67px5A",
    "profile_photo": "https://media.licdn.com/dms/image/v2/D5603AQEs6l8zB1YJyA/profile-displayphoto-shrink_200_200/profile-displayphoto-shrink_200_200/0/1686098198109?e=2147483647&v=beta&t=o_DhzT0AUjCf61d8ZFRtAJEPnJJ_ZqpK2xq02Qn57Go",
    "headline": "",
    "location": "7K followers\n          \n              500+ connections",
    "followers": "Issued Jul 2023",
    "connections": "Issued Jul 2023",
    "about": "Contact me @ oshastri@wharton.upenn.eduLearn more @ https://www.omshastri.com",
    "experience": [],
    "education": [],
    "articles": [],
    "description": {
      "description1": "Dorm Room Fund",
      "description1_link": "https://www.linkedin.com/company/dorm-room-fund?trk=public_profile_topcard-current-company",
      "description2": "The Wharton School",
      "description2_link": "https://www.linkedin.com/school/the-wharton-school/?trk=public_profile_topcard-school",
      "description3": ""
    },
    "activities": [
      {
        "link": "https://www.linkedin.com/posts/molly-fowler_ive-been-like-a-little-kid-with-a-secret-activity-7301377276988870656-iY6X",
        "image": "https://media.licdn.com/dms/image/v2/D4D22AQE2QZmQ8r9fiQ/feedshare-shrink_800/B4DZVInRp5HkAg-/0/1740680011467?e=2147483647&v=beta&t=CPQlpReufmut1FVPT1q4f2Xjd9LY0uwKXr1AU8hs-7Q",
        "title": "I've been like a little kid with a secret about this one-- the Dorm Room Fund squad spotted Tarun Amasa and Kevin Yang's genius from across the room\u2026",
        "activity": "Liked by Om Shastri"
      },
      {
        "link": "https://www.linkedin.com/posts/dorm-room-fund_building-an-autonomous-financial-analyst-activity-7301346632334286848-fmJB",
        "image": "https://media.licdn.com/dms/image/sync/v2/D4D27AQGrHQD4BvTP4A/articleshare-shrink_800/articleshare-shrink_800/0/1740677761345?e=2147483647&v=beta&t=MMaPISvJMJvxjMHcCnNGg_pJkbmXGvv3x8_kixqvdpY",
        "title": "We invested in Tarun Amasa back in 2022 when he was building in Edtech\u2014 not just because of the idea, but because of him. Great founders evolve, and\u2026",
        "activity": "Liked by Om Shastri"
      },
      {
        "link": "https://www.linkedin.com/posts/davidongchoco_were-hosting-our-second-comma-capital-virtual-activity-7300215683613618178-Gzkz",
        "image": "https://media.licdn.com/dms/image/v2/D4D22AQHP2Lm4AxG8Sw/feedshare-shrink_800/B4DZU.Te0_HIAg-/0/1740507049581?e=2147483647&v=beta&t=P4tmSsYm5hhfkG26-I-mL14xFeiyjAohjd7J1CIPX8I",
        "title": "We're hosting our second Comma Capital Virtual Career Fair on March 12, 2025 at 5pm EST. Our first one was a hit and we had 100+ talented folks\u2026",
        "activity": "Liked by Om Shastri"
      },
      {
        "link": "https://www.linkedin.com/posts/winston-weinberg_excited-to-share-our-latest-product-video-activity-7299835603439751169-GT9c",
        "image": "https://media.licdn.com/dms/image/v2/D4D05AQFKtCtDXhb2iA/videocover-high/B4DZU45nT9G4Bw-/0/1740416413694?e=2147483647&v=beta&t=ZJ6DdqRL35tPl_2otjlZi6zcmkt5w6GrrTxgFbGCmpM",
        "title": "Excited to share our latest product video, showcasing what we\u2019ve been building at Harvey.\n\nLegal work should be defined by expertise, not busywork.\u2026",
        "activity": "Liked by Om Shastri"
      },
      {
        "link": "https://www.linkedin.com/posts/dorm-room-fund_genia-structural-copilot-lands-3-million-activity-7298015989776928768-ov_6",
        "image": "https://media.licdn.com/dms/image/sync/v2/D5627AQGbF_bFs8fwqA/articleshare-shrink_1280_800/B56ZTiJd7GHEAY-/0/1738960921398?e=2147483647&v=beta&t=Gm2y5alEoR6xqyDrW4Wjx331YTlARjnEuXTIn0s4NOw",
        "title": "Genia and the incredible Zhihao Zhao, Robin Li, Shuyang Dai, and Houtao Wang just raised a $3M seed to launch Genia Structural CoPilot, an AI-powered\u2026",
        "activity": "Liked by Om Shastri"
      },
      {
        "link": "https://www.linkedin.com/posts/sequoia_how-is-cybersecurity-evolving-with-ai-activity-7299882126756241408-Np9h",
        "image": "https://static.licdn.com/aero-v1/sc/h/53n89ecoxpr1qrki1do3alazb",
        "title": "How is cybersecurity evolving with AI? \n\nPalo Alto Networks CEO Nikesh Arora challenges you to experiment:\n\n\ud83d\udd12 Security can\u2019t be an afterthought in\u2026",
        "activity": "Liked by Om Shastri"
      },
      {
        "link": "https://www.linkedin.com/posts/surajsf_im-excited-to-share-that-voyage-ai-is-joining-activity-7299792526834552832-p4wG",
        "image": "https://static.licdn.com/aero-v1/sc/h/53n89ecoxpr1qrki1do3alazb",
        "title": "I\u2019m excited to share that Voyage AI is joining MongoDB.\n\nWe met Tengyu Ma just a month after he launched Voyage AI in the summer of 2023, and his\u2026",
        "activity": "Liked by Om Shastri"
      },
      {
        "link": "https://www.linkedin.com/posts/mongodb-announces-acquisition-of-voyage-ai-activity-7299828874681417729-XWR0",
        "image": "https://media.licdn.com/dms/image/sync/v2/D4D27AQGeQJFxKiQ3TQ/articleshare-shrink_1280_800/articleshare-shrink_1280_800/0/1740409311815?e=2147483647&v=beta&t=l-ODYW-86Eu7Z9e8krsjpx5SAeULn24cSH2WDHgYPSk",
        "title": "\ud83d\ude80\ud83d\ude80\ud83d\ude80",
        "activity": "Liked by Om Shastri"
      },
      {
        "link": "https://www.linkedin.com/posts/andriymulyar_introducing-nomic-embed-v2-weve-made-the-activity-7295491560412962816-20w0",
        "image": "https://static.licdn.com/aero-v1/sc/h/53n89ecoxpr1qrki1do3alazb",
        "title": "Introducing Nomic Embed v2: We've made the world's first mixture of experts embedding model at Nomic AI !\n\nhttps://lnkd.in/epfvnVBz",
        "activity": "Liked by Om Shastri"
      },
      {
        "link": "https://www.linkedin.com/posts/y-combinator_aravind-srinivas-is-the-co-founder-ceo-activity-7298718196721688576-GFgo",
        "image": "https://media.licdn.com/dms/image/v2/D5605AQE3Nv-GZIDbfQ/videocover-high/B56ZUn0dG_GoBw-/0/1740129849604?e=2147483647&v=beta&t=eJJDily0FaqdpfOOqJE4K2Iy4u5CispJtoB37GHT5gI",
        "title": "Aravind Srinivas is the co-founder & CEO of Perplexity, an AI search engine that's changing the way people discover information.\n\nFor this episode of\u2026",
        "activity": "Liked by Om Shastri"
      },
      {
        "link": "https://www.linkedin.com/posts/krandiash_weve-made-new-architectures-advances-in-activity-7298730441275056128-rkgj",
        "image": "https://static.licdn.com/aero-v1/sc/h/53n89ecoxpr1qrki1do3alazb",
        "title": "We've made new architectures advances in reducing latency for streaming models like our Sonic voice generation system.\n\nWe've been able to get to\u2026",
        "activity": "Liked by Om Shastri"
      },
      {
        "link": "https://www.linkedin.com/posts/ashley-soulstice-llorens_protein-gpu-structure-activity-7298770437017149440-vGFo",
        "image": "https://media.licdn.com/dms/image/v2/D5605AQHJadVAJBHd8w/videocover-high/B56ZUpxAt.GoBs-/0/1740162474431?e=2147483647&v=beta&t=7ADeEDLiAOLNJ-MVUHurZzu4FJC9f-fL8NbutPOqL0A",
        "title": "What a week!\n\nOur team at Microsoft Research has just released BioEmu-1, a deep learning model that can generate thousands of #protein structures per\u2026",
        "activity": "Liked by Om Shastri"
      },
      {
        "link": "https://www.linkedin.com/posts/tuneai_idp-rpa-aicopilots-activity-7298236981795307521-5Sgr",
        "image": "https://media.licdn.com/dms/image/v2/D5622AQELNdrrgw8Prg/feedshare-shrink_800/B56ZUiLofEHoAg-/0/1740035266440?e=2147483647&v=beta&t=SS44CwA25MmjnGfdiSgz6uLWCSyOEitJ64EwWtQpYvQ",
        "title": "New look, same mission: Making AI work for your business\n\nTune AI\u2019s new landing page is live\n\nWe\u2019re delivering Intelligent Automation - from IDP and\u2026",
        "activity": "Liked by Om Shastri"
      },
      {
        "link": "https://www.linkedin.com/posts/microsoft_quantum-computing-project-1-1mp4-activity-7298673003746234369-m6QS",
        "image": "https://media.licdn.com/dms/image/v2/D5610AQFMGhThhuMrmQ/ads-video-thumbnail_720_1280/B56ZUoYQlrHEAY-/0/1740139235812?e=2147483647&v=beta&t=T_BHt9THcxrI6hDxvQRNl4wPKKHz0fvhfEPgamkkQcc",
        "title": "Introducing Majorana 1\u2014the world\u2019s first quantum processor powered by topological qubits, marking a transformative leap toward scalable quantum\u2026",
        "activity": "Liked by Om Shastri"
      },
      {
        "link": "https://www.linkedin.com/posts/lindawzhou_drf4life-activity-7298812950285332480-cdOT",
        "image": "https://media.licdn.com/dms/image/v2/D4E22AQHufhnycp091w/feedshare-shrink_800/B4EZUqXrL.GYAg-/0/1740172606122?e=2147483647&v=beta&t=A2XVMm2Q_-rz6hZIaPauKoDQvkdus54bqJ6RI98lOP0",
        "title": "Generations of Dorm Room Funders descended on Winter Clove Inn for an absolutely incredible AllDRF weekend. \nIt was a gathering of voraciously\u2026",
        "activity": "Liked by Om Shastri"
      },
      {
        "link": "https://www.linkedin.com/posts/shield-ai_vbat-vtol-blueuas-activity-7298329747766341632-pzjq",
        "image": "https://media.licdn.com/dms/image/v2/D4E22AQHKSdc9T0HrgQ/feedshare-shrink_2048_1536/B4EZUjgN0gGYAo-/0/1740057405191?e=2147483647&v=beta&t=Tr35fWgOcYF7CJ-I98QFYIYOM5Jr5VXBydWDQZ9ZRcI",
        "title": "Feelin\u2019 Blue\u2026 in the best way possible!\n\nV-BAT is on its way to being the first Group 3 ISR platform on Defense Innovation Unit (DIU)\u2019s Blue UAS\u2026",
        "activity": "Liked by Om Shastri"
      }
    ],
    "volunteering": [],
    "certification": [
      {
        "company_image": "https://media.licdn.com/dms/image/v2/C560BAQE88xCsONDULQ/company-logo_100_100/company-logo_100_100/0/1630652622688/microsoft_logo?e=2147483647&v=beta&t=lMkCSsceJNmUG1r0VRg3Whye1sVi2KtYvt-MWyfoNbY",
        "certification": "Career Essentials in Business Analysis by Microsoft and LinkedIn",
        "company_url": "https://www.linkedin.com/company/microsoft?trk=public_profile_profile-section-card_image-click",
        "company_name": "Microsoft",
        "issue_date": "Issued Jul 2023",
        "credential_id": "See credential",
        "credential_url": "https://www.linkedin.com/learning/certificates/3da52d59df9c38b1e68f9b3b1efc4377f094f622f4233cd3133651e6d91b76e3?trk=public_profile_see-credential"
      },
      {
        "company_image": "https://media.licdn.com/dms/image/v2/C560BAQE88xCsONDULQ/company-logo_100_100/company-logo_100_100/0/1630652622688/microsoft_logo?e=2147483647&v=beta&t=lMkCSsceJNmUG1r0VRg3Whye1sVi2KtYvt-MWyfoNbY",
        "certification": "Career Essentials in Data Analysis by Microsoft and LinkedIn",
        "company_url": "https://www.linkedin.com/company/microsoft?trk=public_profile_profile-section-card_image-click",
        "company_name": "Microsoft",
        "issue_date": "Issued Jul 2023",
        "credential_id": "See credential",
        "credential_url": "https://www.linkedin.com/learning/certificates/06e016154154d3ab3971fd0e985db926f3bb4ebe38c99ce21cb85880e20cd77d?trk=public_profile_see-credential"
      },
      {
        "company_image": "https://media.licdn.com/dms/image/v2/C560BAQE88xCsONDULQ/company-logo_100_100/company-logo_100_100/0/1630652622688/microsoft_logo?e=2147483647&v=beta&t=lMkCSsceJNmUG1r0VRg3Whye1sVi2KtYvt-MWyfoNbY",
        "certification": "Career Essentials in Generative AI by Microsoft and LinkedIn",
        "company_url": "https://www.linkedin.com/company/microsoft?trk=public_profile_profile-section-card_image-click",
        "company_name": "Microsoft",
        "issue_date": "Issued Jul 2023",
        "credential_id": "See credential",
        "credential_url": "https://www.linkedin.com/learning/certificates/a2d5186dd45cbf5601bb2968c03b94d214d67f3d31bcf0edc6df1caa302545c5?trk=public_profile_see-credential"
      }
    ],
    "people_also_viewed": [
      {
        "link": "https://www.linkedin.com/in/jagarijennings?trk=public_profile_browsemap-profile",
        "name": "Jagari Jennings",
        "summary": "",
        "location": "Orange County, CA"
      },
      {
        "link": "https://www.linkedin.com/in/nina-boord?trk=public_profile_browsemap-profile",
        "name": "Nina Boord",
        "summary": "CS/AI + MS&E @ Stanford | Nuro | Founder of Stanford Women In Tech Entrepreneurship",
        "location": "Stanford, CA"
      },
      {
        "link": "https://www.linkedin.com/in/hannah-salameh?trk=public_profile_browsemap-profile",
        "name": "Hannah Salameh",
        "summary": "",
        "location": "Carlsbad, CA"
      },
      {
        "link": "https://www.linkedin.com/in/nataliezeng?trk=public_profile_browsemap-profile",
        "name": "Natalie Z.",
        "summary": "UX Designer",
        "location": "New York City Metropolitan Area"
      },
      {
        "link": "https://www.linkedin.com/in/lgopalka?trk=public_profile_browsemap-profile",
        "name": "Lakshay Gopalka",
        "summary": "",
        "location": "Denver, CO"
      },
      {
        "link": "https://www.linkedin.com/in/maria-khan-tech?trk=public_profile_browsemap-profile",
        "name": "Maria Khan",
        "summary": "Software Engineer |TechSisters Community | Consciousness enthusiast",
        "location": "Portsmouth, NH"
      },
      {
        "link": "https://www.linkedin.com/in/fernandonova?trk=public_profile_browsemap-profile",
        "name": "Fernando Nova",
        "summary": "",
        "location": "New York City Metropolitan Area"
      },
      {
        "link": "https://www.linkedin.com/in/tony-pan?trk=public_profile_browsemap-profile",
        "name": "\ud83e\udd16 Tony (Minxing) Pan",
        "summary": "",
        "location": "Mountain View, CA"
      },
      {
        "link": "https://www.linkedin.com/in/juicetinchoi?trk=public_profile_browsemap-profile",
        "name": "Justin C.",
        "summary": "",
        "location": "New York, NY"
      },
      {
        "link": "https://www.linkedin.com/in/katherinelegan?trk=public_profile_browsemap-profile",
        "name": "Katherine Legan",
        "summary": "",
        "location": "Seattle, WA"
      },
      {
        "link": "https://www.linkedin.com/in/kavyaanbarasu?trk=public_profile_browsemap-profile",
        "name": "Kavya Anbarasu",
        "summary": "",
        "location": "Sharon, MA"
      },
      {
        "link": "https://www.linkedin.com/in/kirthi-shankar-sivamani?trk=public_profile_browsemap-profile",
        "name": "Kirthi Shankar Sivamani",
        "summary": "",
        "location": "Palo Alto, CA"
      },
      {
        "link": "https://www.linkedin.com/in/jeffreychiu23?trk=public_profile_browsemap-profile",
        "name": "Jeffrey Chiu",
        "summary": "",
        "location": "San Francisco, CA"
      },
      {
        "link": "https://ca.linkedin.com/in/sanja-simonovikj?trk=public_profile_browsemap-profile",
        "name": "Sanja Simonovikj",
        "summary": "",
        "location": "Toronto, ON"
      },
      {
        "link": "https://in.linkedin.com/in/subhodip-saha-li?trk=public_profile_browsemap-profile",
        "name": "Subhodip (Subho) Saha",
        "summary": "",
        "location": "Greater Bengaluru Area"
      },
      {
        "link": "https://www.linkedin.com/in/jenniffer-yang-17810a195?trk=public_profile_browsemap-profile",
        "name": "Jenniffer Yang",
        "summary": "",
        "location": "Greater Pittsburgh Region"
      },
      {
        "link": "https://www.linkedin.com/in/lakshmanan-murthy?trk=public_profile_browsemap-profile",
        "name": "Lakshmanan Murthy",
        "summary": "Security Engineer",
        "location": "Rochester, NY"
      },
      {
        "link": "https://www.linkedin.com/in/laurenzhu?trk=public_profile_browsemap-profile",
        "name": "Lauren Zhu",
        "summary": "",
        "location": "San Francisco, CA"
      },
      {
        "link": "https://www.linkedin.com/in/siddhi-degaonkar1411?trk=public_profile_browsemap-profile",
        "name": "Siddhi Degaonkar",
        "summary": "",
        "location": "San Francisco Bay Area"
      }
    ],
    "similar_profiles": [
      {
        "link": "https://in.linkedin.com/in/astro-radhe-4279822b6?trk=public_profile_samename-profile",
        "name": "Astro Radhe",
        "summary": "",
        "location": "Greater Delhi Area"
      },
      {
        "link": "https://in.linkedin.com/in/om-shastri-9b1057297?trk=public_profile_samename-profile",
        "name": "Om Shastri",
        "summary": "Student  at Veer Bahadur Singh Purvanchal University, Jaunpur",
        "location": "Jaunpur"
      },
      {
        "link": "https://www.linkedin.com/in/om-shastri-18b824101?trk=public_profile_samename-profile",
        "name": "OM Shastri",
        "summary": "Director of Operations at Onblaze",
        "location": "San Francisco, CA"
      },
      {
        "link": "https://in.linkedin.com/in/om-shastri-0291382a8?trk=public_profile_samename-profile",
        "name": "Om Shastri",
        "summary": "Attended ITM Group of Institutions",
        "location": "Rajkot"
      }
    ],
    "recommendations": [],
    "publications": [
      {
        "name": "PICSARR: high-precision polarimetry using CMOS image sensors",
        "sub_title": "Monthly Notices of the Royal Astronomical Society",
        "summary": "",
        "date": "April 1, 2023",
        "link": "https://www.linkedin.com/redir/redirect?url=https%3A%2F%2Facademic%2Eoup%2Ecom%2Fmnras%2Farticle%2F520%2F2%2F1938%2F7008531%3Flogin%3Dtrue&urlhash=7TAj&trk=public_profile_publication-title"
      },
      {
        "name": "MOSQUITO EDGE: An Edge-Intelligent Real-Time Mosquito Threat Prediction Using an IoT-Enabled Hardware System",
        "sub_title": "MDPI Sensors",
        "summary": "",
        "date": "January 17, 2022",
        "link": "https://www.linkedin.com/redir/redirect?url=https%3A%2F%2Fwww%2Emdpi%2Ecom%2F1424-8220%2F22%2F2%2F695&urlhash=J7bB&trk=public_profile_publication-title"
      }
    ],
    "courses": [],
    "languages": [
      {
        "name": "English",
        "level": "Native or bilingual proficiency"
      }
    ],
    "organizations": [
      {
        "name": "Wharton Investment and Trading Group",
        "position": "TMT Analyst"
      },
      {
        "name": "GRASP Lab",
        "position": "Research Assistant"
      },
      {
        "name": "X Academy Hephaestus Robotics",
        "position": "Co-CEO"
      },
      {
        "name": "First Robotics Competition Team 972 Iron Claw Robotics",
        "position": "-"
      },
      {
        "name": "Monterey Institute for Research and Astronomy",
        "position": "Research Assistant"
      },
      {
        "name": "Bay Area Dragons Wrestling Club",
        "position": "-"
      },
      {
        "name": "Stanford Math Circle",
        "position": "-"
      },
      {
        "name": "San Jose Math Circle",
        "position": "-"
      }
    ],
    "projects": [
      {
        "title": "A Hitchhiker's Guide to \ud835\udd4f",
        "link": "https://www.linkedin.com/in/alex-vesel-a315b11b6?trk=public_profile_project_contributor-image",
        "duration": "Oct 2024 - Oct 2024"
      },
      {
        "title": "",
        "link": "https://www.linkedin.com/in/alex-vesel-a315b11b6?trk=public_profile_project_contributor-image",
        "duration": ""
      },
      {
        "title": "",
        "link": "https://www.linkedin.com/in/diego-pasini?trk=public_profile_project_contributor-image",
        "duration": ""
      },
      {
        "title": "Rabbit-Hole",
        "link": "https://www.linkedin.com/in/vedantgaur?trk=public_profile_project_contributor-image",
        "duration": "Sep 2024 - Sep 2024"
      },
      {
        "title": "",
        "link": "https://www.linkedin.com/in/vedantgaur?trk=public_profile_project_contributor-image",
        "duration": ""
      },
      {
        "title": "",
        "link": "https://www.linkedin.com/in/justin-wang-658053236?trk=public_profile_project_contributor-image",
        "duration": ""
      },
      {
        "title": "PlanForm",
        "link": "https://www.linkedin.com/in/denniskjlee?trk=public_profile_project_contributor-image",
        "duration": "Jun 2024 - Sep 2024"
      },
      {
        "title": "",
        "link": "https://www.linkedin.com/in/denniskjlee?trk=public_profile_project_contributor-image",
        "duration": ""
      },
      {
        "title": "",
        "link": "https://www.linkedin.com/in/ben-kim-775a66250?trk=public_profile_project_contributor-image",
        "duration": ""
      },
      {
        "title": "MosquitoEdge",
        "link": "https://www.linkedin.com/in/govind-gnana?trk=public_profile_project_contributor-image",
        "duration": "Aug 2021 - Oct 2022"
      },
      {
        "title": "",
        "link": "https://www.linkedin.com/in/govind-gnana?trk=public_profile_project_contributor-image",
        "duration": ""
      },
      {
        "title": "",
        "link": "https://www.linkedin.com/in/avi-bagchi?trk=public_profile_project_contributor-image",
        "duration": ""
      },
      {
        "title": "",
        "link": "https://www.linkedin.com/in/shyam-polineni?trk=public_profile_project_contributor-image",
        "duration": ""
      }
    ],
    "awards": [
      {
        "name": "Congressional Gold Medal Award Recipient",
        "organization": "United States Congress",
        "duration": "Sep 2022",
        "summary": ""
      },
      {
        "name": "Hackathons",
        "organization": "-",
        "duration": "",
        "summary": "x.ai Hackathon (2024), TreeHacks (2024), HackMIT (2024), HackHarvard (2024), Microsoft Internal AI Hackathon (2024), Entrepreneur First UPenn Hackathon (2024), PennApps (2023, 2024)"
      }
    ],
    "score": []
  }
]