{
  "title": "\u202aDhruv Gautam\u202c - \u202aGoogle Scholar\u202c",
  "meta_description": "\u202aUC Berkeley\u202c - \u202aMachine Learning\u202c",
  "main_content": "Loading... The system can't perform the operation now. Try again later. Citations per year Duplicate citations The following articles are merged in Scholar. Their combined citations are counted only for the first article. Merged citations This \"Cited by\" count includes citations to the following articles in Scholar. The ones marked * may be different from the article in the profile. Add co-authors Co-authors Follow New articles by this author New citations to this author New articles related to this author's research Email address for updates Done My profile My library Metrics Alerts Settings Sign in Sign in Get my own profile Co-authors Roshanak Zilouchian Moghaddam Microsoft Verified email at microsoft.com Neel Sundaresan Follow Dhruv Gautam UC Berkeley Verified email at berkeley.edu - Homepage Machine Learning Articles Co-authors Title Sort Sort by citations Sort by year Sort by title Cited by Cited by Year RefactorBench: Evaluating Stateful Reasoning In Language Agents Through Code D Gautam, S Garg, J Jang, N Sundaresan, RZ Moghaddam NeurIPS 2024 Workshop on Open-World Agents , 2024 2024 The system can't perform the operation now. Try again later. Show more Privacy Terms Help About Scholar Search help",
  "links": [
    {
      "url": "/schhp?hl=en",
      "text": ""
    },
    {
      "url": "/citations?hl=en",
      "text": "My profile"
    },
    {
      "url": "/scholar?scilib=1&hl=en",
      "text": "My library"
    },
    {
      "url": "/citations?view_op=metrics_intro&hl=en",
      "text": "Metrics"
    },
    {
      "url": "/scholar_alerts?view_op=list_alerts&hl=en",
      "text": "Alerts"
    },
    {
      "url": "/scholar_settings?hl=en",
      "text": "Settings"
    },
    {
      "url": "https://accounts.google.com/Login?hl=en&continue=https://scholar.google.com/schhp%3Fhl%3Den",
      "text": "Sign in"
    },
    {
      "url": "/schhp?hl=en",
      "text": ""
    },
    {
      "url": "https://accounts.google.com/Login?hl=en&continue=https://scholar.google.com/schhp%3Fhl%3Den",
      "text": "Sign in"
    },
    {
      "url": "/citations?hl=en",
      "text": "Get my own profile"
    },
    {
      "url": "/citations?user=DHODm94AAAAJ&hl=en",
      "text": "Roshanak Zilouchian Moghaddam"
    },
    {
      "url": "/citations?user=3L-WAoMAAAAJ&hl=en",
      "text": "Neel Sundaresan"
    },
    {
      "url": "/citations?view_op=view_org&hl=en&org=11816294095661060495",
      "text": "UC Berkeley"
    },
    {
      "url": "http://dhruvji.github.io/",
      "text": "Homepage"
    },
    {
      "url": "/citations?view_op=search_authors&hl=en&mauthors=label:machine_learning",
      "text": "Machine Learning"
    },
    {
      "url": "/citations?hl=en&user=UzDpwXwAAAAJ&view_op=list_works&sortby=title",
      "text": "Title"
    },
    {
      "url": "/citations?hl=en&user=UzDpwXwAAAAJ&view_op=list_works",
      "text": "Sort by citations"
    },
    {
      "url": "/citations?hl=en&user=UzDpwXwAAAAJ&view_op=list_works&sortby=pubdate",
      "text": "Sort by year"
    },
    {
      "url": "/citations?hl=en&user=UzDpwXwAAAAJ&view_op=list_works&sortby=title",
      "text": "Sort by title"
    },
    {
      "url": "/citations?hl=en&user=UzDpwXwAAAAJ&view_op=list_works&sortby=pubdate",
      "text": "Year"
    },
    {
      "url": "/citations?view_op=view_citation&hl=en&user=UzDpwXwAAAAJ&citation_for_view=UzDpwXwAAAAJ:u5HHmVD_uO8C",
      "text": "RefactorBench: Evaluating Stateful Reasoning In Language Agents Through Code"
    },
    {
      "url": "//www.google.com/intl/en/policies/privacy/",
      "text": "Privacy"
    },
    {
      "url": "//www.google.com/intl/en/policies/terms/",
      "text": "Terms"
    },
    {
      "url": "/intl/en/scholar/about.html",
      "text": "About Scholar"
    },
    {
      "url": "//support.google.com/websearch?p=scholar_dsa&hl=en",
      "text": "Search help"
    }
  ],
  "images": [
    {
      "src": "/scholar/images/cleardot.gif",
      "alt": "Roshanak Zilouchian Moghaddam"
    },
    {
      "src": "/scholar/images/cleardot.gif",
      "alt": "Neel Sundaresan"
    },
    {
      "src": "https://scholar.googleusercontent.com/citations?view_op=view_photo&user=UzDpwXwAAAAJ&citpid=1",
      "alt": "Dhruv Gautam"
    }
  ]
}