{
  "title": "Showing 50 result for gau - Campus directory - University of California, Berkeley",
  "meta_description": "",
  "main_content": "Search for people Login with CalNet to view extended search results simple search advanced search search for people by name, phone, or email Search by Last Name, First Name Last Name First Name Email Address Phone Number Department Number Population All Faculty/Staff/Affiliates Students Search term Search Showing 50 results for gau Results are limited to the first 50 people matching gau . Bahl, Gauri Banerjee, Gaurav Krishna Barani, Gautham Bhardwaj, Gauri Bharti, Gaurav Bhooma, Gautam Blanchard, Gautier Bordia, Gautam Deshpande, Gauri Bhalchandra Gaubert, Cecile Gauci, Phaedra Gaudani, Mihir Jay Gauden, Nathaniel Lewis Gauderman, Kaileigh Gaudinier, Allison C Gaughran, Stephen Gaugler, Sarah Gaume, Camille Helene Maryvonne Gaur, Ashley Gaur, Ishan Gaur, Jaya Gauss, Tucker Anthony Gautam, Anirvan Gautam, Avik Gautam, Dhruv Gautam, Shreya Gautam, Sujal Gautam, Vidushi Gautier, Apolline Marie Solange Goel, Gautam Gorsi, Gauri Jeyasankarane, Gautham Deva Jhawar, Gaurang Jindal, Gaurav Kannan, Gautham Lalsinghani, Gaurav Manoj, Gauri Mittal, Gaurav Mutha, Gauri Nirmal Naik, Gautam Abhang Pande, Gaurav Pant, Gaurika Ramkumar, Gautam Rampur, Gautam Singh, Gaurav Srivastava, Gaurav Sharan Sumra, Gaurang Tyagi, Gaurav Vasseur, Gauthier G Yarramreddy, Gautam Sai Terms of use The CalNet Directory Service contains records for current faculty, staff, and students at UC Berkeley. Notice : This campus directory is the property of the Regents of the University of California. In accordance with the California Information Practices Act, neither this directory nor the information contained herein may be used, rented, distributed, or sold for commercial purposes. Information obtained from this directory may not be used for batch mailings other than for campus business \u2014 and batch mailings must be approved as defined in the the Mass Mailings section of the Online Activities Policy. Also, compilation or redistribution of information from this directory for purposes other than campus business is strictly prohibited. Operator: 510-642-6000 Update your listing Academic departments & programs Websites A-Z Campus postal address format Campus mail codes Emergency contacts",
  "links": [
    {
      "url": "https://auth.berkeley.edu/cas/login?service=https%3A%2F%2Fwww.berkeley.edu%2Fdirectory%2F%3Fsearch-term%3Dgau%26cas%3D1",
      "text": "Login with CalNet"
    },
    {
      "url": "/directory/?search-term=Bahl, Gauri&uid=1811399",
      "text": "Bahl, Gauri"
    },
    {
      "url": "/directory/?search-term=Banerjee, Gaurav Krishna&uid=1857296",
      "text": "Banerjee, Gaurav Krishna"
    },
    {
      "url": "/directory/?search-term=Barani, Gautham&uid=1916366",
      "text": "Barani, Gautham"
    },
    {
      "url": "/directory/?search-term=Bhardwaj, Gauri&uid=1905953",
      "text": "Bhardwaj, Gauri"
    },
    {
      "url": "/directory/?search-term=Bharti, Gaurav&uid=1760420",
      "text": "Bharti, Gaurav"
    },
    {
      "url": "/directory/?search-term=Bhooma, Gautam&uid=1917578",
      "text": "Bhooma, Gautam"
    },
    {
      "url": "/directory/?search-term=Blanchard, Gautier&uid=1936460",
      "text": "Blanchard, Gautier"
    },
    {
      "url": "/directory/?search-term=Bordia, Gautam&uid=1651648",
      "text": "Bordia, Gautam"
    },
    {
      "url": "/directory/?search-term=Deshpande, Gauri Bhalchandra&uid=1858914",
      "text": "Deshpande, Gauri Bhalchandra"
    },
    {
      "url": "/directory/?search-term=Gaubert, Cecile&uid=1082024",
      "text": "Gaubert, Cecile"
    },
    {
      "url": "/directory/?search-term=Gauci, Phaedra&uid=1799413",
      "text": "Gauci, Phaedra"
    },
    {
      "url": "/directory/?search-term=Gaudani, Mihir Jay&uid=1866883",
      "text": "Gaudani, Mihir Jay"
    },
    {
      "url": "/directory/?search-term=Gauden, Nathaniel Lewis&uid=1916222",
      "text": "Gauden, Nathaniel Lewis"
    },
    {
      "url": "/directory/?search-term=Gauderman, Kaileigh&uid=1932312",
      "text": "Gauderman, Kaileigh"
    },
    {
      "url": "/directory/?search-term=Gaudinier, Allison C&uid=1649888",
      "text": "Gaudinier, Allison C"
    },
    {
      "url": "/directory/?search-term=Gaughran, Stephen&uid=1938431",
      "text": "Gaughran, Stephen"
    },
    {
      "url": "/directory/?search-term=Gaugler, Sarah&uid=1100504",
      "text": "Gaugler, Sarah"
    },
    {
      "url": "/directory/?search-term=Gaume, Camille Helene Maryvonne&uid=1832889",
      "text": "Gaume, Camille Helene Maryvonne"
    },
    {
      "url": "/directory/?search-term=Gaur, Ashley&uid=1914012",
      "text": "Gaur, Ashley"
    },
    {
      "url": "/directory/?search-term=Gaur, Ishan&uid=1600856",
      "text": "Gaur, Ishan"
    },
    {
      "url": "/directory/?search-term=Gaur, Jaya&uid=1899451",
      "text": "Gaur, Jaya"
    },
    {
      "url": "/directory/?search-term=Gauss, Tucker Anthony&uid=1883658",
      "text": "Gauss, Tucker Anthony"
    },
    {
      "url": "/directory/?search-term=Gautam, Anirvan&uid=1916028",
      "text": "Gautam, Anirvan"
    },
    {
      "url": "/directory/?search-term=Gautam, Avik&uid=1861791",
      "text": "Gautam, Avik"
    },
    {
      "url": "/directory/?search-term=Gautam, Dhruv&uid=1774975",
      "text": "Gautam, Dhruv"
    },
    {
      "url": "/directory/?search-term=Gautam, Shreya&uid=1905496",
      "text": "Gautam, Shreya"
    },
    {
      "url": "/directory/?search-term=Gautam, Sujal&uid=1816223",
      "text": "Gautam, Sujal"
    },
    {
      "url": "/directory/?search-term=Gautam, Vidushi&uid=1869203",
      "text": "Gautam, Vidushi"
    },
    {
      "url": "/directory/?search-term=Gautier, Apolline Marie Solange&uid=1936472",
      "text": "Gautier, Apolline Marie Solange"
    },
    {
      "url": "/directory/?search-term=Goel, Gautam&uid=1843827",
      "text": "Goel, Gautam"
    },
    {
      "url": "/directory/?search-term=Gorsi, Gauri&uid=1814236",
      "text": "Gorsi, Gauri"
    },
    {
      "url": "/directory/?search-term=Jeyasankarane, Gautham Deva&uid=1930383",
      "text": "Jeyasankarane, Gautham Deva"
    },
    {
      "url": "/directory/?search-term=Jhawar, Gaurang&uid=1937370",
      "text": "Jhawar, Gaurang"
    },
    {
      "url": "/directory/?search-term=Jindal, Gaurav&uid=1853733",
      "text": "Jindal, Gaurav"
    },
    {
      "url": "/directory/?search-term=Kannan, Gautham&uid=1875822",
      "text": "Kannan, Gautham"
    },
    {
      "url": "/directory/?search-term=Lalsinghani, Gaurav&uid=1582637",
      "text": "Lalsinghani, Gaurav"
    },
    {
      "url": "/directory/?search-term=Manoj, Gauri&uid=1862165",
      "text": "Manoj, Gauri"
    },
    {
      "url": "/directory/?search-term=Mittal, Gaurav&uid=1848880",
      "text": "Mittal, Gaurav"
    },
    {
      "url": "/directory/?search-term=Mutha, Gauri Nirmal&uid=1885328",
      "text": "Mutha, Gauri Nirmal"
    },
    {
      "url": "/directory/?search-term=Naik, Gautam Abhang&uid=1816359",
      "text": "Naik, Gautam Abhang"
    },
    {
      "url": "/directory/?search-term=Pande, Gaurav&uid=1909197",
      "text": "Pande, Gaurav"
    },
    {
      "url": "/directory/?search-term=Pant, Gaurika&uid=1764481",
      "text": "Pant, Gaurika"
    },
    {
      "url": "/directory/?search-term=Ramkumar, Gautam&uid=1923166",
      "text": "Ramkumar, Gautam"
    },
    {
      "url": "/directory/?search-term=Rampur, Gautam&uid=1865643",
      "text": "Rampur, Gautam"
    },
    {
      "url": "/directory/?search-term=Singh, Gaurav&uid=1707275",
      "text": "Singh, Gaurav"
    },
    {
      "url": "/directory/?search-term=Srivastava, Gaurav Sharan&uid=1858170",
      "text": "Srivastava, Gaurav Sharan"
    },
    {
      "url": "/directory/?search-term=Sumra, Gaurang&uid=1910509",
      "text": "Sumra, Gaurang"
    },
    {
      "url": "/directory/?search-term=Tyagi, Gaurav&uid=1762397",
      "text": "Tyagi, Gaurav"
    },
    {
      "url": "/directory/?search-term=Vasseur, Gauthier G&uid=1620607",
      "text": "Vasseur, Gauthier G"
    },
    {
      "url": "/directory/?search-term=Yarramreddy, Gautam Sai&uid=1717796",
      "text": "Yarramreddy, Gautam Sai"
    },
    {
      "url": "https://security.berkeley.edu/policy/online#mass-mailings",
      "text": "Mass Mailings"
    },
    {
      "url": "tel:5106426000",
      "text": "Operator: 510-642-6000"
    },
    {
      "url": "https://bpr.calnet.berkeley.edu/account-manager/directoryUpdate",
      "text": "Update your listing"
    },
    {
      "url": "https://www.berkeley.edu/atoz/dept",
      "text": "Academic departments & programs"
    },
    {
      "url": "https://www.berkeley.edu/atoz",
      "text": "Websites A-Z"
    },
    {
      "url": "https://mailservices.berkeley.edu/campus-incoming-mail/campus-mail-addressing-guidelines/how-format-uc-berkeley-addresses",
      "text": "Campus postal address format"
    },
    {
      "url": "https://mailservices.berkeley.edu/campus-incoming-mail/mail-codes/uc-berkeley-mail-codes",
      "text": "Campus mail codes"
    },
    {
      "url": "https://emergency.berkeley.edu/contacts/",
      "text": "Emergency contacts"
    }
  ],
  "images": []
}