{
  "title": "STAGE Seminar - Events Calendar",
  "meta_description": "Speaker:  Zifan Wang (MIT)\n\nTitle:  Moduli space of abelian varieties II\n\nSections 2.4.-2.6 of Genestier and Ngo, Lectures on Shimura varieties. We\nwill finish the proof that the functor \ud835\udc9c is represented by a smooth quasiprojective\nscheme. Then, we review Grothendieck and Messing\u2019s theorem on\ndeformations of abelian schemes. Finally, we will give an adelic description\nof \ud835\udc9c and define Hecke operators., powered by Localist, the Community Event Platform",
  "main_content": "Events Calendar Past Events STAGE Seminar Clear message STAGE Seminar Monday, March 13, 2023 | 4:30pm to 6pm I'm Interested Register Share STAGE Seminar Share STAGE Seminar on Facebook Share STAGE Seminar on Twitter Share STAGE Seminar on LinkedIn I'm Interested Register About this Event MIT , 2-449 View map Add to calendar Save to Google Calendar Save to iCal Save to Outlook 77 Massachusetts Avenue, Cambridge, MA 02139 https://math.mit.edu/nt/ #mathematics View map Add to calendar Save to Google Calendar Save to iCal Save to Outlook Speaker: Zifan Wang ( MIT ) Title: Moduli space of abelian varieties II Sections 2.4.-2.6 of Genestier and Ngo, Lectures on Shimura varieties. We will finish the proof that the functor \ud835\udc9c is represented by a smooth quasiprojective scheme. Then, we review Grothendieck and Messing\u2019s theorem on deformations of abelian schemes. Finally, we will give an adelic description of \ud835\udc9c and define Hecke operators. Event Details Event Type Conferences/Seminars/Lectures Events By Interest Academic Events By Audience MIT Community Public Events By School School of Science Tags Bjorn Poonen stage_sem Francesc Fit\u00e9 Hyuk Jun Kweon Ziquan Yang Zhiyu Zhang Website https://math.mit.edu/nt/ Department Department of Mathematics Hashtag #mathematics Contact Email: rzammuto@mit.edu See Who Is Interested 0 people are interested in this event I'm Interested Hide map Show map Public transport Car Walking Your browser does not support iframes. Log in Email Address Email Address is required. Password Password is required. or Log in with Touchstone Log in with Google Log in with Facebook Log in with Twitter Log in with LinkedIn I forgot my password I don't have an account yet",
  "links": [
    {
      "url": "/",
      "text": "Events Calendar"
    },
    {
      "url": "https://calendar.mit.edu/calendar/day/2023/3/13",
      "text": "Past Events"
    },
    {
      "url": "https://calendar.mit.edu/event/42385159722927/confirm?return=https%3A%2F%2Fcalendar.mit.edu%2Fevent%2Fstage_seminar_6185",
      "text": "I'm Interested"
    },
    {
      "url": "https://visitors.mit.edu/?event=94b3eacf-b508-43e6-bcf7-16cc1d1011ae",
      "text": "Register"
    },
    {
      "url": "https://www.facebook.com/sharer/sharer.php?u=https://calendar.mit.edu/event/stage_seminar_6185",
      "text": "Share STAGE Seminar on Facebook"
    },
    {
      "url": "https://twitter.com/intent/tweet/?url=https%3A%2F%2Fcalendar.mit.edu%2Fevent%2Fstage_seminar_6185&text=STAGE+Seminar by Events+Calendar",
      "text": "Share STAGE Seminar on Twitter"
    },
    {
      "url": "https://www.linkedin.com/shareArticle?mini=true&url=https://calendar.mit.edu/event/stage_seminar_6185&title=STAGE Seminar",
      "text": "Share STAGE Seminar on LinkedIn"
    },
    {
      "url": "https://calendar.mit.edu/photo/40881823838530",
      "text": ""
    },
    {
      "url": "https://calendar.mit.edu/event/42385159722927/confirm?return=https%3A%2F%2Fcalendar.mit.edu%2Fevent%2Fstage_seminar_6185",
      "text": "I'm Interested"
    },
    {
      "url": "https://visitors.mit.edu/?event=94b3eacf-b508-43e6-bcf7-16cc1d1011ae",
      "text": "Register"
    },
    {
      "url": "https://calendar.google.com/calendar/event?action=TEMPLATE&dates=20230313T203000Z%2F20230313T220000Z&details=Speaker%3A++Zifan+Wang+%28MIT%29%0A%0ATitle%3A++Moduli+space+of+abelian+varieties+II%0A%0ASections+2.4.-2.6+of+Genestier+and+Ngo%2C+Lectures+on+Shimura+varieties.+We%0Awill+finish+the+proof+that+the+functor+%F0%9D%92%9C+is+represented+by+a+smooth+quasiprojective%0Ascheme.+Then%2C+we+review+Grothendieck+and+Messing%E2%80%99s+theorem+on%0Adeformations+of+abelian+schemes.+Finally%2C+we+will+give+an+adelic+description%0Aof+%F0%9D%92%9C+and+define+Hecke+operators.%0A%0Ahttps%3A%2F%2Fcalendar.mit.edu%2Fevent%2Fstage_seminar_6185&location=MIT+&sprop=website%3Acalendar.mit.edu&text=STAGE+Seminar",
      "text": "Save to Google Calendar"
    },
    {
      "url": "https://calendar.mit.edu/event/stage_seminar_6185.ics",
      "text": "Save to iCal"
    },
    {
      "url": "https://calendar.mit.edu/event/stage_seminar_6185.ics",
      "text": "Save to Outlook"
    },
    {
      "url": "https://math.mit.edu/nt/",
      "text": "https://math.mit.edu/nt/"
    },
    {
      "url": "https://twitter.com/search?q=%23mathematics",
      "text": "#mathematics"
    },
    {
      "url": "https://calendar.google.com/calendar/event?action=TEMPLATE&dates=20230313T203000Z%2F20230313T220000Z&details=Speaker%3A++Zifan+Wang+%28MIT%29%0A%0ATitle%3A++Moduli+space+of+abelian+varieties+II%0A%0ASections+2.4.-2.6+of+Genestier+and+Ngo%2C+Lectures+on+Shimura+varieties.+We%0Awill+finish+the+proof+that+the+functor+%F0%9D%92%9C+is+represented+by+a+smooth+quasiprojective%0Ascheme.+Then%2C+we+review+Grothendieck+and+Messing%E2%80%99s+theorem+on%0Adeformations+of+abelian+schemes.+Finally%2C+we+will+give+an+adelic+description%0Aof+%F0%9D%92%9C+and+define+Hecke+operators.%0A%0Ahttps%3A%2F%2Fcalendar.mit.edu%2Fevent%2Fstage_seminar_6185&location=MIT+&sprop=website%3Acalendar.mit.edu&text=STAGE+Seminar",
      "text": "Save to Google Calendar"
    },
    {
      "url": "https://calendar.mit.edu/event/stage_seminar_6185.ics",
      "text": "Save to iCal"
    },
    {
      "url": "https://calendar.mit.edu/event/stage_seminar_6185.ics",
      "text": "Save to Outlook"
    },
    {
      "url": "https://math.mit.edu/",
      "text": "MIT"
    },
    {
      "url": "/search/events?event_types%5B%5D=102764",
      "text": "Conferences/Seminars/Lectures"
    },
    {
      "url": "/search/events?event_types%5B%5D=102751",
      "text": "Academic"
    },
    {
      "url": "/search/events?event_types%5B%5D=98748",
      "text": "MIT Community"
    },
    {
      "url": "/search/events?event_types%5B%5D=98747",
      "text": "Public"
    },
    {
      "url": "/search/events?event_types%5B%5D=103366",
      "text": "School of Science"
    },
    {
      "url": "/search/events?event_types%5B%5D=34405132102192",
      "text": "Bjorn Poonen"
    },
    {
      "url": "/search/events?event_types%5B%5D=112546",
      "text": "stage_sem"
    },
    {
      "url": "/search/events?event_types%5B%5D=34937892784141",
      "text": "Francesc Fit\u00e9"
    },
    {
      "url": "/search/events?event_types%5B%5D=34937892785166",
      "text": "Hyuk Jun Kweon"
    },
    {
      "url": "/search/events?event_types%5B%5D=34937892785167",
      "text": "Ziquan Yang"
    },
    {
      "url": "/search/events?event_types%5B%5D=34937892786192",
      "text": "Zhiyu Zhang"
    },
    {
      "url": "https://math.mit.edu/nt/",
      "text": "https://math.mit.edu/nt/"
    },
    {
      "url": "/department/department_of_mathematics",
      "text": "Department of Mathematics"
    },
    {
      "url": "https://twitter.com/search?q=%23mathematics",
      "text": "#mathematics"
    },
    {
      "url": "mailto:rzammuto@mit.edu",
      "text": "rzammuto@mit.edu"
    },
    {
      "url": "https://calendar.mit.edu/event/42385159722927/confirm?return=https%3A%2F%2Fcalendar.mit.edu%2Fevent%2Fstage_seminar_6185",
      "text": "I'm Interested"
    },
    {
      "url": "https://www.google.com/maps/dir/?api=1&destination=77 Massachusetts Avenue, Cambridge, MA 02139&travelmode=transit",
      "text": "Public transport"
    },
    {
      "url": "https://www.google.com/maps/dir/?api=1&destination=77 Massachusetts Avenue, Cambridge, MA 02139&travelmode=driving",
      "text": "Car"
    },
    {
      "url": "https://www.google.com/maps/dir/?api=1&destination=77 Massachusetts Avenue, Cambridge, MA 02139&travelmode=walking",
      "text": "Walking"
    },
    {
      "url": "/auth/shib_login?previous_url=https%3A%2F%2Fcalendar.mit.edu%2Fevent%2Fstage_seminar_6185",
      "text": "Log in with Touchstone"
    },
    {
      "url": "/auth/google_login?previous_url=https%3A%2F%2Fcalendar.mit.edu%2Fevent%2Fstage_seminar_6185",
      "text": "Log in with Google"
    },
    {
      "url": "/auth/facebook_login?previous_url=https%3A%2F%2Fcalendar.mit.edu%2Fevent%2Fstage_seminar_6185",
      "text": "Log in with Facebook"
    },
    {
      "url": "/auth/twitter_login?previous_url=https%3A%2F%2Fcalendar.mit.edu%2Fevent%2Fstage_seminar_6185",
      "text": "Log in with Twitter"
    },
    {
      "url": "/auth/linkedin_login?previous_url=https%3A%2F%2Fcalendar.mit.edu%2Fevent%2Fstage_seminar_6185",
      "text": "Log in with LinkedIn"
    },
    {
      "url": "/auth/forgot",
      "text": "I forgot my password"
    },
    {
      "url": "/signup",
      "text": "I don't have an account yet"
    }
  ],
  "images": [
    {
      "src": "https://localist-images.azureedge.net/photos/40881823838530/card/fea61b2ae58d27b19229d9b8e35119e0925b2604.jpg",
      "alt": "Image of STAGE Seminar"
    }
  ]
}