{
  "title": "\u202aZifan Wang\u202c - \u202aGoogle Scholar\u202c",
  "meta_description": "\u202aKTH Royal Institute of Technology\u202c - \u202a\u202aCited by 42\u202c\u202c - \u202aOptimization\u202c - \u202aControl\u202c - \u202aMachine learning\u202c - \u202aGame theory\u202c",
  "main_content": "Loading... The system can't perform the operation now. Try again later. Citations per year Duplicate citations The following articles are merged in Scholar. Their combined citations are counted only for the first article. Merged citations This \"Cited by\" count includes citations to the following articles in Scholar. The ones marked * may be different from the article in the profile. Add co-authors Co-authors Follow New articles by this author New citations to this author New articles related to this author's research Email address for updates Done My profile My library Metrics Alerts Settings Sign in Sign in Get my own profile Cited by All Since 2020 Citations 42 42 h-index 4 4 i10-index 2 2 0 18 9 2022 2023 2024 2025 1 17 16 8 Public access View all View all 7 articles 1 article available not available Based on funding mandates Co-authors Michael M. Zavlanos Duke University Verified email at duke.edu Karl H. Johansson EECS and Digital Futures, KTH Royal Institute of Technology, Sweden Verified email at kth.se Alessandro Abate Professor of Verification and Control, University of Oxford, UK Verified email at cs.ox.ac.uk Yulong Gao Department of Electrical and Electronic Engineering, Imperial College London Verified email at imperial.ac.uk Xinlei Yi Lab for Information & Decision Systems, Massachusetts Institute of Technology Verified email at mit.edu Thomas Parisini Imperial College London and University of Trieste Verified email at imperial.ac.uk Changxin Liu KTH Royal Institute of Technology Verified email at kth.se Ligang Wu Harbin Institute of Technology Verified email at hit.edu.cn Follow Zifan Wang KTH Royal Institute of Technology Verified email at kth.se - Homepage Optimization Control Machine learning Game theory Articles Cited by Public access Co-authors Title Sort Sort by citations Sort by year Sort by title Cited by Cited by Year Distributed dynamic event-triggered communication and control for multi-agent consensus: A hybrid system approach Z Wang, Y Gao, Y Liu, S Wang, L Wu Information Sciences 618, 191-208 , 2022 12 2022 Risk-averse no-regret learning in online convex games Z Wang, Y Shen, M Zavlanos International conference on machine learning, 22999-23017 , 2022 10 2022 A zeroth-order momentum method for risk-averse online convex games Z Wang, Y Shen, ZI Bell, S Nivison, MM Zavlanos, KH Johansson 2022 IEEE 61st Conference on Decision and Control (CDC), 5179-5184 , 2022 6 2022 Policy evaluation in distributional LQR Z Wang, Y Gao, S Wang, MM Zavlanos, A Abate, KH Johansson Learning for Dynamics and Control Conference, 1245-1256 , 2023 4 2023 Constrained optimization with decision-dependent distributions Z Wang, C Liu, T Parisini, MM Zavlanos, KH Johansson IEEE Transactions on Automatic Control , 2025 2 2025 Learning of nash equilibria in risk-averse games Z Wang, Y Shen, MM Zavlanos, KH Johansson 2024 American Control Conference (ACC), 3270-3275 , 2024 2 2024 Convergence analysis of the best response algorithm for time-varying games Z Wang, Y Shen, MM Zavlanos, KH Johansson 2023 62nd IEEE Conference on Decision and Control (CDC), 1144-1149 , 2023 2 2023 Asymmetric feedback learning in online convex games Z Wang, X Yi, Y Shen, MM Zavlanos, KH Johansson arXiv preprint arXiv:2307.08812 , 2023 2 2023 Risk-averse learning with non-stationary distributions S Wang, Z Wang, X Yi, MM Zavlanos, KH Johansson, S Hirche arXiv preprint arXiv:2404.02988 , 2024 1 2024 Event-based distributed estimation of stochastic systems over sensor networks with deception attacks Z Wang, Y Liu, Y Fan 2021 IEEE International Conference on Power Electronics, Computer \u2026 , 2021 1 2021 Risk-Averse Certification of Bayesian Neural Networks X Zhang, Z Wang, Y Gao, L Romao, A Abate, M Kwiatkowska arXiv preprint arXiv:2411.19729 , 2024 2024 Risk-averse learning with delayed feedback S Wang, Z Wang, KH Johansson, S Hirche arXiv preprint arXiv:2409.16866 , 2024 2024 Outlier-Robust Distributionally Robust Optimization via Unbalanced Optimal Transport Z Wang, Y Shen, MM Zavlanos, KH Johansson Advances in neural information processing systems , 2024 2024 Policy Evaluation in Distributional LQR (Extended Version) Z Wang, Y Gao, S Wang, MM Zavlanos, A Abate, KH Johansson arXiv preprint arXiv:2401.10240 , 2023 2023 The system can't perform the operation now. Try again later. Articles 1\u201314 Show more Privacy Terms Help About Scholar Search help",
  "links": [
    {
      "url": "/schhp?hl=en",
      "text": ""
    },
    {
      "url": "/citations?hl=en",
      "text": "My profile"
    },
    {
      "url": "/scholar?scilib=1&hl=en",
      "text": "My library"
    },
    {
      "url": "/citations?view_op=metrics_intro&hl=en",
      "text": "Metrics"
    },
    {
      "url": "/scholar_alerts?view_op=list_alerts&hl=en",
      "text": "Alerts"
    },
    {
      "url": "/scholar_settings?hl=en",
      "text": "Settings"
    },
    {
      "url": "https://accounts.google.com/Login?hl=en&continue=https://scholar.google.com/schhp%3Fhl%3Den",
      "text": "Sign in"
    },
    {
      "url": "/schhp?hl=en",
      "text": ""
    },
    {
      "url": "https://accounts.google.com/Login?hl=en&continue=https://scholar.google.com/schhp%3Fhl%3Den",
      "text": "Sign in"
    },
    {
      "url": "/citations?hl=en",
      "text": "Get my own profile"
    },
    {
      "url": "/citations?view_op=list_mandates&hl=en&user=LV-DrIUAAAAJ",
      "text": "View all"
    },
    {
      "url": "/citations?user=gqtM2HwAAAAJ&hl=en",
      "text": "Michael M. Zavlanos"
    },
    {
      "url": "/citations?user=wWCUYdsAAAAJ&hl=en",
      "text": "Karl H. Johansson"
    },
    {
      "url": "/citations?user=yskbfM4AAAAJ&hl=en",
      "text": "Alessandro Abate"
    },
    {
      "url": "/citations?user=xBkFTSQAAAAJ&hl=en",
      "text": "Yulong Gao"
    },
    {
      "url": "/citations?user=tBd-u7QAAAAJ&hl=en",
      "text": "Xinlei Yi"
    },
    {
      "url": "/citations?user=tk2XuvYAAAAJ&hl=en",
      "text": "Thomas Parisini"
    },
    {
      "url": "/citations?user=AdrW_LUAAAAJ&hl=en",
      "text": "Changxin Liu"
    },
    {
      "url": "/citations?user=y2VfbQsAAAAJ&hl=en",
      "text": "Ligang Wu"
    },
    {
      "url": "/citations?view_op=view_org&hl=en&org=10294267715845137919",
      "text": "KTH Royal Institute of Technology"
    },
    {
      "url": "https://zifan-5528.github.io/",
      "text": "Homepage"
    },
    {
      "url": "/citations?view_op=search_authors&hl=en&mauthors=label:optimization",
      "text": "Optimization"
    },
    {
      "url": "/citations?view_op=search_authors&hl=en&mauthors=label:control",
      "text": "Control"
    },
    {
      "url": "/citations?view_op=search_authors&hl=en&mauthors=label:machine_learning",
      "text": "Machine learning"
    },
    {
      "url": "/citations?view_op=search_authors&hl=en&mauthors=label:game_theory",
      "text": "Game theory"
    },
    {
      "url": "/citations?hl=en&user=LV-DrIUAAAAJ&view_op=list_works&sortby=title",
      "text": "Title"
    },
    {
      "url": "/citations?hl=en&user=LV-DrIUAAAAJ&view_op=list_works",
      "text": "Sort by citations"
    },
    {
      "url": "/citations?hl=en&user=LV-DrIUAAAAJ&view_op=list_works&sortby=pubdate",
      "text": "Sort by year"
    },
    {
      "url": "/citations?hl=en&user=LV-DrIUAAAAJ&view_op=list_works&sortby=title",
      "text": "Sort by title"
    },
    {
      "url": "/citations?hl=en&user=LV-DrIUAAAAJ&view_op=list_works&sortby=pubdate",
      "text": "Year"
    },
    {
      "url": "/citations?view_op=view_citation&hl=en&user=LV-DrIUAAAAJ&citation_for_view=LV-DrIUAAAAJ:d1gkVwhDpl0C",
      "text": "Distributed dynamic event-triggered communication and control for multi-agent consensus: A hybrid system approach"
    },
    {
      "url": "https://scholar.google.com/scholar?oi=bibs&hl=en&cites=11688846448522660276",
      "text": "12"
    },
    {
      "url": "/citations?view_op=view_citation&hl=en&user=LV-DrIUAAAAJ&citation_for_view=LV-DrIUAAAAJ:u5HHmVD_uO8C",
      "text": "Risk-averse no-regret learning in online convex games"
    },
    {
      "url": "https://scholar.google.com/scholar?oi=bibs&hl=en&cites=5422161613045691610",
      "text": "10"
    },
    {
      "url": "/citations?view_op=view_citation&hl=en&user=LV-DrIUAAAAJ&citation_for_view=LV-DrIUAAAAJ:u-x6o8ySG0sC",
      "text": "A zeroth-order momentum method for risk-averse online convex games"
    },
    {
      "url": "https://scholar.google.com/scholar?oi=bibs&hl=en&cites=8772376247817580983",
      "text": "6"
    },
    {
      "url": "/citations?view_op=view_citation&hl=en&user=LV-DrIUAAAAJ&citation_for_view=LV-DrIUAAAAJ:qjMakFHDy7sC",
      "text": "Policy evaluation in distributional LQR"
    },
    {
      "url": "https://scholar.google.com/scholar?oi=bibs&hl=en&cites=5132070354991226308",
      "text": "4"
    },
    {
      "url": "/citations?view_op=view_citation&hl=en&user=LV-DrIUAAAAJ&citation_for_view=LV-DrIUAAAAJ:Y0pCki6q_DkC",
      "text": "Constrained optimization with decision-dependent distributions"
    },
    {
      "url": "https://scholar.google.com/scholar?oi=bibs&hl=en&cites=1334415878431707278",
      "text": "2"
    },
    {
      "url": "/citations?view_op=view_citation&hl=en&user=LV-DrIUAAAAJ&citation_for_view=LV-DrIUAAAAJ:eQOLeE2rZwMC",
      "text": "Learning of nash equilibria in risk-averse games"
    },
    {
      "url": "https://scholar.google.com/scholar?oi=bibs&hl=en&cites=8765686219155861806",
      "text": "2"
    },
    {
      "url": "/citations?view_op=view_citation&hl=en&user=LV-DrIUAAAAJ&citation_for_view=LV-DrIUAAAAJ:Tyk-4Ss8FVUC",
      "text": "Convergence analysis of the best response algorithm for time-varying games"
    },
    {
      "url": "https://scholar.google.com/scholar?oi=bibs&hl=en&cites=10518637631497505412",
      "text": "2"
    },
    {
      "url": "/citations?view_op=view_citation&hl=en&user=LV-DrIUAAAAJ&citation_for_view=LV-DrIUAAAAJ:zYLM7Y9cAGgC",
      "text": "Asymmetric feedback learning in online convex games"
    },
    {
      "url": "https://scholar.google.com/scholar?oi=bibs&hl=en&cites=3086002046087295766",
      "text": "2"
    },
    {
      "url": "/citations?view_op=view_citation&hl=en&user=LV-DrIUAAAAJ&citation_for_view=LV-DrIUAAAAJ:WF5omc3nYNoC",
      "text": "Risk-averse learning with non-stationary distributions"
    },
    {
      "url": "https://scholar.google.com/scholar?oi=bibs&hl=en&cites=11500349484934841060",
      "text": "1"
    },
    {
      "url": "/citations?view_op=view_citation&hl=en&user=LV-DrIUAAAAJ&citation_for_view=LV-DrIUAAAAJ:W7OEmFMy1HYC",
      "text": "Event-based distributed estimation of stochastic systems over sensor networks with deception attacks"
    },
    {
      "url": "https://scholar.google.com/scholar?oi=bibs&hl=en&cites=8715428251619529127",
      "text": "1"
    },
    {
      "url": "/citations?view_op=view_citation&hl=en&user=LV-DrIUAAAAJ&citation_for_view=LV-DrIUAAAAJ:_FxGoFyzp5QC",
      "text": "Risk-Averse Certification of Bayesian Neural Networks"
    },
    {
      "url": "/citations?view_op=view_citation&hl=en&user=LV-DrIUAAAAJ&citation_for_view=LV-DrIUAAAAJ:ufrVoPGSRksC",
      "text": "Risk-averse learning with delayed feedback"
    },
    {
      "url": "/citations?view_op=view_citation&hl=en&user=LV-DrIUAAAAJ&citation_for_view=LV-DrIUAAAAJ:roLk4NBRz8UC",
      "text": "Outlier-Robust Distributionally Robust Optimization via Unbalanced Optimal Transport"
    },
    {
      "url": "/citations?view_op=view_citation&hl=en&user=LV-DrIUAAAAJ&citation_for_view=LV-DrIUAAAAJ:YsMSGLbcyi4C",
      "text": "Policy Evaluation in Distributional LQR (Extended Version)"
    },
    {
      "url": "//www.google.com/intl/en/policies/privacy/",
      "text": "Privacy"
    },
    {
      "url": "//www.google.com/intl/en/policies/terms/",
      "text": "Terms"
    },
    {
      "url": "/intl/en/scholar/about.html",
      "text": "About Scholar"
    },
    {
      "url": "//support.google.com/websearch?p=scholar_dsa&hl=en",
      "text": "Search help"
    }
  ],
  "images": [
    {
      "src": "/scholar/images/cleardot.gif",
      "alt": "Michael M. Zavlanos"
    },
    {
      "src": "/scholar/images/cleardot.gif",
      "alt": "Karl H. Johansson"
    },
    {
      "src": "/scholar/images/cleardot.gif",
      "alt": "Alessandro Abate"
    },
    {
      "src": "/scholar/images/cleardot.gif",
      "alt": "Yulong Gao"
    },
    {
      "src": "/scholar/images/cleardot.gif",
      "alt": "Xinlei Yi"
    },
    {
      "src": "/scholar/images/cleardot.gif",
      "alt": "Thomas Parisini"
    },
    {
      "src": "/scholar/images/cleardot.gif",
      "alt": "Changxin Liu"
    },
    {
      "src": "/scholar/images/cleardot.gif",
      "alt": "Ligang Wu"
    },
    {
      "src": "https://scholar.googleusercontent.com/citations?view_op=view_photo&user=LV-DrIUAAAAJ&citpid=3",
      "alt": "Zifan Wang"
    }
  ]
}