{
  "title": "Bill Qian - Cypher Capital | SuperReturn Saudi Arabia Speaker",
  "meta_description": "",
  "main_content": "January 2026 The Fairmont Hotel Riyadh Bill Qian Chairman at Cypher Capital Speaker Profile Bill Qian brings a wealth of experience and a proven track record in the cryptocurrency and fintech sectors. As the former Global Head of M&A and Binance Labs at Binance, he managed the world\u2019s largest cryptocurrency portfolio at the time, valued at $20 billion. Currently, Bill serves as the Managing Director and Chief Investment Officer of Phoenix Group (ADX: PHX) and as Chairman of Cypher Capital. In 2022, Phoenix Group became the first cryptocurrency company to assist a sovereign entity in establishing its strategic Bitcoin reserve. Phoenix is also the first cryptocurrency company to go public in the Middle East, backed by sovereign investors from Abu Dhabi. The group operates three core business units: \u2022 Phoenix Mining, the largest Bitcoin mining operation in the Middle East. \u2022 M2.com, a leading regulated cryptocurrency exchange licensed in Abu Dhabi. \u2022 Cypher Capital, a prominent multi-strategy investment firm that has supported over 140 top-tier global projects, including Solana, Mysten Labs (Sui), Ton, Sei, and Bouncebit. Before joining Phoenix, Bill was the Head of Investment for Fintech and Technology at JD.com, a leading Asian internet platform generating over $400 billion in annual gross merchandise volume. Throughout his career, Bill has deployed and managed over $30 billion in investments across AI, cryptocurrency, and fintech, driving transformative innovation across multiple industries. With his visionary leadership and strategic insight, Bill continues to play a pivotal role in shaping the future of technology and innovation on a global scale. Bill Qian's Network Connect with us on LinkedIn @ cypher_capital cyphercapital.com Agenda Sessions Keynote address: What is better than gold 27 Jan , 14:40 View Session At this event Prev Next Muhannad Qubbaj Founding Partner Olive Rock Partners See Bill at SuperReturn Saudi Arabia",
  "links": [
    {
      "url": "/superreturn-saudi-arabia/",
      "text": ""
    },
    {
      "url": "/superreturn-saudi-arabia/",
      "text": "Homehome"
    },
    {
      "url": "/superreturn-saudi-arabia/agenda/",
      "text": "Agenda"
    },
    {
      "url": "/superreturn-saudi-arabia/speakers/",
      "text": "Speakers"
    },
    {
      "url": "/superreturn-saudi-arabia/networking/",
      "text": "Networking"
    },
    {
      "url": "/superreturn-saudi-arabia/attendees/",
      "text": "Attendees"
    },
    {
      "url": "/superreturn-saudi-arabia/sponsors/",
      "text": "Sponsors & Exhibitors"
    },
    {
      "url": "/superreturn-saudi-arabia/why-sponsor/",
      "text": "Why Sponsor?"
    },
    {
      "url": "/superreturn-saudi-arabia/lead-insights/",
      "text": "Lead Insights"
    },
    {
      "url": "/superreturn-saudi-arabia/code-of-conduct/",
      "text": "Code of Conduct"
    },
    {
      "url": "https://informaconnect.com/private-capital/events/",
      "text": "Related Events"
    },
    {
      "url": "/superreturn-saudi-arabia/contact/",
      "text": "Contact"
    },
    {
      "url": "https://informaconnect.com/superreturn/articles/",
      "text": "News & Articles"
    },
    {
      "url": "/superreturn-saudi-arabia/",
      "text": ""
    },
    {
      "url": "https://www.linkedin.com/company/cyphercapitalgroup/",
      "text": "Connect with us on LinkedIn"
    },
    {
      "url": "https://twitter.com/cypher_capital/",
      "text": "@cypher_capital"
    },
    {
      "url": "https://cyphercapital.com/",
      "text": "cyphercapital.com"
    },
    {
      "url": "/superreturn-saudi-arabia/speakers/muhannad-qubbaj/",
      "text": ""
    },
    {
      "url": "/superreturn-saudi-arabia/speakers/muhannad-qubbaj/",
      "text": ""
    },
    {
      "url": "/superreturn-saudi-arabia/speakers/muhannad-qubbaj/",
      "text": ""
    },
    {
      "url": "/superreturn-saudi-arabia/speakers/muhannad-qubbaj/",
      "text": ""
    },
    {
      "url": "/superreturn-saudi-arabia/speakers/muhannad-qubbaj/",
      "text": ""
    },
    {
      "url": "/superreturn-saudi-arabia/speakers/muhannad-qubbaj/",
      "text": ""
    },
    {
      "url": "/superreturn-saudi-arabia/speakers/muhannad-qubbaj/",
      "text": ""
    },
    {
      "url": "/superreturn-saudi-arabia/speakers/muhannad-qubbaj/",
      "text": ""
    },
    {
      "url": "/superreturn-saudi-arabia/speakers/muhannad-qubbaj/",
      "text": ""
    },
    {
      "url": "/superreturn-saudi-arabia/speakers/muhannad-qubbaj/",
      "text": ""
    },
    {
      "url": "/superreturn-saudi-arabia/speakers/muhannad-qubbaj/",
      "text": ""
    },
    {
      "url": "/superreturn-saudi-arabia/speakers/muhannad-qubbaj/",
      "text": ""
    },
    {
      "url": "/superreturn-saudi-arabia/speakers/muhannad-qubbaj/",
      "text": ""
    },
    {
      "url": "/superreturn-saudi-arabia/speakers/muhannad-qubbaj/",
      "text": ""
    },
    {
      "url": "/superreturn-saudi-arabia/speakers/muhannad-qubbaj/",
      "text": ""
    },
    {
      "url": "/superreturn-saudi-arabia/speakers/muhannad-qubbaj/",
      "text": ""
    },
    {
      "url": "/superreturn-saudi-arabia/speakers/muhannad-qubbaj/",
      "text": ""
    },
    {
      "url": "/superreturn-saudi-arabia/speakers/muhannad-qubbaj/",
      "text": ""
    },
    {
      "url": "/superreturn-saudi-arabia/speakers/muhannad-qubbaj/",
      "text": ""
    },
    {
      "url": "/superreturn-saudi-arabia/speakers/muhannad-qubbaj/",
      "text": ""
    },
    {
      "url": "/superreturn-saudi-arabia/speakers/muhannad-qubbaj/",
      "text": ""
    },
    {
      "url": "/superreturn-saudi-arabia/speakers/muhannad-qubbaj/",
      "text": ""
    },
    {
      "url": "/superreturn-saudi-arabia/speakers/muhannad-qubbaj/",
      "text": ""
    },
    {
      "url": "/superreturn-saudi-arabia/speakers/muhannad-qubbaj/",
      "text": ""
    },
    {
      "url": "/superreturn-saudi-arabia/speakers/muhannad-qubbaj/",
      "text": ""
    },
    {
      "url": "/superreturn-saudi-arabia/speakers/muhannad-qubbaj/",
      "text": ""
    },
    {
      "url": "/superreturn-saudi-arabia/speakers/muhannad-qubbaj/",
      "text": ""
    },
    {
      "url": "/superreturn-saudi-arabia/speakers/muhannad-qubbaj/",
      "text": ""
    },
    {
      "url": "/superreturn-saudi-arabia/speakers/muhannad-qubbaj/",
      "text": ""
    },
    {
      "url": "/superreturn-saudi-arabia/speakers/muhannad-qubbaj/",
      "text": ""
    },
    {
      "url": "/superreturn-saudi-arabia/speakers/muhannad-qubbaj/",
      "text": ""
    },
    {
      "url": "/superreturn-saudi-arabia/speakers/muhannad-qubbaj/",
      "text": ""
    },
    {
      "url": "/superreturn-saudi-arabia/speakers/muhannad-qubbaj/",
      "text": ""
    },
    {
      "url": "/superreturn-saudi-arabia/speakers/muhannad-qubbaj/",
      "text": ""
    },
    {
      "url": "/superreturn-saudi-arabia/speakers/muhannad-qubbaj/",
      "text": ""
    },
    {
      "url": "/superreturn-saudi-arabia/speakers/muhannad-qubbaj/",
      "text": ""
    },
    {
      "url": "/superreturn-saudi-arabia/speakers/muhannad-qubbaj/",
      "text": ""
    },
    {
      "url": "/superreturn-saudi-arabia/speakers/muhannad-qubbaj/",
      "text": ""
    },
    {
      "url": "/superreturn-saudi-arabia/speakers/muhannad-qubbaj/",
      "text": ""
    },
    {
      "url": "/superreturn-saudi-arabia/speakers/muhannad-qubbaj/",
      "text": ""
    },
    {
      "url": "/superreturn-saudi-arabia/speakers/muhannad-qubbaj/",
      "text": ""
    },
    {
      "url": "/superreturn-saudi-arabia/speakers/muhannad-qubbaj/",
      "text": ""
    },
    {
      "url": "/superreturn-saudi-arabia/speakers/muhannad-qubbaj/",
      "text": ""
    },
    {
      "url": "/superreturn-saudi-arabia/speakers/muhannad-qubbaj/",
      "text": ""
    },
    {
      "url": "/superreturn-saudi-arabia/speakers/muhannad-qubbaj/",
      "text": ""
    },
    {
      "url": "/superreturn-saudi-arabia/speakers/muhannad-qubbaj/",
      "text": ""
    },
    {
      "url": "/superreturn-saudi-arabia/speakers/muhannad-qubbaj/",
      "text": ""
    },
    {
      "url": "/superreturn-saudi-arabia/speakers/muhannad-qubbaj/",
      "text": ""
    },
    {
      "url": "/superreturn-saudi-arabia/speakers/muhannad-qubbaj/",
      "text": ""
    },
    {
      "url": "/superreturn-saudi-arabia/speakers/muhannad-qubbaj/",
      "text": ""
    },
    {
      "url": "/superreturn-saudi-arabia/speakers/muhannad-qubbaj/",
      "text": ""
    },
    {
      "url": "/superreturn-saudi-arabia/speakers/muhannad-qubbaj/",
      "text": ""
    },
    {
      "url": "/superreturn-saudi-arabia/speakers/muhannad-qubbaj/",
      "text": ""
    },
    {
      "url": "/superreturn-saudi-arabia/speakers/muhannad-qubbaj/",
      "text": ""
    },
    {
      "url": "/superreturn-saudi-arabia/speakers/muhannad-qubbaj/",
      "text": ""
    },
    {
      "url": "/superreturn-saudi-arabia/speakers/muhannad-qubbaj/",
      "text": ""
    },
    {
      "url": "/superreturn-saudi-arabia/speakers/muhannad-qubbaj/",
      "text": ""
    },
    {
      "url": "/superreturn-saudi-arabia/speakers/muhannad-qubbaj/",
      "text": ""
    },
    {
      "url": "/superreturn-saudi-arabia/speakers/muhannad-qubbaj/",
      "text": ""
    },
    {
      "url": "/superreturn-saudi-arabia/speakers/muhannad-qubbaj/",
      "text": ""
    },
    {
      "url": "/superreturn-saudi-arabia/speakers/muhannad-qubbaj/",
      "text": ""
    },
    {
      "url": "/superreturn-saudi-arabia/speakers/muhannad-qubbaj/",
      "text": ""
    },
    {
      "url": "/superreturn-saudi-arabia/speakers/muhannad-qubbaj/",
      "text": ""
    },
    {
      "url": "/superreturn-saudi-arabia/speakers/muhannad-qubbaj/",
      "text": ""
    },
    {
      "url": "/superreturn-saudi-arabia/speakers/muhannad-qubbaj/",
      "text": ""
    },
    {
      "url": "/superreturn-saudi-arabia/speakers/muhannad-qubbaj/",
      "text": ""
    },
    {
      "url": "/superreturn-saudi-arabia/speakers/muhannad-qubbaj/",
      "text": ""
    },
    {
      "url": "/superreturn-saudi-arabia/speakers/muhannad-qubbaj/",
      "text": ""
    },
    {
      "url": "/superreturn-saudi-arabia/speakers/muhannad-qubbaj/",
      "text": ""
    },
    {
      "url": "/superreturn-saudi-arabia/speakers/muhannad-qubbaj/",
      "text": ""
    },
    {
      "url": "/superreturn-saudi-arabia/speakers/muhannad-qubbaj/",
      "text": ""
    },
    {
      "url": "/superreturn-saudi-arabia/speakers/muhannad-qubbaj/",
      "text": ""
    },
    {
      "url": "/superreturn-saudi-arabia/speakers/muhannad-qubbaj/",
      "text": ""
    },
    {
      "url": "/superreturn-saudi-arabia/speakers/muhannad-qubbaj/",
      "text": ""
    },
    {
      "url": "/superreturn-saudi-arabia/speakers/muhannad-qubbaj/",
      "text": ""
    },
    {
      "url": "/superreturn-saudi-arabia/speakers/muhannad-qubbaj/",
      "text": ""
    },
    {
      "url": "/superreturn-saudi-arabia/speakers/muhannad-qubbaj/",
      "text": ""
    },
    {
      "url": "/superreturn-saudi-arabia/speakers/muhannad-qubbaj/",
      "text": ""
    },
    {
      "url": "/superreturn-saudi-arabia/speakers/muhannad-qubbaj/",
      "text": ""
    },
    {
      "url": "/superreturn-saudi-arabia/speakers/muhannad-qubbaj/",
      "text": ""
    },
    {
      "url": "/superreturn-saudi-arabia/speakers/muhannad-qubbaj/",
      "text": ""
    },
    {
      "url": "/superreturn-saudi-arabia/speakers/muhannad-qubbaj/",
      "text": ""
    },
    {
      "url": "/superreturn-saudi-arabia/speakers/muhannad-qubbaj/",
      "text": ""
    },
    {
      "url": "/superreturn-saudi-arabia/speakers/muhannad-qubbaj/",
      "text": ""
    },
    {
      "url": "/superreturn-saudi-arabia/speakers/muhannad-qubbaj/",
      "text": ""
    },
    {
      "url": "/superreturn-saudi-arabia/speakers/muhannad-qubbaj/",
      "text": ""
    },
    {
      "url": "/superreturn-saudi-arabia/speakers/muhannad-qubbaj/",
      "text": ""
    },
    {
      "url": "/superreturn-saudi-arabia/speakers/muhannad-qubbaj/",
      "text": ""
    },
    {
      "url": "/superreturn-saudi-arabia/speakers/muhannad-qubbaj/",
      "text": ""
    },
    {
      "url": "/superreturn-saudi-arabia/speakers/muhannad-qubbaj/",
      "text": ""
    },
    {
      "url": "/superreturn-saudi-arabia/speakers/muhannad-qubbaj/",
      "text": ""
    },
    {
      "url": "/superreturn-saudi-arabia/speakers/muhannad-qubbaj/",
      "text": ""
    },
    {
      "url": "/superreturn-saudi-arabia/speakers/muhannad-qubbaj/",
      "text": ""
    },
    {
      "url": "/superreturn-saudi-arabia/speakers/muhannad-qubbaj/",
      "text": ""
    },
    {
      "url": "/superreturn-saudi-arabia/speakers/muhannad-qubbaj/",
      "text": ""
    },
    {
      "url": "/superreturn-saudi-arabia/speakers/muhannad-qubbaj/",
      "text": ""
    },
    {
      "url": "/superreturn-saudi-arabia/speakers/muhannad-qubbaj/",
      "text": ""
    },
    {
      "url": "/superreturn-saudi-arabia/speakers/muhannad-qubbaj/",
      "text": ""
    },
    {
      "url": "/superreturn-saudi-arabia/speakers/muhannad-qubbaj/",
      "text": ""
    },
    {
      "url": "/superreturn-saudi-arabia/speakers/muhannad-qubbaj/",
      "text": "Muhannad QubbajFounding PartnerOlive Rock Partners"
    }
  ],
  "images": [
    {
      "src": "https://knect365.imgix.net/uploads/SR-BRAND-SAUDI-v2-33f5677a82d54ecf28ef6e243cc99b39.png?auto=format&fit=max&h=80",
      "alt": "SuperReturn Saudi Arabia"
    },
    {
      "src": "https://knect365.imgix.net/uploads/SR-BRAND-SAUDI-v2-33f5677a82d54ecf28ef6e243cc99b39.png?auto=format&fit=max&h=80",
      "alt": "SuperReturn Saudi Arabia"
    }
  ]
}