{
  "title": "Bill Qian - CypherHunter",
  "meta_description": "Bill Qian, chairman at Cypher Capital.",
  "main_content": "Bill Qian Chairman at Cypher Capital. Binance Investing Bill Qian Binance Investing Overview Bill Qian is Chairman at Cypher Capital. Formerly, he was the Global Head of Fundraising, Ventures and M&A for Binance. Prior to joining Binance, Bill was the Head of Investment of Fintech/Tech for JD.COM. Prior to JD, Bill worked for Trustbridge Partners, a leading technology focused PE fund. Bill has deployed and managed more than 20Bn USD in his past career across Web 1, Web 2, and Web 3. Bill has completed his Bachelor of Engineering at Shanghai Jiao Tong University(elected as the Vice President of students union with the historical highest voting rates), MSc Finance at Nanyang Technological University and MBA at the University of Toronto. Bill is also the executive committee member of Hillhouse Value Investing Institution. Work Experience Cypher Capital Group Multi strategy investment firm operating in the blockchain space. M2 Boost your Crypto Portfolio. Phoenix Group Leaders in Blockchain & Cryptocurrency Solutions Globally. Yzi Labs Formerly Binance Labs. CypherHunter Plus Subscribe to distraction-free reading, and unprecedented access to our data. Get Plus People also viewed Andrew Poelstra Director of Research at Blockstream. Peter Smith Co-founder and CEO of Blockchain. Arthur Breitman Co-Founder of Tezos. Aya Miyaguchi Executive Director at Ethereum Foundation. Expanding Ecosystems With over 70+ ecosystems actively growing, they are equally deserving of your attention. Ethereum Solana BNB Chain Base Arbitrum Sui Avalanche Aptos Polygon Optimism Blast TON Cosmos StarkNet",
  "links": [
    {
      "url": "/en/fundraising/2024/annual/",
      "text": "Read more"
    },
    {
      "url": "/en/t/binance/",
      "text": "Binance"
    },
    {
      "url": "/en/t/investing/",
      "text": "Investing"
    },
    {
      "url": "/en/account/login/?return_to=https://www.cypherhunter.com/en/p/bill-qian/",
      "text": ""
    },
    {
      "url": "/en/account/login/?return_to=https://www.cypherhunter.com/en/p/bill-qian/",
      "text": ""
    },
    {
      "url": "/en/t/binance/",
      "text": "Binance"
    },
    {
      "url": "/en/t/investing/",
      "text": "Investing"
    },
    {
      "url": "/en/p/cypher-capital-group/",
      "text": "Cypher Capital GroupMulti strategy investment firm operating in the blockchain space."
    },
    {
      "url": "/en/p/m2-exchange/",
      "text": "M2Boost your Crypto Portfolio."
    },
    {
      "url": "/en/p/phoenix-group/",
      "text": "Phoenix GroupLeaders in Blockchain & Cryptocurrency Solutions Globally."
    },
    {
      "url": "/en/p/binance-labs/",
      "text": "Yzi LabsFormerly Binance Labs."
    },
    {
      "url": "/en/account/login/?return_to=/account/billing/create/?period=annual",
      "text": "Get Plus"
    },
    {
      "url": "/en/p/andrew-poelstra/",
      "text": "Andrew PoelstraDirector of Research at Blockstream."
    },
    {
      "url": "/en/p/peter-smith/",
      "text": "Peter SmithCo-founder and CEO of Blockchain."
    },
    {
      "url": "/en/p/arthur-breitman/",
      "text": "Arthur BreitmanCo-Founder of Tezos."
    },
    {
      "url": "/en/p/aya-miyaguchi/",
      "text": "Aya MiyaguchiExecutive Director at Ethereum Foundation."
    },
    {
      "url": "/en/ecosystems/ethereum/",
      "text": "Ethereum"
    },
    {
      "url": "/en/ecosystems/solana/",
      "text": "Solana"
    },
    {
      "url": "/en/ecosystems/bnb-chain/",
      "text": "BNB Chain"
    },
    {
      "url": "/en/ecosystems/base/",
      "text": "Base"
    },
    {
      "url": "/en/ecosystems/arbitrum/",
      "text": "Arbitrum"
    },
    {
      "url": "/en/ecosystems/sui/",
      "text": "Sui"
    },
    {
      "url": "/en/ecosystems/avalanche/",
      "text": "Avalanche"
    },
    {
      "url": "/en/ecosystems/aptos/",
      "text": "Aptos"
    },
    {
      "url": "/en/ecosystems/polygon/",
      "text": "Polygon"
    },
    {
      "url": "/en/ecosystems/optimism/",
      "text": "Optimism"
    },
    {
      "url": "/en/ecosystems/blast/",
      "text": "Blast"
    },
    {
      "url": "/en/ecosystems/ton/",
      "text": "TON"
    },
    {
      "url": "/en/ecosystems/cosmos/",
      "text": "Cosmos"
    },
    {
      "url": "/en/ecosystems/starknet/",
      "text": "StarkNet"
    },
    {
      "url": "/en/ecosystems/",
      "text": ""
    }
  ],
  "images": [
    {
      "src": "/_next/image/?url=https%3A%2F%2Fimage.cypherhunter.com%2Fupload%2Fimg%2Fp%2Fbc504fcfdc1c12fa8d10659f5dba476d.jpg-resized&w=256&q=75",
      "alt": "Bill Qian"
    },
    {
      "src": "/_next/image/?url=https%3A%2F%2Fimage.cypherhunter.com%2Fupload%2Fimg%2Fp%2Fbc504fcfdc1c12fa8d10659f5dba476d.jpg-resized&w=96&q=75",
      "alt": "Bill Qian"
    },
    {
      "src": "/_next/image/?url=https%3A%2F%2Fimage.cypherhunter.com%2Fupload%2Fimg%2Fp%2Fa9d81a110ca65a4bd7562c76a50c8121.jpeg-resized&w=128&q=75",
      "alt": "Cypher Capital Group"
    },
    {
      "src": "/_next/image/?url=https%3A%2F%2Fimage.cypherhunter.com%2Fupload%2Fimg%2Fp%2Fd4ee13f39156075a3eb79c07bf83194d.jpeg-resized&w=128&q=75",
      "alt": "M2"
    },
    {
      "src": "/_next/image/?url=https%3A%2F%2Fimage.cypherhunter.com%2Fupload%2Fimg%2Fp%2Fb5ce6ad3debe7b5bc70c8c214e3478a6.jpeg-resized&w=128&q=75",
      "alt": "Phoenix Group"
    },
    {
      "src": "/_next/image/?url=https%3A%2F%2Fimage.cypherhunter.com%2Fupload%2Fimg%2Fp%2Fe75d8637b81291b6d75ccb6eef7b7ebc.jpg-resized&w=128&q=75",
      "alt": "Yzi Labs"
    },
    {
      "src": "/_next/image/?url=https%3A%2F%2Fimage.cypherhunter.com%2Fupload%2Fimg%2Fp%2F39229ab5545abe1f66b7c7de6061043d.jpg-resized&w=96&q=75",
      "alt": "Andrew Poelstra"
    },
    {
      "src": "/_next/image/?url=https%3A%2F%2Fimage.cypherhunter.com%2Fupload%2Fimg%2Fp%2F6c507c03b6e40d73312c3804d1e69abf.jpg-resized&w=96&q=75",
      "alt": "Peter Smith"
    },
    {
      "src": "/_next/image/?url=https%3A%2F%2Fimage.cypherhunter.com%2Fupload%2Fimg%2Fp%2F20c63f395c87bfb06cda8a5ea3df5fd0.jpg-resized&w=96&q=75",
      "alt": "Arthur Breitman"
    },
    {
      "src": "/_next/image/?url=https%3A%2F%2Fimage.cypherhunter.com%2Fupload%2Fimg%2Fp%2Ffc4c66fa0089ab886588d18ebf0e7a7b.jpg-resized&w=96&q=75",
      "alt": "Aya Miyaguchi"
    },
    {
      "src": "/_next/image/?url=https%3A%2F%2Fimage.cypherhunter.com%2Fupload%2Fimg%2Fp%2F7cd11538005739da29331b7884c150a4.jpg-resized&w=48&q=75",
      "alt": "Ethereum"
    },
    {
      "src": "/_next/image/?url=https%3A%2F%2Fimage.cypherhunter.com%2Fupload%2Fimg%2Fp%2F28e0c818bd3aa109c31cea4c0b548a0e.jpeg-resized&w=48&q=75",
      "alt": "Solana"
    },
    {
      "src": "/_next/image/?url=https%3A%2F%2Fimage.cypherhunter.com%2Fupload%2Fimg%2Fp%2Ffff6a9bd785468edd15e4917bd5cb8cf.jpg-resized&w=48&q=75",
      "alt": "BNB Chain"
    },
    {
      "src": "/_next/image/?url=https%3A%2F%2Fimage.cypherhunter.com%2Fupload%2Fimg%2Fp%2Ff83f03fa7d3390c60d4d341cb38b46e7.jpg-resized&w=48&q=75",
      "alt": "Base"
    },
    {
      "src": "/_next/image/?url=https%3A%2F%2Fimage.cypherhunter.com%2Fupload%2Fimg%2Fp%2F17e5635d771526a5d8c4eb5eac11e3ef.jpg-resized&w=48&q=75",
      "alt": "Arbitrum"
    },
    {
      "src": "/_next/image/?url=https%3A%2F%2Fimage.cypherhunter.com%2Fupload%2Fimg%2Fp%2F761053e86c66ab8137eed1b119a01010.jpeg-resized&w=48&q=75",
      "alt": "Sui"
    },
    {
      "src": "/_next/image/?url=https%3A%2F%2Fimage.cypherhunter.com%2Fupload%2Fimg%2Fp%2Fef794c3e89f17c0e85f8a08980bc8c35.jpg-resized&w=48&q=75",
      "alt": "Avalanche"
    },
    {
      "src": "/_next/image/?url=https%3A%2F%2Fimage.cypherhunter.com%2Fupload%2Fimg%2Fp%2F312b5bdf161b1bb58ff23654e49497f3.jpeg-resized&w=48&q=75",
      "alt": "Aptos"
    },
    {
      "src": "/_next/image/?url=https%3A%2F%2Fimage.cypherhunter.com%2Fupload%2Fimg%2Fp%2Fbe1f68c27e540f98de6b26ab7dd63aca.jpeg-resized&w=48&q=75",
      "alt": "Polygon"
    },
    {
      "src": "/_next/image/?url=https%3A%2F%2Fimage.cypherhunter.com%2Fupload%2Fimg%2Fp%2F6824e7b74e741f2f8dacc1c7c10d6de1.jpeg-resized&w=48&q=75",
      "alt": "Optimism"
    },
    {
      "src": "/_next/image/?url=https%3A%2F%2Fimage.cypherhunter.com%2Fupload%2Fimg%2Fp%2F4846d3d7179b14301cdefdb1a0de642e.jpg-resized&w=48&q=75",
      "alt": "Blast"
    },
    {
      "src": "/_next/image/?url=https%3A%2F%2Fimage.cypherhunter.com%2Fupload%2Fimg%2Fp%2Fba3af4efc791caaca88ad2f24f4351a1.jpeg-resized&w=48&q=75",
      "alt": "TON"
    },
    {
      "src": "/_next/image/?url=https%3A%2F%2Fimage.cypherhunter.com%2Fupload%2Fimg%2Fp%2F346be0816374feb6cef15e5988a6eaf4.jpg-resized&w=48&q=75",
      "alt": "Cosmos"
    },
    {
      "src": "/_next/image/?url=https%3A%2F%2Fimage.cypherhunter.com%2Fupload%2Fimg%2Fp%2Fee8a8b476c7b236089379ab057b27ae6.jpg-resized&w=48&q=75",
      "alt": "StarkNet"
    }
  ]
}