{
  "title": "Bill Qian - UNLOCK Blockchain",
  "meta_description": "",
  "main_content": "Bill Qian Chairman Cypher Capital Bill Qian, Chairman of Cypher Capital, stands as a prominent figure in the blockchain and venture capital landscape, showcasing remarkable achievements in 2023. Before leading Cypher Capital in 2022, he was the Global Head of Fundraising for Binance Labs and M&A for Binance, contributing to its status as the largest global crypto platform with 55% market share and $34 trillion in transactions in 2021. In fact, Bill sees himself as a \u201cweb-native investor\u201d looking for phenomenal founders in the Web 3.0 industry. Bill successfully invested in Sui, Sei, Ton, and other prominent projects in 2023. He was invited to speak at the Japan Blockchain Week conference in 2023. As a speaker, he shared his insights and expertise with industry professionals, investors, and enthusiasts, contributing to the advancement of blockchain technology in Japan and beyond. In addition to Japan Blockchain Week, Bill was also invited to speak at Token 2049, a renowned international blockchain conference. Facebook Twitter LinkedIn WhatsApp Telegram Back to top button Close Search for: Facebook X LinkedIn YouTube Instagram Telegram",
  "links": [
    {
      "url": "//www.facebook.com/sharer.php?u=https://www.unlock-bc.com/top20/2023/winner/bill-qian/",
      "text": "Facebook"
    },
    {
      "url": "//twitter.com/intent/tweet?text=%F0%9F%8E%89+Congratulations+to+Bill+Qian+for+being+recognized+as+one+of+MENA%27s+top+20+performing+CEOs+in+blockchain+%26+crypto+by+Unlock+Blockchain%21+Keep+shining%21+%F0%9F%8C%9F+%23Top20CEOs+%23BlockchainLeaders+%23CryptoInnovators+%40unlockbc&url=https://www.unlock-bc.com/top20/2023/winner/bill-qian/",
      "text": "Twitter"
    },
    {
      "url": "//www.linkedin.com/shareArticle?mini=true&url=https://www.unlock-bc.com/top20/2023/winner/bill-qian/&title=%F0%9F%8E%89+Congratulations+to+Bill+Qian+for+being+recognized+as+one+of+MENA%27s+top+20+performing+CEOs+in+blockchain+%26+crypto+by+Unlock+Blockchain%21+Keep+shining%21+%F0%9F%8C%9F+%23Top20CEOs+%23BlockchainLeaders+%23CryptoInnovators+%40unlockbc",
      "text": "LinkedIn"
    },
    {
      "url": "//api.whatsapp.com/send?text=%F0%9F%8E%89+Congratulations+to+Bill+Qian+for+being+recognized+as+one+of+MENA%27s+top+20+performing+CEOs+in+blockchain+%26+crypto+by+Unlock+Blockchain%21+Keep+shining%21+%F0%9F%8C%9F+%23Top20CEOs+%23BlockchainLeaders+%23CryptoInnovators+%40unlockbc%20https://www.unlock-bc.com/top20/2023/winner/bill-qian/",
      "text": "WhatsApp"
    },
    {
      "url": "//telegram.me/share/url?url=https://www.unlock-bc.com/top20/2023/winner/bill-qian/&text=%F0%9F%8E%89+Congratulations+to+Bill+Qian+for+being+recognized+as+one+of+MENA%27s+top+20+performing+CEOs+in+blockchain+%26+crypto+by+Unlock+Blockchain%21+Keep+shining%21+%F0%9F%8C%9F+%23Top20CEOs+%23BlockchainLeaders+%23CryptoInnovators+%40unlockbc",
      "text": "Telegram"
    },
    {
      "url": "//www.facebook.com/unlockblockchain",
      "text": "Facebook"
    },
    {
      "url": "//twitter.com/unlockbc",
      "text": "X"
    },
    {
      "url": "//www.linkedin.com/company/unlock-blockchain/",
      "text": "LinkedIn"
    },
    {
      "url": "//www.youtube.com/channel/UCd2_gVocMqhQvfpUu6W08YA",
      "text": "YouTube"
    },
    {
      "url": "//www.instagram.com/unlock.blockchain/",
      "text": "Instagram"
    },
    {
      "url": "//t.me/unlockblockchain",
      "text": "Telegram"
    },
    {
      "url": "/wordpress/wp-login.php?action=lostpassword&redirect_to=https%3A%2F%2Fwww.unlock-bc.com%2Fwordpress",
      "text": "Forget?"
    }
  ],
  "images": [
    {
      "src": "//analytics.twitter.com/i/adsct?txn_id=o7ste&p_id=Twitter&tw_sale_amount=0&tw_order_quantity=0",
      "alt": ""
    },
    {
      "src": "//t.co/i/adsct?txn_id=o7ste&p_id=Twitter&tw_sale_amount=0&tw_order_quantity=0",
      "alt": ""
    },
    {
      "src": "//analytics.twitter.com/i/adsct?txn_id=o7tbi&p_id=Twitter&tw_sale_amount=0&tw_order_quantity=0",
      "alt": ""
    },
    {
      "src": "//t.co/i/adsct?txn_id=o7tbi&p_id=Twitter&tw_sale_amount=0&tw_order_quantity=0",
      "alt": ""
    },
    {
      "src": "/wordpress/wp-content/uploads/2024/04/Bill-Qian_winner.jpg",
      "alt": "Nominee Image"
    },
    {
      "src": "/wordpress/wp-content/plugins/cryptocurrency-price-ticker-widget/assets/coin-logos/bitcoin.svg",
      "alt": "bitcoin"
    },
    {
      "src": "/wordpress/wp-content/plugins/cryptocurrency-price-ticker-widget/assets/coin-logos/ethereum.svg",
      "alt": "ethereum"
    },
    {
      "src": "/wordpress/wp-content/plugins/cryptocurrency-price-ticker-widget/assets/coin-logos/binancecoin.svg",
      "alt": "binancecoin"
    },
    {
      "src": "/wordpress/wp-content/plugins/cryptocurrency-price-ticker-widget/assets/coin-logos/solana.svg",
      "alt": "solana"
    },
    {
      "src": "/wordpress/wp-content/plugins/cryptocurrency-price-ticker-widget/assets/coin-logos/dogecoin.svg",
      "alt": "dogecoin"
    },
    {
      "src": "/wordpress/wp-content/plugins/cryptocurrency-price-ticker-widget/assets/coin-logos/cardano.svg",
      "alt": "cardano"
    },
    {
      "src": "/wordpress/wp-content/plugins/cryptocurrency-price-ticker-widget/assets/coin-logos/avalanche-2.svg",
      "alt": "avalanche-2"
    },
    {
      "src": "/wordpress/wp-content/plugins/cryptocurrency-price-ticker-widget/assets/coin-logos/polkadot.svg",
      "alt": "polkadot"
    },
    {
      "src": "/wordpress/wp-content/plugins/cryptocurrency-price-ticker-widget/assets/coin-logos/uniswap.svg",
      "alt": "uniswap"
    },
    {
      "src": "/wordpress/wp-content/plugins/cryptocurrency-price-ticker-widget/assets/coin-logos/matic-network.svg",
      "alt": "matic-network"
    }
  ]
}