{
  "title": "Lab Members - Bent Group",
  "meta_description": "Website of the Bent Research Group, Department of Chemical Engineering, Stanford University.",
  "main_content": "Bent Research Group Current Members Current Graduate Students Jacqueline Lewis , Carnegie Mellon University, jlewis11 (at) stanford.edu Alex Shearer , University of Texas Austin, ashearer (at) stanford.edu Maggy Harake , University of California, Riverside, mharake (at) stanford.edu Alex Persson , North Carolina State University, kapersso (at) stanford.edu Bang Nhan , Wellesley College, bnhan (at) stanford.edu Sanzeeda Baig Shuchi , Bangladesh University of Engineering and Technology, sbshuchi (at) stanford.edu Genni Liccardo , University of Naples Federico II, genni (at) stanford.edu Nadine Humphrey , University of Pittsburgh, nhumphre (at) stanford.edu Long Viet Than , Vanderbilt University, thanlv (at) stanford.edu Kenzie Sanroman Gutierrez , Northwestern University, kmsg (at) stanford.edu Dea Fackovic Volcanjk , Cornell University, dea23 (at) stanford.edu Anna Friederike Kolln , Dartmouth College, akolln (at) stanford.edu Lilliana Brandao , Harvard University, lbrandao (at) stanford.edu Bryce De Muth , Yale University, bdemuth (at) stanford.edu Current Postdocs & Visiting Scholars Giulio D'Acunto , Lund University, giudcn (at) stanford.edu Tzu-Ling Liu , Stanford University, tzuling (at) stanford.edu Yukio Cho , MIT, yukiocho (at) stanford.edu Madina Telkhozhayeva , Bar-Llan University, telkhom (at) stanford.edu Yu-Sen Jiang , National Taiwan University, ysjiang (at) stanford.edu Current Undergraduate & Masters Students Jenny Han , jingyih (at) stanford.edu Ethan Amaya , etamaya (at) stanford.edu Group Alumni Yujin Lee , Apple Amnon Rothman , Senior Lecturer, Ben-Gurion University Andreas Werbrouck , Postdoctoral Researcher, University of Missouri-Columbia Miika Mattinen , Postdoctoral Researcher, University of Helsinki Seunggi Seo , Applied Materials Solomon Oyakhire , Postdoctoral Researcher, University of California-Berkeley Josiah Yarbrough , Stanford University School of Medicine Jingwei Shi , Lam Research Sindhu Nathan , Legislative Fellow, United States Senate Joel Schneider , Postdoctoral Researcher, University of Minnesota Camila de Paula , Apple Nathan Richey , Lam Research Abulaiti Hairisha , Applied Materials Jimmy Raiford , Noria Energy Arun Asundi , SLAC National Accelerator Laboratory Professor Il-Kwon Oh , Ajou University, Korea Xiaoyun Yu , Zhangjiang Laboratory, China Dara Bobb-Semple , Lam Research Jon Baker , Lam Research Li Zeng , Boston Consulting Group Yi Chun Jin , Industrial Technology Research Institute, Taiwan Richard Closser , Agilent Technologies Jeong-Heon Choi , Samsung Electronics Callisto MacIsaac , Intel Joseph Singh , Google Professor David Bergsman , University of Washington Professor Tania Sandoval , Universidad T\u00e9cnica Federico Santa Mar\u00eda Axel Palmstrom , National Renewable Energy Laboratory Professor Uk Sim , Chonnam National University, Korea Mie Lillethorup , RadiSurf ApS Yesheng Yee , Institute of Microelectronics, Singapore Nuoya Yang , Lam Research Fatemeh Hashemi , Research Scientist Solar Energy at TNO Professor Woohee Kim , Chonbuk National University, Korea Professor Adrie Mackus , Eindhoven University of Technology Steve Herron , University of California San Francisco Katherine Roelofs , Luminous Computing Pralay Santra , Centre for Nano and Soft Matter Sciences Professor Dowon Bae , Heriot-Watt University Adam Hultqvist , Uppsala University Katie (Pickrahn) Nardi Sam Fleischman , Synfuels China Technology Art Wangperawong , U.S. Bank Professor Bonggeun Shong , Hongik University, Korea Rich Johnson , Arcanum Alloy Design Professor Chaiya Prasittichai , Kasetsart University Professor Carl H\u00e4gglund , Uppsala University Keith Wong , Modern Electron Jukka Tanskanen , The Academy of Finland Thomas Brennan , McKinsey & Company Han Zhou , Boston Consulting Group Professor Scott Geyer , Wake Forest University Rungthiwa Methaapanon , Lam Research Marja Mullings , 3M Professor Han-Bo-Ram Lee , National University of Incheon, Korea Jon Servaites , S2E Energy Jonathan Bakke , Advanced Semiconductor Materials (ASM) Pendar Ardalan , Lam Research Jessica Kachian , Intel Corporation Paul Loscutoff , Sunpower Xirong (Elise) Jiang , Tencent Jeff King , Corning Glass Neville Mehenti , Gilead Sciences Marcus Andre Worsley , Lawerence Livermore National Lab Professor Rong Chen , Huazhong University of Science and Technology Dave Porter , Lam Sandeep Giri , Google X Professor Mike Filler , Georgia Tech Junsic Hong , IBM Christina Lee , Thermo Fisher Scientific Gillian Zaharias , Ecology Center Hailan Duan , BEI Technologies Collin Mui , Bio-Techne Professor Andrew Teplyakov , University of Delaware George T. Wang , Sandia National Laboratories Szetsen Steven Lee , Chung Yuan Christian University Maynard Kong Moreno , Pontificia Univ. Catolica del Peru Ilya Chizhov , Therma-Wave, Inc. Moon-Sook Lee , Samsung Semiconductor Undergraduate & Masters Alumni Ajay Ravi '23 Cullen Chosy '21 Rayan Albraidi '22 Ben Fearon '19 Shirin Borhan '19 Charmayne Floyd '19 Allison Crow '16 Takero Sone '16 Pan Chuen '15 Bradlee Birchansky '15 Peter Wang '15 Qudus Lawal '14 Troy Yang '14 Aaron Garg '13 Paul Chen '13 Thomas Joseph '13 Weikang Sun '12 Sonali Chopra '11 Amita Seshadri '10 Kristine Pangan-Okimoto '09 Kristen Squires '09 Benjamin Tran '09 Michael Heath '08 Nathan Marchack '07 Helen Shi '07 Albert Keung '06 Allen Huang '06 Greg Tsien '06 Leslie Liang '06 Jimmy Lu '05 Jim Van Deventer '04 Aqueelah McKinley '03 John Tannaci '02 Ryan Timmons '02",
  "links": [
    {
      "url": "/",
      "text": "Bent Research Group"
    }
  ],
  "images": [
    {
      "src": "../images/pagePhotos/2019_group_photoheader.jpg",
      "alt": "Current Members"
    },
    {
      "src": "../images/icons/loading.gif",
      "alt": "Student Picture"
    },
    {
      "src": "../images/icons/loading.gif",
      "alt": "Student Picture"
    },
    {
      "src": "../images/icons/loading.gif",
      "alt": "Student Picture"
    },
    {
      "src": "../images/icons/loading.gif",
      "alt": "Student Picture"
    },
    {
      "src": "../images/icons/loading.gif",
      "alt": "Student Picture"
    },
    {
      "src": "../images/icons/loading.gif",
      "alt": "Student Picture"
    },
    {
      "src": "../images/icons/loading.gif",
      "alt": "Student Picture"
    },
    {
      "src": "../images/icons/loading.gif",
      "alt": "Student Picture"
    },
    {
      "src": "../images/icons/loading.gif",
      "alt": "Student Picture"
    },
    {
      "src": "../images/icons/loading.gif",
      "alt": "Student Picture"
    },
    {
      "src": "../images/icons/loading.gif",
      "alt": "Student Picture"
    },
    {
      "src": "../images/icons/loading.gif",
      "alt": "Student Picture"
    },
    {
      "src": "../images/icons/loading.gif",
      "alt": "Student Picture"
    },
    {
      "src": "../images/icons/loading.gif",
      "alt": "Student Picture"
    },
    {
      "src": "../images/icons/loading.gif",
      "alt": "Student Picture"
    },
    {
      "src": "../images/icons/loading.gif",
      "alt": "Student Picture"
    },
    {
      "src": "../images/icons/loading.gif",
      "alt": "Student Picture"
    },
    {
      "src": "../images/icons/loading.gif",
      "alt": "Student Picture"
    },
    {
      "src": "../images/icons/loading.gif",
      "alt": "Student Picture"
    },
    {
      "src": "../images/icons/loading.gif",
      "alt": "Student Picture"
    },
    {
      "src": "../images/icons/loading.gif",
      "alt": "Student Picture"
    },
    {
      "src": "../images/icons/loading.gif",
      "alt": "Student Picture"
    },
    {
      "src": "../images/icons/loading.gif",
      "alt": "Student Picture"
    },
    {
      "src": "../images/icons/loading.gif",
      "alt": "Student Picture"
    },
    {
      "src": "../images/icons/loading.gif",
      "alt": "Student Picture"
    },
    {
      "src": "../images/icons/loading.gif",
      "alt": "Student Picture"
    },
    {
      "src": "../images/icons/loading.gif",
      "alt": "Student Picture"
    },
    {
      "src": "../images/icons/loading.gif",
      "alt": "Student Picture"
    },
    {
      "src": "../images/icons/loading.gif",
      "alt": "Student Picture"
    },
    {
      "src": "../images/icons/loading.gif",
      "alt": "Student Picture"
    },
    {
      "src": "../images/icons/loading.gif",
      "alt": "Student Picture"
    },
    {
      "src": "../images/icons/loading.gif",
      "alt": "Student Picture"
    },
    {
      "src": "../images/icons/loading.gif",
      "alt": "Student Picture"
    },
    {
      "src": "../images/icons/loading.gif",
      "alt": "Student Picture"
    },
    {
      "src": "../images/icons/loading.gif",
      "alt": "Student Picture"
    },
    {
      "src": "../images/icons/loading.gif",
      "alt": "Student Picture"
    },
    {
      "src": "../images/icons/loading.gif",
      "alt": "Student Picture"
    },
    {
      "src": "../images/icons/loading.gif",
      "alt": "Student Picture"
    },
    {
      "src": "../images/icons/loading.gif",
      "alt": "Student Picture"
    },
    {
      "src": "../images/icons/loading.gif",
      "alt": "Student Picture"
    },
    {
      "src": "../images/icons/loading.gif",
      "alt": "Student Picture"
    },
    {
      "src": "../images/icons/loading.gif",
      "alt": "Student Picture"
    },
    {
      "src": "../images/icons/loading.gif",
      "alt": "Student Picture"
    },
    {
      "src": "../images/icons/loading.gif",
      "alt": "Student Picture"
    },
    {
      "src": "../images/icons/loading.gif",
      "alt": "Student Picture"
    },
    {
      "src": "../images/icons/loading.gif",
      "alt": "Student Picture"
    },
    {
      "src": "../images/icons/loading.gif",
      "alt": "Student Picture"
    },
    {
      "src": "../images/icons/loading.gif",
      "alt": "Student Picture"
    },
    {
      "src": "../images/icons/loading.gif",
      "alt": "Student Picture"
    },
    {
      "src": "../images/icons/loading.gif",
      "alt": "Student Picture"
    },
    {
      "src": "../images/icons/loading.gif",
      "alt": "Student Picture"
    },
    {
      "src": "../images/icons/loading.gif",
      "alt": "Student Picture"
    },
    {
      "src": "../images/icons/loading.gif",
      "alt": "Student Picture"
    },
    {
      "src": "../images/icons/loading.gif",
      "alt": "Student Picture"
    },
    {
      "src": "../images/icons/loading.gif",
      "alt": "Student Picture"
    },
    {
      "src": "../images/icons/loading.gif",
      "alt": "Student Picture"
    },
    {
      "src": "../images/icons/loading.gif",
      "alt": "Student Picture"
    },
    {
      "src": "../images/icons/loading.gif",
      "alt": "Student Picture"
    },
    {
      "src": "../images/icons/loading.gif",
      "alt": "Student Picture"
    },
    {
      "src": "../images/icons/loading.gif",
      "alt": "Student Picture"
    },
    {
      "src": "../images/icons/loading.gif",
      "alt": "Student Picture"
    },
    {
      "src": "../images/icons/loading.gif",
      "alt": "Student Picture"
    },
    {
      "src": "../images/icons/loading.gif",
      "alt": "Student Picture"
    },
    {
      "src": "../images/icons/loading.gif",
      "alt": "Student Picture"
    },
    {
      "src": "../images/icons/loading.gif",
      "alt": "Student Picture"
    },
    {
      "src": "../images/icons/loading.gif",
      "alt": "Student Picture"
    },
    {
      "src": "../images/icons/loading.gif",
      "alt": "Student Picture"
    },
    {
      "src": "../images/icons/loading.gif",
      "alt": "Student Picture"
    },
    {
      "src": "../images/icons/loading.gif",
      "alt": "Student Picture"
    },
    {
      "src": "../images/icons/loading.gif",
      "alt": "Student Picture"
    },
    {
      "src": "../images/icons/loading.gif",
      "alt": "Student Picture"
    },
    {
      "src": "../images/icons/loading.gif",
      "alt": "Student Picture"
    },
    {
      "src": "../images/icons/loading.gif",
      "alt": "Student Picture"
    },
    {
      "src": "../images/icons/loading.gif",
      "alt": "Student Picture"
    },
    {
      "src": "../images/icons/loading.gif",
      "alt": "Student Picture"
    },
    {
      "src": "../images/icons/loading.gif",
      "alt": "Student Picture"
    },
    {
      "src": "../images/icons/loading.gif",
      "alt": "Student Picture"
    },
    {
      "src": "../images/icons/loading.gif",
      "alt": "Student Picture"
    },
    {
      "src": "../images/icons/loading.gif",
      "alt": "Student Picture"
    },
    {
      "src": "../images/icons/loading.gif",
      "alt": "Student Picture"
    },
    {
      "src": "../images/icons/loading.gif",
      "alt": "Student Picture"
    },
    {
      "src": "../images/icons/loading.gif",
      "alt": "Student Picture"
    },
    {
      "src": "../images/icons/loading.gif",
      "alt": "Student Picture"
    },
    {
      "src": "../images/icons/loading.gif",
      "alt": "Student Picture"
    },
    {
      "src": "../images/icons/loading.gif",
      "alt": "Student Picture"
    },
    {
      "src": "../images/icons/loading.gif",
      "alt": "Student Picture"
    },
    {
      "src": "../images/icons/loading.gif",
      "alt": "Student Picture"
    },
    {
      "src": "../images/icons/loading.gif",
      "alt": "Student Picture"
    },
    {
      "src": "../images/icons/loading.gif",
      "alt": "Student Picture"
    },
    {
      "src": "../images/icons/loading.gif",
      "alt": "Student Picture"
    },
    {
      "src": "../images/icons/loading.gif",
      "alt": "Student Picture"
    },
    {
      "src": "../images/icons/loading.gif",
      "alt": "Student Picture"
    },
    {
      "src": "../images/icons/loading.gif",
      "alt": "Student Picture"
    },
    {
      "src": "../images/icons/loading.gif",
      "alt": "Student Picture"
    }
  ]
}