{
  "title": "Browse Stanford University | Stanford Profiles",
  "meta_description": "",
  "main_content": "View Stanford-only Results Stanford University Showing 1 of 1 Results Ryan Zhijie Rong Stanford Student Employee, Stanford Digital Economy Lab (S-DEL) Undergraduate, Vice Provost for Undergraduate Education Contact Info Mail Code: 9015 ryanrong@stanford.edu Show Only All Profiles Faculty, Research and Teaching Staff Staff Postdocs Graduate Students Last Name A B C D E F G H I J K L M N O P Q R S T U V W X Y Z Stanford University Independent Labs, Institutes, and Centers (Dean of Research) Institute for Human-Centered Artificial Intelligence (HAI) Stanford Digital Economy Lab (S-DEL)",
  "links": [
    {
      "url": "/intranet/browse/stanford?name=r&affiliations=capStaff&org=independent-labs-institutes-and-centers-dean-of-research/institute-for-human-centered-artificial-intelligence-hai/stanford-digital-economy-lab-s-del",
      "text": "View Stanford-only Results"
    },
    {
      "url": "/ryan-rong",
      "text": "Ryan Zhijie Rong\nStanford Student Employee, Stanford Digital Economy Lab (S-DEL)Undergraduate, Vice Provost for Undergraduate Education"
    },
    {
      "url": "mailto:ryanrong@stanford.edu",
      "text": "ryanrong@stanford.edu"
    },
    {
      "url": "/browse/stanford?name=r&org=independent-labs-institutes-and-centers-dean-of-research/institute-for-human-centered-artificial-intelligence-hai/stanford-digital-economy-lab-s-del",
      "text": "All Profiles"
    },
    {
      "url": "/browse/stanford?name=r&org=independent-labs-institutes-and-centers-dean-of-research/institute-for-human-centered-artificial-intelligence-hai/stanford-digital-economy-lab-s-del",
      "text": "Staff"
    },
    {
      "url": "/browse/stanford?affiliations=capStaff&org=independent-labs-institutes-and-centers-dean-of-research/institute-for-human-centered-artificial-intelligence-hai/stanford-digital-economy-lab-s-del",
      "text": "Last Name"
    },
    {
      "url": "/browse/stanford?affiliations=capStaff&org=independent-labs-institutes-and-centers-dean-of-research/institute-for-human-centered-artificial-intelligence-hai/stanford-digital-economy-lab-s-del",
      "text": "R"
    },
    {
      "url": "/browse/stanford?name=r&affiliations=capStaff",
      "text": "Stanford University"
    },
    {
      "url": "/browse/stanford?name=r&affiliations=capStaff",
      "text": "Independent Labs, Institutes, and Centers (Dean of Research)"
    },
    {
      "url": "/browse/stanford?name=r&affiliations=capStaff&org=independent-labs-institutes-and-centers-dean-of-research",
      "text": "Institute for Human-Centered Artificial Intelligence (HAI)"
    },
    {
      "url": "/browse/stanford?name=r&affiliations=capStaff&org=independent-labs-institutes-and-centers-dean-of-research/institute-for-human-centered-artificial-intelligence-hai",
      "text": "Stanford Digital Economy Lab (S-DEL)"
    }
  ],
  "images": []
}