{
  "title": "Browse Vice Provost for Undergraduate Education | Stanford Profiles",
  "meta_description": "",
  "main_content": "View Stanford-only Results Vice Provost for Undergraduate Education Showing 151-160 of 167 Results Richard Rowley Oxford Lecturer, Bing Overseas Studies Christian James Kalama Roy Undergraduate, Vice Provost for Undergraduate Education Contact Info croy@stanford.edu Andrew Kai Roybal Undergraduate, Vice Provost for Undergraduate Education Lara Rozanski Undergraduate, Vice Provost for Undergraduate Education Contact Info lararoz@stanford.edu Lara Rudar Undergraduate, Vice Provost for Undergraduate Education Contact Info Mail Code: 3073 lrudar@stanford.edu Marcelo Rueda Undergraduate, Vice Provost for Undergraduate Education Contact Info mrueda03@stanford.edu Maria De Los Angeles Rueda Undergraduate, Vice Provost for Undergraduate Education Contact Info mariaru@stanford.edu Dominique O Ruedaflores Wcc Staff, Dean for Community Engagement and Diversity Ug Oct, Hume Center Undergraduate, Public Policy Contact Info Mail Code: 3061 ruedaflo@stanford.edu Nicholas X Rui Undergraduate, Vice Provost for Undergraduate Education Contact Info nickrui@stanford.edu Levi Jung Ruivivar Undergraduate, Vice Provost for Undergraduate Education Contact Info l3v1@stanford.edu First Previous 16/17 Next Last 10 Results / Page 10 / Page Change 10 20 50 100 Show Only All Profiles Faculty, Research and Teaching Staff Staff Postdocs Graduate Students Last Name A B C D E F G H I J K L M N O P Q R S T U V W X Y Z Vice Provost for Undergraduate Education Academic Advising Bing Overseas Studies Stanford Introductory Studies VPO Operations Writing and Rhetoric Studies",
  "links": [
    {
      "url": "/intranet/browse/vice-provost-for-undergraduate-education?name=r&p=16",
      "text": "View Stanford-only Results"
    },
    {
      "url": "/richard-rowley",
      "text": "Richard Rowley\nOxford Lecturer, Bing Overseas Studies"
    },
    {
      "url": "/christian-roy",
      "text": "Christian James Kalama Roy\nUndergraduate, Vice Provost for Undergraduate Education"
    },
    {
      "url": "mailto:croy@stanford.edu",
      "text": "croy@stanford.edu"
    },
    {
      "url": "/317225",
      "text": "Andrew Kai Roybal\nUndergraduate, Vice Provost for Undergraduate Education"
    },
    {
      "url": "/lara-rozanski",
      "text": "Lara Rozanski\nUndergraduate, Vice Provost for Undergraduate Education"
    },
    {
      "url": "mailto:lararoz@stanford.edu",
      "text": "lararoz@stanford.edu"
    },
    {
      "url": "/lara-rudar",
      "text": "Lara Rudar\nUndergraduate, Vice Provost for Undergraduate Education"
    },
    {
      "url": "mailto:lrudar@stanford.edu",
      "text": "lrudar@stanford.edu"
    },
    {
      "url": "/marcelo-rueda",
      "text": "Marcelo Rueda\nUndergraduate, Vice Provost for Undergraduate Education"
    },
    {
      "url": "mailto:mrueda03@stanford.edu",
      "text": "mrueda03@stanford.edu"
    },
    {
      "url": "/maria-rueda",
      "text": "Maria De Los Angeles Rueda\nUndergraduate, Vice Provost for Undergraduate Education"
    },
    {
      "url": "mailto:mariaru@stanford.edu",
      "text": "mariaru@stanford.edu"
    },
    {
      "url": "/dominique-ruedaflores",
      "text": "Dominique O Ruedaflores\nWcc Staff, Dean for Community Engagement and DiversityUg Oct, Hume CenterUndergraduate, Public Policy"
    },
    {
      "url": "mailto:ruedaflo@stanford.edu",
      "text": "ruedaflo@stanford.edu"
    },
    {
      "url": "/nicholas-rui",
      "text": "Nicholas X Rui\nUndergraduate, Vice Provost for Undergraduate Education"
    },
    {
      "url": "mailto:nickrui@stanford.edu",
      "text": "nickrui@stanford.edu"
    },
    {
      "url": "/levi-ruivivar",
      "text": "Levi Jung Ruivivar\nUndergraduate, Vice Provost for Undergraduate Education"
    },
    {
      "url": "mailto:l3v1@stanford.edu",
      "text": "l3v1@stanford.edu"
    },
    {
      "url": "/browse/vice-provost-for-undergraduate-education?name=r&p=1",
      "text": "First"
    },
    {
      "url": "/browse/vice-provost-for-undergraduate-education?name=r&p=15",
      "text": "Previous"
    },
    {
      "url": "/browse/vice-provost-for-undergraduate-education?name=r&p=17",
      "text": "Next"
    },
    {
      "url": "/browse/vice-provost-for-undergraduate-education?name=r&p=17",
      "text": "Last"
    },
    {
      "url": "/browse/vice-provost-for-undergraduate-education?name=r&p=16&ps=10",
      "text": "10"
    },
    {
      "url": "/browse/vice-provost-for-undergraduate-education?name=r&p=8&ps=20",
      "text": "20"
    },
    {
      "url": "/browse/vice-provost-for-undergraduate-education?name=r&p=4&ps=50",
      "text": "50"
    },
    {
      "url": "/browse/vice-provost-for-undergraduate-education?name=r&p=2&ps=100",
      "text": "100"
    },
    {
      "url": "/browse/vice-provost-for-undergraduate-education?name=r",
      "text": "All Profiles"
    },
    {
      "url": "/browse/vice-provost-for-undergraduate-education?name=r&affiliations=capFaculty",
      "text": "Faculty, Research and Teaching Staff"
    },
    {
      "url": "/browse/vice-provost-for-undergraduate-education?name=r&affiliations=capStaff",
      "text": "Staff"
    },
    {
      "url": "/browse/vice-provost-for-undergraduate-education",
      "text": "Last Name"
    },
    {
      "url": "/browse/vice-provost-for-undergraduate-education",
      "text": "R"
    },
    {
      "url": "/browse/vice-provost-for-undergraduate-education?name=r",
      "text": "Vice Provost for Undergraduate Education"
    },
    {
      "url": "/browse/vice-provost-for-undergraduate-education?name=r&org=vice-provost-for-undergraduate-education/academic-advising",
      "text": "Academic Advising"
    },
    {
      "url": "/browse/vice-provost-for-undergraduate-education?name=r&org=vice-provost-for-undergraduate-education/bing-overseas-studies",
      "text": "Bing Overseas Studies"
    },
    {
      "url": "/browse/vice-provost-for-undergraduate-education?name=r&org=vice-provost-for-undergraduate-education/stanford-introductory-studies",
      "text": "Stanford Introductory Studies"
    },
    {
      "url": "/browse/vice-provost-for-undergraduate-education?name=r&org=vice-provost-for-undergraduate-education/vpo-operations",
      "text": "VPO Operations"
    },
    {
      "url": "/browse/vice-provost-for-undergraduate-education?name=r&org=vice-provost-for-undergraduate-education/writing-and-rhetoric-studies",
      "text": "Writing and Rhetoric Studies"
    }
  ],
  "images": [
    {
      "src": "https://profiles.stanford.edu/proxy/api/cap/profiles/316855/resources/profilephoto/350x350.1684036470690.jpg",
      "alt": "Marcelo Rueda"
    },
    {
      "src": "https://profiles.stanford.edu/proxy/api/cap/profiles/339465/resources/profilephoto/350x350.1715709147692.jpg",
      "alt": "Levi Jung Ruivivar"
    }
  ]
}