[
  {
    "fullName": "Trishala Neeraj",
    "linkedin_internal_id": "522125793",
    "first_name": "Trishala",
    "last_name": "Neeraj",
    "public_identifier": "trishalaneeraj",
    "background_cover_image_url": "https://static.licdn.com/aero-v1/sc/h/5q92mjc5c51bjlwaj3rs9aa82",
    "profile_photo": "https://media.licdn.com/dms/image/v2/C5603AQHH0b3sQewjQw/profile-displayphoto-shrink_200_200/profile-displayphoto-shrink_200_200/0/1525900725969?e=2147483647&v=beta&t=kyhSGHeCaXzb51IvUgXipIwWntEj5WDvpRspxhqp5H0",
    "headline": "",
    "location": "1K followers\n          \n              500+ connections",
    "about": "I am a Machine Learning Researcher and Engineer at CyberCube, where I've built and\u2026",
    "experience": [],
    "education": [],
    "articles": [],
    "description": {
      "description1": "CyberCube",
      "description1_link": "https://www.linkedin.com/company/cybercube-analytics?trk=public_profile_topcard-current-company",
      "description2": "Cornell University",
      "description2_link": "https://www.linkedin.com/school/cornell-university/?trk=public_profile_topcard-school",
      "description3": "Websites",
      "description3_link": "https://www.linkedin.com/redir/redirect?url=https%3A%2F%2Ftrishalaneeraj%2Egithub%2Eio%2Fabout%2F&urlhash=Byex&trk=public_profile_website"
    },
    "activities": [],
    "volunteering": [],
    "certification": [],
    "people_also_viewed": [
      {
        "link": "https://www.linkedin.com/in/shashids?trk=public_profile_browsemap-profile",
        "name": "Shashi Shankar",
        "summary": "",
        "location": "Seattle, WA"
      },
      {
        "link": "https://www.linkedin.com/in/qingbinli?trk=public_profile_browsemap-profile",
        "name": "Qingbin Li",
        "summary": "",
        "location": "Greater Seattle Area"
      },
      {
        "link": "https://www.linkedin.com/in/emma-yanyang-kong-6904b457?trk=public_profile_browsemap-profile",
        "name": "Emma (Yanyang) Kong",
        "summary": "",
        "location": "Stanford, CA"
      },
      {
        "link": "https://www.linkedin.com/in/tmlefb?trk=public_profile_browsemap-profile",
        "name": "Thong Le",
        "summary": "",
        "location": "San Francisco Bay Area"
      },
      {
        "link": "https://www.linkedin.com/in/lgong30?trk=public_profile_browsemap-profile",
        "name": "Long Gong",
        "summary": "",
        "location": "Santa Clara, CA"
      },
      {
        "link": "https://www.linkedin.com/in/anna-mengjie-yu-0b4a5929?trk=public_profile_browsemap-profile",
        "name": "Anna Mengjie Yu",
        "summary": "",
        "location": "Greater Seattle Area"
      },
      {
        "link": "https://www.linkedin.com/in/lilianweng?trk=public_profile_browsemap-profile",
        "name": "Lilian Weng",
        "summary": "",
        "location": "United States"
      },
      {
        "link": "https://www.linkedin.com/in/gtzhou?trk=public_profile_browsemap-profile",
        "name": "Guang-Tong Zhou",
        "summary": "",
        "location": "Bellevue, WA"
      },
      {
        "link": "https://www.linkedin.com/in/hzmao?trk=public_profile_browsemap-profile",
        "name": "Hanzi Mao",
        "summary": "",
        "location": "Santa Clara, CA"
      },
      {
        "link": "https://www.linkedin.com/in/zhengxing-chen-1797464b?trk=public_profile_browsemap-profile",
        "name": "Zhengxing Chen",
        "summary": "",
        "location": "Menlo Park, CA"
      }
    ],
    "similar_profiles": [
      {
        "link": "https://in.linkedin.com/in/trishala-neeraj-842220166?trk=public_profile_samename-profile",
        "name": "trishala neeraj",
        "summary": "seeking for jobs and internships opportunities for better learning and experiences",
        "location": "Madhya Pradesh, India"
      }
    ],
    "recommendations": [],
    "publications": [],
    "courses": [
      {
        "name": "Blockchains and Cryptocurrencies"
      },
      {
        "name": "Computer Vision"
      },
      {
        "name": "Data Science"
      },
      {
        "name": "Machine Learning"
      },
      {
        "name": "Modeling Under Uncertainty"
      },
      {
        "name": "Natural Language Processing"
      },
      {
        "name": "Networks, Crowds and Markets"
      },
      {
        "name": "Startup Systems Design and Engineering"
      },
      {
        "name": "Structured Prediction for Natural Language Processing"
      }
    ],
    "languages": [
      {
        "name": "English",
        "level": "Native or bilingual proficiency"
      },
      {
        "name": "Hindi",
        "level": "Native or bilingual proficiency"
      }
    ],
    "organizations": [],
    "projects": [],
    "awards": [],
    "score": []
  }
]