{
  "title": "Zhizhuo Zhou | Gradient Spaces Lab",
  "meta_description": "PhD Student Computer Science Advisor: Iro Armeni",
  "main_content": "Main content start PhD Student, CS Zhizhuo Zhou PhD Student Computer Science Advisor: Iro Armeni Contact website Back to Top",
  "links": [
    {
      "url": "https://www.zhiz.dev/",
      "text": "website"
    }
  ],
  "images": [
    {
      "src": "/sites/g/files/sbiybj27761/files/styles/large_square/public/media/image/zhizhuo_zhou_0.jpeg?h=a7ffc51c&itok=thImesJM",
      "alt": ""
    }
  ]
}