[
  {
    "fullName": "Arihan V.",
    "linkedin_internal_id": "1007354735",
    "first_name": "Arihan",
    "last_name": "V.",
    "public_identifier": "arihanvaranasi",
    "background_cover_image_url": "https://media.licdn.com/dms/image/v2/D4D16AQHQtuT8BF5QAA/profile-displaybackgroundimage-shrink_200_800/profile-displaybackgroundimage-shrink_200_800/0/1725782312124?e=2147483647&v=beta&t=Wqe2doVPZlc-0Ui0YlniEXJsFXUK4mPf8dZGx7VAVbU",
    "profile_photo": "https://media.licdn.com/dms/image/v2/D5603AQH_KCQYYFwP8Q/profile-displayphoto-shrink_200_200/profile-displayphoto-shrink_200_200/0/1696996010871?e=2147483647&v=beta&t=Fcy_XDLHudLk3e49aqkZBaW2febpWQYkU38vuu9jo-c",
    "headline": "Stanford '28",
    "location": "619 followers\n          \n          \n              500+ connections",
    "followers": "Issued May 2021",
    "connections": "Issued May 2021",
    "about": "Researcher that is interested in the field of machine learning and automation. Has created a multitude of projects on Github using a combination of Python and React. Focused on building LLM applications and models.",
    "experience": [
      {
        "position": "Undergraduate Researcher",
        "company_url": "https://www.linkedin.com/school/northtexas/?trk=public_profile_experience-item_profile-section-card_subtitle-click",
        "company_image": "https://media.licdn.com/dms/image/v2/C560BAQEWg2OaOf8MSg/company-logo_100_100/company-logo_100_100/0/1630635492658/northtexas_logo?e=2147483647&v=beta&t=wHdtE0L17MWY-VH2pxrd6kPOl2rv3FT07lrD3FNdc94",
        "company_name": "University of North Texas",
        "location": "Denton, Texas, United States",
        "summary": "- Worked on projects in the Computer Vision and Intelligent Systems Laboratory, delivering successful outcomes on time while securing funding from NASA, USGS, and Physmodo Inc.- Utilized bi-stream convolutional neural networks and deep learning autoencoders to identify cropland levees and optimize crop and farming structure placement, resulting in increased efficiency and reduced environmental impact.- Developed a novel human tracking method using point clouds and depth videos to improve pose estimation and monitoring accuracy, creating visualizations and demonstrations in MATLAB- Designed and implemented computer vision algorithms for real-time video tracking, leveraging expertise in convolutional neural networks, machine learning, and statistical analysis to achieve robust performance and high accuracy.\n            \n\n    \n    \n\n    \n        Show less",
        "starts_at": "Aug 2022",
        "ends_at": "Present",
        "duration": "2 years 8 months"
      }
    ],
    "education": [
      {
        "college_url": "https://www.linkedin.com/school/stanford-university/?trk=public_profile_school_profile-section-card_image-click",
        "college_name": "Stanford University",
        "college_image": "https://media.licdn.com/dms/image/v2/C560BAQHr9suxyJBXMw/company-logo_100_100/company-logo_100_100/0/1635534378870/stanford_university_logo?e=2147483647&v=beta&t=ZvB25L95o9w4q9drvsWxGcM49tX66Cf5LsLAxYp8rSs",
        "college_degree": "Bachelor's degree",
        "college_degree_field": "Computer Science",
        "college_duration": "2024 - 2028",
        "college_activity": ""
      },
      {
        "college_url": "https://www.linkedin.com/school/unttams/?trk=public_profile_school_profile-section-card_image-click",
        "college_name": "Texas Academy of Mathematics and Science",
        "college_image": "https://media.licdn.com/dms/image/v2/C4E0BAQFnqswbnINo9w/company-logo_100_100/company-logo_100_100/0/1630567745451?e=2147483647&v=beta&t=65RiaXehFBphweVSHqBm48D-1a2xOb-T18CDGngOBXo",
        "college_degree": "Computer Science",
        "college_degree_field": "GPA - Unweighted: 4.00",
        "college_duration": "2022 - 2024",
        "college_activity": ""
      },
      {
        "college_url": "https://www.linkedin.com/school/coppell-high-school/?trk=public_profile_school_profile-section-card_image-click",
        "college_name": "Coppell High School",
        "college_image": "https://media.licdn.com/dms/image/v2/C4E0BAQETG__HaLVXJA/company-logo_100_100/company-logo_100_100/0/1631373620114/coppell_high_school_logo?e=2147483647&v=beta&t=k2lbUq1BsWevC5t_b23Lk7l7Kdtf0bcUQrctIjx6PDM",
        "college_degree": "Computer Science",
        "college_degree_field": "GPA - Unweighted: 4.00 - Weighted: 5.50",
        "college_duration": "2020 - 2022",
        "college_activity": ""
      }
    ],
    "articles": [],
    "description": {
      "description1": "University of North Texas",
      "description1_link": "https://www.linkedin.com/school/northtexas/?trk=public_profile_topcard-current-company",
      "description2": "Stanford University",
      "description2_link": "https://www.linkedin.com/school/stanford-university/?trk=public_profile_topcard-school",
      "description3": ""
    },
    "activities": [
      {
        "link": "https://www.linkedin.com/posts/joelgrayson_i-enjoyed-creating-this-vending-machine-activity-7298560859532914688-Kmyc",
        "image": "https://media.licdn.com/dms/image/v2/D4E05AQFtence27U6dQ/feedshare-thumbnail_720_1280/B4EZUmySTNH0BA-/0/1740112471851?e=2147483647&v=beta&t=elkl1p9o1VZcYE76tbuDlRMlyKgPSFPzy1BQPDpvjOg",
        "title": "I enjoyed creating this vending machine.",
        "activity": "Liked by Arihan V."
      },
      {
        "link": "https://www.linkedin.com/posts/alexander-yue_treehacks-hackathon-ai-activity-7297684531136868352-fFds",
        "image": "https://media.licdn.com/dms/image/v2/D5622AQFDHBJlCdz6Ag/feedshare-shrink_800/B56ZUaVZtaHQAg-/0/1739903574012?e=2147483647&v=beta&t=o7efLUKqooXEp7xVC1ZoqFCCj_goBC38eMioE_5W-c8",
        "title": "This weekend I went solo into Treehacks and won NVIDIA\u2019s first place AI prize: a RTX 5090 signed by Jensen Huang. \n\nI am so grateful to have had the\u2026",
        "activity": "Liked by Arihan V."
      },
      {
        "link": "https://www.linkedin.com/posts/taarush-grover-69b428208_we-won-2nd-place-for-web3-at-treehacks-2025-activity-7297410508515684352-0lri",
        "image": "https://media.licdn.com/dms/image/v2/D5622AQHyHYM9n7gJzQ/feedshare-shrink_800/B56ZUWcLHkGQAg-/0/1739838241491?e=2147483647&v=beta&t=w5tsWFDloTb4jcnMPB2CG95930NijzYb7klyKzJgUsE",
        "title": "We won 2nd place for Web3 at TreeHacks  2025\u2014my first hackathon ever!\n\nJust wrapped up TreeHacks 2025\u2014The largest collegiate hackathon in the U.S\u2026",
        "activity": "Liked by Arihan V."
      },
      {
        "link": "https://www.linkedin.com/posts/cynthwang_first-hackathon-turned-first-linkedin-post-activity-7297370376311816193--Mh0",
        "image": "https://media.licdn.com/dms/image/v2/D5622AQF3H_RWdvRYtw/feedshare-shrink_800/B56ZUV3rA8GsAg-/0/1739828675068?e=2147483647&v=beta&t=SESavKpyreZCi4e6iDlrmo1hp0p6Fn-M83U6U1knr_E",
        "title": "First hackathon turned first LinkedIn post?\n\nOut of ~1000 students at the largest collegiate hackathon, I\u2019m stoked to share that my team and I won\u2026",
        "activity": "Liked by Arihan V."
      },
      {
        "link": "https://www.linkedin.com/posts/jpsingaraju_i-skipped-a-test-yesterday-to-meet-brett-activity-7295490607467175936-Q2CD",
        "image": "https://media.licdn.com/dms/image/v2/D5622AQGxy-Qjbxr5-A/feedshare-shrink_2048_1536/B56ZT50eR2HEAo-/0/1739358078484?e=2147483647&v=beta&t=zljyrCJZHEFdo2aiQOpMJgowuHb5nmE3nAAOAOm2Sdg",
        "title": "I skipped a test yesterday to meet Brett Adcock, the CEO of Figure, and it was absolutely worth it!\n\nBrett is the founder of Figure, Archer, and\u2026",
        "activity": "Liked by Arihan V."
      },
      {
        "link": "https://www.linkedin.com/posts/stanford-university_stanford2028-activity-7241913883840413696-0sbZ",
        "image": "https://media.licdn.com/dms/image/v2/D5622AQGCsZOyzTjw6w/feedshare-shrink_800/feedshare-shrink_800/0/1726606814238?e=2147483647&v=beta&t=TmeCaXOC2l6_fburWoEi-7de240APS-mSIYpEKpYntg",
        "title": "Move-In Day for #Stanford2028",
        "activity": "Liked by Arihan V."
      },
      {
        "link": "https://www.linkedin.com/posts/rhythm-garg_it-was-incredible-to-be-a-part-of-this-research-activity-7240053732711800833-eW1L",
        "image": "https://static.licdn.com/aero-v1/sc/h/53n89ecoxpr1qrki1do3alazb",
        "title": "It was incredible to be a part of this research effort. Excited to see what people build on top of these new capabilities!",
        "activity": "Liked by Arihan V."
      },
      {
        "link": "https://www.linkedin.com/posts/zachary-c-li_im-super-excited-to-share-that-i-completed-activity-7232152219532361728-_eQj",
        "image": "https://media.licdn.com/dms/image/v2/D4E22AQGlDZc2jhAUFA/feedshare-shrink_2048_1536/feedshare-shrink_2048_1536/0/1724279455153?e=2147483647&v=beta&t=JFL9JomDjNMAGbwdOQ_v_KVglazFaktnVg4XU0wq38E",
        "title": "I'm super excited to share that I completed an actuarial internship at Zurich North America this summer! A huge thanks to the Management Liability\u2026",
        "activity": "Liked by Arihan V."
      },
      {
        "link": "https://www.linkedin.com/posts/dhiraj-bijinepally_as-my-internship-at-shermco-industries-comes-activity-7230419445020549121-Q6N8",
        "image": "https://media.licdn.com/dms/image/v2/D5622AQE-mPzFLbo_Dg/feedshare-shrink_2048_1536/feedshare-shrink_2048_1536/0/1723866328974?e=2147483647&v=beta&t=-bWe7X4ryJXbrrmqND4Y_YFOHLDoE8vIOCEXNfX1PXc",
        "title": "As my internship at Shermco Industries comes to an end, I want to take a moment to reflect on this incredible experience.\n\nDuring my time here, I had\u2026",
        "activity": "Liked by Arihan V."
      },
      {
        "link": "https://www.linkedin.com/posts/rubriclabs_this-week-on-the-grid-on-crafting-animations-activity-7209266733344325633-KI_A",
        "image": "https://media.licdn.com/dms/image/v2/D4E22AQGdgKM-9xH4xQ/feedshare-shrink_2048_1536/feedshare-shrink_2048_1536/0/1718823129638?e=2147483647&v=beta&t=m8QS0m3zqxEd_y99vfqktN0qWbD6Y5XqNg2jTwW9wKw",
        "title": "This week on The Grid \u2192 on crafting animations, jamming with work, and zooming out.\n\nhttps://lnkd.in/ee6xU28K",
        "activity": "Liked by Arihan V."
      },
      {
        "link": "https://www.linkedin.com/posts/jeffrey-zepeng-yu_meta-facebook-swe-activity-7171239362783903746-NaKq",
        "image": "https://media.licdn.com/dms/image/v2/D5622AQFeSwln_oqWAw/feedshare-shrink_800/feedshare-shrink_800/0/1709756698343?e=2147483647&v=beta&t=vggb_CyDAqP1YNeM-ZmEYrblsVuB8WEoBwxXP6U5iJA",
        "title": "I'm excited to share that I will join Meta as a software engineer after graduation! I will be working under the Facebook News Feed team at the Menlo\u2026",
        "activity": "Liked by Arihan V."
      },
      {
        "link": "https://www.linkedin.com/posts/arihanvaranasi_deployed-openai-whisperv3-from-hugging-face-activity-7134269277863374849-tT3z",
        "image": "https://media.licdn.com/dms/image/v2/D5605AQGSbT_jtK6c7g/videocover-high/videocover-high/0/1700942323667?e=2147483647&v=beta&t=no8mIyoAvPEjdEO6Cs3jZzONK1LrVeNUwbL4Tytjl6k",
        "title": "Deployed OpenAI WhisperV3 from Hugging Face with Flash Attention v2 + fp16 on Modal Labs infra as a weekend project. Code:\u2026",
        "activity": "Shared by Arihan V."
      },
      {
        "link": "https://www.linkedin.com/posts/ngudan_thank-you-ais-utd-for-the-shoutout-this-activity-7123508155430440960-dEbF",
        "image": "https://static.licdn.com/aero-v1/sc/h/53n89ecoxpr1qrki1do3alazb",
        "title": "Thank you AIS UTD for the shoutout. This win wouldnt be possible without my time as a mentee here. Now, I am happy to help mentor future engineers.",
        "activity": "Liked by Arihan V."
      },
      {
        "link": "https://www.linkedin.com/posts/navdeep-singh-3aaa14161_neetcode-leetcode-codinginterview-activity-7112120102585585664-9rL4",
        "image": "https://media.licdn.com/dms/image/v2/D5622AQHuxmrKBL4uBA/feedshare-shrink_2048_1536/feedshare-shrink_2048_1536/0/1695661567563?e=2147483647&v=beta&t=Gp7_WjkEde8J_3RGr9HiVLCzIQEO6wqigRZA6j_vyPM",
        "title": "3 Years ago I joined Amazon after graduation. It was not a great experience, so I left after two months.\n\nIt\u2019s not like me to make irrational\u2026",
        "activity": "Liked by Arihan V."
      },
      {
        "link": "https://www.linkedin.com/posts/detahq_1909-activity-7109459562834862080-O0fg",
        "image": "https://media.licdn.com/dms/image/v2/D4E05AQGZL-kPCsP3eg/videocover-high/videocover-high/0/1695027234680?e=2147483647&v=beta&t=gyNUxJwID3yoEYBYzxUjlRksHVt57WYiKBu2suGAXpI",
        "title": "the times they are a-changin'",
        "activity": "Liked by Arihan V."
      },
      {
        "link": "https://www.linkedin.com/posts/agazdecki_the-ideal-founding-startup-team-someone-activity-7101902689231376385-Rf8K",
        "image": "https://static.licdn.com/aero-v1/sc/h/53n89ecoxpr1qrki1do3alazb",
        "title": "The ideal founding startup team:\n\nSomeone who can build the product.\n\nSomeone who can sell the product.\n\nYou need both to build a business.\n\nThis\u2026",
        "activity": "Liked by Arihan V."
      },
      {
        "link": "https://www.linkedin.com/posts/lexfridman_im-interviewing-walter-isaacson-soon-he-activity-7103754790857310208-ZK3-",
        "image": "https://static.licdn.com/aero-v1/sc/h/53n89ecoxpr1qrki1do3alazb",
        "title": "I'm interviewing Walter Isaacson soon. He has written amazing biographies of Benjamin Franklin, Einstein, Steve Jobs, Leonardo Da Vinci, and a new\u2026",
        "activity": "Liked by Arihan V."
      },
      {
        "link": "https://www.linkedin.com/posts/mabdelhai_httpsdetaspace-activity-7099364737179623424-Qnh7",
        "image": "https://media.licdn.com/dms/image/v2/D4E05AQGrbd4oeaPKHg/videocover-high/videocover-high/0/1692620433698?e=2147483647&v=beta&t=cR_TpNvjPafOSKbs9Bn3Itdr-UUK9LzXqlWgIjStuGQ",
        "title": "https://deta.space/",
        "activity": "Liked by Arihan V."
      }
    ],
    "volunteering": [],
    "certification": [
      {
        "company_image": "https://media.licdn.com/dms/image/v2/C560BAQE88xCsONDULQ/company-logo_100_100/company-logo_100_100/0/1630652622688/microsoft_logo?e=2147483647&v=beta&t=lMkCSsceJNmUG1r0VRg3Whye1sVi2KtYvt-MWyfoNbY",
        "certification": "MTA: Introduction to Programming Using Java - Certified",
        "company_url": "https://www.linkedin.com/company/microsoft?trk=public_profile_profile-section-card_image-click",
        "company_name": "Microsoft",
        "issue_date": "Issued May 2021",
        "credential_id": ""
      }
    ],
    "people_also_viewed": [],
    "similar_profiles": [],
    "recommendations": [],
    "publications": [],
    "courses": [
      {
        "name": "Linear Algebra"
      },
      {
        "name": "Principles of Macroeconomics"
      }
    ],
    "languages": [
      {
        "name": "Hindi",
        "level": "Elementary proficiency"
      },
      {
        "name": "English",
        "level": "Native or bilingual proficiency"
      },
      {
        "name": "Telugu",
        "level": "Elementary proficiency"
      },
      {
        "name": "Spanish",
        "level": "Elementary proficiency"
      }
    ],
    "organizations": [],
    "projects": [
      {
        "title": "UNT Course Seeker",
        "link": "https://untcourseseeker.streamlit.app/?trk=public_profile_project-title",
        "duration": "Apr 2023 - Apr 2023"
      },
      {
        "title": "ReadSpeak",
        "link": "https://arihanv.github.io/ReadSpeak/?trk=public_profile_project-title",
        "duration": "Mar 2023 - Mar 2023"
      },
      {
        "title": "NLP for Finance",
        "link": "https://docs.google.com/presentation/d/1JCwMDn8BlljnWcRPlx2wNgcAWQwlJWoKPFlNpoUsxoI/edit#slide=id.g139f5184d5c_5_19707?trk=public_profile_project-title",
        "duration": "Jun 2022 - Jun 2022"
      },
      {
        "title": "Investmate",
        "duration": "Jun 2021 - Jul 2021"
      }
    ],
    "awards": [
      {
        "name": "1st Place Elite Solo Project",
        "organization": "HackLah!",
        "duration": "Jun 2023",
        "summary": "- First among 280+ ParticipantsReceived first place for developing Koios GPT, a web app that combines AI algorithms and LLMs to process research articles and PDFs. Users can upload documents and utilize a built-in search feature for efficient article retrieval."
      },
      {
        "name": "1st Place Overall",
        "organization": "Code4Good",
        "duration": "Jun 2023",
        "summary": "- First among 80+ ParticipantsReceived first place overall for developing Koios GPT, a web app that combines AI algorithms and LLMs to process research articles and PDFs. Users can upload documents and utilize a built-in search feature for efficient article retrieval."
      },
      {
        "name": "Winner of Hack Your Portfolio",
        "organization": "Major League Hacking (MLH)",
        "duration": "Jun 2023",
        "summary": "- Winner among 290+ ParticipantsDeveloped Sign Ease, an innovative app that utilizes machine learning to accurately interpret sign language gestures, empowering sign language users with enhanced communication and accessibility."
      },
      {
        "name": "1st Place Education Hack",
        "organization": "PantherHack",
        "duration": "May 2023",
        "summary": "First among 151+ ParticipantsReceived first place in the education category for developing Transcribi, a web app that utilizes cutting-edge technologies such as OpenAI GPT, OpenAI Whisper, and Langchain to provide users with accurate and efficient audio transcription, as well as advanced analysis capabilities."
      },
      {
        "name": "1st Place Generative AI and Best Pitch",
        "organization": "Treasure Hacks",
        "duration": "Apr 2023",
        "summary": "First among 275+ ParticipantsDeveloped SightSense: a wearable device that utilizes object detection, voice commands, and text-to-speech functionality to aid individuals with visual impairments in navigating their surroundings in real-time."
      },
      {
        "name": "UNT President's List",
        "organization": "University of North Texas",
        "duration": "Apr 2023",
        "summary": "- Received for perfect 4.0/4.0 GPA for the Fall 2022 Semester"
      },
      {
        "name": "LaunchHacks II: 1st Place",
        "organization": "Launch Hacks",
        "duration": "Mar 2023",
        "summary": "First Among 740+ ParticipantsReadSpeak is a comprehensive app designed to help users improve their reading and pronunciation skills. With its user-friendly interface and advanced features, ReadSpeak is the perfect tool for anyone looking to enhance their language abilities."
      },
      {
        "name": "TAMS Summer Scholarship Recipient",
        "organization": "University of North Texas",
        "duration": "Mar 2023",
        "summary": "- Awarded $4000 for the continuation of work over the summer in utilizing bi-stream convolutional neural networks and deep learning autoencoders to identify cropland levees and optimize crop and farming structure placement"
      },
      {
        "name": "TXSEF State Finalist - Robotics and Intelligent Machines",
        "organization": "TXSEF",
        "duration": "Mar 2023",
        "summary": "- Finalist at FWRSEF and advanced to TXSEF state competition for Robotics and Intelligent Machines- Present research in development of novel human tracking method with automatic segmentation and 3D point-cloud generation that is able to mitigate self-occlusion"
      },
      {
        "name": "DECA Collegiate Business Ethics State Finalist and ICDC Qualifier",
        "organization": "DECA",
        "duration": "Feb 2023",
        "summary": "- Finalist at 2023 DECA Collegiate Competition for Business Ethics"
      },
      {
        "name": "FWRSEF: 1st Prize Air Force Innovation Award",
        "organization": "FWRSEF",
        "duration": "Feb 2023",
        "summary": "- Received award for development of novel human tracking method with automatic segmentation and 3D point-cloud generation that is able to mitigate self-occlusion"
      },
      {
        "name": "TSA State Finalist - Data Science and Analytics",
        "organization": "TSA",
        "duration": "Oct 2021",
        "summary": "- Managed comprehensive Covid-19 data collection from reputable sources, including vaccine and variant data.- Analyzed coronavirus data with linear regression and Support Vector Models (SVMs) to forecast future Covid cases and outbreaks.- Coordinated with team members to optimize machine learning models and increase accuracy.- Presented findings and work at the Dallas TSA regional competition for Data Science and Analytics, becoming a finalist."
      },
      {
        "name": "Dallas TiE Global Finalist",
        "organization": "Dallas TiE",
        "duration": "May 2021",
        "summary": "- Ideated the Investmate platform to provide investment services with an easy-to-use platform and design for all age groups.- Targeted young investors and included a database of investment terms to educate them about important terms in stock market trading.- Managed the design of the user interface of the Investmate platform.- Interviewed Hedge Fund Founder Nitin Sikkha of Cedar River Management LLC and Co-Founder Brandon Day of 360 Wealth Investment to validate ideas and improve\u2026\n            \n\n    \n    \n\n    \n        Show more\n\n          \n    \n  \n      \n          - Ideated the Investmate platform to provide investment services with an easy-to-use platform and design for all age groups.- Targeted young investors and included a database of investment terms to educate them about important terms in stock market trading.- Managed the design of the user interface of the Investmate platform.- Interviewed Hedge Fund Founder Nitin Sikkha of Cedar River Management LLC and Co-Founder Brandon Day of 360 Wealth Investment to validate ideas and improve app services and reach.\n            \n\n    \n    \n\n    \n        Show less"
      }
    ],
    "score": []
  }
]