{
  "title": "Sam Dickson - Metapedia",
  "meta_description": "",
  "main_content": "Donate to Metapedia: The Internet is the foremost field in the metapolitical battle of our time. Help us hold down the front. Sam Dickson From Metapedia Jump to: navigation , search Samuel Glasgow Dickson (born 1947) is a prominent Atlanta attorney and Southern historian who has been active in White nationalist causes. Dickson became politically and racially aware at a young age. At age 14, he protested the integration of his Presbyterian Church and by 16 was active in the Senator Barry Goldwater presidential campaign of 1964. He attended the University of Georgia in the late 1960s and was active in the conservative organizations Young Republicans and Young Americans for Freedom. He graduated from the University of Georgia Law School in 1972 and opened his law offices in Atlanta. He offers legal counsel to White activists and in 1978 ran for Lieutenant Governor of Georgia as a segregationist against Zell Miller [1] winning 11% of the vote. While running, he was barred from taking out advertisement space from the Atlanta Journal-Constitution. [2] Sam Dickson is a member of the Council of Conservative Citizens and has given lectures at the annual conference of American Renaissance . In college he was a member of the Union of the American People . External Links Sam Dickson Tribute Website Folktrove digital archive for Sam Dickson Sources \u2191 \"Our Candidate for Lieutenant Governor,\" Dickson for Lieutenant Governor , August 8, 1978, https://folktrove.com/sam-dickson-our-candidate-for-lieutenant-governor/ \u2191 \"Sam Dickson faces the Issues of Race Relations,\" https://folktrove.com/sam-dickson-faces-the-issue-of-race-relations/ Retrieved from \" http://en.metapedia.org/m/index.php?title=Sam_Dickson&oldid=503281 \" Categories : 1947 births Attorneys American White nationalists",
  "links": [
    {
      "url": "/wiki/Metapedia:Fundraiser",
      "text": "Donate to Metapedia: The Internet is the foremost field in the metapolitical battle of our time. Help us hold down the front."
    },
    {
      "url": "/wiki/Atlanta",
      "text": "Atlanta"
    },
    {
      "url": "/wiki/The_South",
      "text": "Southern"
    },
    {
      "url": "/wiki/White_nationalist",
      "text": "White nationalist"
    },
    {
      "url": "/wiki/Barry_Goldwater",
      "text": "Barry Goldwater"
    },
    {
      "url": "/wiki/Georgia_(U.S._state)",
      "text": "Georgia"
    },
    {
      "url": "/wiki/Segregationist",
      "text": "segregationist"
    },
    {
      "url": "/wiki/Council_of_Conservative_Citizens",
      "text": "Council of Conservative Citizens"
    },
    {
      "url": "/wiki/American_Renaissance",
      "text": "American Renaissance"
    },
    {
      "url": "/wiki/Union_of_the_American_People",
      "text": "Union of the American People"
    },
    {
      "url": "https://web.archive.org/web/20221231103901/http://sam-dickson.com/",
      "text": "Sam Dickson Tribute Website"
    },
    {
      "url": "https://folktrove.com/category/personnel/sam-dickson/",
      "text": "Folktrove digital archive for Sam Dickson"
    },
    {
      "url": "https://folktrove.com/sam-dickson-our-candidate-for-lieutenant-governor/",
      "text": "https://folktrove.com/sam-dickson-our-candidate-for-lieutenant-governor/"
    },
    {
      "url": "https://folktrove.com/sam-dickson-faces-the-issue-of-race-relations/",
      "text": "https://folktrove.com/sam-dickson-faces-the-issue-of-race-relations/"
    },
    {
      "url": "http://en.metapedia.org/m/index.php?title=Sam_Dickson&oldid=503281",
      "text": "http://en.metapedia.org/m/index.php?title=Sam_Dickson&oldid=503281"
    },
    {
      "url": "/wiki/Special:Categories",
      "text": "Categories"
    },
    {
      "url": "/wiki/Category:1947_births",
      "text": "1947 births"
    },
    {
      "url": "/wiki/Category:Attorneys",
      "text": "Attorneys"
    },
    {
      "url": "/wiki/Category:American_White_nationalists",
      "text": "American White nationalists"
    },
    {
      "url": "/m/index.php?title=Special:UserLogin&returnto=Sam+Dickson",
      "text": "Log in"
    },
    {
      "url": "/wiki/Sam_Dickson",
      "text": "Page"
    },
    {
      "url": "/m/index.php?title=Talk:Sam_Dickson&action=edit&redlink=1",
      "text": "Discussion"
    },
    {
      "url": "/wiki/Sam_Dickson",
      "text": "Read"
    },
    {
      "url": "/m/index.php?title=Sam_Dickson&action=edit",
      "text": "View source"
    },
    {
      "url": "/m/index.php?title=Sam_Dickson&action=history",
      "text": "View history"
    },
    {
      "url": "/wiki/Main_Page",
      "text": ""
    },
    {
      "url": "/wiki/Main_Page",
      "text": "Main page"
    },
    {
      "url": "/wiki/Metapedia:Community_portal",
      "text": "Community portal"
    },
    {
      "url": "/wiki/Special:RecentChanges",
      "text": "Recent changes"
    },
    {
      "url": "/wiki/Special:Random",
      "text": "Random page"
    },
    {
      "url": "https://www.mediawiki.org/wiki/Special:MyLanguage/Help:Contents",
      "text": "Help"
    },
    {
      "url": "/wiki/Metapedia:Fundraiser",
      "text": "Donate"
    },
    {
      "url": "/wiki/Special:WhatLinksHere/Sam_Dickson",
      "text": "What links here"
    },
    {
      "url": "/wiki/Special:RecentChangesLinked/Sam_Dickson",
      "text": "Related changes"
    },
    {
      "url": "/wiki/Special:SpecialPages",
      "text": "Special pages"
    },
    {
      "url": "/m/index.php?title=Sam_Dickson&printable=yes",
      "text": "Printable version"
    },
    {
      "url": "/m/index.php?title=Sam_Dickson&oldid=503281",
      "text": "Permanent link"
    },
    {
      "url": "/m/index.php?title=Sam_Dickson&action=info",
      "text": "Page information"
    },
    {
      "url": "/wiki/Metapedia:Privacy_policy",
      "text": "Privacy policy"
    },
    {
      "url": "/wiki/Metapedia:About",
      "text": "About Metapedia"
    },
    {
      "url": "/wiki/Metapedia:General_disclaimer",
      "text": "Disclaimers"
    },
    {
      "url": "http://en.metapedia.org/m/index.php?title=Sam_Dickson&mobileaction=toggle_view_mobile",
      "text": "Mobile view"
    },
    {
      "url": "//www.mediawiki.org/",
      "text": ""
    }
  ],
  "images": [
    {
      "src": "/m/resources/assets/poweredby_mediawiki_88x31.png",
      "alt": "Powered by MediaWiki"
    }
  ]
}