[
  {
    "fullName": "Min Xu",
    "linkedin_internal_id": "16736327",
    "first_name": "Min",
    "last_name": "Xu",
    "public_identifier": "min-xu-45b7315",
    "background_cover_image_url": "https://static.licdn.com/aero-v1/sc/h/5q92mjc5c51bjlwaj3rs9aa82",
    "profile_photo": "https://media.licdn.com/dms/image/v2/C4E03AQEZ9lvVglalcw/profile-displayphoto-shrink_200_200/profile-displayphoto-shrink_200_200/0/1517755876406?e=2147483647&v=beta&t=JCgIlhX6htHUHn9CgPFkMkJPwxsMFcDVqou2shjlN7U",
    "headline": "",
    "location": "7K followers\n          \n              500+ connections",
    "about": "Feel free to email me if you are interested in collaboration.https://xulabs.github.io",
    "experience": [],
    "education": [],
    "articles": [],
    "description": {
      "description1": "Department of Electrical and Computer Engineering at Carnegie Mellon University",
      "description1_link": "https://www.linkedin.com/school/cmu-ece/?trk=public_profile_topcard-current-company",
      "description2": "University of Southern California",
      "description2_link": "https://www.linkedin.com/school/university-of-southern-california/?trk=public_profile_topcard-school",
      "description3": "Company Website",
      "description3_link": "https://www.linkedin.com/redir/redirect?url=https%3A%2F%2Fxulabs%2Egithub%2Eio%2F&urlhash=Dldl&trk=public_profile_topcard-website"
    },
    "activities": [],
    "volunteering": [],
    "certification": [],
    "people_also_viewed": [
      {
        "link": "https://www.linkedin.com/in/hanzhaotsinghua?trk=public_profile_browsemap-profile",
        "name": "Han Zhao",
        "summary": "",
        "location": "Champaign, IL"
      },
      {
        "link": "https://www.linkedin.com/in/lianghuang?trk=public_profile_browsemap-profile",
        "name": "Liang Huang",
        "summary": "",
        "location": "Mountain View, CA"
      },
      {
        "link": "https://www.linkedin.com/in/cvondrick?trk=public_profile_browsemap-profile",
        "name": "Carl Vondrick",
        "summary": "",
        "location": "New York, NY"
      },
      {
        "link": "https://www.linkedin.com/in/richardawatts?trk=public_profile_browsemap-profile",
        "name": "Richard Watts",
        "summary": "Director: Center for Community News",
        "location": "Burlington, VT"
      },
      {
        "link": "https://www.linkedin.com/in/yukez?trk=public_profile_browsemap-profile",
        "name": "Yuke Zhu",
        "summary": "",
        "location": "Austin, TX"
      },
      {
        "link": "https://www.linkedin.com/in/emilio-ferrara-160a9215?trk=public_profile_browsemap-profile",
        "name": "Emilio Ferrara",
        "summary": "",
        "location": "Los Angeles Metropolitan Area"
      },
      {
        "link": "https://www.linkedin.com/in/vagelispapalexakis?trk=public_profile_browsemap-profile",
        "name": "Evangelos (Vagelis) Papalexakis",
        "summary": "",
        "location": "Riverside, CA"
      },
      {
        "link": "https://www.linkedin.com/in/carlospacheco08540?trk=public_profile_browsemap-profile",
        "name": "Carlos P.",
        "summary": "",
        "location": "Newark, NJ"
      },
      {
        "link": "https://www.linkedin.com/in/mohitbansalnlp?trk=public_profile_browsemap-profile",
        "name": "Mohit Bansal",
        "summary": "Parker Distinguished Professor, Computer Science, UNC Chapel Hill",
        "location": "Raleigh-Durham-Chapel Hill Area"
      },
      {
        "link": "https://www.linkedin.com/in/yisongyue?trk=public_profile_browsemap-profile",
        "name": "Yisong Yue",
        "summary": "",
        "location": "Pasadena, CA"
      }
    ],
    "similar_profiles": [
      {
        "link": "https://www.linkedin.com/in/min-x-978a2248?trk=public_profile_samename-profile",
        "name": "Min X.",
        "summary": "Staff Software Engineer at Meta",
        "location": "San Jose, CA"
      },
      {
        "link": "https://www.linkedin.com/in/min-xu-9b0615?trk=public_profile_samename-profile",
        "name": "Min XU",
        "summary": "",
        "location": "New York City Metropolitan Area"
      },
      {
        "link": "https://www.linkedin.com/in/minxu920?trk=public_profile_samename-profile",
        "name": "Min Xu",
        "summary": "",
        "location": "San Francisco Bay Area"
      },
      {
        "link": "https://www.linkedin.com/in/min-xu-20733a8?trk=public_profile_samename-profile",
        "name": "Min Xu",
        "summary": "",
        "location": "Bellevue, WA"
      },
      {
        "link": "https://www.linkedin.com/in/min-xu-1861a129?trk=public_profile_samename-profile",
        "name": "Min Xu",
        "summary": "",
        "location": "Savannah, GA"
      }
    ],
    "recommendations": [],
    "publications": [],
    "courses": [],
    "languages": [],
    "organizations": [],
    "projects": [],
    "awards": [],
    "score": []
  }
]