[
  {
    "fullName": "Collin Qian",
    "linkedin_internal_id": "628579401",
    "first_name": "Collin",
    "last_name": "Qian",
    "public_identifier": "collinqian",
    "background_cover_image_url": "https://media.licdn.com/dms/image/v2/C5616AQHRLFdphpCXcw/profile-displaybackgroundimage-shrink_200_800/profile-displaybackgroundimage-shrink_200_800/0/1655681350255?e=2147483647&v=beta&t=jUW2T2xOQ5bvEPR3tCeF1Njt8LXWG8vZQ9jYODUsc2U",
    "profile_photo": "https://media.licdn.com/dms/image/v2/D5603AQFQCn9yeymLFw/profile-displayphoto-shrink_200_200/profile-displayphoto-shrink_200_200/0/1710308398783?e=2147483647&v=beta&t=-AeNYzhv0ZOzQN3usBUGzKDIB-3QFCCWS0OFvoas9mw",
    "headline": "CS @ UCSB",
    "location": "2K followers\n          \n          \n              500+ connections",
    "about": "",
    "experience": [
      {
        "position": "Software Engineer Intern",
        "company_url": "https://www.linkedin.com/company/databricks?trk=public_profile_experience-item_profile-section-card_subtitle-click",
        "company_image": "https://media.licdn.com/dms/image/v2/D560BAQFPIRKiPVETuw/company-logo_100_100/company-logo_100_100/0/1697215766274?e=2147483647&v=beta&t=K5mi1ouCxRu2wpiCv1XfYxu29YGccouH7wYiGiXNNpQ",
        "company_name": "Databricks",
        "location": "Mountain View, California, United States",
        "summary": "Multi Cloud Efficiency Team",
        "starts_at": "Jun 2024",
        "ends_at": "Sep 2024",
        "duration": "4 months"
      },
      {
        "position": "Software Engineer Intern",
        "company_url": "https://www.linkedin.com/company/amazon?trk=public_profile_experience-item_profile-section-card_subtitle-click",
        "company_image": "https://media.licdn.com/dms/image/v2/C560BAQHTvZwCx4p2Qg/company-logo_100_100/company-logo_100_100/0/1630640869849/amazon_logo?e=2147483647&v=beta&t=QsC16wgE3EBriPFDlAgtToh2xndFwQWKmR2WcyMG1nk",
        "company_name": "Amazon",
        "location": "Sunnyvale, California, United States",
        "summary": "Smart Vehicles Team",
        "starts_at": "Jun 2023",
        "ends_at": "Sep 2023",
        "duration": "4 months"
      },
      {
        "position": "Software Engineer Intern",
        "company_url": "https://www.linkedin.com/company/benioffoceansciencelaboratory?trk=public_profile_experience-item_profile-section-card_subtitle-click",
        "company_image": "https://media.licdn.com/dms/image/v2/C560BAQHNvsVW0zOXfA/company-logo_100_100/company-logo_100_100/0/1663716488210/benioffoceansciencelaboratory_logo?e=2147483647&v=beta&t=yDnld5NUhPfaIH1nWpzAsUyy9LS4AoTaRWQwDYvZ8Z8",
        "company_name": "Benioff Ocean Science Laboratory",
        "location": "Santa Barbara, California, United States",
        "summary": "WhaleSafe Project and SharkEye Project",
        "starts_at": "Nov 2022",
        "ends_at": "Jun 2023",
        "duration": "8 months"
      },
      {
        "position": "Software Quality Assurance Intern",
        "company_url": "https://www.linkedin.com/company/rocket-lawyer-inc?trk=public_profile_experience-item_profile-section-card_subtitle-click",
        "company_image": "https://media.licdn.com/dms/image/v2/D560BAQH_UDi-5Kx7lg/company-logo_100_100/company-logo_100_100/0/1688220470296/rocket_lawyer_inc_logo?e=2147483647&v=beta&t=M8dSJoaJHrhL1Kr-D0iTEDJy4ggaMpI7FFi7p9PPafY",
        "company_name": "Rocket Lawyer",
        "location": "Isla Vista, California, United States",
        "summary": "Playwright Test Scripts Team",
        "starts_at": "Jan 2023",
        "ends_at": "Apr 2023",
        "duration": "4 months"
      },
      {
        "position": "Software Engineer Intern",
        "company_url": "https://www.linkedin.com/company/intuitivesurgical?trk=public_profile_experience-item_profile-section-card_subtitle-click",
        "company_image": "https://media.licdn.com/dms/image/v2/C560BAQE2wfXIjiCzWA/company-logo_100_100/company-logo_100_100/0/1630649619968/intuitivesurgical_logo?e=2147483647&v=beta&t=2JGvU0JKglMWXX6_lcMHK-vhAGYlN4ojUhUNav6vyyo",
        "company_name": "Intuitive",
        "location": "Goleta, California, United States",
        "summary": "Telepresence Team",
        "starts_at": "Jun 2022",
        "ends_at": "Sep 2022",
        "duration": "4 months"
      }
    ],
    "education": [
      {
        "college_url": "https://www.linkedin.com/school/ucsantabarbara/?trk=public_profile_school_profile-section-card_image-click",
        "college_name": "UC Santa Barbara",
        "college_image": "https://media.licdn.com/dms/image/v2/C510BAQHEZRcLGw73jQ/company-logo_100_100/company-logo_100_100/0/1631314878612?e=2147483647&v=beta&t=DeCFCnY1OPz8kCIDvwQRjv6IfsXKx2G91fASbO7ntew",
        "college_degree": "Bachelor of Science - BS",
        "college_degree_field": "Computer Science, Minor in Mathematics",
        "college_duration": " - ",
        "college_activity": "GPA: 3.95/4.0High Honors"
      },
      {
        "college_url": "https://www.linkedin.com/school/monta-vista-high-school-28/?trk=public_profile_school_profile-section-card_image-click",
        "college_name": "Monta Vista High School",
        "college_image": "https://media.licdn.com/dms/image/v2/C4E0BAQHDk5V7PB484Q/company-logo_100_100/company-logo_100_100/0/1630600412469?e=2147483647&v=beta&t=Sg1sLgbGr9fkDC2oVx7UYdJLmRqH9BRB4cV-vUDik10",
        "college_degree": "High School Diploma",
        "college_degree_field": null,
        "college_duration": " - ",
        "college_activity": ""
      },
      {
        "college_url": "https://cn.linkedin.com/school/shanghai-high-school-international-division/?trk=public_profile_school_profile-section-card_image-click",
        "college_name": "Shanghai High School International Division",
        "college_image": "https://media.licdn.com/dms/image/v2/C4E0BAQF1r9OMWGfF1A/company-logo_100_100/company-logo_100_100/0/1630608414033/shanghai_high_school_international_division_logo?e=2147483647&v=beta&t=azLxYb-gRoSQwVyZO7sZnAWt8hbtAws-MZZZd0itN_8",
        "college_degree": "Middle School Diploma",
        "college_degree_field": null,
        "college_duration": " - ",
        "college_activity": ""
      }
    ],
    "articles": [],
    "description": {
      "description1": "Databricks",
      "description1_link": "https://www.linkedin.com/company/databricks?trk=public_profile_topcard-current-company",
      "description2": "UC Santa Barbara",
      "description2_link": "https://www.linkedin.com/school/ucsantabarbara/?trk=public_profile_topcard-school",
      "description3": "",
      "description3_link": null
    },
    "activities": [],
    "volunteering": [],
    "certification": [],
    "people_also_viewed": [
      {
        "link": "https://www.linkedin.com/in/alaethea-hankins?trk=public_profile_browsemap-profile",
        "name": "Alaethea Hankins",
        "summary": "",
        "location": "Dallas, TX"
      },
      {
        "link": "https://www.linkedin.com/in/haylee-bieser-8b64a3171?trk=public_profile_browsemap-profile",
        "name": "Haylee Bieser",
        "summary": "Project Manager at JMC Global",
        "location": "Houston, TX"
      },
      {
        "link": "https://www.linkedin.com/in/dwalmsley?trk=public_profile_browsemap-profile",
        "name": "David Walmsley",
        "summary": "Manager, Value Engineering - GES Sustainability & Automation",
        "location": "Conway, AR"
      },
      {
        "link": "https://www.linkedin.com/in/amoyellis?trk=public_profile_browsemap-profile",
        "name": "Amoy E.",
        "summary": "Associate Attorney",
        "location": "United States"
      },
      {
        "link": "https://www.linkedin.com/in/rogerweinstock?trk=public_profile_browsemap-profile",
        "name": "Roger Weinstock, LSSBB",
        "summary": "Senior Director of Franchise Operations & Innovation | CFE Candidate | Transforming Businesses Through Strategic Leadership, Scalable Growth, and Operational Excellence | Empowering Franchise Success at WellBiz Brands",
        "location": "Greater Tampa Bay Area"
      },
      {
        "link": "https://www.linkedin.com/in/tim-francis-1b85551a?trk=public_profile_browsemap-profile",
        "name": "Tim Francis",
        "summary": "",
        "location": "New Port Richey, FL"
      },
      {
        "link": "https://www.linkedin.com/in/adildalal?trk=public_profile_browsemap-profile",
        "name": "Dr. Adil Dalal",
        "summary": "",
        "location": "Austin, Texas Metropolitan Area"
      },
      {
        "link": "https://www.linkedin.com/in/mteague?trk=public_profile_browsemap-profile",
        "name": "Michael Teague",
        "summary": "",
        "location": "Greater Seattle Area"
      },
      {
        "link": "https://www.linkedin.com/in/guisselle-mendoza-mcdonald-2691bb118?trk=public_profile_browsemap-profile",
        "name": "Guisselle Mendoza McDonald",
        "summary": "Director of Operations",
        "location": "Raleigh, NC"
      },
      {
        "link": "https://www.linkedin.com/in/dwmarkley?trk=public_profile_browsemap-profile",
        "name": "David Markley",
        "summary": "President at Dustless Air Filter Company",
        "location": "San Antonio, TX"
      }
    ],
    "similar_profiles": [
      {
        "link": "https://hk.linkedin.com/in/collin-qian-11a3a4346?trk=public_profile_samename-profile",
        "name": "Collin Qian",
        "summary": "Manager",
        "location": "Hong Kong"
      },
      {
        "link": "https://au.linkedin.com/in/collin-q-8a3601209?trk=public_profile_samename-profile",
        "name": "Collin Q.",
        "summary": "Self Employed",
        "location": "Adelaide, SA"
      },
      {
        "link": "https://cn.linkedin.com/in/collin-qian-5239211b0?trk=public_profile_samename-profile",
        "name": "Collin Qian",
        "summary": "\u6df1\u8f7b\u79d1\u6280 - \u526f\u603b\u88c1",
        "location": "Beijing"
      }
    ],
    "recommendations": [],
    "publications": [],
    "courses": [],
    "languages": [],
    "organizations": [],
    "projects": [],
    "awards": [
      {
        "name": "SB Hacks XI (1st Place)",
        "organization": "SB Hacks",
        "duration": "Jan 2025",
        "summary": "Built SnapSell, streamlining the entire Facebook Marketplace selling process from listing to pickup in one automated workflow"
      },
      {
        "name": "2024 Jumpstart Designathon (1st Place)",
        "organization": "SB Creative Lab",
        "duration": "Apr 2024",
        "summary": "Built a wireframe for neurodivergent people to easily dispose of their food waste in 72 hours competing in the highest level (Intermediate+)."
      },
      {
        "name": "Spring 2022 Blockchain Project Series (1st Place)",
        "organization": "CodersSB",
        "duration": "Apr 2022",
        "summary": "Placed 1st, earning $3750, in a 3-month long project series by building a web forum for users to ask questions with cryptocurrency bounties."
      }
    ],
    "score": []
  }
]