[
  {
    "fullName": "Andrew Tran",
    "linkedin_internal_id": "526760410",
    "first_name": "Andrew",
    "last_name": "Tran",
    "public_identifier": "andrewtran-cs",
    "background_cover_image_url": "https://media.licdn.com/dms/image/v2/D4E16AQFDRYDw7cLZTQ/profile-displaybackgroundimage-shrink_200_800/profile-displaybackgroundimage-shrink_200_800/0/1721367667322?e=2147483647&v=beta&t=Alo8QVJ1ZF9v9dzzVR3lTk3XVT714YslfnKQkMXrxWY",
    "profile_photo": "https://media.licdn.com/dms/image/v2/D4E03AQEVUI9KsbIKCw/profile-displayphoto-shrink_200_200/profile-displayphoto-shrink_200_200/0/1721361710559?e=2147483647&v=beta&t=8uors9J-vCvX7EYzHpa4JC9Snu4aX6VMN4ChYrHBUYo",
    "headline": "",
    "location": "1K followers\n          \n          \n              500+ connections",
    "about": "An undergraduate junior with a strong passion for computer science. Currently exploring\u2026",
    "experience": [],
    "education": [],
    "articles": [],
    "description": {
      "description1": "Hudson River Trading",
      "description1_link": "https://www.linkedin.com/company/hudson-river-trading?trk=public_profile_topcard-current-company",
      "description2": "Yale University",
      "description2_link": "https://www.linkedin.com/school/yale-university/?trk=public_profile_topcard-school",
      "description3": ""
    },
    "activities": [
      {
        "link": "https://www.linkedin.com/posts/pranamanam_generative-latent-diffusion-language-modeling-activity-7291892922113806336-WW5b",
        "image": "https://media.licdn.com/dms/image/sync/v2/D4D27AQE_NFzMMpHszQ/articleshare-shrink_800/articleshare-shrink_800/0/1738475246370?e=2147483647&v=beta&t=VsVJlW862Zw4FGZ6V37S4XqtBldJuv234STaYP41BgU",
        "title": "As you can probably tell from our work, we're now all in on diffusion and flow matching models for protein/peptide sequence generation! \ud83c\udf1f These\u2026",
        "activity": "Liked by Andrew Tran"
      },
      {
        "link": "https://www.linkedin.com/posts/debarghyadas_huge-googles-ai-just-solved-84-of-the-activity-7293673808253575168-jPsk",
        "image": "https://media.licdn.com/dms/image/v2/D4E22AQEz3qClela37A/feedshare-shrink_800/B4EZThVrIRHcAg-/0/1738947344233?e=2147483647&v=beta&t=97PcXQ3Lcl1I1enP_wnI_ponIWeXdSyXhJ0b0M_cjW8",
        "title": "HUGE: Google's AI just solved 84% of the geometry International Math Olympiad (IMO) problems from 2000-24 with Alpha Geometry 2!\n\nThese are math\u2026",
        "activity": "Liked by Andrew Tran"
      },
      {
        "link": "https://www.linkedin.com/posts/aditya-kulkarni11_ai-aiagents-taskautomation-activity-7293305873563537408-cqbp",
        "image": "https://media.licdn.com/dms/image/v2/D5622AQGA_zKS42Pbfw/feedshare-shrink_800/B56ZTaT6R5HEAg-/0/1738829441191?e=2147483647&v=beta&t=1hLybz6ymMbz1NhLojlcM_YRSN3s7cBUGvLQyFASz7A",
        "title": "\ud83d\ude80 Just Launched: Free AI Task Scheduler Powered by Gemini & Web Crawling!\n\nI\u2019ve been itching to build a free alternative to the new ChatGPT\u2026",
        "activity": "Liked by Andrew Tran"
      },
      {
        "link": "https://www.linkedin.com/posts/benmlang_y-combinator-published-a-new-list-of-startup-activity-7278065479745744897-Fycm",
        "image": "https://media.licdn.com/dms/image/v2/D4D22AQGimTfE7qDzpg/feedshare-shrink_2048_1536/B4DZQDh.9gHUAw-/0/1735226028871?e=2147483647&v=beta&t=9FXcLyqC2KmRYmJjXkVew3d9FWIDQJpfRcHKqG3APuU",
        "title": "Y Combinator published a new list of startup ideas to build in 2025.\n\nFor anyone exploring what to build next, I summarized the full list for\u2026",
        "activity": "Liked by Andrew Tran"
      },
      {
        "link": "https://www.linkedin.com/posts/john-matejka-3415bb47_congratulations-to-the-entire-team-for-making-activity-7274793328502566913--0D5",
        "image": "https://static.licdn.com/aero-v1/sc/h/53n89ecoxpr1qrki1do3alazb",
        "title": "Congratulations to the entire team for making this a success!",
        "activity": "Liked by Andrew Tran"
      },
      {
        "link": "https://www.linkedin.com/posts/nipsconference_neurips-acknowledges-that-the-cultural-generalization-activity-7273524812361154560-LumH",
        "image": "https://static.licdn.com/aero-v1/sc/h/53n89ecoxpr1qrki1do3alazb",
        "title": "NeurIPS acknowledges that the cultural generalization made by the keynote speaker today reinforces implicit biases by making generalisations about\u2026",
        "activity": "Liked by Andrew Tran"
      },
      {
        "link": "https://www.linkedin.com/posts/jennifertruong03_linkedinterns-linkedinlife-activity-7259251483102056448-5qfx",
        "image": "https://media.licdn.com/dms/image/v2/D4E05AQE-er0oaWodjg/videocover-high/videocover-high/0/1730740392545?e=2147483647&v=beta&t=UWW7YB12YWem3C0EX6JBBaeUs9E4qmaz_JbjLdn9gRo",
        "title": "LinkedIn helped me get this job \ud83d\udc40\n\nI\u2019m thrilled to share that I\u2019ll be joining LinkedIn as a Software Engineering Intern for Summer 2025 in Mountain\u2026",
        "activity": "Liked by Andrew Tran"
      },
      {
        "link": "https://www.linkedin.com/posts/nvidia_nvidiadgx-sovereignai-activity-7254881762042884096-GtxT",
        "image": "https://media.licdn.com/dms/image/v2/D5610AQE9MAqyYwAH4A/image-shrink_800/image-shrink_800/0/1729698600642?e=2147483647&v=beta&t=dB4RiP7pWEhgVanmdrDlUVfqQmy07iYnYplwxrRanjc",
        "title": "Our CEO Jensen Huang joined the King of Denmark to launch the Gefion AI supercomputer, powered by an #NVIDIADGX SuperPOD, which will accelerate\u2026",
        "activity": "Liked by Andrew Tran"
      },
      {
        "link": "https://www.linkedin.com/posts/beckettyale26_if-you-had-asked-me-a-month-ago-i-would-activity-7255744982999826432-RStR",
        "image": "https://media.licdn.com/dms/image/v2/D5622AQFkFqEF2_c5CQ/feedshare-shrink_800/feedshare-shrink_800/0/1729904406556?e=2147483647&v=beta&t=dahm0Hvw0HhRHPK-nkaB_4xUmB7MoI_gI5u-on9ddOE",
        "title": "If you had asked me a month ago, I would have never guessed I would be spending my October break in China. Yet, after five rough drafts, three trips\u2026",
        "activity": "Liked by Andrew Tran"
      },
      {
        "link": "https://www.linkedin.com/posts/evan-j-branson-5240651b0_given-the-recent-success-of-flight-5-it-activity-7251782706454245377-2mNI",
        "image": "https://media.licdn.com/dms/image/v2/D5622AQHyDUBaa6p_VA/feedshare-shrink_800/feedshare-shrink_800/0/1728959727245?e=2147483647&v=beta&t=6LIWpb1yIvu1L27Skeo181use01q16vNE7Rg7LLgr-Q",
        "title": "Given the recent success of Flight 5, it is as good a time as any to announce some exciting news:\n\nFollowing my upcoming graduation from the\u2026",
        "activity": "Liked by Andrew Tran"
      },
      {
        "link": "https://www.linkedin.com/posts/gloria-kim-5aa9b3215_as-today-marks-my-last-day-at-the-boston-activity-7232127307593768961-UZMC",
        "image": "https://media.licdn.com/dms/image/v2/D4D22AQF8Iu6Poq_Dyw/feedshare-shrink_2048_1536/feedshare-shrink_2048_1536/0/1724273514855?e=2147483647&v=beta&t=UiHiCIuYLS3x2xH_9OWmsxCWTE9MrtbV6uV19Vc_N6g",
        "title": "As today marks my last day at the Boston Children's Hospital, I would like to thank the Sankaran Lab for their support this summer, special thanks to\u2026",
        "activity": "Liked by Andrew Tran"
      },
      {
        "link": "https://www.linkedin.com/posts/jennifertruong03_i-just-wrapped-up-my-software-engineering-activity-7231395562791534592-pLKY",
        "image": "https://media.licdn.com/dms/image/v2/D4D22AQGUbvsvOJbECA/feedshare-shrink_2048_1536/feedshare-shrink_2048_1536/0/1724099051820?e=2147483647&v=beta&t=_yyPyryd1A9Yjb8ehWX0irRKLp-lLTNRNKM23C8HJB0",
        "title": "I just wrapped up my software engineering internship at Credit Karma! \ud83d\udc69\ud83c\udffb\u200d\ud83d\udcbb\ud83c\udf31\n\nAs part of the Credit Ecosystem - Financial Tools & Services team, I\u2026",
        "activity": "Liked by Andrew Tran"
      },
      {
        "link": "https://www.linkedin.com/posts/nicolas-yang-liu_last-week-marked-a-satisfying-yet-bittersweet-activity-7229230275518459908-husp",
        "image": "https://media.licdn.com/dms/image/v2/D5622AQES3Ib0LZKhjg/feedshare-shrink_2048_1536/feedshare-shrink_2048_1536/0/1723582808957?e=2147483647&v=beta&t=1I8Fv8zNvBhuVKWUZhJMgAoZBCKjxx3KYpUCwLtwMVA",
        "title": "Last week marked a satisfying yet bittersweet end to my RD&E internship at AIR COMPANY. Not only did I journey through the experimental and\u2026",
        "activity": "Liked by Andrew Tran"
      },
      {
        "link": "https://www.linkedin.com/posts/restyfufunan_this-past-may-i-graduated-from-yale-university-activity-7216869278518575104-kdh1",
        "image": "https://media.licdn.com/dms/image/v2/D4E22AQFF8pcJAlW0HA/feedshare-shrink_2048_1536/feedshare-shrink_2048_1536/0/1720635717617?e=2147483647&v=beta&t=fTTWw9MSQgqsP7bZWukIpsQZCXRluC86pvftNgu6buA",
        "title": "This past May, I graduated from Yale University with a Bachelor of Arts in Ethnicity, Race, & Migration and Statistics & Data Science. I am also\u2026",
        "activity": "Liked by Andrew Tran"
      },
      {
        "link": "https://www.linkedin.com/posts/max-brodeur-urbas-1a4b25172_a-y-combinator-startup-we-met-got-24k-applications-activity-7217254345073995777-zK-N",
        "image": "https://media.licdn.com/dms/image/v2/D5622AQHGkgQPanIfwg/feedshare-shrink_2048_1536/feedshare-shrink_2048_1536/0/1720727508702?e=2147483647&v=beta&t=GJUToPGcdgQJx4fXUByD2urLq7U3GH1Tw2LNNrHO5BY",
        "title": "A Y Combinator startup we met got 2.4k applications to their open developer position and wanted AI to help spot the best candidates\n\nIt took 30\u2026",
        "activity": "Liked by Andrew Tran"
      },
      {
        "link": "https://www.linkedin.com/posts/calezama_today-is-day-1900-at-ramp-and-our-interns-activity-7201992941106548740-tTTo",
        "image": "https://media.licdn.com/dms/image/v2/D5622AQESjx82-zRTZA/feedshare-shrink_800/feedshare-shrink_800/0/1717088922573?e=2147483647&v=beta&t=IJcOwE_EzGjPRMERo-EE2OS5sScQzOgDOUnB_XCj0cg",
        "title": "Today is day 1900 at Ramp and our interns are officially here! \ud83e\udd29",
        "activity": "Liked by Andrew Tran"
      },
      {
        "link": "https://www.linkedin.com/posts/calezama_counting-down-the-days-until-we-welcome-our-activity-7191914433479106560-e_aO",
        "image": "https://media.licdn.com/dms/image/v2/D5622AQHQcbXm1Ezacw/feedshare-shrink_800/feedshare-shrink_800/0/1714686019539?e=2147483647&v=beta&t=cBIjcFaxdaSeSWoeagHWlYwDVArd31FAnMLRVXVdaAA",
        "title": "Counting down the days until we welcome our 2024 Ramp Summer Interns to our New York HQ! With just 11 days to go, we're gearing up for an exciting\u2026",
        "activity": "Liked by Andrew Tran"
      },
      {
        "link": "https://www.linkedin.com/posts/jake-boston_amazon-activity-7174185220538011648-Y0nt",
        "image": "https://media.licdn.com/dms/image/v2/D4E22AQGvCstNMGaQkw/feedshare-shrink_2048_1536/feedshare-shrink_2048_1536/0/1710459044383?e=2147483647&v=beta&t=0QA4U5fGtmqNP-1mZtZzMqF43g56VDb48CSuWaTKRVA",
        "title": "I'm excited to share that I will be joining Amazon as a Software Development Engineer Intern in Palo Alto, CA (SFO24) this summer! #amazon",
        "activity": "Liked by Andrew Tran"
      }
    ],
    "volunteering": [],
    "certification": [],
    "people_also_viewed": [
      {
        "link": "https://www.linkedin.com/in/cindy-chen-639a93146?trk=public_profile_browsemap-profile",
        "name": "Cindy Chen",
        "summary": "",
        "location": "San Jose, CA"
      },
      {
        "link": "https://www.linkedin.com/in/hershalb?trk=public_profile_browsemap-profile",
        "name": "Hershal Bhatia",
        "summary": "Student at University of California, Berkeley",
        "location": "Fremont, CA"
      },
      {
        "link": "https://www.linkedin.com/in/ruichen-zhu-252a24169?trk=public_profile_browsemap-profile",
        "name": "Ruichen Zhu",
        "summary": "Software Engineer at IXL Learning",
        "location": "San Mateo, CA"
      },
      {
        "link": "https://www.linkedin.com/in/alisha-verma-625904170?trk=public_profile_browsemap-profile",
        "name": "Alisha Verma",
        "summary": "",
        "location": "United States"
      },
      {
        "link": "https://www.linkedin.com/in/sahyanara?trk=public_profile_browsemap-profile",
        "name": "Sahya Nara",
        "summary": "",
        "location": "San Francisco Bay Area"
      },
      {
        "link": "https://www.linkedin.com/in/priyankabarve?trk=public_profile_browsemap-profile",
        "name": "Priyanka Barve",
        "summary": "",
        "location": "New York, NY"
      },
      {
        "link": "https://www.linkedin.com/in/rhea-pritham-marpu-8988a174?trk=public_profile_browsemap-profile",
        "name": "Rhea Pritham Marpu",
        "summary": "",
        "location": "New York City Metropolitan Area"
      },
      {
        "link": "https://www.linkedin.com/in/divyank-rahoria?trk=public_profile_browsemap-profile",
        "name": "Divyank R.",
        "summary": "",
        "location": "California, United States"
      },
      {
        "link": "https://www.linkedin.com/in/nagarjunku?trk=public_profile_browsemap-profile",
        "name": "Nagarjun Kumar",
        "summary": "SDE II @ Amazon",
        "location": "San Ramon, CA"
      },
      {
        "link": "https://www.linkedin.com/in/calebyu7?trk=public_profile_browsemap-profile",
        "name": "Caleb Yu",
        "summary": "",
        "location": "Dallas, TX"
      },
      {
        "link": "https://www.linkedin.com/in/nidhixsalian?trk=public_profile_browsemap-profile",
        "name": "Nidhi Salian",
        "summary": "Masters of Business and Science (MBS) Student at Rutgers University | Product Design",
        "location": "New York City Metropolitan Area"
      },
      {
        "link": "https://www.linkedin.com/in/baskinburak?trk=public_profile_browsemap-profile",
        "name": "Bask\u0131n \u015eenba\u015flar",
        "summary": "Behavior Planning for Autonomous Vehicles @NVIDIA",
        "location": "Santa Clara, CA"
      },
      {
        "link": "https://www.linkedin.com/in/evijit?trk=public_profile_browsemap-profile",
        "name": "Avijit Ghosh, PhD",
        "summary": "",
        "location": "Boston, MA"
      },
      {
        "link": "https://www.linkedin.com/in/nitin-pundir470?trk=public_profile_browsemap-profile",
        "name": "Nitin Pundir",
        "summary": "EDA Developer",
        "location": "Austin, TX"
      },
      {
        "link": "https://www.linkedin.com/in/annika-opsasnick-158095171?trk=public_profile_browsemap-profile",
        "name": "Annika Opsasnick",
        "summary": "",
        "location": "Carlsbad, CA"
      },
      {
        "link": "https://www.linkedin.com/in/yitzhakalvarez?trk=public_profile_browsemap-profile",
        "name": "Yitzhak A.",
        "summary": "",
        "location": "New York City Metropolitan Area"
      },
      {
        "link": "https://www.linkedin.com/in/ishitapahwa?trk=public_profile_browsemap-profile",
        "name": "Ishita Pahwa",
        "summary": "Senior Software Engineer at Microsoft",
        "location": "Redmond, WA"
      },
      {
        "link": "https://www.linkedin.com/in/akashsharma29?trk=public_profile_browsemap-profile",
        "name": "Akash S.",
        "summary": "",
        "location": "Redmond, WA"
      },
      {
        "link": "https://www.linkedin.com/in/amritchauhan?trk=public_profile_browsemap-profile",
        "name": "Amrit Chauhan",
        "summary": "",
        "location": "New York City Metropolitan Area"
      },
      {
        "link": "https://www.linkedin.com/in/danielfonte08072001?trk=public_profile_browsemap-profile",
        "name": "Daniel Fonte",
        "summary": "",
        "location": "Miami, FL"
      }
    ],
    "similar_profiles": [
      {
        "link": "https://www.linkedin.com/in/andrewtran20?trk=public_profile_samename-profile",
        "name": "Andrew Tran",
        "summary": "",
        "location": "Seattle, WA"
      },
      {
        "link": "https://www.linkedin.com/in/andrewtran?trk=public_profile_samename-profile",
        "name": "Andrew Tran",
        "summary": "",
        "location": "Seattle, WA"
      },
      {
        "link": "https://www.linkedin.com/in/abtran?trk=public_profile_samename-profile",
        "name": "Andrew Tran",
        "summary": "",
        "location": "Washington, DC"
      },
      {
        "link": "https://www.linkedin.com/in/andrewctran?trk=public_profile_samename-profile",
        "name": "Andrew Tran",
        "summary": "",
        "location": "Durham, NC"
      },
      {
        "link": "https://www.linkedin.com/in/avtran4?trk=public_profile_samename-profile",
        "name": "Andrew Tran",
        "summary": "Supply Chain Specialist",
        "location": "Peoria, AZ"
      }
    ],
    "recommendations": [],
    "publications": [
      {
        "name": "MolLM: A unified language model for integrating biomedical text with 2D and 3D molecular representations",
        "sub_title": "Bioinformatics - Oxford Academic",
        "summary": "Presented at ISMB 2024.We present a unified pre-trained language model, MolLM, that concurrently captures 2D and 3D molecular information alongside biomedical text. MolLM consists of a text Transformer encoder and a molecular Transformer encoder, designed to encode both 2D and 3D molecular structures. To support MolLM\u2019s self-supervised pre-training, we constructed 160K molecule-text pairings. Employing contrastive learning as a supervisory signal for learning, MolLM demonstrates robust\u2026\n            \n\n    \n    \n\n    \n        Show more",
        "date": "June 28, 2024",
        "link": "https://www.linkedin.com/redir/redirect?url=https%3A%2F%2Facademic%2Eoup%2Ecom%2Fbioinformatics%2Farticle%2F40%2FSupplement_1%2Fi357%2F7700902&urlhash=-iwa&trk=public_profile_publication-title"
      }
    ],
    "courses": [
      {
        "name": "Compilers and Interpreters"
      },
      {
        "name": "Computer Architecture"
      },
      {
        "name": "Data Structures"
      },
      {
        "name": "Deep Learning on Graph-Structured Data"
      },
      {
        "name": "Discrete Mathematics"
      },
      {
        "name": "Natural Language Processing"
      },
      {
        "name": "Operating Systems"
      },
      {
        "name": "Probabilistic Machine Learning"
      }
    ],
    "languages": [],
    "organizations": [],
    "projects": [],
    "awards": [],
    "score": []
  }
]