{
  "title": "Catherine Lee, PhD - Rutgers",
  "meta_description": "",
  "main_content": "Home / Catherine Lee, PhD Curriculum Vitae (.pdf) Catherine Lee, PhD Institute for Health, Health Care Policy and Aging Research Associate Professor, Department of Sociology clee@sociology.rutgers.edu Catherine Lee is associate professor of sociology. As a political sociologist, she examines how meanings of race and ethnicity shape social relations and inequalities across three critical sites: immigration; science and medicine; and law and society. Catherine is the author of Fictive Kinship: Family Reunification and the Meaning of Race and Nation in American Immigration and co-editor of Genetics and the Unsettled Past: The Collision of DNA, Race, and History. Her new book project examines how American biomedicine is responding to ideas of growing diversity in the U.S. population.",
  "links": [
    {
      "url": "https://ifh.rutgers.edu/",
      "text": "Home"
    },
    {
      "url": "https://ifh.rutgers.edu/wp-content/uploads/2018/10/CatherineLee.pdf",
      "text": "Curriculum Vitae (.pdf)"
    },
    {
      "url": "mailto:clee@sociology.rutgers.edu",
      "text": "clee@sociology.rutgers.edu"
    }
  ],
  "images": [
    {
      "src": "data:image/gif;base64,R0lGODlhAQABAAAAACH5BAEKAAEALAAAAAABAAEAAAICTAEAOw==",
      "alt": ""
    },
    {
      "src": "data:image/gif;base64,R0lGODlhAQABAAAAACH5BAEKAAEALAAAAAABAAEAAAICTAEAOw==",
      "alt": "leader image"
    }
  ]
}