{
  "title": "Lee, Catherine",
  "meta_description": "Department of Women's and Gender Studies, The School of Arts and Sciences, Rutgers, The State University of New Jersey",
  "main_content": "Lee, Catherine Associate Professor Department: Department of Sociology Email: clee@sociology.rutgers.edu Tel: : 848-932-7807 Office: Davison Hall, 141 Webpage: https://sociology.rutgers.edu/people/faculty/core-department-faculty/core-department-faculty-member/160-lee-catherine Education Ph.D. in Sociology, University of California, Los Angeles, 2003 M.A. in Sociology, University of California, Los Angeles, 1995 B.A. in Sociology, Magna Cum Laude, University of California, Los Angeles, 1993 Research Interests Race and ethnicity, Asian America, gender, immigration, political sociology, science and medicine, law and society. Biographical Notes Catherine Lee is associate professor in the Department of Sociology and faculty associate at the Institute for Health, Health Care Policy, and Aging Research at Rutgers University. Professor Lee's research focuses on the meaning of race, gender, and inequality across three critical sites: immigration, health and medicine, and law and society. Specifically, her published books and articles examine the history of Asian America, racism, immigration restriction, and family reunification in American immigration; the role of genetic testing and other technologies in immigration control; and legal and administrative uses of racial categories in the criminal justice system and biomedicine. She is the author of Fictive Kinship: Family Reunification and the Meaning of Race and Nation in American Immigration and co-editor of Genetics and the Unsettled Past: The Collision of DNA, Race, and History.",
  "links": [
    {
      "url": "/people/core-faculty",
      "text": "Core Faculty"
    },
    {
      "url": "/people/graduate-faculty",
      "text": "Graduate Faculty"
    },
    {
      "url": "/people/affiliate-faculty",
      "text": "Affiliate Faculty"
    },
    {
      "url": "/people/annual-and-adjunct-faculty",
      "text": "Annual and Adjunct Faculty"
    },
    {
      "url": "/people/emeritus-faculty",
      "text": "Emeritus Faculty"
    },
    {
      "url": "/people/postdocs",
      "text": "Postdocs"
    },
    {
      "url": "/people/postdocs/previous-postdocs",
      "text": "Previous Postdocs"
    },
    {
      "url": "/people/m-a-student-profiles",
      "text": "M.A. Student Profiles"
    },
    {
      "url": "/people/ph-d-student-profiles",
      "text": "Ph.D. Student Profiles"
    },
    {
      "url": "/people/contact-us",
      "text": "WGSS Staff"
    },
    {
      "url": "/people/contact-us/directions-to-wg-ss",
      "text": "Directions to WG&SS"
    },
    {
      "url": "/people/ma-alumni-listing",
      "text": "MA Alumni Listing"
    },
    {
      "url": "/people/phd-alumni-listing",
      "text": "PhD Alumni Listing"
    },
    {
      "url": "/people/gloria-steinem-endowed-chair",
      "text": "Gloria Steinem Endowed Chair"
    },
    {
      "url": "/people/gloria-steinem-endowed-chair/former-gloria-steinem-chair-holders",
      "text": "Former Gloria Steinem Chair Holders"
    },
    {
      "url": "mailto:clee@sociology.rutgers.edu",
      "text": "clee@sociology.rutgers.edu"
    },
    {
      "url": "https://sociology.rutgers.edu/people/faculty/core-department-faculty/core-department-faculty-member/160-lee-catherine",
      "text": "https://sociology.rutgers.edu/people/faculty/core-department-faculty/core-department-faculty-member/160-lee-catherine"
    },
    {
      "url": "https://sas.rutgers.edu/about/events/upcoming-events",
      "text": "SAS Events"
    },
    {
      "url": "https://sas.rutgers.edu/about/news",
      "text": "SAS News"
    },
    {
      "url": "https://www.rutgers.edu",
      "text": "rutgers.edu"
    },
    {
      "url": "https://sas.rutgers.edu",
      "text": "SAS"
    },
    {
      "url": "https://search.rutgers.edu/people",
      "text": "Search People"
    },
    {
      "url": "/search-website",
      "text": "Search Website"
    },
    {
      "url": "https://www.facebook.com/WGSRutgersUniversity",
      "text": "Facebook"
    },
    {
      "url": "https://twitter.com/WGSSRutgersU",
      "text": "Twitter"
    },
    {
      "url": "https://www.youtube.com/channel/UCXk_04ELr1N6WgeeH4EmR4Q",
      "text": "YouTube"
    },
    {
      "url": "https://www.linkedin.com/groups?home=&gid=8109592&trk=anet_ug_hm",
      "text": "LinkedIn"
    },
    {
      "url": "/",
      "text": "Home"
    },
    {
      "url": "/search",
      "text": "Search"
    },
    {
      "url": "/site-map?view=html&id=1",
      "text": "Site Map"
    },
    {
      "url": "http://sasit.rutgers.edu/submit-a-workorder",
      "text": "Submit SAS Workorder"
    },
    {
      "url": "/people/contact-us",
      "text": "Website Feedback"
    },
    {
      "url": "https://womens-studies.rutgers.edu/?morequest=sso&idp=urn:mace:incommon:rutgers.edu",
      "text": "Login"
    },
    {
      "url": "mailto:accessibility@rutgers.edu",
      "text": "accessibility@rutgers.edu"
    },
    {
      "url": "https://it.rutgers.edu/it-accessibility-initiative/barrierform/",
      "text": "Report Accessibility Barrier / Provide Feedback"
    },
    {
      "url": "https://www.rutgers.edu/copyright-information",
      "text": "Copyright \u00a9"
    },
    {
      "url": "https://www.rutgers.edu/",
      "text": "Rutgers, The State University of New Jersey"
    },
    {
      "url": "https://ithelp.sas.rutgers.edu/",
      "text": "Contact webmaster"
    }
  ],
  "images": [
    {
      "src": "/images/2017_Fac_Photos/1_catherine_lee_2021.png",
      "alt": "Lee, Catherine "
    },
    {
      "src": "/media/templates/site/cassiopeia_sas/images/RNBSAS_H_WHITE.svg",
      "alt": "White RU Logo"
    },
    {
      "src": "/media/templates/site/cassiopeia_sas/images/search-magnifying-glass.PNG",
      "alt": ""
    },
    {
      "src": "/modules/mod_socialmedia/assets/images/socialMediaIcon_Facebook.png",
      "alt": "Facebook"
    },
    {
      "src": "/modules/mod_socialmedia/assets/images/socialMediaIcon_Twitter.png",
      "alt": "Twitter"
    },
    {
      "src": "/modules/mod_socialmedia/assets/images/socialMediaIcon_YouTube.png",
      "alt": "YouTube"
    },
    {
      "src": "/modules/mod_socialmedia/assets/images/socialMediaIcon_LinkedIn.png",
      "alt": "Linked In"
    },
    {
      "src": "https://womens-studies.rutgers.edu/index.php/_wblapi?nolangfilter=1&_wblapi=/forseo/v1/cron/image/",
      "alt": ""
    }
  ]
}