{
  "title": "Catherine Lee",
  "meta_description": "User Experience Design Portfolio",
  "main_content": "Catherine Lee Case Studies About Linkedin info@catherine-lee.com Catherine Lee Case Studies About Linkedin info@catherine-lee.com Catherine Lee Menu User Experience Design Design from 0-1 to Deepen Social Connections Start Up, B2C, Wellness Thoughtful Optimize for Operational Efficiency Enterprise, B2B, Financial Services J.P.Morgan Reduce Financial Advisor Turnover Enterprise, B2B, Insurance Northwestern Mutual Increase Week-over-Week User Activity Start Up, B2C, E-Commerce Masse What They Say Catherine is a phenomenal designer and wonderful team member. She is incredibly methodical in her work, and rigorous about using both data and qualitative user research to inform her designs. She produces incredibly thoughtful work quickly, and handles feedback very well from team members. Communication and presentation of her ideas is a core strength of hers, she is great at building a consensus around a direction. She is an absolute pleasure to work with and any team would be very lucky to have her. Elizabeth Cordry Shaffer Co-Founder & CEO at Thoughtful Elizabeth Cordry Shaffer Co-Founder & CEO at Thoughtful Catherine is a naturally talented designer with outstanding creative and technical skills and the ability to understand precisely what a client needs and to effectively communicate how her solutions will meet or exceed the expectations of the business and their customers... David M. Hogue, Ph.D. Design Lead at Google David M. Hogue, Ph.D. Design Lead at Google Clients Clients How I Can Help \u2022 End to end design initiatives, website and mobile apps \u2022 Market trends and competitor analysis \u2022 Analysis of user behavior and feedback \u2022 Diagnosing bounce rates and increasing conversion 347 673 1837 info@catherine-lee.com New York linkedin.com/in/catherineleeux Back to top",
  "links": [
    {
      "url": "./",
      "text": "Catherine Lee"
    },
    {
      "url": "./casestudies",
      "text": "Case Studies"
    },
    {
      "url": "./about",
      "text": "About"
    },
    {
      "url": "https://www.linkedin.com/in/catherineleeux/",
      "text": "Linkedin"
    },
    {
      "url": "mailto: info@catherine-lee.com",
      "text": "info@catherine-lee.com"
    },
    {
      "url": "./",
      "text": "Catherine Lee"
    },
    {
      "url": "./casestudies",
      "text": "Case Studies"
    },
    {
      "url": "./about",
      "text": "About"
    },
    {
      "url": "https://www.linkedin.com/in/catherineleeux/",
      "text": "Linkedin"
    },
    {
      "url": "mailto: info@catherine-lee.com",
      "text": "info@catherine-lee.com"
    },
    {
      "url": "./",
      "text": "Catherine Lee"
    },
    {
      "url": "./thoughtful",
      "text": ""
    },
    {
      "url": "./thoughtful",
      "text": ""
    },
    {
      "url": "./thoughtful",
      "text": ""
    },
    {
      "url": "./thoughtful",
      "text": "Design from 0-1 to Deepen Social Connections"
    },
    {
      "url": "./thoughtful",
      "text": "Thoughtful"
    },
    {
      "url": "./optimizeforoperationalefficiency",
      "text": ""
    },
    {
      "url": "./optimizeforoperationalefficiency",
      "text": ""
    },
    {
      "url": "./optimizeforoperationalefficiency",
      "text": ""
    },
    {
      "url": "./optimizeforoperationalefficiency",
      "text": "Optimize for Operational Efficiency"
    },
    {
      "url": "./optimizeforoperationalefficiency",
      "text": "J.P.Morgan"
    },
    {
      "url": "./nm",
      "text": ""
    },
    {
      "url": "./nm",
      "text": ""
    },
    {
      "url": "./nm",
      "text": ""
    },
    {
      "url": "./nm",
      "text": "Reduce Financial Advisor Turnover"
    },
    {
      "url": "./nm",
      "text": "Northwestern Mutual"
    },
    {
      "url": "./masse",
      "text": ""
    },
    {
      "url": "./masse",
      "text": ""
    },
    {
      "url": "./masse",
      "text": ""
    },
    {
      "url": "./masse",
      "text": "Increase Week-over-Week User Activity"
    },
    {
      "url": "./masse",
      "text": "Masse"
    },
    {
      "url": "tel:3476731837",
      "text": "347 673 1837"
    },
    {
      "url": "mailto: info@catherine-lee.com",
      "text": "info@catherine-lee.com"
    },
    {
      "url": "https://www.linkedin.com/in/catherineleeux",
      "text": "linkedin.com/in/catherineleeux"
    },
    {
      "url": "./#ux",
      "text": "Back to top"
    }
  ],
  "images": [
    {
      "src": "https://framerusercontent.com/images/XnEczeLI3ixy127F2AJ1cv8MNE.png",
      "alt": ""
    },
    {
      "src": "https://framerusercontent.com/images/XnEczeLI3ixy127F2AJ1cv8MNE.png",
      "alt": ""
    },
    {
      "src": "https://framerusercontent.com/images/XnEczeLI3ixy127F2AJ1cv8MNE.png",
      "alt": ""
    },
    {
      "src": "https://framerusercontent.com/images/I5qEaJSEyCs4ZCkpTT03On8.png",
      "alt": ""
    },
    {
      "src": "https://framerusercontent.com/images/I5qEaJSEyCs4ZCkpTT03On8.png",
      "alt": ""
    },
    {
      "src": "https://framerusercontent.com/images/I5qEaJSEyCs4ZCkpTT03On8.png",
      "alt": ""
    },
    {
      "src": "https://framerusercontent.com/images/Q46Gortyhr6wEPRW5BOTrdkMFHc.png?scale-down-to=1024",
      "alt": "Large shiny 3D quotation marks"
    },
    {
      "src": "https://framerusercontent.com/images/Q46Gortyhr6wEPRW5BOTrdkMFHc.png?scale-down-to=1024",
      "alt": "Large shiny 3D quotation marks"
    },
    {
      "src": "https://framerusercontent.com/images/Q46Gortyhr6wEPRW5BOTrdkMFHc.png?scale-down-to=1024",
      "alt": "Large shiny 3D quotation marks"
    },
    {
      "src": "https://framerusercontent.com/images/9qaONaU702rKvH63zmbljw6Jx1M.png",
      "alt": ""
    },
    {
      "src": "https://framerusercontent.com/images/t65l6tOkvEK6MFvxWsfVkvLVvBQ.png",
      "alt": ""
    },
    {
      "src": "https://framerusercontent.com/images/9qaONaU702rKvH63zmbljw6Jx1M.png",
      "alt": ""
    },
    {
      "src": "https://framerusercontent.com/images/t65l6tOkvEK6MFvxWsfVkvLVvBQ.png",
      "alt": ""
    }
  ]
}