{
  "title": "Elijah Kurien Profile: Contact Information & Network | PitchBook",
  "meta_description": "Information on current and former positions, network members and contacts for Elijah Kurien. Use the PitchBook Platform to explore the full profile.",
  "main_content": "Log in Products Solutions Data News & Analysis About Blog Log in Elijah Kurien This is a profile preview from the PitchBook Platform. Data on this profile PitchBook also tracks Elijah Kurien Overview Update this profile Firm Dorm Room Fund Primary Position Investment Partn... Elijah Kurien General Information Biography Mr. Elijah Kurien serves as Investment Partner at Dorm Room Fund. He earned a degree from University of Waterloo. Contact Information Primary Position Investment Partner, Dorm Room Fund Education University of Waterloo, Bachelor's Gender Male Email el Address 1 Broadway Cambridge, MA 02114 United States \ueac9 Elijah Kurien Positions (1) Firm name Firm type Title Location Industry Since Dorm Room Fund Investor Investment Partner Cambridge, MA Venture Capital Elijah Kurien FAQs Who is Elijah Kurien? Mr. Elijah Kurien serves as Investment Partner at Dorm Room Fund. How much does Elijah Kurien typically invest? Elijah Kurien's median deal size is . What is Elijah Kurien\u2019s main position? Elijah Kurien\u2019s primary position is Investment Partner. Data Transparency Meet our data hygiene team Discover how our experts ensure you\u2019re getting the most accurate financial data in the industry. Read blog \u00bb How PitchBook sources data Our data operations team has logged over 3.5 million hours researching, organizing, and integrating the information you need most. Discover our process \u00bb Products Chrome Extension CRM Integration Direct Data Excel and Powerpoint Plugins Morningstar Institutional Equity Research PitchBook Credit PitchBook Desktop PitchBook Institutional Research PitchBook Mobile Product Releases PitchBook for Hedge Funds Private Equity Private Market Valuations Startups Venture Capital Profile Previews Solutions Asset Allocation Benchmarking Business Development Deal Execution Deal Sourcing Due Diligence Fundraising Networking Private Market Intel Blog Webinars Video Library Data Advisors Companies Data Operations Deals Debt Financials Funds Investors Lenders Limited Partners M&A Professionals News & Analysis Advertise LCD News & Research News Archive News Team Newsletter Report Methodologies Reports Research & Analysis Team About Careers Customer Success Partnerships Press Inquiries How PitchBook Compares Case Studies Customer Testimonials PitchBook vs. Competitors Pricing What Sets Us Apart Follow us \ueac9 \ue944 \uea8c \uf16a \uea92 US Headquarters +1 (206) 623.1986 901 Fifth Avenue Suite 1200 Seattle, WA 98164 European Headquarters +44 (0) 20 8037.2308 1st Floor Saffron House 6-10 Kirby Street London EC1N 8TS United Kingdom Asia-Pacific Headquarters 80 Raffles Place #41-01 UOB Plaza 1 Singapore 048624 Contact Us [email protected] Request Research Profile Request Deal Submission Follow us \ueac9 \ue944 \uea8c \uf16a \uea92 \u00a9 2025 PitchBook. Win what\u2019s next. All rights reserved. Terms of Use Privacy Policy California Consumer: Do Not Sell My Info",
  "links": [
    {
      "url": "/",
      "text": ""
    },
    {
      "url": "https://my.pitchbook.com",
      "text": "Log in"
    },
    {
      "url": "/products",
      "text": "Products"
    },
    {
      "url": "/solutions",
      "text": "Solutions"
    },
    {
      "url": "/data",
      "text": "Data"
    },
    {
      "url": "/news",
      "text": "News & Analysis"
    },
    {
      "url": "/about",
      "text": "About"
    },
    {
      "url": "/blog",
      "text": "Blog"
    },
    {
      "url": "https://my.pitchbook.com",
      "text": "Log in"
    },
    {
      "url": "/profiles/investor/59891-50",
      "text": "Dorm Room Fund"
    },
    {
      "url": "/profiles/investor/59891-50",
      "text": "Dorm Room Fund"
    },
    {
      "url": "http://linkedin.com/in/elijahkurien/",
      "text": "\ueac9"
    },
    {
      "url": "/profiles/investor/59891-50",
      "text": "Dorm Room Fund"
    },
    {
      "url": "/blog/meet-pitchbooks-data-hygiene-team",
      "text": "Read blog \u00bb"
    },
    {
      "url": "/research-process",
      "text": "Discover our process \u00bb"
    },
    {
      "url": "/products",
      "text": "Products"
    },
    {
      "url": "/products/chrome-extension",
      "text": "Chrome Extension"
    },
    {
      "url": "/products/crm-integration",
      "text": "CRM Integration"
    },
    {
      "url": "/products/direct-access-data",
      "text": "Direct Data"
    },
    {
      "url": "/products/excel-plugin",
      "text": "Excel and Powerpoint Plugins"
    },
    {
      "url": "/products/morningstar-institutional-equity-research",
      "text": "Morningstar Institutional Equity Research"
    },
    {
      "url": "https://pitchbook.com/credit",
      "text": "PitchBook Credit"
    },
    {
      "url": "/products/desktop",
      "text": "PitchBook Desktop"
    },
    {
      "url": "/products/institutional-research-group",
      "text": "PitchBook Institutional Research"
    },
    {
      "url": "/products/mobile",
      "text": "PitchBook Mobile"
    },
    {
      "url": "/blog/product-releases",
      "text": "Product Releases"
    },
    {
      "url": "/hedge-fund-database",
      "text": "Hedge Funds"
    },
    {
      "url": "/private-equity-database",
      "text": "Private Equity"
    },
    {
      "url": "/private-company-valuations",
      "text": "Private Market Valuations"
    },
    {
      "url": "/solutions/startups",
      "text": "Startups"
    },
    {
      "url": "/venture-capital-database",
      "text": "Venture Capital"
    },
    {
      "url": "/profiles",
      "text": "Profile Previews"
    },
    {
      "url": "/solutions",
      "text": "Solutions"
    },
    {
      "url": "/solutions/asset-allocation",
      "text": "Asset Allocation"
    },
    {
      "url": "/private-market-benchmarks",
      "text": "Benchmarking"
    },
    {
      "url": "/solutions/business-development",
      "text": "Business Development"
    },
    {
      "url": "/solutions/deal-execution",
      "text": "Deal Execution"
    },
    {
      "url": "/solutions/deal-sourcing",
      "text": "Deal Sourcing"
    },
    {
      "url": "/solutions/due-diligence",
      "text": "Due Diligence"
    },
    {
      "url": "/solutions/fundraising",
      "text": "Fundraising"
    },
    {
      "url": "/solutions/networking",
      "text": "Networking"
    },
    {
      "url": "/solutions/private-market-intelligence",
      "text": "Private Market Intel"
    },
    {
      "url": "/blog",
      "text": "Blog"
    },
    {
      "url": "/webinars",
      "text": "Webinars"
    },
    {
      "url": "/video-library",
      "text": "Video Library"
    },
    {
      "url": "/data",
      "text": "Data"
    },
    {
      "url": "/platform-data/advisors",
      "text": "Advisors"
    },
    {
      "url": "/platform-data/companies",
      "text": "Companies"
    },
    {
      "url": "/research-process",
      "text": "Data Operations"
    },
    {
      "url": "/platform-data/deals",
      "text": "Deals"
    },
    {
      "url": "/platform-data/debt",
      "text": "Debt"
    },
    {
      "url": "/platform-data/financials",
      "text": "Financials"
    },
    {
      "url": "/platform-data/funds",
      "text": "Funds"
    },
    {
      "url": "/platform-data/investors",
      "text": "Investors"
    },
    {
      "url": "/platform-data/lenders",
      "text": "Lenders"
    },
    {
      "url": "/platform-data/limited-partners",
      "text": "Limited Partners"
    },
    {
      "url": "/platform-data/mergers-and-acquisitions",
      "text": "M&A"
    },
    {
      "url": "/platform-data/professionals",
      "text": "Professionals"
    },
    {
      "url": "/news",
      "text": "News & Analysis"
    },
    {
      "url": "/sponsorship",
      "text": "Advertise"
    },
    {
      "url": "/leveraged-commentary-data",
      "text": "LCD News & Research"
    },
    {
      "url": "/news/archive",
      "text": "News Archive"
    },
    {
      "url": "/news/news-team",
      "text": "News Team"
    },
    {
      "url": "/subscribe",
      "text": "Newsletter"
    },
    {
      "url": "https://pitchbook.com/news/pitchbook-report-methodologies",
      "text": "Report Methodologies"
    },
    {
      "url": "/news/reports",
      "text": "Reports"
    },
    {
      "url": "/news/research-and-analysis-team",
      "text": "Research & Analysis Team"
    },
    {
      "url": "/about",
      "text": "About"
    },
    {
      "url": "/about/careers",
      "text": "Careers"
    },
    {
      "url": "/service",
      "text": "Customer Success"
    },
    {
      "url": "/partners",
      "text": "Partnerships"
    },
    {
      "url": "/media",
      "text": "Press Inquiries"
    },
    {
      "url": "/blog/resources",
      "text": "Case Studies"
    },
    {
      "url": "/client-testimonials",
      "text": "Customer Testimonials"
    },
    {
      "url": "/compare/pitchbook-vs-preqin",
      "text": "PitchBook vs. Competitors"
    },
    {
      "url": "/pricing",
      "text": "Pricing"
    },
    {
      "url": "/pitchbook-key-differentiators",
      "text": "What Sets Us Apart"
    },
    {
      "url": "https://www.linkedin.com/company/pitchbook",
      "text": "\ueac9"
    },
    {
      "url": "https://twitter.com/PitchBook",
      "text": "\ue944"
    },
    {
      "url": "https://www.facebook.com/PitchBookData",
      "text": "\uea8c"
    },
    {
      "url": "https://www.youtube.com/user/PitchBook",
      "text": "\uf16a"
    },
    {
      "url": "https://www.instagram.com/pitchbookdata/",
      "text": "\uea92"
    },
    {
      "url": "tel:+12066231986",
      "text": "+1 (206) 623.1986"
    },
    {
      "url": "tel:+4402080372308",
      "text": "+44 (0) 20 8037.2308"
    },
    {
      "url": "/contact",
      "text": "Contact Us"
    },
    {
      "url": "/cdn-cgi/l/email-protection#c7aea9a1a887b7aeb3a4afa5a8a8ace9a4a8aa",
      "text": "[email\u00a0protected]"
    },
    {
      "url": "/request-research",
      "text": "Request Research"
    },
    {
      "url": "/request-your-pitchbook-profile",
      "text": "Profile Request"
    },
    {
      "url": "/submit-a-deal",
      "text": "Deal Submission"
    },
    {
      "url": "https://www.linkedin.com/company/pitchbook",
      "text": "\ueac9"
    },
    {
      "url": "https://twitter.com/PitchBook",
      "text": "\ue944"
    },
    {
      "url": "https://www.facebook.com/PitchBookData",
      "text": "\uea8c"
    },
    {
      "url": "https://www.youtube.com/user/PitchBook",
      "text": "\uf16a"
    },
    {
      "url": "https://www.instagram.com/pitchbookdata/",
      "text": "\uea92"
    },
    {
      "url": "/terms-of-use",
      "text": "Terms of Use"
    },
    {
      "url": "/privacy-policy",
      "text": "Privacy Policy"
    },
    {
      "url": "/privacy-policy",
      "text": "California Consumer: Do Not Sell My Info"
    }
  ],
  "images": [
    {
      "src": "/img/profile-preview/icons/lock-locked-blue.svg",
      "alt": ""
    },
    {
      "src": "/img/profile-preview/data-transparency/blog-card.png",
      "alt": ""
    },
    {
      "src": "/img/profile-preview/data-transparency/blog-card2.png",
      "alt": ""
    },
    {
      "src": "https://dc.ads.linkedin.com/collect/?pid=15937&fmt=gif",
      "alt": ""
    },
    {
      "src": "https://www.facebook.com/tr?id=1752955298289295&ev=PageView&noscript=1",
      "alt": ""
    }
  ]
}