{
  "title": "Math students named finalists at Berkeley AI Hackathon  | Waterloo News | University of Waterloo",
  "meta_description": "A team of undergraduate Computer Science students placed in the top eight at a recent AI Hackathon with \u201cSkyline,\u201d a project that uses demographic data and machine learning to simulate cities and use these patterns to optimize its transit infrastructure. The four students \u2013 Rajan Agarwal (Software Engineering), Elijah Kurien (Software Engineering), Ishaan Dey (Software",
  "main_content": "Mathematics August 22, 2024 Math students named finalists at Berkeley AI Hackathon Waterloo team leverages AI and machine learning to develop a model that has the potential to reduce carbon emission from transportation by up to 18 per cent By Melodie Roschman Faculty of Mathematics",
  "links": [
    {
      "url": "/news/",
      "text": "Waterloo News"
    },
    {
      "url": "/news/mathematics",
      "text": "Mathematics"
    },
    {
      "url": "/news/areas/math",
      "text": "Math"
    },
    {
      "url": "/news/what-we-do/research",
      "text": "Research"
    },
    {
      "url": "/news/societal-relevance/technological-futures",
      "text": "Technological Futures"
    },
    {
      "url": "http://www.addtoany.com/share_save#url=https%3A%2F%2Fuwaterloo.ca%2Fnews%2Fmathematics%2Fmath-students-named-finalists-berkeley-ai-hackathon&title=Math%20students%20named%20finalists%20at%20Berkeley%20AI%20Hackathon%20%20%7C%20Waterloo%20News",
      "text": "Share"
    },
    {
      "url": "https://www.humansimulation.ai/about",
      "text": "Human Simulation Lab"
    },
    {
      "url": "https://uwaterloo.ca/math-endowment-fund/",
      "text": "their website"
    },
    {
      "url": "/news/areas/math",
      "text": "Math"
    },
    {
      "url": "/news/what-we-do/research",
      "text": "Research"
    },
    {
      "url": "/news/societal-relevance/technological-futures",
      "text": "Technological Futures"
    },
    {
      "url": "https://uwaterloo.ca/news/math-innovation/creating-beginner-friendly-hackathon",
      "text": "Read moreCreating a beginner-friendly hackathon How StarterHacks founders William Nippard and Marium Kirmani built equity and accessibility into their hackathon\u2019s DNA"
    },
    {
      "url": "https://uwaterloo.ca/news/mathematics/creating-human-centred-ai",
      "text": "Read moreCreating human-centred AI How Computer Science grad Areena Akhter took her passion for helping others to Waterloo, Bloomberg, Apple and beyond"
    },
    {
      "url": "https://uwaterloo.ca/news/mathematics/waterloo-students-pilot-portable-milk-pasteurization-device",
      "text": "The co-founders of Safi (centre, in Safi t-shirts, L-R: Martin Turuta, Daria Margarit, and Miraal Kabir) with Rwandan farmers and agricultural officials\n\nRead moreWaterloo students pilot portable milk pasteurization device in RwandaStartup Safi tapped entrepreneurial resources including Velocity and Math Innovation Office to bring their idea to life"
    },
    {
      "url": "https://www.facebook.com/sharer/sharer.php?u=https%3A//uwaterloo.ca/news/mathematics/math-students-named-finalists-berkeley-ai-hackathon%3Futm_medium%3Dshareblock&t=Math%20students%20named%20finalists%20at%20Berkeley%20AI%20Hackathon%20",
      "text": ""
    },
    {
      "url": "https://twitter.com/intent/tweet?source=https%3A//uwaterloo.ca/news/mathematics/math-students-named-finalists-berkeley-ai-hackathon%3Futm_medium%3Dshareblock&text=Math%20students%20named%20finalists%20at%20Berkeley%20AI%20Hackathon%20%3A%20https%3A//uwaterloo.ca/news/mathematics/math-students-named-finalists-berkeley-ai-hackathon%3Futm_medium%3Dshareblock",
      "text": ""
    },
    {
      "url": "https://plus.google.com/share?url=https%3A//uwaterloo.ca/news/mathematics/math-students-named-finalists-berkeley-ai-hackathon%3Futm_medium%3Dshareblock",
      "text": ""
    },
    {
      "url": "http://www.linkedin.com/shareArticle?mini=true&url=https%3A//uwaterloo.ca/news/mathematics/math-students-named-finalists-berkeley-ai-hackathon%3Futm_medium%3Dshareblock&title=Math%20students%20named%20finalists%20at%20Berkeley%20AI%20Hackathon%20&source=https%3A//uwaterloo.ca/news/mathematics/math-students-named-finalists-berkeley-ai-hackathon%3Futm_medium%3Dshareblock",
      "text": ""
    },
    {
      "url": "/news/forward?path=node/5953",
      "text": ""
    },
    {
      "url": "/news/",
      "text": "Waterloo news"
    },
    {
      "url": "https://experts.uwaterloo.ca/",
      "text": "Find an expert"
    },
    {
      "url": "https://uwaterloo.ca/media-inquiries",
      "text": "Contact Media Relations"
    },
    {
      "url": "tel:+1-519-888-4567",
      "text": "+1 519 888 4567"
    },
    {
      "url": "//uwaterloo.ca/about/contact-us",
      "text": "Contact Waterloo"
    },
    {
      "url": "//uwaterloo.ca/map/",
      "text": "Maps & Directions"
    },
    {
      "url": "//uwaterloo.ca/watsafe/",
      "text": "WatSAFE"
    },
    {
      "url": "//uwaterloo.ca/human-resources/accessibility",
      "text": "Accessibility"
    },
    {
      "url": "//uwaterloo.ca/privacy/",
      "text": "Privacy"
    },
    {
      "url": "//uwaterloo.ca/copyright",
      "text": "Copyright"
    },
    {
      "url": "//uwaterloo.ca/news/",
      "text": "Media"
    },
    {
      "url": "//uwaterloo.ca/careers/",
      "text": "Careers"
    },
    {
      "url": "//uwaterloo.ca/about/contact-us/contact-form",
      "text": "Feedback"
    },
    {
      "url": "https://www.facebook.com/university.waterloo",
      "text": ""
    },
    {
      "url": "https://twitter.com/uWaterloo",
      "text": ""
    },
    {
      "url": "https://www.youtube.com/uwaterloo",
      "text": ""
    },
    {
      "url": "https://instagram.com/uofwaterloo/",
      "text": ""
    },
    {
      "url": "https://www.linkedin.com/school/uwaterloo",
      "text": ""
    },
    {
      "url": "https://uwaterloo.ca/social-media/",
      "text": "@uwaterloo social directory"
    },
    {
      "url": "https://uwaterloo.ca/indigenous",
      "text": "Office of Indigenous Relations"
    }
  ],
  "images": [
    {
      "src": "https://uwaterloo.ca/news/sites/ca.news/files/styles/feature_large/public/img_9489_original-upscaled.jpg?itok=EIXSewym",
      "alt": "Rajan Agarwal presenting at Hackathon"
    },
    {
      "src": "/news/sites/ca.news/files/styles/body-500px-wide/public/img_2625.jpeg?itok=0Os9Rm1C",
      "alt": "The four team members with Andrej Karpathy "
    },
    {
      "src": "https://uwaterloo.ca/news/sites/ca.news/files/styles/feature_small/public/starter-hackers-banner.jpg?itok=DUHwl3BG",
      "alt": "compsci building at sunrise"
    },
    {
      "src": "https://uwaterloo.ca/news/sites/ca.news/files/styles/feature_small/public/835a9167-1_a.png?itok=ile6wU0d",
      "alt": "Headshot of Areena Akhter"
    },
    {
      "src": "https://uwaterloo.ca/news/sites/ca.news/files/styles/feature_small/public/safi_team_with_farmers_x2_copy.jpg?itok=f4q9ZRgI",
      "alt": "Three students, the founders of Safi, pose with several Rwandan farmers and administrators"
    },
    {
      "src": "/news/profiles/uw_base_profile/modules/custom/uw_social_media_sharing/images/Facebook.png",
      "alt": "Share via Facebook"
    },
    {
      "src": "/news/profiles/uw_base_profile/modules/custom/uw_social_media_sharing/images/Twitter.png",
      "alt": "Share via Twitter"
    },
    {
      "src": "/news/profiles/uw_base_profile/modules/custom/uw_social_media_sharing/images/Google+.png",
      "alt": "Share via Google+"
    },
    {
      "src": "/news/profiles/uw_base_profile/modules/custom/uw_social_media_sharing/images/LinkedIn.png",
      "alt": "Share via LinkedIn"
    },
    {
      "src": "/news/profiles/uw_base_profile/modules/custom/uw_social_media_sharing/images/Email.png",
      "alt": "Share via Email"
    }
  ]
}