{
  "title": "Elijah Kurien",
  "meta_description": "",
  "main_content": "Elijah Kurien Building AI Agents and Robotics Software Engineering @ University of Waterloo Twitter LinkedIn GitHub Email Work Incoming Software Engineering Intern @ Wispr January 2025 - April 2025 Working on the ML team improving core dictation models and inference optimizations Investment Partner @ Dorm Room Fund October 2024 - Present Investing in the most promising students and recent dropouts. elijah [at] dormroomfund.com Engineering Intern @ General Cybernetics August 2024 - August 2024 Built a cellular incubator to modulate membrane voltage of cells to induce them to become stem cells Machine Learning Intern @ Omen April 2024 - August 2024 Built a microprocessor that estimates engine health based on frequency analysis of engine vibrations Machine Learning Intern @ Ceco.ai June 2023 - August 2023 Built predictive models to determine when mining companies would violate laws and regulations from satellite imagery Projects Waterloo Hacker Fab 2024 Founded a team building a low-cost semiconductor fab with $51,000 in grants. Currently working on building MOSFETs from silicon wafers Skyline 2024 Built an agent-based simulation for cities to model population movements and optimize public transit routes Engineer-4o 2024 Building AI code generation agents to make developers lives easier Self-Driving Car 2024 Built an autonomous car to delivery food across uWaterloo's campus. Created PID controls using RL and developed a world-modelling system for real-time correction Burrow 2024 Built a learning platform for students to create courses and knowledge graphs from anything they want Research Approximating the Navier-Stokes Equations with the Explicit Finite Difference Method to Solve the Lid-driven Cavity Flow Problem 2023 Evaluation of Brain-Derived Neurotrophic Factor Nanotherapies to Treat Alzheimer's Diseases 2023",
  "links": [
    {
      "url": "https://twitter.com/elijahkurien",
      "text": "Twitter"
    },
    {
      "url": "https://linkedin.com/in/elijahkurien",
      "text": "LinkedIn"
    },
    {
      "url": "https://github.com/elijah0528",
      "text": "GitHub"
    },
    {
      "url": "mailto:elijahkurien@gmail.com",
      "text": "Email"
    },
    {
      "url": "https://www.flowvoice.ai/",
      "text": "Incoming Software Engineering Intern @ Wispr"
    },
    {
      "url": "https://dormroomfund.com",
      "text": "Investment Partner @ Dorm Room Fund"
    },
    {
      "url": "https://generalcybernetics.org/",
      "text": "Engineering Intern @ General Cybernetics"
    },
    {
      "url": "https://omen.ai",
      "text": "Machine Learning Intern @ Omen"
    },
    {
      "url": "https://www.ceco.ai/",
      "text": "Machine Learning Intern @ Ceco.ai"
    },
    {
      "url": "https://www.waterloofab.com/",
      "text": "Waterloo Hacker Fab"
    },
    {
      "url": "https://x.com/ElijahKurien/status/1815535252699598849",
      "text": "Skyline"
    },
    {
      "url": "https://x.com/ElijahKurien/status/1793347951433261080",
      "text": "Engineer-4o"
    },
    {
      "url": "https://github.com/rajansagarwal/self-driving-tank",
      "text": "Self-Driving Car"
    },
    {
      "url": "https://www.youtube.com/live/xQFHZhmiJuA?feature=shared&t=2050",
      "text": "Burrow"
    },
    {
      "url": "https://www.onlinescientificresearch.com/abstract/approximating-the-navierstokes-equations-with-the-explicitnbspfinite-difference-method-to-solve-the-liddriven-cavity-flownbspprobl-2662.html",
      "text": "Approximating the Navier-Stokes Equations with the Explicit Finite Difference Method to Solve the Lid-driven Cavity Flow Problem"
    },
    {
      "url": "https://www.semanticscholar.org/paper/Evaluation-of-Brain-Derived-Neurotrophic-Factor-to-Kurien/73673ea26f6273d9b52f18867e4ffbceb7051a58",
      "text": "Evaluation of Brain-Derived Neurotrophic Factor Nanotherapies to Treat Alzheimer's Diseases"
    }
  ],
  "images": []
}