{
  "title": "Leadership Team - Emerging Technology Group | Harvard College",
  "meta_description": "",
  "main_content": "Team Maitri Shah President Nureldin Mohamed Sophie Sharum Vice President Binh Vu Angela Zhang Officer Sukhraj Dulay Aadil Nathani Officer Ambika Grover Officer Adi Raj Shane Greenstein Advisor Michelle Li Officer Jessica Shiflett Director of Sustainability",
  "links": [
    {
      "url": "http://soco.college.harvard.edu/99827/",
      "text": ""
    }
  ],
  "images": [
    {
      "src": "/upload/harvard/2022/image_upload_2380267_Harvard_College_Signature_Horizontal_Large_CMYKjpg_728103518.jpeg",
      "alt": "logo"
    },
    {
      "src": "/upload/harvard/2022/image_upload_2380267_Harvard_College_Signature_Horizontal_Large_CMYKjpg_728103518.jpeg",
      "alt": "logo"
    },
    {
      "src": "/images/ico/female_user_large.png",
      "alt": "Maitri Shah Profile"
    },
    {
      "src": "/upload/harvard/2023/s3_image_upload_2394401_Harvard_Yearbook_Photo_85144418.png",
      "alt": "Nureldin Mohamed Profile"
    },
    {
      "src": "/images/ico/female_user_large.png",
      "alt": "Sophie Sharum Profile"
    },
    {
      "src": "/images/ico/female_user_large.png",
      "alt": "Binh Vu Profile"
    },
    {
      "src": "/images/ico/female_user_large.png",
      "alt": "Angela Zhang Profile"
    },
    {
      "src": "/images/ico/male_user_large.png",
      "alt": "Sukhraj Dulay Profile"
    },
    {
      "src": "/images/ico/male_user_large.png",
      "alt": "Aadil Nathani Profile"
    },
    {
      "src": "/images/ico/female_user_large.png",
      "alt": "Ambika Grover Profile"
    },
    {
      "src": "/images/ico/male_user_large.png",
      "alt": "Adi Raj Profile"
    },
    {
      "src": "/images/ico/male_user_large.png",
      "alt": "Shane Greenstein Profile"
    },
    {
      "src": "/images/ico/female_user_large.png",
      "alt": "Michelle Li Profile"
    },
    {
      "src": "/images/ico/female_user_large.png",
      "alt": "Jessica Shiflett Profile"
    }
  ]
}