[
  {
    "fullName": "Ricardo Skewes Zorrilla",
    "linkedin_internal_id": "636188642",
    "first_name": "Ricardo",
    "last_name": "Skewes Zorrilla",
    "public_identifier": "ricardo-skewes-zorrilla-882084159",
    "background_cover_image_url": "https://media.licdn.com/dms/image/v2/D4E16AQGtigummm5wDA/profile-displaybackgroundimage-shrink_200_800/profile-displaybackgroundimage-shrink_200_800/0/1706270390585?e=2147483647&v=beta&t=gTDp0mXw7sfLoCnvcNcjrvxpKKjwtXy2GMa5yrHJlgI",
    "profile_photo": "https://media.licdn.com/dms/image/v2/C4E03AQGdjg9dMgMgaw/profile-displayphoto-shrink_200_200/profile-displayphoto-shrink_200_200/0/1639253413496?e=2147483647&v=beta&t=JBICJ8qbTT0shdzjywSD1QQMy50sgNGWcRsRg7mIsEU",
    "headline": "Physics + CS @ Harvard. Passionate about data, diplomacy, and solving problems using technology.",
    "location": "506 followers\n          \n          \n              500+ connections",
    "followers": "Issued Nov 2021",
    "connections": "Issued Nov 2021",
    "about": "",
    "experience": [
      {
        "position": "\u5546\u4e1a\u5206\u6790\u5e08",
        "company_url": "https://cn.linkedin.com/company/chinese-alibaba-group?trk=public_profile_experience-item_profile-section-card_subtitle-click",
        "company_image": "https://media.licdn.com/dms/image/v2/C4D0BAQFm7hV8es67ZQ/company-logo_100_100/company-logo_100_100/0/1662629307293/alibaba_group_logo?e=2147483647&v=beta&t=jAA7_8OBLuMwQ5kOYeajuAoDb9vYsrLqQ61O-UrleeE",
        "company_name": "\u963f\u91cc\u5df4\u5df4\u96c6\u56e2",
        "location": "\u58a8\u897f\u54e5",
        "summary": "",
        "starts_at": "May 2024",
        "ends_at": "Sep 2024",
        "duration": "5 months"
      },
      {
        "position": "Vice President",
        "company_image": "https://static.licdn.com/aero-v1/sc/h/cs8pjfgyw96g44ln9r7tct85f",
        "company_name": "Harvard College Quantum Computing Association",
        "location": "Cambridge, Massachusetts, United States",
        "summary": "- Solidified connections with quantum computing clubs from three other universities.- Created series of talks for students to present their summer research.",
        "starts_at": "Aug 2022",
        "ends_at": "Jul 2024",
        "duration": "2 years"
      },
      {
        "position": "Co-President",
        "company_url": "https://www.linkedin.com/company/harvard-iroc?trk=public_profile_experience-item_profile-section-card_subtitle-click",
        "company_image": "https://media.licdn.com/dms/image/v2/C560BAQHsg2Lj40AKbQ/company-logo_100_100/company-logo_100_100/0/1630576176655?e=2147483647&v=beta&t=u19X3gemTzNE4Ntz3HS3bQpN6O7tkyCLPyynmttPsxc",
        "company_name": "Harvard International Relations on Campus",
        "location": "Cambridge, Massachusetts, United States",
        "summary": "",
        "starts_at": "Aug 2023",
        "ends_at": "Apr 2024",
        "duration": "9 months"
      },
      {
        "position": "ESG Summer Intern",
        "company_url": "https://uk.linkedin.com/company/pwc?trk=public_profile_experience-item_profile-section-card_subtitle-click",
        "company_image": "https://media.licdn.com/dms/image/v2/D4E0BAQGnGELqq6HXHw/company-logo_100_100/company-logo_100_100/0/1720517867022/pwc_logo?e=2147483647&v=beta&t=2qp_dqB2-gjESyj7M_vppJ_sd-hyZlMLJAR1mHjVGvo",
        "company_name": "PwC",
        "location": "Shanghai, China",
        "summary": "- Spearheaded the sustainable design strategy for a real estate project worth over $100M by building a data model to predict approximate LEED score increases of 9 green building technologies and materials. Presented the project entirely in Mandarin Chinese.- Served as a panelist for PwC China\u2019s \"You Plus\" program, sharing consulting internship experience across 4 sessions.",
        "starts_at": "Jul 2023",
        "ends_at": "Aug 2023",
        "duration": "2 months"
      },
      {
        "position": "Research Partner",
        "company_url": "https://www.linkedin.com/company/radcliffe-institute?trk=public_profile_experience-item_profile-section-card_subtitle-click",
        "company_image": "https://media.licdn.com/dms/image/v2/C4D0BAQHnjrjvppJbNg/company-logo_100_100/company-logo_100_100/0/1630578003594/radcliffe_institute_logo?e=2147483647&v=beta&t=UbNhdFpmqDgswtxTo-J62PyAoUMTJFxrX4JtjisbD8w",
        "company_name": "Harvard Radcliffe Institute",
        "location": null,
        "summary": "- Performed historical research for Radcliffe Fellow\u2019s project, \"In the Shadows of the Bamboo Curtain: Underground Economies across Greater China during the Cold War.\" - Examined primary and secondary sources from Macao and wrote chapter summaries for three books in Portuguese on the subject.",
        "starts_at": "Sep 2022",
        "ends_at": "Jun 2023",
        "duration": "10 months"
      },
      {
        "position": "Analyst",
        "company_url": "https://www.linkedin.com/company/harvard-undergraduate-foreign-policy-initiative?trk=public_profile_experience-item_profile-section-card_subtitle-click",
        "company_image": "https://media.licdn.com/dms/image/v2/C560BAQEa3_vR2BQtJQ/company-logo_100_100/company-logo_100_100/0/1630652409002/harvard_undergraduate_foreign_policy_initiative_logo?e=2147483647&v=beta&t=SsRoAjh1JUEh-MPzK0W_5ihfhpVB-YsemRcKXJR0KXQ",
        "company_name": "Harvard Undergraduate Foreign Policy Initiative",
        "location": "Cambridge, Massachusetts, United States",
        "summary": "- Co-wrote a white paper on internet laws and regulations in both the US and China and proposed policy recommendations. - Engaged in weekly dialogues with students at the University of Fudan (China) to compare perspectives and find common understanding.",
        "starts_at": "Sep 2022",
        "ends_at": "Jan 2023",
        "duration": "5 months"
      },
      {
        "position": "Undersecretary General for Committees; Director",
        "company_url": "https://www.linkedin.com/company/harvard-international-relations-council?trk=public_profile_experience-item_profile-section-card_subtitle-click",
        "company_image": "https://media.licdn.com/dms/image/v2/C4D0BAQHq1065vjLOEw/company-logo_100_100/company-logo_100_100/0/1630578825233/harvard_international_relations_council_logo?e=2147483647&v=beta&t=giE0MWHOW_8gVl2IakYyfGlNGkxXZ3m8FMp_6HZJLLM",
        "company_name": "Harvard International Relations Council",
        "location": "Cambridge, Massachusetts, United States",
        "summary": "- Wrote 3 research guides on mental health in Latin America, allegations of crimes against humanity in Venezuela, and the role of NGOs in the international community- Lead and coordinated team of 8 debate directors for HNMUN-LA 2023, a Harvard-sponsored conference held in Panama",
        "starts_at": "Jan 2021",
        "ends_at": "Jan 2023",
        "duration": "2 years 1 month"
      },
      {
        "position": "Member-at-large",
        "company_url": "https://www.linkedin.com/company/harvard-woodbridge-international-students-society?trk=public_profile_experience-item_profile-section-card_subtitle-click",
        "company_image": "https://media.licdn.com/dms/image/v2/C4E0BAQGUQ9UdiK0MVg/company-logo_100_100/company-logo_100_100/0/1631324719782?e=2147483647&v=beta&t=Uknys4Xzq2-X_3OIofvB92WL-Sui5jSPAqnqhbpfeKw",
        "company_name": "Harvard Woodbridge International Students Society",
        "location": "Cambridge, Massachusetts, United States",
        "summary": "- Established partnership with the Language Center at Harvard; joint project secured$11k funding from the Harvard Culture Lab Innovation Fund",
        "starts_at": "Jan 2022",
        "ends_at": "Dec 2022",
        "duration": "1 year"
      },
      {
        "position": "Undergraduate Researcher",
        "company_image": "https://static.licdn.com/aero-v1/sc/h/cs8pjfgyw96g44ln9r7tct85f",
        "company_name": "Harvard College Research Program (HCRP)",
        "location": "Cambridge, Massachusetts, United States",
        "summary": "My freshman summer, I did research in solid-state physics under the guidance of Harvard Professor Hongkun Park. Among other materials, I worked with 2D transition metal dicholchogenides, creating Van der Waals heterostructures for use in optoelectronic measurements.Park group website: https://hongkunparklab.com/",
        "starts_at": "Jun 2022",
        "ends_at": "Aug 2022",
        "duration": "3 months"
      },
      {
        "position": "Intern",
        "company_image": "https://static.licdn.com/aero-v1/sc/h/cs8pjfgyw96g44ln9r7tct85f",
        "company_name": "GlobalMUNers",
        "location": null,
        "summary": "I volunteer in a civil association dedicated to the promotion of youth leaders in Latin America. - Worked in the organization of 6 Model UN conferences and 3 High-Level encounters with authorities from government, academia, and the United Nations System. - Streamlined internal processes, from database management to automatic email systems. Designed and coded an RCV-based algorithm for selection of outstanding participations in Model UN Conferences organized by GlobalMUNers. - Gave introductory talks about the guiding principles of the United Nations System and Latin America's involvement in its creation.- Translated conferences\u2019 guides and ruling principles to English. Designed publicity and informational materials for social networks.\n            \n\n    \n    \n\n    \n        Show less",
        "starts_at": "Jun 2020",
        "ends_at": "Aug 2021",
        "duration": "1 year 3 months"
      },
      {
        "position": "Physics and Math Tutor",
        "company_url": "https://pe.linkedin.com/company/incognity?trk=public_profile_experience-item_profile-section-card_subtitle-click",
        "company_image": "https://media.licdn.com/dms/image/v2/C4D0BAQH9-wME9HpPmQ/company-logo_100_100/company-logo_100_100/0/1642486423654/incognity_logo?e=2147483647&v=beta&t=LcRrvGRYhlTQbXNm5Hp1hjsNt77Niwobf3J0CbDSg6Q",
        "company_name": "Incognity Academy",
        "location": null,
        "summary": "- Worked with Peru-based online academy in tutoring 3 Latin American students in Physics and Mathematics. - One of the students tutored won absolute first place in Mesoamerican Physics Competition.",
        "starts_at": "Dec 2020",
        "ends_at": "Jul 2021",
        "duration": "8 months"
      },
      {
        "position": "Head of 75YAMUN Conference",
        "company_url": "https://mx.linkedin.com/company/centro-de-informaci%C3%B3n-de-las-naciones-unidas-para-m%C3%A9xico-cuba-y-rep%C3%BAblica-dominicana?trk=public_profile_experience-item_profile-section-card_subtitle-click",
        "company_image": "https://media.licdn.com/dms/image/v2/C510BAQEqhCC3WhaI6w/company-logo_100_100/company-logo_100_100/0/1631345984771?e=2147483647&v=beta&t=pmI4zkjuZ_6VzwTzCupFz0PPEEtHgJGhLTBG2cSjAos",
        "company_name": "Centro de Informaci\u00f3n de las Naciones Unidas para M\u00e9xico, Cuba y Rep\u00fablica Dominicana (CINU M\u00e9xico)",
        "location": "Mexico City, Mexico",
        "summary": "- Led official conference in commemoration of the 75th anniversary of the United Nations (#UN75), co-organized by the Office of the UN Resident Coordinator in Mexico, the United Nations Information Center for Mexico, Cuba and the Dominican Republic, UNFPA Mexico and GlobalMUNers.- Worked with team from the various organizations in the planning and execution of the three-week long event, in which 500+ Latin American students recreated key moments in the Organization\u2019s history, from the San Francisco Conference to the global fight against Covid-19.\n            \n\n    \n    \n\n    \n        Show less",
        "starts_at": "Aug 2020",
        "ends_at": "Oct 2020",
        "duration": "3 months"
      }
    ],
    "education": [
      {
        "college_url": "https://www.linkedin.com/school/harvard-university/?trk=public_profile_school_profile-section-card_image-click",
        "college_name": "Harvard University",
        "college_image": "https://media.licdn.com/dms/image/v2/C4E0BAQF5t62bcL0e9g/company-logo_100_100/company-logo_100_100/0/1631318058235?e=2147483647&v=beta&t=Ye1klXowyo8TIcnkhTlmORgiA5ZywvooNihDMnx5urQ",
        "college_degree": "Bachelor's degree",
        "college_degree_field": "Physics and Computer Science",
        "college_duration": "2021 - 2025",
        "college_activity": ""
      },
      {
        "college_url": "https://mx.linkedin.com/school/tecdemonterrey/?trk=public_profile_school_profile-section-card_image-click",
        "college_name": "Tecnol\u00f3gico de Monterrey",
        "college_image": "https://media.licdn.com/dms/image/v2/D560BAQG9l8CrNEMwLg/company-logo_100_100/company-logo_100_100/0/1738698021205?e=2147483647&v=beta&t=4AWt7dwwaylxMFi4O6iEXx4mJGv6eI_S5DBpvHhgsZs",
        "college_degree": "High School Degree, IB Diploma Program",
        "college_degree_field": "98.1/100",
        "college_duration": "2017 - 2020",
        "college_activity": "Higher Level Courses: Computer Science, Physics, Math, Literature B (Spanish), Standard Level Courses: Business Management, German AB Initio Achieved highest grade in CS, Physics, Business Management, Theory of Knowledge, and the Extended Essay. Graduated with Honorable Mention of Excellence."
      }
    ],
    "articles": [],
    "description": {
      "description1": "\u963f\u91cc\u5df4\u5df4\u96c6\u56e2",
      "description1_link": "https://cn.linkedin.com/company/chinese-alibaba-group?trk=public_profile_topcard-current-company",
      "description2": "Harvard University",
      "description2_link": "https://www.linkedin.com/school/harvard-university/?trk=public_profile_topcard-school",
      "description3": ""
    },
    "activities": [],
    "volunteering": [],
    "certification": [
      {
        "company_image": "https://media.licdn.com/dms/image/v2/C560BAQE88xCsONDULQ/company-logo_100_100/company-logo_100_100/0/1630652622688/microsoft_logo?e=2147483647&v=beta&t=lMkCSsceJNmUG1r0VRg3Whye1sVi2KtYvt-MWyfoNbY",
        "certification": "Microsoft Student Hackathon 2021 Challenge Winner",
        "company_url": "https://www.linkedin.com/company/microsoft?trk=public_profile_profile-section-card_image-click",
        "company_name": "Microsoft",
        "issue_date": "Issued Nov 2021",
        "credential_id": "See credential",
        "credential_url": "https://www.credly.com/badges/129189fe-c943-42a9-8dfe-3e6ce7e63c81?source=linked_in_profile&trk=public_profile_see-credential"
      },
      {
        "company_image": "https://media.licdn.com/dms/image/v2/D4E0BAQFH2snwJO4Wgw/company-logo_100_100/company-logo_100_100/0/1704204376977/mitx_courses_logo?e=2147483647&v=beta&t=ua52h7wJwz29dXr1jtF3U7tuhs0lEt37VBUdFekZa8w",
        "certification": "6.00.1x: Introduction to Computer Science and Programming Using Python",
        "company_url": "https://www.linkedin.com/school/mitx-courses/?trk=public_profile_profile-section-card_image-click",
        "company_name": "MITx on edX",
        "issue_date": "Issued Aug 2017",
        "credential_id": "Credential ID 4a7bdad9c5434183a14f105b05a57ea6",
        "credential_url": "https://courses.edx.org/certificates/4a7bdad9c5434183a14f105b05a57ea6?trk=public_profile_see-credential"
      }
    ],
    "people_also_viewed": [],
    "similar_profiles": [],
    "recommendations": [],
    "publications": [],
    "courses": [
      {
        "name": "Advanced Modern Chinese"
      },
      {
        "name": "Atomic, Molecular and Optical Physics (graduate level)"
      },
      {
        "name": "Geometric Machine Learning (graduate level)"
      },
      {
        "name": "Information Theory, Inference, and Learning Algorithms (graduate level)"
      },
      {
        "name": "Intermediate Algorithms"
      },
      {
        "name": "Intermediate Macroeconomics"
      },
      {
        "name": "Introduction to Probability"
      },
      {
        "name": "Introduction to Supervised Learning"
      },
      {
        "name": "Machine Learning"
      },
      {
        "name": "Mechanics"
      },
      {
        "name": "Quantum Computing (graduate level)"
      },
      {
        "name": "Systems Programming and Machine Organization"
      },
      {
        "name": "The Theory of Algorithmic Fairness (graduate level)"
      },
      {
        "name": "Theoretical Linear Algebra and Real Analysis"
      }
    ],
    "languages": [
      {
        "name": "Spanish",
        "level": "Native or bilingual proficiency"
      },
      {
        "name": "English",
        "level": "Full professional proficiency"
      },
      {
        "name": "French",
        "level": "Full professional proficiency"
      },
      {
        "name": "Chinese",
        "level": "Full professional proficiency"
      },
      {
        "name": "Russian",
        "level": "Professional working proficiency"
      },
      {
        "name": "German",
        "level": "Limited working proficiency"
      }
    ],
    "organizations": [],
    "projects": [],
    "awards": [
      {
        "name": "Franklin Ford Award 2024",
        "organization": "Harvard University",
        "duration": "Apr 2024",
        "summary": "Awarded to a junior who \u201cshares Franklin Ford\u2019s scholarly interest in academic subjects, strong intellectual ability, and dry wit\u201d"
      },
      {
        "name": "2nd place - MIT Quantum Computing Hackathon 2024",
        "organization": "iQuHack 2024",
        "duration": "Feb 2024",
        "summary": "Second place at the annual edition of MIT\u2019s Quantum Computing Hackathon. As part of Quantinuum\u2019s challenge, my team\u2019s project explored the efficiency of variations of the Quantum Phase Estimation algorithm. I performed the mathematical modeling and came up with theoretical error bounds for the quantum algorithms, which were then tested against experimental runs on Quantinuum\u2019s platform, Nexus."
      },
      {
        "name": "1st Place \u2013 Harvard Chinese Poetry Recitation Contest",
        "organization": "Department of East Asian Languages and Civilizations, Harvard University",
        "duration": "Mar 2023",
        "summary": "Won first place in the advanced category of the Fourth Chinese Poetry Recitation Contest for my recitation of the poem \u300a\u518d\u522b\u5eb7\u6865\u300b (\"Farewell to Cambridge\"), by celebrated poet Xu Zhimo."
      },
      {
        "name": "Culture Lab Innovation Fund Recipient",
        "organization": "Harvard Office for Equity, Diversity, Inclusion and Belonging",
        "duration": "Apr 2022",
        "summary": "This language exchange project with the Language Center received the Culture Lab Innovation Fund grant of over $11k, meant to foster an inclusive community at Harvard. Link to project: https://edib.harvard.edu/language-exchange"
      },
      {
        "name": "Challenge Winner - Microsoft Student Hackathon",
        "organization": "Microsoft",
        "duration": "Oct 2021",
        "summary": "\"Learning bit by bit\" won first place in Microsoft's Student Hackathon. This project consisted of a step-by-step guide that introduces students to introductory topics in Computer Science using .NET. Used Microsoft's Journey framework to create interactive notebooks that keep students engaged."
      },
      {
        "name": "Bronze Medal \u2013 International distributed Physics Olympiad (IdPhO 2020)",
        "organization": "International Physics Olympiad Committee",
        "duration": "Dec 2020",
        "summary": "Represented Mexico at IdPhO 2020. Organized by Moscow Institute for Physics and Technology. https://ipho-unofficial.org/timeline/2020/"
      },
      {
        "name": "Winner \u2013 Hackathon CdCMx 2020",
        "organization": "Clubes de Ciencia Mexico",
        "duration": "Aug 2020",
        "summary": "I developed the mathematical model for winning project at nationwide Hackathon CdCMx Challenge 2020, co-sponsored by the University of Chicago and Fundaci\u00f3n M\u00e9xico en Harvard. Project titled \"Impact of comorbidities in the Covid-19 Epidemic in Mexico.\" Project made using Python. https://ricardoskewes.github.io/CoviDetectives/index.html"
      },
      {
        "name": "Bronze Medal \u2013 European Physics Olympiad",
        "organization": "European Physics Olympiad",
        "duration": "Jul 2020",
        "summary": "Represented Mexico in the European Physics Olympiad.  Won Bronze. https://eupho.ee/eupho-2020-results/"
      },
      {
        "name": "Selected \"Best New Student Group on Campus\"",
        "organization": "Federaci\u00f3n de Estudiantes \u2013 Tecnol\u00f3gico de Monterrey, Campus Santa Fe",
        "duration": "May 2020",
        "summary": "Quanta CSF, the science club I founded and presided, won the \"Best New Student Group on Campus\" award after its first year of activities. Club organized trips to research centers in the Mexico City area and to Tec de Monterrey's International Science Contest, periodically held movie nights to discuss science, organized a science fiction contest alongside writing club \"Paper Pen,\" invited guest speakers on campus, participated in student fairs, published a weekly problem, and more."
      },
      {
        "name": "First Place in Physics \u2013 International Science Contest, Tecnol\u00f3gico de Monterrey",
        "organization": "Tecnol\u00f3gico de Monterrey",
        "duration": "Mar 2020",
        "summary": "Two-exam format. Was awarded first place by jury of university professors for solution of physics problem. Can read more in the link below. https://tec.mx/es/noticias/monterrey/educacion/mentes-brillantes-con-una-misma-pasion-las-ciencias"
      },
      {
        "name": "Gold Medal \u2013 Mexican Physics Olympiad 2019",
        "organization": "Sociedad Mexicana de F\u00edsica (Mexican Physical Society)",
        "duration": "Nov 2019",
        "summary": ""
      },
      {
        "name": "Honorable Mention \u2013 International Physics Olympiad 2019",
        "organization": "International Physics Olympiad Committee",
        "duration": "Jul 2019",
        "summary": "Tel Aviv, Israel. Represented Mexico at the International Physics Olympiad."
      },
      {
        "name": "Foreign Language Leader Award",
        "organization": "Sports Leaders UK",
        "duration": "Apr 2019",
        "summary": "Recognition for Russian-Spanish language exchange extracurricular as part of program in British schools. Participated during my 3-month study in Canterbury, as part of Tec de Monterrey's international programs."
      },
      {
        "name": "Gold Award \u2013 AS Physics Challenge",
        "organization": "British Physics Olympiad (BPhO)",
        "duration": "Mar 2019",
        "summary": ""
      },
      {
        "name": "Bronze Medal \u2013 British Astronomy and Astrophysics Olympiad",
        "organization": "British Physics Olympiad (BPhO)",
        "duration": "Jan 2019",
        "summary": ""
      },
      {
        "name": "Silver Medal \u2013 Mexican Physics Olympiad 2018",
        "organization": "Sociedad Mexicana de F\u00edsica (Mexican Physical Society)",
        "duration": "Nov 2018",
        "summary": ""
      },
      {
        "name": "Gold Medal \u2013 Mexican Physics Olympiad 2017",
        "organization": "Sociedad Mexicana de F\u00edsica (Mexican Physical Society)",
        "duration": "Nov 2017",
        "summary": ""
      }
    ],
    "score": []
  }
]