{
  "title": "",
  "meta_description": "",
  "main_content": "meet the executive board Alexandra Somodi Co-President Elizabeth Finley Co-President Alanna Nowlen Director of Membership Andrius Stankus Director of Events Bradley Miller Director of Project Oversight Pela Karamanolis Director of Outreach Austin Tsai Director of Tech Resources Katherine Zhou Director of Marketing Brennen Ho Director of Finance Jason Wiemels Director of Internal Ops meet the project managers Irith Katiyar Dance Cam Yashvi Deliwala TerraTracer Anoushka Narayan ATE Ball Ashly Lam Karate Kid Hayden Ranshaw Anthony Jack Nuttall Bulls-AI Jacob Rojit Kaleido-Kickz Mitchell Kirby Power Path David Bai BCD Marios Tsotras The Toppest Hat Vivien Chen Magic Mirror",
  "links": [
    {
      "url": "https://www.linkedin.com/in/alexandra-somodi/",
      "text": "Alexandra SomodiCo-President"
    },
    {
      "url": "https://www.linkedin.com/in/finleyelizabeth/",
      "text": "Elizabeth FinleyCo-President"
    },
    {
      "url": "https://www.linkedin.com/in/alannanowlen/",
      "text": "Alanna NowlenDirector of Membership"
    },
    {
      "url": "https://www.linkedin.com/in/andrius-stankus/",
      "text": "Andrius StankusDirector of Events"
    },
    {
      "url": "https://www.linkedin.com/in/bradmiller555/",
      "text": "Bradley MillerDirector of Project Oversight"
    },
    {
      "url": "https://www.linkedin.com/in/pelagia-karamanolis/",
      "text": "Pela KaramanolisDirector of Outreach"
    },
    {
      "url": "https://www.linkedin.com/in/austintsaiusc/",
      "text": "Austin TsaiDirector of Tech Resources"
    },
    {
      "url": "https://www.linkedin.com/in/katherinezhou-/",
      "text": "Katherine ZhouDirector of Marketing"
    },
    {
      "url": "https://www.linkedin.com/in/brennenho/",
      "text": "Brennen HoDirector of Finance"
    },
    {
      "url": "https://www.linkedin.com/in/jwiemels/",
      "text": "Jason WiemelsDirector of Internal Ops"
    },
    {
      "url": "https://www.linkedin.com/in/irith-katiyar/",
      "text": "Irith KatiyarDance Cam"
    },
    {
      "url": "https://www.linkedin.com/in/yashvideliwala/",
      "text": "Yashvi DeliwalaTerraTracer"
    },
    {
      "url": "https://www.linkedin.com/in/anoushkanarayan/",
      "text": "Anoushka NarayanATE Ball"
    },
    {
      "url": "https://www.linkedin.com/in/ashlylam/",
      "text": "Ashly LamKarate Kid"
    },
    {
      "url": "https://www.linkedin.com/in/hayden-ranshaw-502410297/",
      "text": "Hayden RanshawAnthony"
    },
    {
      "url": "https://www.linkedin.com/in/jack-nuttall-807702253//",
      "text": "Jack NuttallBulls-AI"
    },
    {
      "url": "https://www.linkedin.com/in/jacobrojit/",
      "text": "Jacob RojitKaleido-Kickz"
    },
    {
      "url": "https://www.linkedin.com/in/mitchell-kirby/",
      "text": "Mitchell KirbyPower Path"
    },
    {
      "url": "https://www.linkedin.com/in/david-bai/",
      "text": "David BaiBCD"
    },
    {
      "url": "https://www.linkedin.com/in/marios-tsotras-13ab56300/",
      "text": "Marios TsotrasThe Toppest Hat"
    },
    {
      "url": "https://www.linkedin.com/in/vivien-chen-34745920b/",
      "text": "Vivien ChenMagic Mirror"
    }
  ],
  "images": [
    {
      "src": "/static/alexandra-fcd9148e36dd01790aba74d1cf590ec6.png",
      "alt": ""
    },
    {
      "src": "/static/elizabeth-fe8d1e7e2880e47a5b78869e58cf229e.png",
      "alt": ""
    },
    {
      "src": "/static/alanna-da47112dd12b22a470167529d9d99f71.png",
      "alt": ""
    },
    {
      "src": "/static/andrius-557b6dbff5f3a34426a4ee293d8a44f9.png",
      "alt": ""
    },
    {
      "src": "/static/brad-5be9b42031e7977068ad61563ad4a628.png",
      "alt": ""
    },
    {
      "src": "/static/pela-d4efe6c837992b960ae4780b995a7970.png",
      "alt": ""
    },
    {
      "src": "/static/austin-b7af75ffd8fea07234b37c580a01c1a1.png",
      "alt": ""
    },
    {
      "src": "/static/katherine-41b1ad01c5c79cce9001ec4843d7b128.png",
      "alt": ""
    },
    {
      "src": "/static/brennen-cafef16471a793220b74c43e22470fc6.png",
      "alt": ""
    },
    {
      "src": "/static/jason-c8e9116f3efccea93449c3c89b13408c.png",
      "alt": ""
    },
    {
      "src": "/static/irith-2b0a30708e87682959e61f02f9d4af56.jpeg",
      "alt": ""
    },
    {
      "src": "/static/yashvi-62ba3b60c68cb63695e1d62bcf41aa4b.jpeg",
      "alt": ""
    },
    {
      "src": "/static/anoushka-567e1dc92258dc1d43df1507cb701cd1.jpeg",
      "alt": ""
    },
    {
      "src": "/static/ashly-5e007d692d7fb6a41535b1c7c5e06238.jpeg",
      "alt": ""
    },
    {
      "src": "/static/hayden-6486993d2e202f6a2c7c2bbd94dc588b.jpeg",
      "alt": ""
    },
    {
      "src": "/static/jack-4ae47c53ee89c5ce6ec8b10a78f9e253.jpg",
      "alt": ""
    },
    {
      "src": "/static/jacob-42ca689c0a493aa877d55a65bfa757b2.jpg",
      "alt": ""
    },
    {
      "src": "/static/mitch-229bf599e6004601c4dc1b24ccccb9ba.jpeg",
      "alt": ""
    },
    {
      "src": "/static/david-bba1ff2c97c55852cf37309d982768d8.jpeg",
      "alt": ""
    },
    {
      "src": "/static/marios-7a439bf949d57fc587cc16c341d7377e.jpeg",
      "alt": ""
    },
    {
      "src": "/static/vivien-231315c23c02f2088719e48a750ed3ef.jpeg",
      "alt": ""
    }
  ]
}