{
  "title": "Pradyumna Sandeep Saligram's Profile | Stanford Profiles",
  "meta_description": "Pradyumna Sandeep Saligram is part of Stanford Profiles, official site for faculty, postdocs, students and staff information (Expertise, Bio, Research, Publications, and more). The site facilitates research and collaboration in academic endeavors.",
  "main_content": "Pradyumna Sandeep Saligram Undergraduate, Computer Science Print Profile Email Profile View Stanford-only Profile Tab Menu Bio Contact Work saligram@stanford.edu University - Student Department:&nbspComputer Science Position: Undergraduate Additional Info Mail Code: 2050",
  "links": [
    {
      "url": "https://cap.stanford.edu/profiles/frdActionServlet?choiceId=printerprofile&profileversion=full&profileId=317861",
      "text": "Print Profile"
    },
    {
      "url": "mailto:?subject=Pradyumna Sandeep Saligram's Profile&body=I would like to share the profile of Pradyumna Sandeep Saligram with you. https://profiles.stanford.edu/pradyumna-saligram",
      "text": "Email Profile"
    },
    {
      "url": "/intranet/pradyumna-saligram",
      "text": "View Stanford-only Profile"
    },
    {
      "url": "/pradyumna-saligram?tab=bio",
      "text": "Bio"
    },
    {
      "url": "mailto:saligram@stanford.edu",
      "text": "saligram@stanford.edu"
    }
  ],
  "images": []
}