{
  "title": "NSHSS Spotlight: Pradyumna Saligram | National Society of High School Scholars",
  "meta_description": "Pradyumna 'Prady' Saligram is a college freshman studying Computer Science at Stanford University. He is passionate about ML and generative AI and hopes to pursue AI further as a track concentration within his major.",
  "main_content": "Home Scholarships Scholarship Winners Pradyumna Saligram Pradyumna Saligram Deira International School Dubai, United Arab Emirates Pradyumna 'Prady' Saligram is a college freshman studying Computer Science at Stanford University. He is passionate about ML and generative AI and hopes to pursue AI further as a track concentration within his major. He is also considering a co-term where he would receive his bachelor's and master's within five years. Apart from academics, Prady is an initiative-seeker seeking to explore the coalescence of entrepreneurship and technology at Silicon Valley. You'll catch him on the tennis courts or at the gym, as staying active is a large part of his lifestyle. To this end, he loves Stanford's huge campus, which necessitates long bike rides and walks. Scholarships Awarded in 2023: The Claes Nobel Legacy Awards",
  "links": [
    {
      "url": "/",
      "text": "Home"
    },
    {
      "url": "/scholarships/",
      "text": "Scholarships"
    },
    {
      "url": "/scholarships/current-winners/",
      "text": "Scholarship Winners"
    },
    {
      "url": "/scholarships/s/the-claes-nobel-legacy-awards/",
      "text": "The Claes Nobel Legacy Awards"
    }
  ],
  "images": []
}