{
  "title": "Ryan Zhijie Rong's Profile | Stanford Profiles",
  "meta_description": "Ryan Zhijie Rong is part of Stanford Profiles, official site for faculty, postdocs, students and staff information (Expertise, Bio, Research, Publications, and more). The site facilitates research and collaboration in academic endeavors.",
  "main_content": "Ryan Zhijie Rong Stanford Student Employee, Stanford Digital Economy Lab (S-DEL) Undergraduate, Vice Provost for Undergraduate Education Print Profile Email Profile View Stanford-only Profile Tab Menu Bio Contact Work ryanrong@stanford.edu University - Student Department:&nbspVice Provost for Undergraduate Education Position: Undergraduate Additional Info Mail Code: 9015",
  "links": [
    {
      "url": "https://cap.stanford.edu/profiles/frdActionServlet?choiceId=printerprofile&profileversion=full&profileId=318597",
      "text": "Print Profile"
    },
    {
      "url": "mailto:?subject=Ryan Zhijie Rong's Profile&body=I would like to share the profile of Ryan Zhijie Rong with you. https://profiles.stanford.edu/ryan-rong",
      "text": "Email Profile"
    },
    {
      "url": "/intranet/ryan-rong",
      "text": "View Stanford-only Profile"
    },
    {
      "url": "/ryan-rong?tab=bio",
      "text": "Bio"
    },
    {
      "url": "mailto:ryanrong@stanford.edu",
      "text": "ryanrong@stanford.edu"
    }
  ],
  "images": []
}