[
  {
    "fullName": "Rez Havaei",
    "linkedin_internal_id": "819524454",
    "first_name": "Rez",
    "last_name": "Havaei",
    "public_identifier": "rez-havaei",
    "background_cover_image_url": "https://media.licdn.com/dms/image/v2/D5616AQFVApED6C-q4Q/profile-displaybackgroundimage-shrink_200_800/profile-displaybackgroundimage-shrink_200_800/0/1738463726472?e=2147483647&v=beta&t=C2d1MZp8XorWMbrV4AFiuyXx6jdaLAlnQ1FSQXyOtEE",
    "profile_photo": "https://media.licdn.com/dms/image/v2/D5603AQGyYJGEL1Yusg/profile-displayphoto-shrink_200_200/B56ZTEe9TbHsAY-/0/1738463238633?e=2147483647&v=beta&t=3Orze9_MciQqEapXAkJyh8T3AwY0usTcDqgYmoI_Pss",
    "headline": "Co-Founder @ General Analysis (YC S24)",
    "location": "2K followers\n          \n          \n              500+ connections",
    "about": "",
    "experience": [
      {
        "position": "CEO & Co-Founder",
        "company_url": "https://www.linkedin.com/company/general-analysis?trk=public_profile_experience-item_profile-section-card_subtitle-click",
        "company_image": "https://media.licdn.com/dms/image/v2/D560BAQHiy1yWRGvMhw/company-logo_100_100/company-logo_100_100/0/1738312173769/general_analysis_logo?e=2147483647&v=beta&t=lDHRX_xrYa4HjR8TbsWByA_Lq7SVE-TxbjcfQtT5mKU",
        "company_name": "General Analysis",
        "location": "San Francisco Bay Area",
        "summary": "Backed by YC",
        "starts_at": "Jul 2024",
        "ends_at": "Present",
        "duration": "9 months"
      },
      {
        "position": "Founding Engineer",
        "company_url": "https://www.linkedin.com/company/vals-ai?trk=public_profile_experience-item_profile-section-card_subtitle-click",
        "company_image": "https://media.licdn.com/dms/image/v2/D4D0BAQGQ_4yvF-UXvw/company-logo_100_100/company-logo_100_100/0/1734130234806/vals_ai_logo?e=2147483647&v=beta&t=h5DRU2co0FZT8JFbP0qJEA9h30exBd9mzg4QDFbhvcE",
        "company_name": "vals.ai",
        "location": null,
        "summary": "",
        "starts_at": "Jan 2024",
        "ends_at": "Jul 2024",
        "duration": "7 months"
      },
      {
        "position": "Quantitative Trading intern",
        "company_url": "https://www.linkedin.com/company/jane-street-global?trk=public_profile_experience-item_profile-section-card_subtitle-click",
        "company_image": "https://media.licdn.com/dms/image/v2/D4E0BAQGDwkF0pxTSjg/company-logo_100_100/company-logo_100_100/0/1700507376786/jane_street_global_logo?e=2147483647&v=beta&t=eyFaBH-a-t5Vq833fZdXpmwlgy-c5614-tH0NvnA19c",
        "company_name": "Jane Street",
        "location": null,
        "summary": "",
        "starts_at": "May 2023",
        "ends_at": "Aug 2023",
        "duration": "4 months"
      },
      {
        "position": "Applied Research Intern, Deep Learning",
        "company_url": "https://www.linkedin.com/company/snap-inc-co?trk=public_profile_experience-item_profile-section-card_subtitle-click",
        "company_image": "https://media.licdn.com/dms/image/v2/D4E0BAQGS67pnekd_qQ/company-logo_100_100/company-logo_100_100/0/1706902360485/snap_inc_co_logo?e=2147483647&v=beta&t=WqXTKQ_yc3GViK-wcqFcRROevEPpx7q2482SqaDRSh0",
        "company_name": "Snap Inc.",
        "location": null,
        "summary": "",
        "starts_at": "Jan 2023",
        "ends_at": "May 2023",
        "duration": "5 months"
      },
      {
        "position": "Machine Learning Engineering Intern",
        "company_url": "https://ca.linkedin.com/company/cohere-ai?trk=public_profile_experience-item_profile-section-card_subtitle-click",
        "company_image": "https://media.licdn.com/dms/image/v2/C560BAQGI_GYoDekJsQ/company-logo_100_100/company-logo_100_100/0/1680024442682/cohere_ai_logo?e=2147483647&v=beta&t=GL0uS14OHiPljvdy8O-3ybc3sYYKvIO3GmXG9F3UmV4",
        "company_name": "Cohere",
        "location": null,
        "summary": "",
        "starts_at": "Sep 2022",
        "ends_at": "Dec 2022",
        "duration": "4 months"
      },
      {
        "position": "Quantitative Trading Intern",
        "company_url": "https://www.linkedin.com/company/susquehanna-international-group?trk=public_profile_experience-item_profile-section-card_subtitle-click",
        "company_image": "https://media.licdn.com/dms/image/v2/D4E0BAQGRndfnf-vqyg/company-logo_100_100/company-logo_100_100/0/1725734450282/susquehanna_international_group_llp_sig_logo?e=2147483647&v=beta&t=LVCCWArMPxS7ER0QiXtwj5gXNYhppI7v5BwYltMvxPI",
        "company_name": "Susquehanna International Group, LLP (SIG)",
        "location": null,
        "summary": "",
        "starts_at": "Jun 2022",
        "ends_at": "Aug 2022",
        "duration": "3 months"
      },
      {
        "position": "Researcher",
        "company_url": "https://www.linkedin.com/company/information-sciences-institute?trk=public_profile_experience-item_profile-section-card_subtitle-click",
        "company_image": "https://media.licdn.com/dms/image/v2/D560BAQHYTeFo9SN7Ig/company-logo_100_100/company-logo_100_100/0/1694027982155/information_sciences_institute_logo?e=2147483647&v=beta&t=IUroLEdSHzijPJ97PNO7Hx79Vm3hMTb14ySEkW7UNAE",
        "company_name": "USC Information Sciences Institute",
        "location": null,
        "summary": "",
        "starts_at": "Jan 2022",
        "ends_at": "Jun 2022",
        "duration": "6 months"
      },
      {
        "position": "Applied Research, Artificial Intelligence",
        "company_url": "https://www.linkedin.com/company/nvidia?trk=public_profile_experience-item_profile-section-card_subtitle-click",
        "company_image": "https://media.licdn.com/dms/image/v2/D560BAQGV36q2EowSyw/company-logo_100_100/company-logo_100_100/0/1724881581208/nvidia_logo?e=2147483647&v=beta&t=oCxt8kGhi0AfLuVDY7D_jzkUIEe-fAV5Q5eLaRxXzOE",
        "company_name": "NVIDIA",
        "location": null,
        "summary": "",
        "starts_at": "Aug 2021",
        "ends_at": "Jan 2022",
        "duration": "6 months"
      },
      {
        "position": "Research Assistant",
        "company_url": "https://www.linkedin.com/school/uc-davis/?trk=public_profile_experience-item_profile-section-card_subtitle-click",
        "company_name": "University of California, Davis",
        "location": "Davis, California, United States",
        "summary": "",
        "starts_at": "Apr 2021",
        "ends_at": "Sep 2021",
        "duration": "6 months"
      },
      {
        "position": "Teaching Assistant",
        "company_url": "https://www.linkedin.com/school/uc-davis/?trk=public_profile_experience-item_profile-section-card_subtitle-click",
        "company_name": "University of California, Davis",
        "location": null,
        "summary": "",
        "starts_at": "Mar 2020",
        "ends_at": "Mar 2021",
        "duration": "1 year 1 month"
      },
      {
        "position": "Machine Learning Engineering Intern",
        "company_url": "https://www.linkedin.com/company/smile-symbol?trk=public_profile_experience-item_profile-section-card_subtitle-click",
        "company_image": "https://media.licdn.com/dms/image/v2/C4D0BAQHrT47cZu0K9g/company-logo_100_100/company-logo_100_100/0/1630581674924?e=2147483647&v=beta&t=piDEANRq8Qp4MPYh9LTop2FroLHYJcdO334vnvn-8_o",
        "company_name": "Smile Symbol",
        "location": "Palo Alto, California, United States",
        "summary": "",
        "starts_at": "Oct 2020",
        "ends_at": "May 2021",
        "duration": "8 months"
      },
      {
        "position": "Web Developer",
        "company_image": "https://static.licdn.com/aero-v1/sc/h/cs8pjfgyw96g44ln9r7tct85f",
        "company_name": "GenapSys",
        "location": null,
        "summary": "",
        "starts_at": "Jun 2020",
        "ends_at": "Aug 2020",
        "duration": "3 months"
      }
    ],
    "education": [
      {
        "college_url": "https://www.linkedin.com/school/y-combinator/?trk=public_profile_school_profile-section-card_image-click",
        "college_name": "Y Combinator",
        "college_image": "https://media.licdn.com/dms/image/v2/C4D0BAQGPzdBPNxrmEg/company-logo_100_100/company-logo_100_100/0/1673555093250/y_combinator_logo?e=2147483647&v=beta&t=RS-SKAR96j7FsrAn0a9I038RANOJTRufT4hYWIaeNMk",
        "college_degree": "S24",
        "college_degree_field": null,
        "college_duration": "2024 - 2024",
        "college_activity": ""
      },
      {
        "college_url": "https://www.linkedin.com/school/uc-davis/?trk=public_profile_school_profile-section-card_image-click",
        "college_name": "University of California",
        "college_image": "https://media.licdn.com/dms/image/v2/C4E0BAQEBG25KNBwuCQ/company-logo_100_100/company-logo_100_100/0/1630629297217/uc_davis_logo?e=2147483647&v=beta&t=JGRB_hFg5wpPejd0NebN1GeDL69FFKiiHC3pWhhQ86A",
        "college_degree": "Bachelor of Science",
        "college_degree_field": "Engineering GPA: 3.97",
        "college_duration": "2018 - 2023",
        "college_activity": ""
      },
      {
        "college_url": "https://ir.linkedin.com/school/iransampad/?trk=public_profile_school_profile-section-card_image-click",
        "college_name": "National Organization for Development of Exceptional Talents (Sampad)",
        "college_image": "https://media.licdn.com/dms/image/v2/C560BAQF6JpkTd-EMRA/company-logo_100_100/company-logo_100_100/0/1631346278306?e=2147483647&v=beta&t=yD_-j-puqbh5qv4DvoUn0HBor8L8bo-RwFCdQgz6vOY",
        "college_degree": "High School Diploma",
        "college_degree_field": null,
        "college_duration": " - ",
        "college_activity": ""
      }
    ],
    "articles": [],
    "description": {
      "description1": "General Analysis",
      "description1_link": "https://www.linkedin.com/company/general-analysis?trk=public_profile_topcard-current-company",
      "description2": "Y Combinator",
      "description2_link": "https://www.linkedin.com/school/y-combinator/?trk=public_profile_topcard-school",
      "description3": ""
    },
    "activities": [
      {
        "link": "https://www.linkedin.com/posts/ritvikpandey22_a-major-legal-firm-silently-signed-up-for-activity-7300950048920481793-RdNz",
        "title": "A major legal firm silently signed up for our trial API and processed their most intricate and complex documents before we even noticed they were\u2026",
        "activity": "Liked by Rez Havaei"
      },
      {
        "link": "https://www.linkedin.com/posts/pulse-ai-corp_one-of-our-financial-services-clients-just-activity-7300572001985826816-z8o_",
        "title": "One of our financial services clients just processed 8970 pages of Investment Memorandums and SEC Form 10-Ks through Pulse - exporting the data\u2026",
        "activity": "Liked by Rez Havaei"
      },
      {
        "link": "https://www.linkedin.com/posts/sarvesh-karkhanis-inventor_stanford-treehacks-treehacks2025-activity-7298803582433140736-X7ox",
        "image": "https://media.licdn.com/dms/image/v2/D5622AQEqrsBbj9WmwA/feedshare-shrink_800/B56ZUqPIhDHQAk-/0/1740170374874?e=2147483647&v=beta&t=NGKj06c6faLgp9ktUm1CZ411s4tO1W_ACHGQm3s147M",
        "title": "Last weekend, I had a great time serving as a Mentor for TreeHacks at Stanford University, which is arguably the world's biggest hackathon. This\u2026",
        "activity": "Liked by Rez Havaei"
      },
      {
        "link": "https://www.linkedin.com/posts/sidmanchkanti_today-were-thrilled-to-announce-pulses-activity-7297981193612902400-FQVL",
        "image": "https://media.licdn.com/dms/image/v2/D5622AQHhtOMep1wtGg/feedshare-shrink_800/B56ZUejOHjHEAg-/0/1739974305137?e=2147483647&v=beta&t=zEx80rvmMrH9-XV5EIv0fKGzQZRhhLrHOOBzlIreGtI",
        "title": "Today, we\u2019re thrilled to announce Pulse's $3.9M seed round led by Nat Friedman and Daniel Gross (NFDG). Our round also includes participation from Y\u2026",
        "activity": "Liked by Rez Havaei"
      },
      {
        "link": "https://www.linkedin.com/posts/y-combinator_pulse-has-raised-39m-in-a-seed-round-to-activity-7298023587628625938-DXR4",
        "image": "https://media.licdn.com/dms/image/v2/D5622AQGp7NR4kc87XQ/feedshare-shrink_800/B56ZUe2xPYHsAg-/0/1739979430571?e=2147483647&v=beta&t=ebbsXSCtt0VQkRcgQIdXbbsuPf4LZo9ztlnR5UzOYZs",
        "title": "Pulse has raised $3.9M in a seed round to build state-of-the-art data ingestion tools. \n\nPDF parsing and OCR tools have existed for years, but both\u2026",
        "activity": "Liked by Rez Havaei"
      },
      {
        "link": "https://www.linkedin.com/posts/ritvikpandey22_our-why-llms-suck-at-ocr-blog-post-hit-activity-7295845431509454850-QfLN",
        "image": "https://media.licdn.com/dms/image/v2/D5622AQF0hPIc6GWTfw/feedshare-shrink_800/B56ZT.ND7SHsAg-/0/1739431625174?e=2147483647&v=beta&t=tJSggxqbs8S8t2Oo_NYYlyuPqLNQjorKlwjctgC6B4o",
        "title": "Our \"Why LLMs Suck at OCR\" blog post hit a nerve last week - 70+ inbound demos from teams interested in Pulse's hybrid CV/transformer approach to\u2026",
        "activity": "Liked by Rez Havaei"
      },
      {
        "link": "https://www.linkedin.com/posts/the-frictionless-experience_frictionless-activity-7294768794806206464-_eIM",
        "image": "https://media.licdn.com/dms/image/v2/D5622AQFU6pgL2auelA/feedshare-shrink_800/B56ZTw5jyAGQAk-/0/1739208409820?e=2147483647&v=beta&t=8Ltvb1oDwIjYIZw5wnBx0avjvuFbDwF5Zmi_0K5sRNY",
        "title": "\ud83d\udd14 NEW EPISODE ALERT\n\nReady to rethink everything you know about digital friction? On our latest episode of The Frictionless Experience, Chuck Moxley\u2026",
        "activity": "Liked by Rez Havaei"
      },
      {
        "link": "https://www.linkedin.com/posts/yann-lecun_emmanuel-macron-speaks-at-the-paris-ai-action-activity-7294763683631579137-Xpic",
        "image": "https://media.licdn.com/dms/image/v2/D4D22AQEXnlZ0H3reDw/feedshare-shrink_800/B4DZTw05SrGcAg-/0/1739207189570?e=2147483647&v=beta&t=z2_wRGl0VmNSNop77BienfCO356xS3-0f10MZcpeJtE",
        "title": "Emmanuel Macron speaks at the Paris AI Action Summit.\n\"We want to accelerate\"",
        "activity": "Liked by Rez Havaei"
      },
      {
        "link": "https://www.linkedin.com/posts/danielhanchen_unsloth-ai-is-the-1-trending-repo-on-github-activity-7294767465799028737-UHMN",
        "image": "https://media.licdn.com/dms/image/v2/D5622AQHn3qUD74f4Cw/feedshare-shrink_2048_1536/B56ZTw4WonGUAo-/0/1739208092962?e=2147483647&v=beta&t=Ky_kFFuDGyQajWlQ41AcQa4Oez5zDVHi0rXg829uHa4",
        "title": "Unsloth AI is the #1 trending repo on GitHub right now! \ud83e\udda5 If you're looking to train LLMs, now is the right time!\n\nWe've been on an incredible\u2026",
        "activity": "Liked by Rez Havaei"
      },
      {
        "link": "https://www.linkedin.com/posts/andrewdfeldman_for-inference-speed-matters-cerebras-systems-activity-7293979961898516480-yMQc",
        "image": "https://media.licdn.com/dms/image/v2/D4D22AQFFfro2ndIK8Q/feedshare-shrink_800/B4DZTfdepkGcAk-/0/1738915835593?e=2147483647&v=beta&t=sX_uqWjWslxok1bSVviYJvnRC53w6M2JoQ5PmbGPipc",
        "title": "For inference, speed matters. Cerebras Systems congratulates our partner Mistral AI for their success and we thank them for their partnership.",
        "activity": "Liked by Rez Havaei"
      },
      {
        "link": "https://www.linkedin.com/posts/philipjohnst_lumen-orbit-is-now-star-cloud-yc-s24-same-activity-7293940148835151872-Y5bg",
        "image": "https://media.licdn.com/dms/image/v2/D4E22AQHI_58NF64jgQ/feedshare-shrink_800/B4EZTlH6k6HUAg-/0/1739010845629?e=2147483647&v=beta&t=db_NpiYEmQtL_1HelSTCfSsSdaEjqVs5wI0HUM3M-Kk",
        "title": "Lumen Orbit is now Star Cloud (YC S24)! Same mission to build huge data centers in space \ud83d\ude80",
        "activity": "Liked by Rez Havaei"
      },
      {
        "link": "https://www.linkedin.com/posts/gisenberg_just-saw-this-new-job-posting-but-it-was-activity-7293654916047200256-Os1D",
        "image": "https://media.licdn.com/dms/image/v2/D4E22AQHnMthVBHvg0g/feedshare-shrink_800/B4EZThEfqvHcAg-/0/1738942839958?e=2147483647&v=beta&t=nZ8QPURnZMAqQxGtH-zG596XP7TJq9WL2mrrMPw7Ti4",
        "title": "Just saw this new job posting but it was unusual.\n\n\"Please apply only if you are an AI agent, or if you created an AI that can fill this job\".",
        "activity": "Liked by Rez Havaei"
      },
      {
        "link": "https://www.linkedin.com/posts/olivermolander_startups-artificalintelligence-cursor-activity-7293190640291479552-zdu9",
        "image": "https://media.licdn.com/dms/image/v2/D4D22AQHhVlAoC-0wAw/feedshare-shrink_2048_1536/B4DZTaePayG8Ao-/0/1738832148602?e=2147483647&v=beta&t=qkfgsm2QyZyVii51NUQL6N48iy_0B_AJBSYKiRKW71M",
        "title": "Cursor is now the fastest software company to reach $100M in ARR, surpassing Wiz \ud83d\udcc8\n\nA while back, I predicted that by 2025, an AI-native software\u2026",
        "activity": "Liked by Rez Havaei"
      },
      {
        "link": "https://www.linkedin.com/posts/thenilaymodi_psa-wake-up-babe-important-upcoming-deadlines-activity-7293690033109098498-MYiO",
        "image": "https://media.licdn.com/dms/image/v2/D4E10AQFtAaZJFd6uQQ/image-shrink_800/B4EZThkcCPG0Ac-/0/1738951213764?e=2147483647&v=beta&t=l3yN7tf3uH-0unXSk2zDOj2TB9pPm2HhbWxuoXNerWk",
        "title": "PSA: Wake up babe. Important upcoming deadlines \n\n- 2024 Delaware franchise tax - Due Mar 1, 2025\n- 2024 Federal tax filing - Due Apr 15, 2025\n- 2024\u2026",
        "activity": "Liked by Rez Havaei"
      },
      {
        "link": "https://www.linkedin.com/posts/y-combinator_operand-yc-w25-is-building-an-ai-to-kill-activity-7293327611605196800-Zp0z",
        "image": "https://media.licdn.com/dms/image/v2/D5605AQEEh_Al8feRHg/videocover-high/B56ZTcKs0XGsBw-/0/1738860854059?e=2147483647&v=beta&t=FwfWw4mabzbmpuZVXnf8nxXSIiUWl63Cy-IUKalEdLc",
        "title": "Operand (YC W25) is building an AI to kill McKinsey \u2014 starting in e-commerce and retail.\n\nThey\u2019re already generating six-figures in P&L impact for\u2026",
        "activity": "Liked by Rez Havaei"
      }
    ],
    "volunteering": [],
    "certification": [],
    "people_also_viewed": [
      {
        "link": "https://www.linkedin.com/in/alexander-ponamarev?trk=public_profile_browsemap-profile",
        "name": "Alexander Ponamarev",
        "summary": "",
        "location": "Austin, TX"
      },
      {
        "link": "https://www.linkedin.com/in/rahil-patel-rvp6?trk=public_profile_browsemap-profile",
        "name": "Rahil Patel",
        "summary": "Sr. Data Scientist at CVS Health | MS UMich",
        "location": "Greater Boston"
      },
      {
        "link": "https://www.linkedin.com/in/bbernst?trk=public_profile_browsemap-profile",
        "name": "Benjamin Bernstein",
        "summary": "",
        "location": "New York City Metropolitan Area"
      },
      {
        "link": "https://www.linkedin.com/in/ajeya-kempegowda-217a678a?trk=public_profile_browsemap-profile",
        "name": "Ajeya Kempegowda",
        "summary": "",
        "location": "San Jose, CA"
      },
      {
        "link": "https://www.linkedin.com/in/hyesooyoun?trk=public_profile_browsemap-profile",
        "name": "Hyesoo Youn",
        "summary": "",
        "location": "San Francisco Bay Area"
      },
      {
        "link": "https://www.linkedin.com/in/abhisheksinghaiml?trk=public_profile_browsemap-profile",
        "name": "Abhishek Singh",
        "summary": "Principal of AI, Data & Analytics | AI & Data Engineering Strategy Leader",
        "location": "Dublin, OH"
      },
      {
        "link": "https://www.linkedin.com/in/jcaip?trk=public_profile_browsemap-profile",
        "name": "Jesse Cai",
        "summary": "",
        "location": "San Francisco, CA"
      },
      {
        "link": "https://www.linkedin.com/in/i-m-5b63911ab?trk=public_profile_browsemap-profile",
        "name": "I M",
        "summary": "H",
        "location": "Herndon, VA"
      },
      {
        "link": "https://www.linkedin.com/in/adharshmurali?trk=public_profile_browsemap-profile",
        "name": "Adharsh M.",
        "summary": "Machine Learning Engineer at Providence Health & Services",
        "location": "Greater Seattle Area"
      },
      {
        "link": "https://www.linkedin.com/in/leema-krishna-murali?trk=public_profile_browsemap-profile",
        "name": "Leema Krishna M",
        "summary": "",
        "location": "San Francisco Bay Area"
      }
    ],
    "similar_profiles": [],
    "recommendations": [],
    "publications": [],
    "courses": [
      {
        "name": "Coursera AI for Medical Diagnosis Specialization"
      },
      {
        "name": "Coursera Deep Learning Specialization"
      },
      {
        "name": "Coursera Eindhoven University of Technology : Improving your statistical inferences"
      },
      {
        "name": "Coursera GAN Specialization"
      }
    ],
    "languages": [],
    "organizations": [],
    "projects": [],
    "awards": [],
    "score": []
  }
]