{
  "title": "Waterloo welcomes the 2023 cohort of Schulich Leaders  | Waterloo News | University of Waterloo",
  "meta_description": "This year, the University of Waterloo is pleased to welcome 10 new first-year students to its cohort, through the Schulich Leader Scholarships program. Awarded annually to 100 high school students across Canada, the Schulich Leader Scholarships are granted to exceptional students who show great entrepreneurial promise in the field of science, technology, engineering and math",
  "main_content": "September 5, 2023 Waterloo welcomes the 2023 cohort of Schulich Leaders Ten new recipients of Canada\u2019s most prestigious scholarship join the Waterloo community By Darren McAlmont University Relations",
  "links": [
    {
      "url": "/news/",
      "text": "Waterloo News"
    },
    {
      "url": "/news/areas/engineering",
      "text": "Engineering"
    },
    {
      "url": "/news/areas/math",
      "text": "Math"
    },
    {
      "url": "/news/areas/science",
      "text": "Science"
    },
    {
      "url": "/news/what-we-do/awards-and-honours",
      "text": "Awards, Honours and Rankings"
    },
    {
      "url": "http://www.addtoany.com/share_save#url=https%3A%2F%2Fuwaterloo.ca%2Fnews%2Fwaterloo-welcomes-2023-cohort-schulich-leaders&title=Waterloo%20welcomes%20the%202023%20cohort%20of%20Schulich%20Leaders%20%20%7C%20Waterloo%20News",
      "text": "Share"
    },
    {
      "url": "/news/areas/engineering",
      "text": "Engineering"
    },
    {
      "url": "/news/areas/math",
      "text": "Math"
    },
    {
      "url": "/news/areas/science",
      "text": "Science"
    },
    {
      "url": "/news/what-we-do/awards-and-honours",
      "text": "Awards, Honours and Rankings"
    },
    {
      "url": "https://uwaterloo.ca/news/waterloo-quantum-research-gets-16-million-boost",
      "text": "Read moreWaterloo quantum research gets $16 million boostThe federal government research grants will advance the development of quantum technologies"
    },
    {
      "url": "https://uwaterloo.ca/news/waterloo-researchers-awarded-more-10-million-0",
      "text": "Read moreWaterloo researchers awarded more than $10 millionFunding supports a range of projects from sustainable 3D printed materials to 6G network innovations and improving the electric automotive industry"
    },
    {
      "url": "https://uwaterloo.ca/news/fostering-innovation-through-diverse-perspectives",
      "text": "Read moreFostering innovation through diverse perspectivesWaterloo welcomes emerging postdoctoral scholars to receive funding from Provost fellowship programs"
    },
    {
      "url": "https://www.facebook.com/sharer/sharer.php?u=https%3A//uwaterloo.ca/news/waterloo-welcomes-2023-cohort-schulich-leaders%3Futm_medium%3Dshareblock&t=Waterloo%20welcomes%20the%202023%20cohort%20of%20Schulich%20Leaders%20",
      "text": ""
    },
    {
      "url": "https://twitter.com/intent/tweet?source=https%3A//uwaterloo.ca/news/waterloo-welcomes-2023-cohort-schulich-leaders%3Futm_medium%3Dshareblock&text=Waterloo%20welcomes%20the%202023%20cohort%20of%20Schulich%20Leaders%20%3A%20https%3A//uwaterloo.ca/news/waterloo-welcomes-2023-cohort-schulich-leaders%3Futm_medium%3Dshareblock",
      "text": ""
    },
    {
      "url": "https://plus.google.com/share?url=https%3A//uwaterloo.ca/news/waterloo-welcomes-2023-cohort-schulich-leaders%3Futm_medium%3Dshareblock",
      "text": ""
    },
    {
      "url": "http://www.linkedin.com/shareArticle?mini=true&url=https%3A//uwaterloo.ca/news/waterloo-welcomes-2023-cohort-schulich-leaders%3Futm_medium%3Dshareblock&title=Waterloo%20welcomes%20the%202023%20cohort%20of%20Schulich%20Leaders%20&source=https%3A//uwaterloo.ca/news/waterloo-welcomes-2023-cohort-schulich-leaders%3Futm_medium%3Dshareblock",
      "text": ""
    },
    {
      "url": "/news/forward?path=node/5241",
      "text": ""
    },
    {
      "url": "/news/",
      "text": "Waterloo news"
    },
    {
      "url": "https://experts.uwaterloo.ca/",
      "text": "Find an expert"
    },
    {
      "url": "https://uwaterloo.ca/media-inquiries",
      "text": "Contact Media Relations"
    },
    {
      "url": "tel:+1-519-888-4567",
      "text": "+1 519 888 4567"
    },
    {
      "url": "//uwaterloo.ca/about/contact-us",
      "text": "Contact Waterloo"
    },
    {
      "url": "//uwaterloo.ca/map/",
      "text": "Maps & Directions"
    },
    {
      "url": "//uwaterloo.ca/watsafe/",
      "text": "WatSAFE"
    },
    {
      "url": "//uwaterloo.ca/human-resources/accessibility",
      "text": "Accessibility"
    },
    {
      "url": "//uwaterloo.ca/privacy/",
      "text": "Privacy"
    },
    {
      "url": "//uwaterloo.ca/copyright",
      "text": "Copyright"
    },
    {
      "url": "//uwaterloo.ca/news/",
      "text": "Media"
    },
    {
      "url": "//uwaterloo.ca/careers/",
      "text": "Careers"
    },
    {
      "url": "//uwaterloo.ca/about/contact-us/contact-form",
      "text": "Feedback"
    },
    {
      "url": "https://www.facebook.com/university.waterloo",
      "text": ""
    },
    {
      "url": "https://twitter.com/uWaterloo",
      "text": ""
    },
    {
      "url": "https://www.youtube.com/uwaterloo",
      "text": ""
    },
    {
      "url": "https://instagram.com/uofwaterloo/",
      "text": ""
    },
    {
      "url": "https://www.linkedin.com/school/uwaterloo",
      "text": ""
    },
    {
      "url": "https://uwaterloo.ca/social-media/",
      "text": "@uwaterloo social directory"
    },
    {
      "url": "https://uwaterloo.ca/indigenous",
      "text": "Office of Indigenous Relations"
    }
  ],
  "images": [
    {
      "src": "https://uwaterloo.ca/news/sites/ca.news/files/styles/feature_large/public/schulich-leader-scholarship-banner.png?itok=wyUhe5G1",
      "alt": "winners of the Schulich leader scholarship"
    },
    {
      "src": "/news/sites/ca.news/files/styles/sidebar-220px-wide/public/waterloo_-_ammielle_wambo_becker.png?itok=CTMfVCic",
      "alt": "Ammielle Wambo Becker"
    },
    {
      "src": "/news/sites/ca.news/files/styles/sidebar-220px-wide/public/waterloo_-_evangeline_bouganim.png?itok=h8BX7bgF",
      "alt": "Evie Bouganim"
    },
    {
      "src": "/news/sites/ca.news/files/styles/sidebar-220px-wide/public/waterloo_-_brandon_de_lazzari.png?itok=s3koGjpG",
      "alt": "Brandon De Lazzari"
    },
    {
      "src": "/news/sites/ca.news/files/styles/sidebar-220px-wide/public/waterloo_-_eric_gao.png?itok=Fe32XUXD",
      "alt": "Eric Gao"
    },
    {
      "src": "/news/sites/ca.news/files/styles/sidebar-220px-wide/public/waterloo_-_mikael_haji.png?itok=_OaEzvpe",
      "alt": "Mikael Haji"
    },
    {
      "src": "/news/sites/ca.news/files/styles/sidebar-220px-wide/public/waterloo_-_scott_hao_.png?itok=tWQuc_i3",
      "alt": "Scott Hao"
    },
    {
      "src": "/news/sites/ca.news/files/styles/sidebar-220px-wide/public/waterloo_-_caroline_huang.png?itok=AQ0IN2Cj",
      "alt": "Caroline Huang"
    },
    {
      "src": "/news/sites/ca.news/files/styles/sidebar-220px-wide/public/waterloo_-_mahi_joshi.png?itok=4SQCWSRd",
      "alt": "Mahi Joshi"
    },
    {
      "src": "/news/sites/ca.news/files/styles/sidebar-220px-wide/public/waterloo_-_manasva_katyal.png?itok=5vmBuM-G",
      "alt": "Manasva Katyal"
    },
    {
      "src": "/news/sites/ca.news/files/styles/sidebar-220px-wide/public/waterloo_-_josephina_kim.png?itok=iajE8e2u",
      "alt": "Josephina Kim"
    },
    {
      "src": "https://uwaterloo.ca/news/sites/ca.news/files/styles/feature_small/public/eng-20120315-uw-eng_profile-0097.jpg?itok=kGAd8_rJ",
      "alt": "Mike & Ophelia Lazaridis Quantum-Nano Centre (QNC)"
    },
    {
      "src": "https://uwaterloo.ca/news/sites/ca.news/files/styles/feature_small/public/dsc_0648_full_res__2.jpg?itok=UrAVZvGq",
      "alt": "A snowy landscape with a large tree in the foreground, a sign reading \"WATERLOO,\" and buildings in the background. "
    },
    {
      "src": "https://uwaterloo.ca/news/sites/ca.news/files/styles/feature_small/public/postdoc_luncheon_-_generic_0.png?itok=u8aAuLnb",
      "alt": "a pattern of colourful shapes"
    },
    {
      "src": "/news/profiles/uw_base_profile/modules/custom/uw_social_media_sharing/images/Facebook.png",
      "alt": "Share via Facebook"
    },
    {
      "src": "/news/profiles/uw_base_profile/modules/custom/uw_social_media_sharing/images/Twitter.png",
      "alt": "Share via Twitter"
    },
    {
      "src": "/news/profiles/uw_base_profile/modules/custom/uw_social_media_sharing/images/Google+.png",
      "alt": "Share via Google+"
    },
    {
      "src": "/news/profiles/uw_base_profile/modules/custom/uw_social_media_sharing/images/LinkedIn.png",
      "alt": "Share via LinkedIn"
    },
    {
      "src": "/news/profiles/uw_base_profile/modules/custom/uw_social_media_sharing/images/Email.png",
      "alt": "Share via Email"
    }
  ]
}