{
  "title": "Arihan Varanasi",
  "meta_description": "The personal webiste of Arihan Varanasi",
  "main_content": "3:30:05 PM Texas, USA Arihan Varanasi Currently Working Fullstack machine learning developer in love with design. Always looking for new opportunites and connections. Inspired by other devs and always building Projects CoWorkr An AI-powered know-it-all bot tailored for your team's need Koios GPT Utilizes LLMs to enhance your understanding of research articles and personal PDF documents. Read Speak An app that empowers kids' language skills through reading and pronunciation assistance. Prompt GPT Generates efficient prompts for one-shot results using a custom, finetuned, opensource Dolly v2 model with 3 billion parameters. Zenset Clear your mind through expressive writing and journaling and get rewarded! SignEase A machine learning app designed to help people learn and improve their sign language skills. Transcribi Get accurate transcriptions and valuable analytics with AI + GPT. Sight Sense Your Third Eye - Empowering the visually impaired Skills Next JS Tensorflow Python React JS LLMs Computer Vision Node JS PyTorch Machine Learning Connect arihan.dev@gmail.com Made with by Arihan Varanasi",
  "links": [
    {
      "url": "https://devpost.com/software/cowokr",
      "text": "CoWorkr"
    },
    {
      "url": "https://devpost.com/software/koios-gpt",
      "text": "Koios GPT"
    },
    {
      "url": "https://devpost.com/software/readspeak",
      "text": "Read Speak"
    },
    {
      "url": "https://devpost.com/software/promptgpt",
      "text": "Prompt GPT"
    },
    {
      "url": "https://devpost.com/software/zenset",
      "text": "Zenset"
    },
    {
      "url": "https://devpost.com/software/tbd-kvpb91",
      "text": "SignEase"
    },
    {
      "url": "https://devpost.com/software/transcribi",
      "text": "Transcribi"
    },
    {
      "url": "https://devpost.com/software/sightsense",
      "text": "Sight Sense"
    },
    {
      "url": "https://www.linkedin.com/in/arihanvaranasi/",
      "text": ""
    },
    {
      "url": "https://github.com/arihanv",
      "text": ""
    },
    {
      "url": "https://twitter.com/ar1hanv",
      "text": ""
    },
    {
      "url": "mailto:arihan.dev@gmail.com",
      "text": "arihan.dev@gmail.com"
    }
  ],
  "images": []
}