{
  "title": "arihanv (Arihan Varanasi) \u00b7 GitHub",
  "meta_description": "arihanv has 34 repositories available. Follow their code on GitHub.",
  "main_content": "arihanv Follow More Overview Repositories Projects Packages Stars arihanv Follow \ud83c\udfaf Focusing Arihan Varanasi arihanv \ud83c\udfaf Focusing Follow 28 followers \u00b7 2 following 02:36 (UTC -06:00) X @arihanxv Achievements x2 x3 Achievements x2 x3 Highlights Pro Block or Report Block or report arihanv Block user Prevent this user from interacting with your repositories and sending you notifications. Learn more about blocking users . You must be logged in to block users. Add an optional note: Please don't include any personal information such as legal names or email addresses. Maximum 100 characters, markdown supported. This note will be visible to only you. Block user Report abuse Contact GitHub support about this user\u2019s behavior. Learn more about reporting abuse . Report abuse More Overview Repositories Projects Packages Stars Pinned Loading Shush Shush Public Shush is an app that deploys a WhisperV3 model with Flash Attention v2 on Modal and makes requests to it via a NextJS app TypeScript 197 35 ReadSpeak ReadSpeak Public JavaScript 1 PromptGPT PromptGPT Public TypeScript 5 2 ResearchGPT ResearchGPT Public TypeScript 1 Something went wrong, please refresh the page to try again. If the problem persists, check the GitHub status page or contact support .",
  "links": [
    {
      "url": "/login?return_to=https%3A%2F%2Fgithub.com%2Farihanv%2F",
      "text": "Follow"
    },
    {
      "url": "/arihanv",
      "text": "Overview"
    },
    {
      "url": "/arihanv?tab=repositories",
      "text": "Repositories"
    },
    {
      "url": "/arihanv?tab=projects",
      "text": "Projects"
    },
    {
      "url": "/arihanv?tab=packages",
      "text": "Packages"
    },
    {
      "url": "/arihanv?tab=stars",
      "text": "Stars"
    },
    {
      "url": "/login?return_to=https%3A%2F%2Fgithub.com%2Farihanv%2F",
      "text": "Follow"
    },
    {
      "url": "https://avatars.githubusercontent.com/u/63890951?v=4",
      "text": ""
    },
    {
      "url": "/login?return_to=https%3A%2F%2Fgithub.com%2Farihanv%2F",
      "text": "Follow"
    },
    {
      "url": "https://github.com/arihanv?tab=followers",
      "text": "28\n          followers"
    },
    {
      "url": "https://github.com/arihanv?tab=following",
      "text": "2\n          following"
    },
    {
      "url": "https://x.com/arihanxv",
      "text": "@arihanxv"
    },
    {
      "url": "/arihanv?tab=achievements",
      "text": "Achievements"
    },
    {
      "url": "/arihanv?achievement=starstruck&tab=achievements",
      "text": "x2"
    },
    {
      "url": "/arihanv?achievement=pull-shark&tab=achievements",
      "text": "x3"
    },
    {
      "url": "/arihanv?achievement=pair-extraordinaire&tab=achievements",
      "text": ""
    },
    {
      "url": "/arihanv?achievement=quickdraw&tab=achievements",
      "text": ""
    },
    {
      "url": "/arihanv?achievement=yolo&tab=achievements",
      "text": ""
    },
    {
      "url": "/arihanv?tab=achievements",
      "text": "Achievements"
    },
    {
      "url": "/arihanv?achievement=starstruck&tab=achievements",
      "text": "x2"
    },
    {
      "url": "/arihanv?achievement=pull-shark&tab=achievements",
      "text": "x3"
    },
    {
      "url": "/arihanv?achievement=pair-extraordinaire&tab=achievements",
      "text": ""
    },
    {
      "url": "/arihanv?achievement=quickdraw&tab=achievements",
      "text": ""
    },
    {
      "url": "/arihanv?achievement=yolo&tab=achievements",
      "text": ""
    },
    {
      "url": "https://docs.github.com/articles/blocking-a-user-from-your-personal-account",
      "text": "blocking users"
    },
    {
      "url": "https://docs.github.com/articles/reporting-abuse-or-spam",
      "text": "reporting abuse"
    },
    {
      "url": "/contact/report-abuse?report=arihanv+%28user%29",
      "text": "Report abuse"
    },
    {
      "url": "/arihanv",
      "text": "Overview"
    },
    {
      "url": "/arihanv?tab=repositories",
      "text": "Repositories"
    },
    {
      "url": "/arihanv?tab=projects",
      "text": "Projects"
    },
    {
      "url": "/arihanv?tab=packages",
      "text": "Packages"
    },
    {
      "url": "/arihanv?tab=stars",
      "text": "Stars"
    },
    {
      "url": "/arihanv/Shush",
      "text": "Shush"
    },
    {
      "url": "/arihanv/Shush/stargazers",
      "text": "197"
    },
    {
      "url": "/arihanv/Shush/forks",
      "text": "35"
    },
    {
      "url": "/arihanv/ReadSpeak",
      "text": "ReadSpeak"
    },
    {
      "url": "/arihanv/ReadSpeak/stargazers",
      "text": "1"
    },
    {
      "url": "/arihanv/PromptGPT",
      "text": "PromptGPT"
    },
    {
      "url": "/arihanv/PromptGPT/stargazers",
      "text": "5"
    },
    {
      "url": "/arihanv/PromptGPT/forks",
      "text": "2"
    },
    {
      "url": "/arihanv/ResearchGPT",
      "text": "ResearchGPT"
    },
    {
      "url": "/arihanv/ResearchGPT/stargazers",
      "text": "1"
    },
    {
      "url": "https://www.githubstatus.com/",
      "text": "GitHub status page"
    },
    {
      "url": "/contact",
      "text": "contact support"
    }
  ],
  "images": [
    {
      "src": "https://avatars.githubusercontent.com/u/63890951?s=64&v=4",
      "alt": "@arihanv"
    },
    {
      "src": "https://avatars.githubusercontent.com/u/63890951?s=64&v=4",
      "alt": "@arihanv"
    },
    {
      "src": "https://avatars.githubusercontent.com/u/63890951?v=4",
      "alt": "View arihanv's full-sized avatar"
    },
    {
      "src": "https://github.githubassets.com/assets/starstruck-default--light-a594e2a027e0.png",
      "alt": "Achievement: Starstruck"
    },
    {
      "src": "https://github.githubassets.com/assets/pull-shark-default-498c279a747d.png",
      "alt": "Achievement: Pull Shark"
    },
    {
      "src": "https://github.githubassets.com/assets/pair-extraordinaire-default-579438a20e01.png",
      "alt": "Achievement: Pair Extraordinaire"
    },
    {
      "src": "https://github.githubassets.com/assets/quickdraw-default--light-8f798b35341a.png",
      "alt": "Achievement: Quickdraw"
    },
    {
      "src": "https://github.githubassets.com/assets/yolo-default-be0bbff04951.png",
      "alt": "Achievement: YOLO"
    },
    {
      "src": "https://github.githubassets.com/assets/starstruck-default--light-a594e2a027e0.png",
      "alt": "Achievement: Starstruck"
    },
    {
      "src": "https://github.githubassets.com/assets/pull-shark-default-498c279a747d.png",
      "alt": "Achievement: Pull Shark"
    },
    {
      "src": "https://github.githubassets.com/assets/pair-extraordinaire-default-579438a20e01.png",
      "alt": "Achievement: Pair Extraordinaire"
    },
    {
      "src": "https://github.githubassets.com/assets/quickdraw-default--light-8f798b35341a.png",
      "alt": "Achievement: Quickdraw"
    },
    {
      "src": "https://github.githubassets.com/assets/yolo-default-be0bbff04951.png",
      "alt": "Achievement: YOLO"
    }
  ]
}