{
  "title": "Meet the Scholars | The Gordian Knot Center for National Security Innovation",
  "meta_description": "",
  "main_content": "Meet the Scholars Main navigation Skip Secondary Navigation Main content start Spring 2024 Cohort The National Security Innovation Scholars program aims to train the next generation of leaders in national security innovation. Whether you're an engineer, a policy maker, a scientist, an entrepreneur, or in another field, if you're driven by curiosity, the urge to innovate, and the desire to create real impact we're looking for you. Learn more about the scholars: Catarina Buchatskiy BA International Security Gaute Friis MA International Policy Andrew Gerges BA Economics Oliver Gomez BS Computer Science Nathan Jenkins MS Management Science and Engineering Barclay Jones MBA in Business Malaina Kapoor Brian Katz MSX Fellow, Business Melissa Khasbagan BA Economics Ethan Klein DEFCON Co-President Alex Lubkin MBA in Business Eric Meyers MBA in Business Bryce Mitchell DEFCON Co-President Chetan Nair BS Computer Science James Park MBA in Business Jeff Phaneuf MBA in Business Helen Phillips DEFCON Vice President Josh Pickering MD/MBA in Medicine and Business William Pirone BS Computer Science and Math Nickson Quak MA International Policy Jarren Reid BS Computer Science Tiffany Saade MA International Policy Aylin Salahifar BA International Relations Danny Sharp JD in Law Sou Min Shin BA International Relations and Science, Technology, and Society Pranav Sriram MS Computer Science Max Susman MS/MBA in Engineering and Business Raina Talwar Bhatia MS Bioengineering Walter Woo MBA/MPP in Business and Public Policy Shiva Khanna Yamamoto MS Computer Science Gustavs Zilgalvis MA International Policy Marcus Zimmerman DEFCON Vice President Back to Top",
  "links": [
    {
      "url": "/people/catarina-buchatskiy",
      "text": "Catarina Buchatskiy"
    },
    {
      "url": "/people/gaute-friis",
      "text": "Gaute Friis"
    },
    {
      "url": "/people/andrew-gerges",
      "text": "Andrew Gerges"
    },
    {
      "url": "/people/oliver-gomez",
      "text": "Oliver Gomez"
    },
    {
      "url": "/people/nathan-jenkins",
      "text": "Nathan Jenkins"
    },
    {
      "url": "/people/barclay-jones",
      "text": "Barclay Jones"
    },
    {
      "url": "/people/malaina-kapoor-0",
      "text": "Malaina Kapoor"
    },
    {
      "url": "/people/brian-katz",
      "text": "Brian Katz"
    },
    {
      "url": "/people/melissa-khasbagan",
      "text": "Melissa Khasbagan"
    },
    {
      "url": "/people/ethan-klein",
      "text": "Ethan Klein"
    },
    {
      "url": "/people/alex-lubkin",
      "text": "Alex Lubkin"
    },
    {
      "url": "/people/eric-meyers",
      "text": "Eric Meyers"
    },
    {
      "url": "/people/bryce-mitchell",
      "text": "Bryce Mitchell"
    },
    {
      "url": "/people/chetan-nair",
      "text": "Chetan Nair"
    },
    {
      "url": "/people/james-park",
      "text": "James Park"
    },
    {
      "url": "/people/jeff-phaneuf",
      "text": "Jeff Phaneuf"
    },
    {
      "url": "/people/helen-phillips",
      "text": "Helen Phillips"
    },
    {
      "url": "/people/josh-pickering",
      "text": "Josh Pickering"
    },
    {
      "url": "/people/william-pirone",
      "text": "William Pirone"
    },
    {
      "url": "/people/nickson-quak",
      "text": "Nickson Quak"
    },
    {
      "url": "/people/jarren-reid",
      "text": "Jarren Reid"
    },
    {
      "url": "/people/tiffany-saade",
      "text": "Tiffany Saade"
    },
    {
      "url": "/people/aylin-salahifar",
      "text": "Aylin Salahifar"
    },
    {
      "url": "/people/danny-sharp",
      "text": "Danny Sharp"
    },
    {
      "url": "/people/sou-min-shin",
      "text": "Sou Min Shin"
    },
    {
      "url": "/people/pranav-sriram",
      "text": "Pranav Sriram"
    },
    {
      "url": "/people/max-susman",
      "text": "Max Susman"
    },
    {
      "url": "/people/raina-talwar-bhatia",
      "text": "Raina Talwar Bhatia"
    },
    {
      "url": "/people/walter-woo",
      "text": "Walter Woo"
    },
    {
      "url": "/people/shiva-khanna-yamamoto",
      "text": "Shiva Khanna Yamamoto"
    },
    {
      "url": "/people/gustavs-zilgalvis",
      "text": "Gustavs Zilgalvis"
    },
    {
      "url": "/people/marcus-zimmerman",
      "text": "Marcus Zimmerman"
    }
  ],
  "images": [
    {
      "src": "/sites/g/files/sbiybj22971/files/styles/square_1900/public/media/image/catarina_buchatskiy_0.jpg?h=00614b90&itok=VhFJoIMw",
      "alt": ""
    },
    {
      "src": "/sites/g/files/sbiybj22971/files/styles/square_1900/public/media/image/friis_gaute_-_small_0.jpg?h=ae1a15ef&itok=VUMUykOn",
      "alt": ""
    },
    {
      "src": "/sites/g/files/sbiybj22971/files/styles/square_1900/public/media/image/stanford-person-default-profile-image.png?h=55541bb6&itok=4JePLpdi",
      "alt": ""
    },
    {
      "src": "/sites/g/files/sbiybj22971/files/styles/square_1900/public/media/image/oliver_gomez_0.jpg?h=4a2ea71b&itok=HYhkwdJr",
      "alt": ""
    },
    {
      "src": "/sites/g/files/sbiybj22971/files/styles/square_1900/public/media/image/nathan_jenkins_0.jpg?h=e92059fb&itok=f255z3bF",
      "alt": ""
    },
    {
      "src": "/sites/g/files/sbiybj22971/files/styles/square_1900/public/media/image/barclay_jones_0.jpg?h=e0ffee0c&itok=bQUEge7M",
      "alt": ""
    },
    {
      "src": "/sites/g/files/sbiybj22971/files/styles/square_1900/public/media/image/malaina_kapoor_0.jpg?h=6584c766&itok=qkeU_Ys0",
      "alt": ""
    },
    {
      "src": "/sites/g/files/sbiybj22971/files/styles/square_1900/public/media/image/brian_katz_0.jpg?h=4d06ee0e&itok=Awa97SYz",
      "alt": ""
    },
    {
      "src": "/sites/g/files/sbiybj22971/files/styles/square_1900/public/media/image/melissa_khasbagan_0.jpg?h=f89ad9b2&itok=Ed-Co_AJ",
      "alt": ""
    },
    {
      "src": "/sites/g/files/sbiybj22971/files/styles/square_1900/public/media/image/ethan_klein_headshot_0.jpeg?h=88b0eb3f&itok=QkwxGjma",
      "alt": ""
    },
    {
      "src": "/sites/g/files/sbiybj22971/files/styles/square_1900/public/media/image/alex_lubkin_1.jpg?h=591b83d3&itok=Cbgh6wwN",
      "alt": ""
    },
    {
      "src": "/sites/g/files/sbiybj22971/files/styles/square_1900/public/media/image/eric_meyers_0.jpg?h=5a57f549&itok=LMhYnHpj",
      "alt": ""
    },
    {
      "src": "/sites/g/files/sbiybj22971/files/styles/square_1900/public/media/image/bryce_headshot_0.jpg?h=75d720b3&itok=TIfMcUKV",
      "alt": ""
    },
    {
      "src": "/sites/g/files/sbiybj22971/files/styles/square_1900/public/media/image/stanford-person-default-profile-image.png?h=55541bb6&itok=4JePLpdi",
      "alt": ""
    },
    {
      "src": "/sites/g/files/sbiybj22971/files/styles/square_1900/public/media/image/james_park_0.jpg?h=cc41cb7e&itok=Jjd3Tqvx",
      "alt": ""
    },
    {
      "src": "/sites/g/files/sbiybj22971/files/styles/square_1900/public/media/image/jeff_phaneuf_0.jpg?h=b2774bcf&itok=hcFZRvFX",
      "alt": ""
    },
    {
      "src": "/sites/g/files/sbiybj22971/files/styles/square_1900/public/media/image/helen_head_shot_0.jpg?h=448cd43c&itok=ATX1AJp9",
      "alt": ""
    },
    {
      "src": "/sites/g/files/sbiybj22971/files/styles/square_1900/public/media/image/josh_pickering_0.jpg?h=e6dcd88c&itok=DKVmsxc4",
      "alt": ""
    },
    {
      "src": "/sites/g/files/sbiybj22971/files/styles/square_1900/public/media/image/william_perone_0.jpg?h=ff7c604c&itok=kBOXv0-G",
      "alt": ""
    },
    {
      "src": "/sites/g/files/sbiybj22971/files/styles/square_1900/public/media/image/nickson_quak_0.jpg?h=c7963c2f&itok=PyJf5FdO",
      "alt": ""
    },
    {
      "src": "/sites/g/files/sbiybj22971/files/styles/square_1900/public/media/image/jarren_reid_0.jpg?h=23b6cb00&itok=rIiS1WTK",
      "alt": ""
    },
    {
      "src": "/sites/g/files/sbiybj22971/files/styles/square_1900/public/media/image/tiffany_saade_0.jpg?h=b2774bcf&itok=uEJ0fkXY",
      "alt": ""
    },
    {
      "src": "/sites/g/files/sbiybj22971/files/styles/square_1900/public/media/image/aylin_salahifar_0.jpg?h=7adac519&itok=ptWYr6Qk",
      "alt": ""
    },
    {
      "src": "/sites/g/files/sbiybj22971/files/styles/square_1900/public/media/image/danny_sharp_0.jpg?h=9bd1e2f0&itok=FyJ5fmLF",
      "alt": ""
    },
    {
      "src": "/sites/g/files/sbiybj22971/files/styles/square_1900/public/media/image/sou_min_shin_0.jpg?h=39171ca6&itok=Og_1tj5y",
      "alt": ""
    },
    {
      "src": "/sites/g/files/sbiybj22971/files/styles/square_1900/public/media/image/pranav_sriram_0.jpg?h=643a391a&itok=SNxqgcnk",
      "alt": ""
    },
    {
      "src": "/sites/g/files/sbiybj22971/files/styles/square_1900/public/media/image/headshot-susman_max-colorwall_1.jpg?h=ad6021d6&itok=FsBnbdoL",
      "alt": ""
    },
    {
      "src": "/sites/g/files/sbiybj22971/files/styles/square_1900/public/media/image/raina_talwar_bhatia_0.jpg?h=57ae47e1&itok=OJ28usg3",
      "alt": ""
    },
    {
      "src": "/sites/g/files/sbiybj22971/files/styles/square_1900/public/media/image/walter_woo_0.jpg?h=b2774bcf&itok=jC94GzLJ",
      "alt": ""
    },
    {
      "src": "/sites/g/files/sbiybj22971/files/styles/square_1900/public/media/image/shiva_khanna_yamamoto_0.jpg?h=7ad28dae&itok=yXeCAPaX",
      "alt": ""
    },
    {
      "src": "/sites/g/files/sbiybj22971/files/styles/square_1900/public/media/image/gustavs_zilgalvis_0.jpg?h=16bafff7&itok=ss5TaUDr",
      "alt": ""
    },
    {
      "src": "/sites/g/files/sbiybj22971/files/styles/square_1900/public/media/image/marcus_headshot_0.jpeg?h=a740d649&itok=A_D78yJ6",
      "alt": ""
    }
  ]
}