{
  "title": "Arihan Varanasi's Profile | Stanford Profiles",
  "meta_description": "Arihan Varanasi is part of Stanford Profiles, official site for faculty, postdocs, students and staff information (Expertise, Bio, Research, Publications, and more). The site facilitates research and collaboration in academic endeavors.",
  "main_content": "Arihan Varanasi Undergraduate, Vice Provost for Undergraduate Education Print Profile Email Profile View Stanford-only Profile Tab Menu Bio Contact Work arihan@stanford.edu University - Student Department:&nbspVice Provost for Undergraduate Education Position: Undergraduate",
  "links": [
    {
      "url": "https://cap.stanford.edu/profiles/frdActionServlet?choiceId=printerprofile&profileversion=full&profileId=339113",
      "text": "Print Profile"
    },
    {
      "url": "mailto:?subject=Arihan Varanasi's Profile&body=I would like to share the profile of Arihan Varanasi with you. https://profiles.stanford.edu/arihan-varanasi",
      "text": "Email Profile"
    },
    {
      "url": "/intranet/arihan-varanasi",
      "text": "View Stanford-only Profile"
    },
    {
      "url": "/arihan-varanasi?tab=bio",
      "text": "Bio"
    },
    {
      "url": "mailto:arihan@stanford.edu",
      "text": "arihan@stanford.edu"
    }
  ],
  "images": []
}