{
  "title": "vkaarti (Vijaykaarti Sundarapandiyan)",
  "meta_description": "User profile of Vijaykaarti Sundarapandiyan on Hugging Face",
  "main_content": "Vijaykaarti Sundarapandiyan vkaarti Follow astein0's profile picture psv901's profile picture dymil's profile picture 3 followers \u00b7 1 following AI & ML interests None yet Organizations models None public yet datasets None public yet",
  "links": [
    {
      "url": "/astein0",
      "text": "astein0's profile picture"
    },
    {
      "url": "/psv901",
      "text": "psv901's profile picture"
    },
    {
      "url": "/dymil",
      "text": "dymil's profile picture"
    },
    {
      "url": "/tomg-group-umd",
      "text": ""
    }
  ],
  "images": [
    {
      "src": "/avatars/9008e742e06bc97d2aa185126b260af8.svg",
      "alt": "Vijaykaarti Sundarapandiyan's picture"
    },
    {
      "src": "/avatars/c9f6f3c3ac86def2650d1ecc473cd486.svg",
      "alt": ""
    },
    {
      "src": "/avatars/e8752c23bfc652fdd6ccfe0947a2c340.svg",
      "alt": ""
    },
    {
      "src": "/avatars/55f6bea7b6727f5f3f152cd8659f75f6.svg",
      "alt": ""
    },
    {
      "src": "https://cdn-avatars.huggingface.co/v1/production/uploads/1675353480936-63d98af1897746d6496177df.png",
      "alt": "Tom Goldstein's Lab at University of Maryland, College Park's profile picture"
    }
  ]
}