{
  "title": "Vijaykaarti Sundarapandiyan | OpenReview",
  "meta_description": "Promoting openness in scientific communication and the peer-review process",
  "main_content": "Names Vijaykaarti Sundarapandiyan (Preferred) Suggest Name Emails ****@gmail.com (Confirmed) Suggest Email Personal Links LinkedIn Suggest URL Career & Education History Undergrad student University of Maryland, College Park (umd.edu) 2022 \u2013 2025 Suggest Position Advisors, Relations & Conflicts No relations added Suggest Relation Expertise No areas of expertise listed Suggest Expertise Publications Loading... Co-Authors Loading...",
  "links": [
    {
      "url": "https://www.linkedin.com/in/vijay-sundarapandiyan/",
      "text": "LinkedIn"
    },
    {
      "url": "https://github.com/openreview/openreview/issues/new/choose",
      "text": "Report an issue"
    }
  ],
  "images": []
}