{
  "title": "\u202aVijaykaarti Sundarapandiyan\u202c - \u202aGoogle Scholar\u202c",
  "meta_description": "\u202aUniversity of Maryland\u202c - \u202a\u202aCited by 13\u202c\u202c",
  "main_content": "Loading... The system can't perform the operation now. Try again later. Citations per year Duplicate citations The following articles are merged in Scholar. Their combined citations are counted only for the first article. Merged citations This \"Cited by\" count includes citations to the following articles in Scholar. The ones marked * may be different from the article in the profile. Add co-authors Co-authors Follow New articles by this author New citations to this author New articles related to this author's research Email address for updates Done My profile My library Metrics Alerts Settings Sign in Sign in Get my own profile Cited by All Since 2020 Citations 13 13 h-index 1 1 i10-index 1 1 0 12 6 2023 2024 1 12 Follow Vijaykaarti Sundarapandiyan University of Maryland Verified email at umd.edu Articles Cited by Title Sort Sort by citations Sort by year Sort by title Cited by Cited by Year Prune and Tune: Improving Efficient Pruning Techniques for Massive Language Models A Syed, PH Guo, V Sundarapandiyan International Conference on Learning Representations 2023 , 2023 13 2023 The system can't perform the operation now. Try again later. Show more Privacy Terms Help About Scholar Search help",
  "links": [
    {
      "url": "/schhp?hl=en",
      "text": ""
    },
    {
      "url": "/citations?hl=en",
      "text": "My profile"
    },
    {
      "url": "/scholar?scilib=1&hl=en",
      "text": "My library"
    },
    {
      "url": "/citations?view_op=metrics_intro&hl=en",
      "text": "Metrics"
    },
    {
      "url": "/scholar_alerts?view_op=list_alerts&hl=en",
      "text": "Alerts"
    },
    {
      "url": "/scholar_settings?hl=en",
      "text": "Settings"
    },
    {
      "url": "https://accounts.google.com/Login?hl=en&continue=https://scholar.google.com/schhp%3Fhl%3Den",
      "text": "Sign in"
    },
    {
      "url": "/schhp?hl=en",
      "text": ""
    },
    {
      "url": "https://accounts.google.com/Login?hl=en&continue=https://scholar.google.com/schhp%3Fhl%3Den",
      "text": "Sign in"
    },
    {
      "url": "/citations?hl=en",
      "text": "Get my own profile"
    },
    {
      "url": "/citations?view_op=view_org&hl=en&org=2387997698019310735",
      "text": "University of Maryland"
    },
    {
      "url": "/citations?hl=en&user=WpNUidQAAAAJ&view_op=list_works&sortby=title",
      "text": "Title"
    },
    {
      "url": "/citations?hl=en&user=WpNUidQAAAAJ&view_op=list_works",
      "text": "Sort by citations"
    },
    {
      "url": "/citations?hl=en&user=WpNUidQAAAAJ&view_op=list_works&sortby=pubdate",
      "text": "Sort by year"
    },
    {
      "url": "/citations?hl=en&user=WpNUidQAAAAJ&view_op=list_works&sortby=title",
      "text": "Sort by title"
    },
    {
      "url": "/citations?hl=en&user=WpNUidQAAAAJ&view_op=list_works&sortby=pubdate",
      "text": "Year"
    },
    {
      "url": "/citations?view_op=view_citation&hl=en&user=WpNUidQAAAAJ&citation_for_view=WpNUidQAAAAJ:u5HHmVD_uO8C",
      "text": "Prune and Tune: Improving Efficient Pruning Techniques for Massive Language Models"
    },
    {
      "url": "https://scholar.google.com/scholar?oi=bibs&hl=en&cites=12493553137588750450",
      "text": "13"
    },
    {
      "url": "//www.google.com/intl/en/policies/privacy/",
      "text": "Privacy"
    },
    {
      "url": "//www.google.com/intl/en/policies/terms/",
      "text": "Terms"
    },
    {
      "url": "/intl/en/scholar/about.html",
      "text": "About Scholar"
    },
    {
      "url": "//support.google.com/websearch?p=scholar_dsa&hl=en",
      "text": "Search help"
    }
  ],
  "images": [
    {
      "src": "https://scholar.googleusercontent.com/citations?view_op=view_photo&user=WpNUidQAAAAJ&citpid=1",
      "alt": "Vijaykaarti Sundarapandiyan"
    }
  ]
}