{
  "title": "LSP XII (2023) Poster Gallery | Leland Scholars Program",
  "meta_description": "",
  "main_content": "LSP XII (2023) Poster Gallery LSP XII (2023) Poster Gallery Main navigation Skip Secondary Navigation Main content start Thank you to the following instructors and staff for supporting our students with this project: Dr. Jennifer Johnson, Dr. Becky Richardson, Dr. Nissa Cannon, and Dr. Ruth Starkman. Please see the gallery below of outstanding work from the Leland Scholars Program\u2019s twelfth cohort! Click on the thumbnails to view full posters from LSP XII Project titles and authors are listed below. 1. The Cost to Give Life: Mississippi's Maternal Mortality Crisis. What are the most efficient solutions to alleviate the maternal mortality crisis of Black Women in Mississippi? By: Marcelo Rueda, Diana Chavez, Erica Ngok, Ruben Carrazco, Pedro De La Torre 2. Equity in AI: Navigating Bias Through a Human-Centric Framework. Analyzing approaches and implementing a paradigm shift for unbiased and ethical artificial intelligence. By: Brandon Rodriguez, Nathaly Shige, Ose Okhihan, Stephanie Hurtado, Yohannes Aklilu 3. What's SUP? Relationship Between CFCs and Single-Use Plastics (SUPs). By: Rose Bracken, Ash Galeana, Kimberly May, Esmeralda Oliva, Amy Pham 4. Bars 2 Stars: How can society best mitigate the intergenerational transmission of trauma from Post Incarceration Syndrome (PICS) on children living in minoritized communities? By: Seda Avetisyan, Billy Ramirez, Samuel Egboh, Iy\u1ecdbosa Enabulele, Julia Wascher 5. A Non-Profit Proposal Post Affirmative Action: Developing Strategies to Support Undocumented Students Navigating the College Application Process. By: Ethan Alfonso, Sam Arias, Lindsay Flores, Isabel Martinez, Danyela Mendoza 6. Are Women Real? How the portrayal of women in the media affects the internal struggles and perceptions of young women. By: Mosope Aina, Telicia Darius, Isabella Lecher, Michelle Lopez-Martinez, Evelyn Pung 7. Educational Disparities: How Generative Models Widen the Gap for Low-Income Students. By: Giselle Alcantar, Arvind Asokan, Lilian Olukutukei, Mario Portillo, Tuvana Soronzonbold 8. Jumanji: Welcome to Setting Women Back Fifteen Years. By: Agnes Agoh, Aiden Turner, Fernanda Jimenez, Mckenzie Quinn, Minerva Pineda 9. A Redlined Spider Web: The Historical Effects of Redlining On the Health of Marginalized Communities & How It Exacerbated the Effects of COVID-19. By: Gio Gioisa, James Han, Anna Hun, Chris Lopez, Lita Moua 10. \"You're not depressed, you're bored\": An Analysis of Mental Health Accessibility Among Immigrants. By: Carol Aguilar, Irma Mendoza, Mahalit Sisay, Rubi Quinto, Ruby Saldivar 11. Lost in Translation: Exploring accessible translation methods to increase language concordance between healthcare providers and patients. By: Brenda Martinez, Chani Morales-Contreras, Ayushi Mohanty, Isabelle Pe\u00f1a, Bruklyn Williams 12. The Dark Truth Behind Tik Tok's FYP: How is China weaponizing Tik Tok to promote the ideals of their Social Credit System? By: Amesha Banjara, Efrain Angon-Cruz, Mar\u00eda Fernanda Le\u00f3n, Marco Rodrigues Paes 13. Stories Untold: Reclaiming Our History. By: Alexis Nunez, Daeson Prairie Chicken, Tamba Mbawa, Nhi Nguyen, Sadia Orpa 14. I'm a Child, Not Data to Collect: Evaluating current regulations on data privacy of children. By: Daisy Gonzalez Rivera, Duy Nguyen, Fadumo Jama, Sehrish Gohar, Sophia Awuzie 15. Bridging the Linguistic Gap Dividing Spanish-Speaking Patients and Their Physicians: Approaching Interpretation Services in Medical Settings Differently. By: Trin Nobles, Esmerelda Matias, Kandy Topete, Anthony Sifuentes, Nathalie Ayala 16. Are You the Problem?: How media portrayal of the Black Lives Matter Movement delegitimized and decentralized the Black experience. By: Ana Gray, Braydin Clostio, Jose Berdeja, Guillermo Molina, Bryan Gonzalez Back to Top",
  "links": [
    {
      "url": "https://lelandscholars.stanford.edu/sites/g/files/sbiybj17151/files/styles/breakpoint_2xl_2x/public/media/image/gallery/maternal_mortality_crisis_0.png?itok=7S6jK9E3",
      "text": ""
    },
    {
      "url": "https://lelandscholars.stanford.edu/sites/g/files/sbiybj17151/files/styles/breakpoint_2xl_2x/public/media/image/gallery/equity_in_ai_0.png?itok=_Sucr5b3",
      "text": ""
    },
    {
      "url": "https://lelandscholars.stanford.edu/sites/g/files/sbiybj17151/files/styles/breakpoint_2xl_2x/public/media/image/gallery/whats_sup_0.png?itok=vYsesgBq",
      "text": ""
    },
    {
      "url": "https://lelandscholars.stanford.edu/sites/g/files/sbiybj17151/files/styles/breakpoint_2xl_2x/public/media/image/gallery/bars_to_stars_0.png?itok=7ij7KI9k",
      "text": ""
    },
    {
      "url": "https://lelandscholars.stanford.edu/sites/g/files/sbiybj17151/files/styles/breakpoint_2xl_2x/public/media/image/gallery/non-profit_post_affirmative_action_0.png?itok=DxNep7b6",
      "text": ""
    },
    {
      "url": "https://lelandscholars.stanford.edu/sites/g/files/sbiybj17151/files/styles/breakpoint_2xl_2x/public/media/image/gallery/women_real_0.png?itok=99ZSO5Ft",
      "text": ""
    },
    {
      "url": "https://lelandscholars.stanford.edu/sites/g/files/sbiybj17151/files/styles/breakpoint_2xl_2x/public/media/image/gallery/ai_group_0.png?itok=SuKrTosq",
      "text": ""
    },
    {
      "url": "https://lelandscholars.stanford.edu/sites/g/files/sbiybj17151/files/styles/breakpoint_2xl_2x/public/media/image/gallery/jumanji_0.png?itok=VKJUuwDW",
      "text": ""
    },
    {
      "url": "https://lelandscholars.stanford.edu/sites/g/files/sbiybj17151/files/styles/breakpoint_2xl_2x/public/media/image/gallery/redlined_spider_web_0.png?itok=ELAZPrU4",
      "text": ""
    },
    {
      "url": "https://lelandscholars.stanford.edu/sites/g/files/sbiybj17151/files/styles/breakpoint_2xl_2x/public/media/image/gallery/youre_not_depressed_0.png?itok=MJx9kCTN",
      "text": ""
    },
    {
      "url": "https://lelandscholars.stanford.edu/sites/g/files/sbiybj17151/files/styles/breakpoint_2xl_2x/public/media/image/gallery/lost_in_translation_0.png?itok=FYtemdEB",
      "text": ""
    },
    {
      "url": "https://lelandscholars.stanford.edu/sites/g/files/sbiybj17151/files/styles/breakpoint_2xl_2x/public/media/image/gallery/tik_tok_0.png?itok=tcWF6p9A",
      "text": ""
    },
    {
      "url": "https://lelandscholars.stanford.edu/sites/g/files/sbiybj17151/files/styles/breakpoint_2xl_2x/public/media/image/gallery/reclaiming_our_history_0.png?itok=V_arjT6w",
      "text": ""
    },
    {
      "url": "https://lelandscholars.stanford.edu/sites/g/files/sbiybj17151/files/styles/breakpoint_2xl_2x/public/media/image/gallery/im_a_child_not_data_0.png?itok=99kPcElh",
      "text": ""
    },
    {
      "url": "https://lelandscholars.stanford.edu/sites/g/files/sbiybj17151/files/styles/breakpoint_2xl_2x/public/media/image/gallery/bridging_linguistic_gap_0.png?itok=vkzRk5Ux",
      "text": ""
    },
    {
      "url": "https://lelandscholars.stanford.edu/sites/g/files/sbiybj17151/files/styles/breakpoint_2xl_2x/public/media/image/gallery/social_movements_poster_0.png?itok=M4M-NJoG",
      "text": ""
    }
  ],
  "images": [
    {
      "src": "/sites/g/files/sbiybj17151/files/styles/breakpoint_2xl_2x/public/media/image/lsp_cohort_photo_1.png?itok=K3nIB1om",
      "alt": ""
    },
    {
      "src": "/sites/g/files/sbiybj17151/files/styles/cta_1x_596x397/public/media/image/gallery/maternal_mortality_crisis_0.png?h=f51e0bdb&itok=HeAvTtBR",
      "alt": "The Cost to Give Life: Mississippi's Maternal Mortality Crisis"
    },
    {
      "src": "/sites/g/files/sbiybj17151/files/styles/cta_1x_596x397/public/media/image/gallery/equity_in_ai_0.png?h=e434ab4d&itok=z4fVsyti",
      "alt": "Equity in AI: Navigating Bias Through a Human-Centric Framework"
    },
    {
      "src": "/sites/g/files/sbiybj17151/files/styles/cta_1x_596x397/public/media/image/gallery/whats_sup_0.png?h=aa8f07d0&itok=x2ipgJIm",
      "alt": "What's SUP? Relationship Between CFCs and Single-Use Plastics (SUPs)"
    },
    {
      "src": "/sites/g/files/sbiybj17151/files/styles/cta_1x_596x397/public/media/image/gallery/bars_to_stars_0.png?h=aa51b3f8&itok=PTBVi8ze",
      "alt": "Bars 2 Stars"
    },
    {
      "src": "/sites/g/files/sbiybj17151/files/styles/cta_1x_596x397/public/media/image/gallery/non-profit_post_affirmative_action_0.png?h=abe633d2&itok=EIdjsEeK",
      "alt": "A Non-Profit Proposal Post Affirmative Action: Developing Strategies to Support Undocumented Students Navigating the College Application Process"
    },
    {
      "src": "/sites/g/files/sbiybj17151/files/styles/cta_1x_596x397/public/media/image/gallery/women_real_0.png?h=487fe4a6&itok=4HFNE2HR",
      "alt": "Are Women Real? How the portrayal of women in the media affects the internal struggles and perceptions of young women"
    },
    {
      "src": "/sites/g/files/sbiybj17151/files/styles/cta_1x_596x397/public/media/image/gallery/ai_group_0.png?h=5eb5d0b4&itok=GPvnF8Bv",
      "alt": "Educational Disparities: How Generative Models Widen the Gap for Low-Income Students"
    },
    {
      "src": "/sites/g/files/sbiybj17151/files/styles/cta_1x_596x397/public/media/image/gallery/jumanji_0.png?h=7289ec2f&itok=wSHUN6Iq",
      "alt": "Jumanji: Welcome to Setting Women Back Fifteen Years"
    },
    {
      "src": "/sites/g/files/sbiybj17151/files/styles/cta_1x_596x397/public/media/image/gallery/redlined_spider_web_0.png?h=7289ec2f&itok=yCLhzdW4",
      "alt": "A Redlined Spider Web: The Historical Effects of Redlining On the Health of Marginalized Communities & How It Exacerbated the Effects of COVID-19"
    },
    {
      "src": "/sites/g/files/sbiybj17151/files/styles/cta_1x_596x397/public/media/image/gallery/youre_not_depressed_0.png?h=d643eff5&itok=FosCfQCO",
      "alt": "\"You're not depressed, you're bored\": An Analysis of Mental Health Accessibility Among Immigrants"
    },
    {
      "src": "/sites/g/files/sbiybj17151/files/styles/cta_1x_596x397/public/media/image/gallery/lost_in_translation_0.png?h=3791d240&itok=aWGz8b2c",
      "alt": "Lost in Translation: Exploring accessible translation methods to increase language concordance between healthcare providers and patients"
    },
    {
      "src": "/sites/g/files/sbiybj17151/files/styles/cta_1x_596x397/public/media/image/gallery/tik_tok_0.png?h=7bd5144f&itok=xkciKcWE",
      "alt": "The Dark Truth Behind Tik Tok's FYP"
    },
    {
      "src": "/sites/g/files/sbiybj17151/files/styles/cta_1x_596x397/public/media/image/gallery/reclaiming_our_history_0.png?h=68fba360&itok=3hHO6L_V",
      "alt": "Stories Untold: Reclaiming Our History"
    },
    {
      "src": "/sites/g/files/sbiybj17151/files/styles/cta_1x_596x397/public/media/image/gallery/im_a_child_not_data_0.png?h=5ba32f5f&itok=svhA1afZ",
      "alt": "I'm a Child, Not Data to Collect: Evaluating current regulations on data privacy of children"
    },
    {
      "src": "/sites/g/files/sbiybj17151/files/styles/cta_1x_596x397/public/media/image/gallery/bridging_linguistic_gap_0.png?h=3791d240&itok=6ytDPi5Z",
      "alt": "Bridging the Linguistic Gap Dividing Spanish-Speaking Patients and Their Physicians: Approaching Interpretation Services in Medical Settings Differently"
    },
    {
      "src": "/sites/g/files/sbiybj17151/files/styles/cta_1x_596x397/public/media/image/gallery/social_movements_poster_0.png?h=51c3f84a&itok=pG5OEpV9",
      "alt": "Are You the Problem?: How media portrayal of the Black Lives Matter Movement delegitimized and decentralized the Black experience"
    }
  ]
}