[
  {
    "fullName": "Parsa Idehpour",
    "linkedin_internal_id": "1179143556",
    "first_name": "Parsa",
    "last_name": "Idehpour",
    "public_identifier": "parsa-idehpour-8b0a8628a",
    "background_cover_image_url": "https://media.licdn.com/dms/image/v2/D4E16AQHiJnwCSzkuPw/profile-displaybackgroundimage-shrink_200_800/profile-displaybackgroundimage-shrink_200_800/0/1700958267324?e=2147483647&v=beta&t=wqzjS1YGGdS2AUadctNSiKZsAI_MTzTmeLIhiOVwdQY",
    "profile_photo": "https://media.licdn.com/dms/image/v2/D4E03AQEKIIQrvvsguA/profile-displayphoto-shrink_200_200/profile-displayphoto-shrink_200_200/0/1700958015122?e=2147483647&v=beta&t=K36o7k8PMVpyM46GSO-PG8mMKHRTZV11lzWdWdv2u7s",
    "headline": "Math & CS @ Penn",
    "location": "983 followers\n          \n              500+ connections",
    "about": "",
    "experience": [
      {
        "position": "Machine Learning Researcher",
        "company_url": "https://www.linkedin.com/company/university-of-pennsylvania-engineering?trk=public_profile_experience-item_profile-section-card_subtitle-click",
        "company_image": "https://media.licdn.com/dms/image/v2/C560BAQG7sT4d9uCJ3Q/company-logo_100_100/company-logo_100_100/0/1630608955941?e=2147483647&v=beta&t=G7xuRRv8OJoPD0CgNcHWtTBGmf0Sgu0r-DmeP1cWdn4",
        "company_name": "University of Pennsylvania Engineering",
        "location": "Philadelphia, Pennsylvania, United States",
        "summary": "Demonstrating how neural networks manage to avoid overfitting through \"sloppiness\"\u2014a unique pattern where models exhibit varying parameter sensitivities, effectively controlling generalization despite extensive parameters.Suggesting more streamlined and efficient AI development practices by uncovering common learning patterns across various deep learning models.An Independent cutting-edge graduate-level project under supervision of Dr. Pratik Chaudhari receiving support from major grants and awards, including the NSF CAREER award and partnerships with industry leaders like Amazon and Intel.\n            \n\n    \n    \n\n    \n        Show less",
        "starts_at": "Apr 2024",
        "ends_at": "Present",
        "duration": "1 year"
      },
      {
        "position": "Mathematical Economics Researcher",
        "company_url": "https://www.linkedin.com/school/university-of-pennsylvania/?trk=public_profile_experience-item_profile-section-card_subtitle-click",
        "company_image": "https://media.licdn.com/dms/image/v2/C4E0BAQHnbnsnJlBiZg/company-logo_100_100/company-logo_100_100/0/1630601168515/university_of_pennsylvania_logo?e=2147483647&v=beta&t=9w3KaY6SppyKUjpXvRoCa4XIKJ0BftUsL17xWOsJx7s",
        "company_name": "University of Pennsylvania",
        "location": "Philadelphia, Pennsylvania, United States",
        "summary": "An independent graduate-level project of developing mathematical models to explore economics model of evolutionary game theory and switching costs. Under supervision of Dr. Akcay and Dr. Plotkin",
        "starts_at": "Oct 2023",
        "ends_at": "Present",
        "duration": "1 year 6 months"
      },
      {
        "position": "Junior Analyst",
        "company_url": "https://www.linkedin.com/company/wharton-analytics-fellows?trk=public_profile_experience-item_profile-section-card_subtitle-click",
        "company_image": "https://media.licdn.com/dms/image/v2/C4E0BAQG_KGaLRVsF9g/company-logo_100_100/company-logo_100_100/0/1631343429671?e=2147483647&v=beta&t=8E2RvP0QcCwg6Zl4f5WcYcE-DWjTl7yPx2-NFZZ0Mx0",
        "company_name": "Wharton Analytics Fellows",
        "location": "Philadelphia, Pennsylvania, United States",
        "summary": "Build and trained extensive machine learning models to understand root of absenteeism in Dallas Area Rapid Transit (DART) company's worker. Worked with Python and SQL to analyze DART's datasets.",
        "starts_at": "Feb 2024",
        "ends_at": "Present",
        "duration": "1 year 2 months"
      }
    ],
    "education": [
      {
        "college_url": "https://www.linkedin.com/school/university-of-pennsylvania/?trk=public_profile_school_profile-section-card_image-click",
        "college_name": "University of Pennsylvania",
        "college_image": "https://media.licdn.com/dms/image/v2/C4E0BAQHnbnsnJlBiZg/company-logo_100_100/company-logo_100_100/0/1630601168515/university_of_pennsylvania_logo?e=2147483647&v=beta&t=9w3KaY6SppyKUjpXvRoCa4XIKJ0BftUsL17xWOsJx7s",
        "college_degree": "MSE",
        "college_degree_field": "Robotics (AI and Machine Learning Specialization)",
        "college_duration": "2024 - 2026",
        "college_activity": "Master of Science in Engineering in GRASP Lab"
      },
      {
        "college_url": "https://www.linkedin.com/school/university-of-pennsylvania/?trk=public_profile_school_profile-section-card_image-click",
        "college_name": "University of Pennsylvania",
        "college_image": "https://media.licdn.com/dms/image/v2/C4E0BAQHnbnsnJlBiZg/company-logo_100_100/company-logo_100_100/0/1630601168515/university_of_pennsylvania_logo?e=2147483647&v=beta&t=9w3KaY6SppyKUjpXvRoCa4XIKJ0BftUsL17xWOsJx7s",
        "college_degree": "Bachelor's degree",
        "college_degree_field": "Math and Computer Science",
        "college_duration": "2023 - 2026",
        "college_activity": "Minors: Statistics, Engineering Entrepreneurship"
      }
    ],
    "articles": [],
    "description": {
      "description1": "University of Pennsylvania Engineering",
      "description1_link": "https://www.linkedin.com/company/university-of-pennsylvania-engineering?trk=public_profile_topcard-current-company",
      "description2": "University of Pennsylvania",
      "description2_link": "https://www.linkedin.com/school/university-of-pennsylvania/?trk=public_profile_topcard-school",
      "description3": ""
    },
    "activities": [
      {
        "link": "https://www.linkedin.com/posts/abhishaike_a-socratic-dialogue-over-the-utility-of-dna-activity-7298481223926992896-qWAd",
        "image": "https://media.licdn.com/dms/image/sync/v2/D4E27AQGGmWKAzWurJg/articleshare-shrink_800/articleshare-shrink_800/0/1740084541160?e=2147483647&v=beta&t=wLqoTgJL9MqzVZo7gKAM_V6CfxjBIzYOE7Q8qpltYh0",
        "title": "A socratic dialogue over the utility of DNA language models (Part 1 of 2)\n\nhere's the link: https://lnkd.in/e8audEy8\n\nand here's a longpost of why i\u2026",
        "activity": "Liked by Parsa Idehpour"
      },
      {
        "link": "https://www.linkedin.com/posts/dinesh-vasireddy_one-for-the-books-activity-7297395325315559424-vUIg",
        "image": "https://static.licdn.com/aero-v1/sc/h/53n89ecoxpr1qrki1do3alazb",
        "title": "one for the books \ud83c\udf32",
        "activity": "Liked by Parsa Idehpour"
      },
      {
        "link": "https://www.linkedin.com/posts/daniel-rouhani-2ba8b01aa_for-the-past-25-years-i-have-been-deeply-activity-7279932222814470144-DGy3",
        "image": "https://media.licdn.com/dms/image/v2/D4E22AQFyduXZd_YTVg/feedshare-shrink_800/B4EZQeDxVOGYAg-/0/1735671094793?e=2147483647&v=beta&t=iBPlmqzylv_po9dC_4BrAOKbbpC3Gre9ouKngan6SnA",
        "title": "For the past 2.5 years, I have been deeply involved in the development and commercialization of SYLKE, a groundbreaking medical device redefining\u2026",
        "activity": "Liked by Parsa Idehpour"
      },
      {
        "link": "https://www.linkedin.com/posts/sevile_innovation-entrepreneurship-pennengineeringproud-activity-7290730514053775362-_-nW",
        "image": "https://media.licdn.com/dms/image/v2/D4E22AQFriMlUOkMWVA/feedshare-shrink_800/B4EZS3gxO_HcAo-/0/1738245609049?e=2147483647&v=beta&t=TDa_Z7JjuRbVOj9ZqtCyFVaBqEu5CZyvSjPRiIPKay8",
        "title": "I am honored to present our 2025 Widjaja Entrepreneurship Fellows Program cohort. A special thanks to the generosity of Millie and Sugi Widjaja for\u2026",
        "activity": "Liked by Parsa Idehpour"
      },
      {
        "link": "https://www.linkedin.com/posts/dr-amine-korchi-35485113_radiologists-lost-their-left-hand-to-the-activity-7290458441322496002-njSi",
        "image": "https://media.licdn.com/dms/image/v2/D4E22AQGcOuqcPuSaaA/feedshare-shrink_2048_1536/B4EZSzpURaGgAo-/0/1738180741664?e=2147483647&v=beta&t=ScMul3lBmoNzu2SJQ7_dEiTdBGPeccdaOHF0G_ojlwI",
        "title": "Radiologists lost their left hand to the microphone. \ud83d\udc47 \n\nClick, activate, dictate\u2014hundreds of times a day. A constant interruption, breaking focus\u2026",
        "activity": "Liked by Parsa Idehpour"
      },
      {
        "link": "https://www.linkedin.com/posts/maya-kfir100_ai-powered-collusion-in-financial-markets-activity-7288283710964064257-ojl1",
        "image": "https://media.licdn.com/dms/image/sync/v2/D4E27AQEFa1KVJhigbw/articleshare-shrink_800/articleshare-shrink_800/0/1721400432895?e=2147483647&v=beta&t=izw-8FBKMXukn4xO4T4uNRuhQIpQ7UDJKJgQ2vu440E",
        "title": "I\u2019m happy to share that I have recently started as a Research Assistant at The Wharton School, working with Dr. Itay Goldstein and Dr. Winston Dou.\u2026",
        "activity": "Liked by Parsa Idehpour"
      },
      {
        "link": "https://www.linkedin.com/posts/connorling_spent-my-final-night-as-a-new-yorker-hosting-activity-7285345179035664384-0Dad",
        "image": "https://media.licdn.com/dms/image/v2/D4E22AQG83qZPHnz25Q/feedshare-shrink_800/B4EZRq.vADHMAo-/0/1736961642236?e=2147483647&v=beta&t=mYLcpoX6iZC4vcMNLHhqdSHwOU4-LA1wL2Q8WXL9uEc",
        "title": "spent my final night as a new yorker hosting an AI dinner with AI/ML engineer friends building Baseten, Pinecone, Tennr, NVIDIA, Airtable, Captions\u2026",
        "activity": "Liked by Parsa Idehpour"
      },
      {
        "link": "https://www.linkedin.com/posts/hadip_my-father-firooz-partovi-founding-professor-activity-7283898441003319296-vsfi",
        "image": "https://media.licdn.com/dms/image/v2/D5605AQFFpTnHK9tRhw/videocover-high/B56ZRWa4euGQBs-/0/1736616706100?e=2147483647&v=beta&t=U6at0UB1K3uRdfOcCmg9GhaNKvmRxPSCUNf7vgXMj1M",
        "title": "My father, Firooz Partovi, founding professor of Sharif University of Technology in Iran, explaining his original proof to a fascinating mathematical\u2026",
        "activity": "Liked by Parsa Idehpour"
      },
      {
        "link": "https://www.linkedin.com/posts/connorling_had-an-awesome-time-bringing-ali-partovi-activity-7272620272740970496-IM07",
        "image": "https://static.licdn.com/aero-v1/sc/h/53n89ecoxpr1qrki1do3alazb",
        "title": "had an awesome time bringing Ali Partovi to Penn's campus yesterday with Angela Zhang and hanging with Vedant Gaur, Arjun Nargolwala, Parsa Idehpour,\u2026",
        "activity": "Liked by Parsa Idehpour"
      },
      {
        "link": "https://www.linkedin.com/posts/apartovi_i-loved-visiting-penn-today-to-speak-with-activity-7272446145837113344-fsE8",
        "image": "https://media.licdn.com/dms/image/v2/D5622AQGE6YW5ilW1PQ/feedshare-shrink_800/B56ZOzq5oaHIAg-/0/1733886217049?e=2147483647&v=beta&t=BhhFely33-PhsG180EyKpGYZEXp2LaUvVL4VbYDi6UA",
        "title": "I loved visiting Penn today to speak with so many inspiring students interested in startups!\n\nThanks to Neo Scholar Angela Zhang and Connor Ling for\u2026",
        "activity": "Liked by Parsa Idehpour"
      },
      {
        "link": "https://www.linkedin.com/posts/mehrzads_241005229-activity-7250538981958791168-_PQU",
        "image": "https://static.licdn.com/aero-v1/sc/h/53n89ecoxpr1qrki1do3alazb",
        "title": "Interesting paper done by Mehrdad Farajtabar and his colleagues!\n\n\"Our findings reveal that LLMs exhibit noticeable variance when responding to\u2026",
        "activity": "Liked by Parsa Idehpour"
      },
      {
        "link": "https://www.linkedin.com/posts/iman-foroughmand_internalmedicine-match2025-activity-7245184729338028032-BEVq",
        "image": "https://media.licdn.com/dms/image/v2/D5622AQHSxRLItKXWMw/feedshare-shrink_800/feedshare-shrink_800/0/1727386647450?e=2147483647&v=beta&t=hGYKuLXivsQHh_0dEKz3P236ZE_mAMdOxgjJD2xmedU",
        "title": "Hi everyone! \n\nI am Iman Foroughmand, a research coordinator at Johns Hopkins Medicine and a 2022 Tehran University of Medical Sciences (TUMS)\u2026",
        "activity": "Liked by Parsa Idehpour"
      }
    ],
    "volunteering": [],
    "certification": [],
    "people_also_viewed": [],
    "similar_profiles": [],
    "recommendations": [],
    "publications": [],
    "courses": [],
    "languages": [],
    "organizations": [],
    "projects": [],
    "awards": [],
    "score": []
  }
]