{
  "title": "Kushal Thaman's Profile | Stanford Profiles",
  "meta_description": "Kushal Thaman is part of Stanford Profiles, official site for faculty, postdocs, students and staff information (Expertise, Bio, Research, Publications, and more). The site facilitates research and collaboration in academic endeavors.",
  "main_content": "Kushal Thaman Undergraduate, Computer Science Print Profile Email Profile View Stanford-only Profile Tab Menu Bio Contact Work kushalt@stanford.edu University - Student Department:&nbspComputer Science Position: Undergraduate",
  "links": [
    {
      "url": "https://cap.stanford.edu/profiles/frdActionServlet?choiceId=printerprofile&profileversion=full&profileId=289420",
      "text": "Print Profile"
    },
    {
      "url": "mailto:?subject=Kushal Thaman's Profile&body=I would like to share the profile of Kushal Thaman with you. https://profiles.stanford.edu/kushal-thaman",
      "text": "Email Profile"
    },
    {
      "url": "/intranet/kushal-thaman",
      "text": "View Stanford-only Profile"
    },
    {
      "url": "/kushal-thaman?tab=bio",
      "text": "Bio"
    },
    {
      "url": "mailto:kushalt@stanford.edu",
      "text": "kushalt@stanford.edu"
    }
  ],
  "images": []
}