{
  "title": "Liangze Li | DeepAI",
  "meta_description": "Read Liangze Li's latest research, browse their coauthor's research, and play around with their algorithms",
  "main_content": "Liangze Li \u2219 0 followers",
  "links": [
    {
      "url": "/profile/bhiksha-raj",
      "text": ""
    },
    {
      "url": "/profile/bhiksha-raj",
      "text": "Bhiksha Raj"
    },
    {
      "url": "/profile/yutian-chen",
      "text": ""
    },
    {
      "url": "/profile/yutian-chen",
      "text": "Yutian Chen"
    },
    {
      "url": "/profile/rita-singh",
      "text": ""
    },
    {
      "url": "/profile/rita-singh",
      "text": "Rita Singh"
    },
    {
      "url": "/profile/hao-kang",
      "text": ""
    },
    {
      "url": "/profile/hao-kang",
      "text": "Hao Kang"
    },
    {
      "url": "/profile/shih-lun-wu",
      "text": ""
    },
    {
      "url": "/profile/shih-lun-wu",
      "text": "Shih-Lun Wu"
    },
    {
      "url": "/profile/yi-hui-chou",
      "text": ""
    },
    {
      "url": "/profile/yi-hui-chou",
      "text": "Yi-Hui Chou"
    },
    {
      "url": "/profile/vivian-zhai",
      "text": ""
    },
    {
      "url": "/profile/vivian-zhai",
      "text": "Vivian Zhai"
    },
    {
      "url": "/publication/listener-model-for-the-photobook-referential-game-with-clipscores-as-implicit-reference-chain",
      "text": "Listener Model for the PhotoBook Referential Game with CLIPScores as\n  Implicit Reference Chain"
    },
    {
      "url": "/profile/shih-lun-wu",
      "text": "Shih-Lun Wu, et al."
    },
    {
      "url": "/publication/gpt-sentinel-distinguishing-human-and-chatgpt-generated-content",
      "text": "GPT-Sentinel: Distinguishing Human and ChatGPT Generated Content"
    },
    {
      "url": "/profile/yutian-chen",
      "text": "Yutian Chen, et al."
    },
    {
      "url": "/pricing",
      "text": "See Full Pricing Page"
    }
  ],
  "images": [
    {
      "src": "/static/images/defaultprofile.jpg",
      "alt": ""
    },
    {
      "src": "/static/images/new_heart.png",
      "alt": ""
    },
    {
      "src": "/static/images/new_red_heart.png",
      "alt": ""
    },
    {
      "src": "https://images.deepai.org/author-profile/bhiksha-raj-thumb-2147.jpg",
      "alt": ""
    },
    {
      "src": "https://images.deepai.org/author-profile/yutian-chen-thumb-4820.jpg",
      "alt": ""
    },
    {
      "src": "/static/images/profile-placeholder-small.png",
      "alt": ""
    },
    {
      "src": "/static/images/profile-placeholder-small.png",
      "alt": ""
    },
    {
      "src": "/static/images/profile-placeholder-small.png",
      "alt": ""
    },
    {
      "src": "/static/images/profile-placeholder-small.png",
      "alt": ""
    },
    {
      "src": "/static/images/profile-placeholder-small.png",
      "alt": ""
    },
    {
      "src": "/static/images/new_heart.png",
      "alt": ""
    },
    {
      "src": "/static/images/new_red_heart.png",
      "alt": ""
    },
    {
      "src": "/static/images/new_share.png",
      "alt": ""
    },
    {
      "src": "/static/images/new_heart.png",
      "alt": ""
    },
    {
      "src": "/static/images/new_red_heart.png",
      "alt": ""
    },
    {
      "src": "/static/images/new_share.png",
      "alt": ""
    },
    {
      "src": "/static/images/social-x-icon.svg",
      "alt": ""
    },
    {
      "src": "/static/images/social-facebook-icon.svg",
      "alt": ""
    },
    {
      "src": "/static/images/social-linkedin-icon.svg",
      "alt": ""
    },
    {
      "src": "/static/images/social-reddit-icon.svg",
      "alt": ""
    },
    {
      "src": "/static/images/social-copy-icon.svg",
      "alt": "Copy"
    },
    {
      "src": "/static/images/pro-badge.svg",
      "alt": ""
    }
  ]
}