{
  "title": "Liangze LI | Carnegie Mellon University, Pittsburgh | CMU | Department of Philosophy | Research profile",
  "meta_description": "Liangze LI of Carnegie Mellon University, Pittsburgh (CMU) | Contact Liangze LI",
  "main_content": "Home Carnegie Mellon University Department of Philosophy Liangze Li Liangze Li Carnegie Mellon University | CMU \u00b7 Department of Philosophy Contact Connect with experts in your field Join ResearchGate to contact this researcher and connect with your scientific community. Join for free Log in Contact Connect with experts in your field Join ResearchGate to contact this researcher and connect with your scientific community. Join for free Log in About Current institution Carnegie Mellon University Department of Philosophy Pittsburgh, United States Advertisement Join ResearchGate to find the people and research you need to help your work 25+ million members 160+ million publication pages 2.3+ billion citations Join for free",
  "links": [
    {
      "url": "https://www.researchgate.net/",
      "text": "Home"
    },
    {
      "url": "https://www.researchgate.net/institution/Carnegie-Mellon-University",
      "text": "Carnegie Mellon University"
    },
    {
      "url": "https://www.researchgate.net/institution/Carnegie-Mellon-University",
      "text": "Carnegie Mellon University | CMU\u00a0\u00b7\u00a0Department of Philosophy"
    },
    {
      "url": "signup.SignUp.html",
      "text": "Join for free"
    },
    {
      "url": "https://www.researchgate.net/login?_sg=gFVdAzjmA8paUq2oJUl6DYMYMP5vISN1NFnwcEV6ZpuRUTt0y64Tqog7im11P4BnynF8e2B9_a5SlA",
      "text": "Log in"
    },
    {
      "url": "signup.SignUp.html",
      "text": "Join for free"
    },
    {
      "url": "https://www.researchgate.net/login?_sg=gFVdAzjmA8paUq2oJUl6DYMYMP5vISN1NFnwcEV6ZpuRUTt0y64Tqog7im11P4BnynF8e2B9_a5SlA",
      "text": "Log in"
    },
    {
      "url": "https://www.researchgate.net/institution/Carnegie-Mellon-University",
      "text": ""
    },
    {
      "url": "https://www.researchgate.net/institution/Carnegie-Mellon-University",
      "text": "Carnegie Mellon University"
    },
    {
      "url": "signup.SignUp.html",
      "text": "Join for free"
    },
    {
      "url": "login?urlAfterLogin=profile%2FLiangze-Li%3FsendMessage%3D1&_sg=4GcryLwly0M5amH51l6fGiUtKkXGgEc1CoaGtgeXsl3J_REgmwERrY_MHO8wNcNRnsMpGg1AUYS9yA",
      "text": "Log in"
    },
    {
      "url": "login?urlAfterLogin=profile%2FLiangze-Li%3FsendMessage%3D1&_sg=4GcryLwly0M5amH51l6fGiUtKkXGgEc1CoaGtgeXsl3J_REgmwERrY_MHO8wNcNRnsMpGg1AUYS9yA",
      "text": "Log in"
    },
    {
      "url": "signup.SignUp.html?ev=su_profileMessage&_sg=IZ5bMSxyaZBScXlCgD3dLRCS5dO_F1H5RovvnrBHLYyodIfnbYAMlen3kBc06dwOo_QNJGYTJ1FZlYIk2Rac4ZnhQTI",
      "text": "Join for free"
    }
  ],
  "images": [
    {
      "src": "https://c5.rgstatic.net/m/437738464651637/images/template/default/profile/profile_default_l.jpg",
      "alt": "Liangze Li"
    },
    {
      "src": "https://i1.rgstatic.net/ii/institution.image/AS%3A267462367481868%401440779405657_m",
      "alt": "Carnegie Mellon University"
    },
    {
      "src": "https://c5.rgstatic.net/m/420699284191573/images/symbols/svg/classification-academic.svg",
      "alt": ""
    },
    {
      "src": "https://c5.rgstatic.net/m/415447567661256/images/symbols/svg/classification-corporate.svg",
      "alt": ""
    },
    {
      "src": "https://c5.rgstatic.net/m/44240833271040/images/symbols/svg/classification-medical.svg",
      "alt": ""
    },
    {
      "src": "https://c5.rgstatic.net/m/41625716582999/images/symbols/svg/classification-notresearcher.svg",
      "alt": ""
    }
  ]
}