{
  "title": "About \u2013 Daniel Kharitonov \u2013 Medium",
  "meta_description": "About Daniel Kharitonov on Medium. Messing with AI models on Stanford campus.",
  "main_content": "Daniel Kharitonov 55 Followers Affiliations: Stanford University, Iterative Inc. 55 Followers \u00b7 1 Following",
  "links": [
    {
      "url": "https://rsci.app.link/?%24canonical_url=https%3A%2F%2Fmedium.com%2F%40volkot%2Fabout&%7Efeature=LoOpenInAppButton&%7Echannel=ShowUserAbout&source=---two_column_layout_nav-----------------------------------------",
      "text": "Open in app"
    },
    {
      "url": "/m/signin?operation=login&redirect=https%3A%2F%2Fmedium.com%2F%40volkot%2Fabout&source=login---two_column_layout_nav-----------------------global_nav------------------",
      "text": "Sign in"
    },
    {
      "url": "/?source=---two_column_layout_nav-----------------------------------------",
      "text": ""
    },
    {
      "url": "/m/signin?operation=register&redirect=https%3A%2F%2Fmedium.com%2Fnew-story&source=---two_column_layout_nav-----------------------new_post_topnav------------------",
      "text": "Write"
    },
    {
      "url": "/search?source=---two_column_layout_nav-----------------------------------------",
      "text": ""
    },
    {
      "url": "/m/signin?operation=login&redirect=https%3A%2F%2Fmedium.com%2F%40volkot%2Fabout&source=login---two_column_layout_nav-----------------------global_nav------------------",
      "text": "Sign in"
    },
    {
      "url": "/@volkot/followers?source=user_about----------------------9b558ce3d75b----------------------",
      "text": "55 Followers"
    },
    {
      "url": "/@volkot/followers?source=user_about----------------------9b558ce3d75b----------------------",
      "text": "55 Followers"
    },
    {
      "url": "/@volkot/following?source=user_about----------------------9b558ce3d75b----------------------",
      "text": "1 Following"
    },
    {
      "url": "/@volkot/followers?source=user_about---user_sidebar-------------------9b558ce3d75b----------------------",
      "text": "55 Followers"
    },
    {
      "url": "/m/signin?actionUrl=%2F_%2Fapi%2Fsubscriptions%2Fnewsletters%2F6ff5214e3967&operation=register&redirect=https%3A%2F%2Fmedium.com%2F%40volkot%2Fabout&newsletterV3=9b558ce3d75b&newsletterV3Id=6ff5214e3967&user=Daniel+Kharitonov&userId=9b558ce3d75b&source=---user_sidebar-------------------9b558ce3d75b----subscribe_user------------------",
      "text": ""
    },
    {
      "url": "https://help.medium.com/hc/en-us?source=user_about---user_sidebar-------------------9b558ce3d75b----------------------",
      "text": "Help"
    },
    {
      "url": "https://medium.statuspage.io/?source=user_about---user_sidebar-------------------9b558ce3d75b----------------------",
      "text": "Status"
    },
    {
      "url": "/about?autoplay=1&source=user_about---user_sidebar-------------------9b558ce3d75b----------------------",
      "text": "About"
    },
    {
      "url": "/jobs-at-medium/work-at-medium-959d1a85284e?source=user_about---user_sidebar-------------------9b558ce3d75b----------------------",
      "text": "Careers"
    },
    {
      "url": "mailto:pressinquiries@medium.com",
      "text": "Press"
    },
    {
      "url": "https://blog.medium.com/?source=user_about---user_sidebar-------------------9b558ce3d75b----------------------",
      "text": "Blog"
    },
    {
      "url": "https://policy.medium.com/medium-privacy-policy-f03bf92035c9?source=user_about---user_sidebar-------------------9b558ce3d75b----------------------",
      "text": "Privacy"
    },
    {
      "url": "https://policy.medium.com/medium-terms-of-service-9db0094a1e0f?source=user_about---user_sidebar-------------------9b558ce3d75b----------------------",
      "text": "Terms"
    },
    {
      "url": "https://speechify.com/medium?source=user_about---user_sidebar-------------------9b558ce3d75b----------------------",
      "text": "Text to speech"
    },
    {
      "url": "/business?source=user_about---user_sidebar-------------------9b558ce3d75b----------------------",
      "text": "Teams"
    }
  ],
  "images": [
    {
      "src": "https://miro.medium.com/v2/resize:fill:64:64/1*dmbNkD5D-u45r44go_cf0g.png",
      "alt": ""
    },
    {
      "src": "https://miro.medium.com/v2/resize:fill:96:96/1*oRrar_xIWb-X80KUJQs0mQ.jpeg",
      "alt": "Daniel Kharitonov"
    },
    {
      "src": "https://miro.medium.com/v2/resize:fill:176:176/1*oRrar_xIWb-X80KUJQs0mQ.jpeg",
      "alt": "Daniel Kharitonov"
    }
  ]
}