{
  "title": "Daniel Kharitonov - Stanford University  - AD Scientific Index 20 - 2025",
  "meta_description": "Daniel Kharitonov - Stanford University - 2025",
  "main_content": "Daniel Kharitonov Stanford University - Stanford / United States Others AD Scientific Index ID: 5939902 Registration, Add Profile, Premium Membership Print Your Certificate Ranking & Analysis Job Experiences (0) Education Information (0) Published Books (0) Book Chapters (0) Articles (0) Presentations (0) Lessons (0) Projects (0) Subject Leaders Editorship, Referee & Scientific Board (0 ) Patents / Designs (0) Academic Grants & Awards (0) Artistic Activities (0) Certificate / Course / Trainings (0) Association & Society Memberships (0) Contact, Office & Social Media Daniel Kharitonov Academic Profile: Rankings Show on table view In Stanford University 9,456 Scientists In United States 448,615 Scientists In North America 508,777 Scientists In World 2,453,121 Scientists Citation Index H-Index i-10 Index Scores H-Index 70.92% #6,706 H-Index 67.07% #300,874 H-Index ?????? ?????? H-Index ?????? ?????? H Index 7 Total Ranks i-10 Index 65.45% #6,189 i-10 Index 63.76% #286,020 i-10 Index ?????? ?????? i-10 Index ?????? ?????? i-10 Index 7 Citation Index 72.17% #6,824 Citation Index 67.4% #302,356 Citation Index ?????? ?????? Citation Index ?????? ?????? Citations 241 H-Index 86.39% #8,169 H-Index 77.57% #347,979 H-Index ?????? ?????? H-Index ?????? ?????? H Index 4 Last 6 Years Ranks i-10 Index 84.63% #8,003 i-10 Index 75.78% #339,949 i-10 Index ?????? ?????? i-10 Index ?????? ?????? i-10 Index 2 Citation Index 88.19% #8,339 Citation Index 80.05% #359,103 Citation Index ?????? ?????? Citation Index ?????? ?????? Citations 59 Others* In Stanford University 0 Scientists In United States 0 Scientists In North America 0 Scientists In World 0 Scientists SCORES RANKINGS In Stanford University (9,456) In United States (448,615) In North America (508,777) World (2,453,121) H Index (Total) 7 #6,706 #300,874 #340,312 #1,311,967 H Index (Last 6 Years) 4 #8,169 #347,979 #395,245 # ??? H Index Last 6 years / Total Ratio 57% i10 Index (Total) 7 #6,189 #286,020 #322,821 # ??? i10 Index (Last 6 Years) 2 #8,003 #339,949 #385,870 # ??? i10 Index Last 6 years / Total Ratio 28% Citation (Total) 241 #6,824 #302,356 #340,819 # ??? Citation (Last 6 Years) 59 #8,339 #359,103 #407,599 # ??? Citation Last 6 years / Total Ratio 24% Others * Click for your subject rankings Decision analysis | strategy | communications | routers | switches | - - - - * Mar 01, 2025 | According to Total H Index | BETA VERSION Join our list to unlock premium membership benefits and view the full version of your profile \u2013 click here . Notice: Please note that the subject field rankings for the world, region, country, and university are in the Beta Version due to the exclusion of profiles classified under 'Others' ( 941.641 scientists whose branches have not been determined or updated). These rankings will adjust as profiles are updated. Reporting Inappropriate Profiles: To report inappropriate, inaccurate, or unethical profiles, including deceased scientists or profiles that require deletion, please contact [email protected] . In line with our Data Privacy Policy, if you wish to have your personal information removed, please email [email protected] . We will delete your data within 5 business days. Free Updates: To update your university or institution name, please email [email protected] with your AD Scientific Index ID and supporting documentation. Google Scholar Visit Web Page University / Institution Rankings Stanford University Rankings AD Scientific Index ID 5939902 Web Of Science Researcher ID H-Index , Verified Peer Reviews, Citing Articles ORCID ID Scopus Author ID H-Index, Citations, Documents Researchgate Research Interest Score, h-index - school Academic Degree public Top 10 in the World, Top 10 in United States, Top 10 at Stanford University, Top 10 Othersin United States , Best Scientists at Stanford University, Similarly Ranked Academics in Worldwide and in United States \u2013 Discover the Full List Now.",
  "links": [
    {
      "url": "/university/Stanford+University/",
      "text": ""
    },
    {
      "url": "/university/Stanford+University/",
      "text": "Stanford University                                    - Stanford                                    / United States"
    },
    {
      "url": "/user/login/",
      "text": ""
    },
    {
      "url": "/university/Stanford+University/",
      "text": ""
    },
    {
      "url": "/pricing/",
      "text": "Registration, Add Profile, Premium Membership"
    },
    {
      "url": "/scientist-print/5939902/",
      "text": "Print Your Certificate"
    },
    {
      "url": "/scientist/daniel-kharitonov/5939902",
      "text": "Ranking\n                                    & Analysis"
    },
    {
      "url": "/scientist/scientist-job-experiences/daniel-kharitonov/5939902",
      "text": "Job\n                                    Experiences (0)"
    },
    {
      "url": "/scientist/scientist-education-information/daniel-kharitonov/5939902",
      "text": "Education\n                                    Information (0)"
    },
    {
      "url": "/scientist/scientist-published-books-and-book-chapters/daniel-kharitonov/5939902",
      "text": "Published\n                                    Books (0)  Book Chapters\n                                    (0)"
    },
    {
      "url": "/scientist/scientist-articles/daniel-kharitonov/5939902",
      "text": "Articles\n                                    (0)"
    },
    {
      "url": "/scientist/scientist-presentation/daniel-kharitonov/5939902",
      "text": "Presentations\n                                    (0)"
    },
    {
      "url": "/scientist/scientist-lessons/daniel-kharitonov/5939902",
      "text": "Lessons\n                                    (0)"
    },
    {
      "url": "/scientist/scientist-projects/daniel-kharitonov/5939902",
      "text": "Projects\n                                    (0)"
    },
    {
      "url": "/scientist/scientist-subject-leaders/daniel-kharitonov/5939902",
      "text": "Subject Leaders"
    },
    {
      "url": "/scientist/scientist-editorship-referee-scientific-board/daniel-kharitonov/5939902",
      "text": "Editorship,\n                                    Referee & Scientific Board (0                                    )"
    },
    {
      "url": "/scientist/scientist-patent-and-design/daniel-kharitonov/5939902",
      "text": "Patents\n                                    / Designs (0)"
    },
    {
      "url": "/scientist/scientist-academic-grants-and-award/daniel-kharitonov/5939902",
      "text": "Academic\n                                    Grants & Awards (0)"
    },
    {
      "url": "/scientist/scientist-artistic-activities/daniel-kharitonov/5939902",
      "text": "Artistic\n                                    Activities (0)"
    },
    {
      "url": "/scientist/scientist-certificate-course-training-attended/daniel-kharitonov/5939902",
      "text": "Certificate\n                                    / Course / Trainings (0)"
    },
    {
      "url": "/scientist/scientist-association-and-society-membership/daniel-kharitonov/5939902",
      "text": "Association\n                                    & Society Memberships (0)"
    },
    {
      "url": "/scientist/scientist-contact-office-social-media/daniel-kharitonov/5939902",
      "text": "Contact,\n                                    Office & Social Media"
    },
    {
      "url": "/h-index-rankings/?university=Stanford+University",
      "text": "In Stanford University"
    },
    {
      "url": "/h-index-rankings/?country_code=us",
      "text": "In United States"
    },
    {
      "url": "/h-index-rankings/?con=North+America",
      "text": "In North America"
    },
    {
      "url": "/h-index-rankings/",
      "text": "In World"
    },
    {
      "url": "/h-index-rankings/?university=Stanford+University",
      "text": "Stanford University"
    },
    {
      "url": "/h-index-rankings/?country_code=us",
      "text": "United States"
    },
    {
      "url": "/h-index-rankings/?con=North+America",
      "text": "North America"
    },
    {
      "url": "/h-index-rankings/",
      "text": "World"
    },
    {
      "url": "/h-index-rankings/?university=Stanford+University",
      "text": "Stanford University"
    },
    {
      "url": "/h-index-rankings/?country_code=us",
      "text": "United States"
    },
    {
      "url": "/h-index-rankings/?con=North+America",
      "text": "North America"
    },
    {
      "url": "/h-index-rankings/",
      "text": "World"
    },
    {
      "url": "/pricing/",
      "text": "???"
    },
    {
      "url": "/pricing/",
      "text": "???"
    },
    {
      "url": "/pricing/",
      "text": "???"
    },
    {
      "url": "/pricing/",
      "text": "???"
    },
    {
      "url": "/pricing/",
      "text": "???"
    },
    {
      "url": "/pricing/",
      "text": "Click for\n                                        your subject\n                                        rankings"
    },
    {
      "url": "https://www.adscientificindex.com/pricing/",
      "text": "click here"
    },
    {
      "url": "https://scholar.google.co.th/citations?hl=en&user=nQEBLxUAAAAJ",
      "text": "Visit Web Page"
    },
    {
      "url": "/university/Stanford+University/",
      "text": "Stanford University Rankings"
    },
    {
      "url": "/scientist/scientist-subject-leaders/daniel-kharitonov/5939902",
      "text": "Top 10  in\n                            the World, Top 10  in United States, Top\n                            10  at Stanford University, Top 10 Othersin United States                            , Best Scientists at Stanford University, Similarly Ranked Academics\n                            in  Worldwide and in United States \u2013 Discover\n                            the Full List Now."
    },
    {
      "url": "/cookie-policy/",
      "text": "Cookie Policy"
    }
  ],
  "images": [
    {
      "src": "/user/assets/images/profile/no-profile-photo.png",
      "alt": "Daniel Kharitonov"
    },
    {
      "src": "https://cdn.adscientificindex.com/logos/8488.png",
      "alt": "Stanford University"
    },
    {
      "src": "https://cdn.adscientificindex.com/logos/8488.png",
      "alt": "Stanford University"
    },
    {
      "src": "https://cdn.adscientificindex.com/logos/8488.png",
      "alt": ""
    }
  ]
}