{
  "title": "Evelyn Tran | Researcher at UC Berkeley FAVE Lab | F6S Member Profile",
  "meta_description": "View Evelyn Tran's profile on F6S - UC Berkeley FAVE Lab - I founded a previous startup that built a web-based professional networking platform that forms mentor-mentee relati",
  "main_content": "Evelyn Tran Interdisciplinary academic, bioscience researcher, and multi-sport athlete relentlessly using entrepreneurship to create value in the world. Researcher @UC Berkeley FAVE Lab , @WerkerBee Inc. and 2 more Business Administration and Geography @University of California, Berkeley Connect See more Berkeley, California, United States Invested in WerkerBee Inc. See all investments Interested in Biotech R&D Developing Talent Experience Design Experiential Marketing Fitness Apps Fitness Training Marketing Research Marketing Strategy Material Testing Podcasting Product Launch Product Management Productivity Enhancement Sales & Marketing Sales/Bus Dev I founded a previous startup that built a web-based professional networking platform that forms mentor-mentee relationships amongst BIPOC/LGBTQ+ identifying entrepreneurs and career-driven individuals while providing them with internships, networking opportunities, and entry-level job opportunities in industries they are minorities. This platform implemented mentor-mentee-shared blog posts and mentee outreach video-sharing features to enable users to share their entrepreneurial pursuits through ... more Experience Researcher \u00b7 Employee @UC Berkeley FAVE Lab May '23 - Present (1 year 10 months) CEO @WerkerBee Inc. Sep '22 - Present (2 years 6 months) See all experience Education Business Administration and Geography @University of California, Berkeley Aug '22 - Present Investments WerkerBee Inc. Solving the Labor Crisis Through Changing the Way Flexible Work is Valued Hospitality Training & Coaching 3 more F6S is the leading network for startups Connect with Evelyn and millions of founders Keep up with Evelyn's updates It's all free - build your network, find investors, get free services and grow",
  "links": [
    {
      "url": "https://www.f6s.com/company/uc-berkeley-fave-lab",
      "text": "@UC Berkeley FAVE Lab"
    },
    {
      "url": "https://www.f6s.com/company/werkerbee-inc",
      "text": "@WerkerBee Inc."
    },
    {
      "url": "https://www.f6s.com/company/werkerbee-inc",
      "text": ""
    },
    {
      "url": "https://www.f6s.com/company/werkerbee-inc",
      "text": "WerkerBee Inc."
    },
    {
      "url": "https://www.linkedin.com/in/evtran/",
      "text": ""
    },
    {
      "url": "https://www.f6s.com/company/uc-berkeley-fave-lab",
      "text": ""
    },
    {
      "url": "https://www.f6s.com/company/uc-berkeley-fave-lab",
      "text": "@UC Berkeley FAVE Lab"
    },
    {
      "url": "https://www.f6s.com/company/werkerbee-inc",
      "text": ""
    },
    {
      "url": "https://www.f6s.com/company/werkerbee-inc",
      "text": "@WerkerBee Inc."
    },
    {
      "url": "https://www.f6s.com/company/werkerbee-inc",
      "text": ""
    },
    {
      "url": "https://www.f6s.com/company/werkerbee-inc",
      "text": "WerkerBee Inc."
    },
    {
      "url": "https://www.f6s.com/cookie-policy",
      "text": "cookies"
    }
  ],
  "images": [
    {
      "src": "https://www.f6s.com/content-resource/profiles/3462522_th2.jpg",
      "alt": "Evelyn Tran | F6S - Images"
    },
    {
      "src": "/images/profile-placeholder-startup_th3.jpg",
      "alt": "About UC Berkeley FAVE Lab - F6S Profile"
    },
    {
      "src": "https://www.f6s.com/content-resource/profiles/3450790_th3.jpg",
      "alt": "About WerkerBee Inc. - F6S Profile"
    },
    {
      "src": "/images/profile-placeholder-startup_th3.jpg",
      "alt": "About UC Berkeley FAVE Lab - F6S Profile"
    },
    {
      "src": "https://www.f6s.com/content-resource/profiles/3450790_th3.jpg",
      "alt": "About WerkerBee Inc. - F6S Profile"
    },
    {
      "src": "https://www.f6s.com/content-resource/profiles/3450790_th3.jpg",
      "alt": "About WerkerBee Inc. - F6S Profile"
    }
  ]
}