{
  "title": "Qinzhe LIU | Columbia University, New York City | CU | Business Ph.D. Program | Research profile",
  "meta_description": "Qinzhe LIU | Cited by 143 | of Columbia University, New York City (CU) | Read 3 publications | Contact Qinzhe LIU",
  "main_content": "Home Columbia University Business Ph.D. Program Qinzhe Liu Qinzhe Liu Columbia University | CU \u00b7 Business Ph.D. Program Contact Connect with experts in your field Join ResearchGate to contact this researcher and connect with your scientific community. Join for free Log in Contact Connect with experts in your field Join ResearchGate to contact this researcher and connect with your scientific community. Join for free Log in About 3 Publications 131 Reads How we measure 'reads' A 'read' is counted each time someone views a publication summary (such as the title, abstract, and list of authors), clicks on a figure, or views or downloads the full-text. Learn more 143 Citations Introduction Skills and Expertise Organic Synthesis Publications Publications (3) Development of a C 2 -Symmetric Chiral aza Spirocyclic Diol Article Mar 2020 Weicong Guo Qinzhe Liu Ji-Jun Jiang Jun Wang A C2-symmetric chiral spirocyclic diol aza-SPINOL containing a spirooxindole scaffold has been designed, synthesized, and optically resolved. The product could be synthesized on gram scale in an overall yield of 22%. Moreover, elaborations of aza-SPINOL to other chiral ligands as well as the preliminary investigation of the related bisphosphine lig... View A Rare Ruthenium(II)-Catalyzed Inert C-H Bond Activation Assisted by a Chiral Transient Directing Group Article Dec 2019 Guozhu Li Qinzhe Liu Laxmaiah Vasamsetty [...] Jun Wang A ruthenium(II)\u2010catalyzed asymmetric intramolecular hydroarylation assisted by a chiral transient directing group has been developed. A series of 2,3\u2010dihydrobenzofurans bearing chiral all\u2010carbon quaternary stereocenters have been prepared in remarkably high yields (up to 98 %) and enantioselectivities (up to >99 % ee). By this methodology, a novel... View +1 Ruthenium(II)\u2010Catalyzed Asymmetric Inert C\u2212H Bond Activation Assisted by a Chiral Transient Directing Group Article Full-text available Jan 2020 Guozhu Li Qinzhe Liu Laxmaiah Vasamsetty [...] Jun Wang A ruthenium(II)\u2010catalyzed asymmetric intramolecular hydroarylation assisted by a chiral transient directing group has been developed. A series of 2,3\u2010dihydrobenzofurans bearing chiral all\u2010carbon quaternary stereocenters have been prepared in remarkably high yields (up to 98 %) and enantioselectivities (up to >99 % ee). By this methodology, a novel... View Network Cited View All Eric Meggers Philipps University of Marburg Rub\u00e9n Vicente University of Oviedo Mohamed Naguib Cleveland Clinic Jin-Quan Yu The Scripps Research Institute Lutz Ackermann University of G\u00f6ttingen Cited By View All Erhong Hao Anhui Normal University Praveen Kumar Verma Shoolini University yirong Zhou Huazhong University of Science and Technology Catarina Rodrigues University of Santiago de Compostela Jos\u00e9 Luis Mascare\u00f1as University of Santiago de Compostela Current institution Columbia University Business Ph.D. Program New York City, United States Co-authors Top co-authors Ji-Jun Jiang Sun Yat-sen University Jun Wang Weicong Guo Guozhu Li Laxmaiah Vasamsetty Advertisement Join ResearchGate to find the people and research you need to help your work 25+ million members 160+ million publication pages 2.3+ billion citations Join for free",
  "links": [
    {
      "url": "https://www.researchgate.net/",
      "text": "Home"
    },
    {
      "url": "https://www.researchgate.net/institution/Columbia-University",
      "text": "Columbia University"
    },
    {
      "url": "https://www.researchgate.net/institution/Columbia-University",
      "text": "Columbia University | CU\u00a0\u00b7\u00a0Business Ph.D. Program"
    },
    {
      "url": "signup.SignUp.html",
      "text": "Join for free"
    },
    {
      "url": "https://www.researchgate.net/login?_sg=9swxLdjSCMewtrwzbl0OpBFWhh_0qEHeCT_QIC2316j37OloJs3XPXSM4MRfzh97-3XL4Gcp5HBN-w",
      "text": "Log in"
    },
    {
      "url": "signup.SignUp.html",
      "text": "Join for free"
    },
    {
      "url": "https://www.researchgate.net/login?_sg=9swxLdjSCMewtrwzbl0OpBFWhh_0qEHeCT_QIC2316j37OloJs3XPXSM4MRfzh97-3XL4Gcp5HBN-w",
      "text": "Log in"
    },
    {
      "url": "https://explore.researchgate.net/display/support/Reads",
      "text": "Learn more"
    },
    {
      "url": "topic/Organic-Synthesis",
      "text": "Organic Synthesis"
    },
    {
      "url": "https://www.researchgate.net/publication/340243048_Development_of_a_C_2_-Symmetric_Chiral_aza_Spirocyclic_Diol",
      "text": "Development of a C 2 -Symmetric Chiral aza Spirocyclic Diol"
    },
    {
      "url": "https://www.researchgate.net/scientific-contributions/Weicong-Guo-2155054257",
      "text": "Weicong Guo"
    },
    {
      "url": "https://www.researchgate.net/profile/Qinzhe-Liu",
      "text": "Qinzhe Liu"
    },
    {
      "url": "https://www.researchgate.net/profile/Ji-Jun-Jiang",
      "text": "Ji-Jun Jiang"
    },
    {
      "url": "https://www.researchgate.net/profile/Jun-Wang-251",
      "text": "Jun Wang"
    },
    {
      "url": "https://www.researchgate.net/publication/340243048_Development_of_a_C_2_-Symmetric_Chiral_aza_Spirocyclic_Diol",
      "text": "View"
    },
    {
      "url": "https://www.researchgate.net/publication/338135313_A_Rare_RutheniumII-Catalyzed_Inert_C-H_Bond_Activation_Assisted_by_a_Chiral_Transient_Directing_Group",
      "text": "A Rare Ruthenium(II)-Catalyzed Inert C-H Bond Activation Assisted by a Chiral Transient Directing Group"
    },
    {
      "url": "https://www.researchgate.net/scientific-contributions/Guozhu-Li-2168326881",
      "text": "Guozhu Li"
    },
    {
      "url": "https://www.researchgate.net/profile/Qinzhe-Liu",
      "text": "Qinzhe Liu"
    },
    {
      "url": "https://www.researchgate.net/scientific-contributions/Laxmaiah-Vasamsetty-2168335569",
      "text": "Laxmaiah Vasamsetty"
    },
    {
      "url": "https://www.researchgate.net/profile/Jun-Wang-251",
      "text": "Jun Wang"
    },
    {
      "url": "https://www.researchgate.net/publication/338135313_A_Rare_RutheniumII-Catalyzed_Inert_C-H_Bond_Activation_Assisted_by_a_Chiral_Transient_Directing_Group",
      "text": "View"
    },
    {
      "url": "https://www.researchgate.net/figure/Comparison-of-Pd-Rh-and-Ru-intermediates-and-representative-bioactive_fig1_338141823",
      "text": ""
    },
    {
      "url": "https://www.researchgate.net/figure/Enantioselective-synthesis-of-2-3-dihydrobenzofuran_fig2_338141823",
      "text": ""
    },
    {
      "url": "https://www.researchgate.net/figure/Elaborations-of-product-2a-and-enantioselective-total-synthesis-of-CB2-receptor-agonist_fig3_338141823",
      "text": ""
    },
    {
      "url": "https://www.researchgate.net/figure/H-D-exchange-experiment_fig4_338141823",
      "text": ""
    },
    {
      "url": "https://www.researchgate.net/figure/Proposed-reaction-mechanism_fig5_338141823",
      "text": "+1"
    },
    {
      "url": "https://www.researchgate.net/publication/338141823_RutheniumII-Catalyzed_Asymmetric_Inert_C-H_Bond_Activation_Assisted_by_a_Chiral_Transient_Directing_Group",
      "text": "Ruthenium(II)\u2010Catalyzed Asymmetric Inert C\u2212H Bond Activation Assisted by a Chiral Transient Directing Group"
    },
    {
      "url": "https://www.researchgate.net/scientific-contributions/Guozhu-Li-2168326881",
      "text": "Guozhu Li"
    },
    {
      "url": "https://www.researchgate.net/profile/Qinzhe-Liu",
      "text": "Qinzhe Liu"
    },
    {
      "url": "https://www.researchgate.net/scientific-contributions/Laxmaiah-Vasamsetty-2168335569",
      "text": "Laxmaiah Vasamsetty"
    },
    {
      "url": "https://www.researchgate.net/profile/Jun-Wang-251",
      "text": "Jun Wang"
    },
    {
      "url": "https://www.researchgate.net/publication/338141823_RutheniumII-Catalyzed_Asymmetric_Inert_C-H_Bond_Activation_Assisted_by_a_Chiral_Transient_Directing_Group",
      "text": "View"
    },
    {
      "url": "profile/Eric-Meggers",
      "text": ""
    },
    {
      "url": "profile/Eric-Meggers",
      "text": "Eric Meggers"
    },
    {
      "url": "profile/Ruben-Vicente-3",
      "text": ""
    },
    {
      "url": "profile/Ruben-Vicente-3",
      "text": "Rub\u00e9n Vicente"
    },
    {
      "url": "profile/Mohamed-Naguib",
      "text": ""
    },
    {
      "url": "profile/Mohamed-Naguib",
      "text": "Mohamed Naguib"
    },
    {
      "url": "profile/Jin-Quan-Yu",
      "text": ""
    },
    {
      "url": "profile/Jin-Quan-Yu",
      "text": "Jin-Quan Yu"
    },
    {
      "url": "profile/Lutz-Ackermann",
      "text": ""
    },
    {
      "url": "profile/Lutz-Ackermann",
      "text": "Lutz Ackermann"
    },
    {
      "url": "profile/Erhong-Hao",
      "text": ""
    },
    {
      "url": "profile/Erhong-Hao",
      "text": "Erhong Hao"
    },
    {
      "url": "profile/Praveen-Verma-14",
      "text": ""
    },
    {
      "url": "profile/Praveen-Verma-14",
      "text": "Praveen Kumar Verma"
    },
    {
      "url": "profile/Yirong-Zhou-3",
      "text": ""
    },
    {
      "url": "profile/Yirong-Zhou-3",
      "text": "yirong Zhou"
    },
    {
      "url": "profile/Catarina-Rodrigues-30",
      "text": ""
    },
    {
      "url": "profile/Catarina-Rodrigues-30",
      "text": "Catarina Rodrigues"
    },
    {
      "url": "profile/Jose-Mascarenas",
      "text": ""
    },
    {
      "url": "profile/Jose-Mascarenas",
      "text": "Jos\u00e9 Luis Mascare\u00f1as"
    },
    {
      "url": "https://www.researchgate.net/institution/Columbia-University",
      "text": ""
    },
    {
      "url": "https://www.researchgate.net/institution/Columbia-University",
      "text": "Columbia University"
    },
    {
      "url": "profile/Ji-Jun-Jiang",
      "text": ""
    },
    {
      "url": "profile/Ji-Jun-Jiang",
      "text": "Ji-Jun Jiang"
    },
    {
      "url": "profile/Jun-Wang-251",
      "text": ""
    },
    {
      "url": "profile/Jun-Wang-251",
      "text": "Jun Wang"
    },
    {
      "url": "scientific-contributions/Weicong-Guo-2155054257",
      "text": ""
    },
    {
      "url": "scientific-contributions/Weicong-Guo-2155054257",
      "text": "Weicong Guo"
    },
    {
      "url": "scientific-contributions/Guozhu-Li-2168326881",
      "text": ""
    },
    {
      "url": "scientific-contributions/Guozhu-Li-2168326881",
      "text": "Guozhu Li"
    },
    {
      "url": "scientific-contributions/Laxmaiah-Vasamsetty-2168335569",
      "text": ""
    },
    {
      "url": "scientific-contributions/Laxmaiah-Vasamsetty-2168335569",
      "text": "Laxmaiah Vasamsetty"
    },
    {
      "url": "signup.SignUp.html",
      "text": "Join for free"
    },
    {
      "url": "login?urlAfterLogin=profile%2FQinzhe-Liu%3FsendMessage%3D1&_sg=lDuP3P6yau9HkRopVt1mPizkElzEjSNiOtYq1fmclWZ2bCcDQsBxc4r2TYIvcMf2vklFHuc8wqmDsQ",
      "text": "Log in"
    },
    {
      "url": "login?urlAfterLogin=profile%2FQinzhe-Liu%3FsendMessage%3D1&_sg=lDuP3P6yau9HkRopVt1mPizkElzEjSNiOtYq1fmclWZ2bCcDQsBxc4r2TYIvcMf2vklFHuc8wqmDsQ",
      "text": "Log in"
    },
    {
      "url": "signup.SignUp.html?ev=su_profileMessage&_sg=1WRilyH4sMTbGOTYasRDVU41jMzfEWQniYowbypROAVL4xlABnzKBF6bRmK7DpRMUXMZJRlU9XLGCsSU4dtblNacOu4",
      "text": "Join for free"
    }
  ],
  "images": [
    {
      "src": "https://i1.rgstatic.net/ii/profile.image/1006876267393025-1617069417352_Q128/Qinzhe-Liu.jpg",
      "alt": "Qinzhe Liu"
    },
    {
      "src": "data:image/png;base64,iVBORw0KGgoAAAANSUhEUgAAAAEAAAABCAYAAAAfFcSJAAAADUlEQVR42mN89OjNfwAJDwOxHEacwgAAAABJRU5ErkJggg==",
      "alt": "Weicong Guo"
    },
    {
      "src": "data:image/png;base64,iVBORw0KGgoAAAANSUhEUgAAAAEAAAABCAYAAAAfFcSJAAAADUlEQVR42mN89OjNfwAJDwOxHEacwgAAAABJRU5ErkJggg==",
      "alt": "Qinzhe Liu"
    },
    {
      "src": "data:image/png;base64,iVBORw0KGgoAAAANSUhEUgAAAAEAAAABCAYAAAAfFcSJAAAADUlEQVR42mN89OjNfwAJDwOxHEacwgAAAABJRU5ErkJggg==",
      "alt": "Ji-Jun Jiang"
    },
    {
      "src": "data:image/png;base64,iVBORw0KGgoAAAANSUhEUgAAAAEAAAABCAYAAAAfFcSJAAAADUlEQVR42mN89OjNfwAJDwOxHEacwgAAAABJRU5ErkJggg==",
      "alt": "Jun Wang"
    },
    {
      "src": "data:image/png;base64,iVBORw0KGgoAAAANSUhEUgAAAAEAAAABCAYAAAAfFcSJAAAADUlEQVR42mN89OjNfwAJDwOxHEacwgAAAABJRU5ErkJggg==",
      "alt": "Guozhu Li"
    },
    {
      "src": "data:image/png;base64,iVBORw0KGgoAAAANSUhEUgAAAAEAAAABCAYAAAAfFcSJAAAADUlEQVR42mN89OjNfwAJDwOxHEacwgAAAABJRU5ErkJggg==",
      "alt": "Qinzhe Liu"
    },
    {
      "src": "data:image/png;base64,iVBORw0KGgoAAAANSUhEUgAAAAEAAAABCAYAAAAfFcSJAAAADUlEQVR42mN89OjNfwAJDwOxHEacwgAAAABJRU5ErkJggg==",
      "alt": "Laxmaiah Vasamsetty"
    },
    {
      "src": "data:image/png;base64,iVBORw0KGgoAAAANSUhEUgAAAAEAAAABCAYAAAAfFcSJAAAADUlEQVR42mN89OjNfwAJDwOxHEacwgAAAABJRU5ErkJggg==",
      "alt": "Jun Wang"
    },
    {
      "src": "data:image/png;base64,iVBORw0KGgoAAAANSUhEUgAAAAEAAAABCAYAAAAfFcSJAAAADUlEQVR42mN89OjNfwAJDwOxHEacwgAAAABJRU5ErkJggg==",
      "alt": "Comparison of Pd, Rh, and Ru intermediates and representative bioactive..."
    },
    {
      "src": "data:image/png;base64,iVBORw0KGgoAAAANSUhEUgAAAAEAAAABCAYAAAAfFcSJAAAADUlEQVR42mN89OjNfwAJDwOxHEacwgAAAABJRU5ErkJggg==",
      "alt": "Enantioselective synthesis of 2,3\u2010dihydrobenzofuran."
    },
    {
      "src": "data:image/png;base64,iVBORw0KGgoAAAANSUhEUgAAAAEAAAABCAYAAAAfFcSJAAAADUlEQVR42mN89OjNfwAJDwOxHEacwgAAAABJRU5ErkJggg==",
      "alt": "Elaborations of product 2\u2009a and enantioselective total synthesis of CB2..."
    },
    {
      "src": "data:image/png;base64,iVBORw0KGgoAAAANSUhEUgAAAAEAAAABCAYAAAAfFcSJAAAADUlEQVR42mN89OjNfwAJDwOxHEacwgAAAABJRU5ErkJggg==",
      "alt": "H/D exchange experiment."
    },
    {
      "src": "data:image/png;base64,iVBORw0KGgoAAAANSUhEUgAAAAEAAAABCAYAAAAfFcSJAAAADUlEQVR42mN89OjNfwAJDwOxHEacwgAAAABJRU5ErkJggg==",
      "alt": "Proposed reaction mechanism."
    },
    {
      "src": "data:image/png;base64,iVBORw0KGgoAAAANSUhEUgAAAAEAAAABCAYAAAAfFcSJAAAADUlEQVR42mN89OjNfwAJDwOxHEacwgAAAABJRU5ErkJggg==",
      "alt": "Guozhu Li"
    },
    {
      "src": "data:image/png;base64,iVBORw0KGgoAAAANSUhEUgAAAAEAAAABCAYAAAAfFcSJAAAADUlEQVR42mN89OjNfwAJDwOxHEacwgAAAABJRU5ErkJggg==",
      "alt": "Qinzhe Liu"
    },
    {
      "src": "data:image/png;base64,iVBORw0KGgoAAAANSUhEUgAAAAEAAAABCAYAAAAfFcSJAAAADUlEQVR42mN89OjNfwAJDwOxHEacwgAAAABJRU5ErkJggg==",
      "alt": "Laxmaiah Vasamsetty"
    },
    {
      "src": "data:image/png;base64,iVBORw0KGgoAAAANSUhEUgAAAAEAAAABCAYAAAAfFcSJAAAADUlEQVR42mN89OjNfwAJDwOxHEacwgAAAABJRU5ErkJggg==",
      "alt": "Jun Wang"
    },
    {
      "src": "data:image/png;base64,iVBORw0KGgoAAAANSUhEUgAAAAEAAAABCAYAAAAfFcSJAAAADUlEQVR42mN89OjNfwAJDwOxHEacwgAAAABJRU5ErkJggg==",
      "alt": "Eric Meggers"
    },
    {
      "src": "data:image/png;base64,iVBORw0KGgoAAAANSUhEUgAAAAEAAAABCAYAAAAfFcSJAAAADUlEQVR42mN89OjNfwAJDwOxHEacwgAAAABJRU5ErkJggg==",
      "alt": "Rub\u00e9n Vicente"
    },
    {
      "src": "data:image/png;base64,iVBORw0KGgoAAAANSUhEUgAAAAEAAAABCAYAAAAfFcSJAAAADUlEQVR42mN89OjNfwAJDwOxHEacwgAAAABJRU5ErkJggg==",
      "alt": "Mohamed Naguib"
    },
    {
      "src": "data:image/png;base64,iVBORw0KGgoAAAANSUhEUgAAAAEAAAABCAYAAAAfFcSJAAAADUlEQVR42mN89OjNfwAJDwOxHEacwgAAAABJRU5ErkJggg==",
      "alt": "Jin-Quan Yu"
    },
    {
      "src": "data:image/png;base64,iVBORw0KGgoAAAANSUhEUgAAAAEAAAABCAYAAAAfFcSJAAAADUlEQVR42mN89OjNfwAJDwOxHEacwgAAAABJRU5ErkJggg==",
      "alt": "Lutz Ackermann"
    },
    {
      "src": "data:image/png;base64,iVBORw0KGgoAAAANSUhEUgAAAAEAAAABCAYAAAAfFcSJAAAADUlEQVR42mN89OjNfwAJDwOxHEacwgAAAABJRU5ErkJggg==",
      "alt": "Erhong Hao"
    },
    {
      "src": "data:image/png;base64,iVBORw0KGgoAAAANSUhEUgAAAAEAAAABCAYAAAAfFcSJAAAADUlEQVR42mN89OjNfwAJDwOxHEacwgAAAABJRU5ErkJggg==",
      "alt": "Praveen Kumar Verma"
    },
    {
      "src": "data:image/png;base64,iVBORw0KGgoAAAANSUhEUgAAAAEAAAABCAYAAAAfFcSJAAAADUlEQVR42mN89OjNfwAJDwOxHEacwgAAAABJRU5ErkJggg==",
      "alt": "yirong Zhou"
    },
    {
      "src": "data:image/png;base64,iVBORw0KGgoAAAANSUhEUgAAAAEAAAABCAYAAAAfFcSJAAAADUlEQVR42mN89OjNfwAJDwOxHEacwgAAAABJRU5ErkJggg==",
      "alt": "Catarina Rodrigues"
    },
    {
      "src": "data:image/png;base64,iVBORw0KGgoAAAANSUhEUgAAAAEAAAABCAYAAAAfFcSJAAAADUlEQVR42mN89OjNfwAJDwOxHEacwgAAAABJRU5ErkJggg==",
      "alt": "Jos\u00e9 Luis Mascare\u00f1as"
    },
    {
      "src": "https://i1.rgstatic.net/ii/institution.image/AS%3A267459511160834%401440778724673_m",
      "alt": "Columbia University"
    },
    {
      "src": "data:image/png;base64,iVBORw0KGgoAAAANSUhEUgAAAAEAAAABCAYAAAAfFcSJAAAADUlEQVR42mN89OjNfwAJDwOxHEacwgAAAABJRU5ErkJggg==",
      "alt": "Ji-Jun Jiang"
    },
    {
      "src": "data:image/png;base64,iVBORw0KGgoAAAANSUhEUgAAAAEAAAABCAYAAAAfFcSJAAAADUlEQVR42mN89OjNfwAJDwOxHEacwgAAAABJRU5ErkJggg==",
      "alt": "Jun Wang"
    },
    {
      "src": "data:image/png;base64,iVBORw0KGgoAAAANSUhEUgAAAAEAAAABCAYAAAAfFcSJAAAADUlEQVR42mN89OjNfwAJDwOxHEacwgAAAABJRU5ErkJggg==",
      "alt": "Weicong Guo"
    },
    {
      "src": "data:image/png;base64,iVBORw0KGgoAAAANSUhEUgAAAAEAAAABCAYAAAAfFcSJAAAADUlEQVR42mN89OjNfwAJDwOxHEacwgAAAABJRU5ErkJggg==",
      "alt": "Guozhu Li"
    },
    {
      "src": "data:image/png;base64,iVBORw0KGgoAAAANSUhEUgAAAAEAAAABCAYAAAAfFcSJAAAADUlEQVR42mN89OjNfwAJDwOxHEacwgAAAABJRU5ErkJggg==",
      "alt": "Laxmaiah Vasamsetty"
    },
    {
      "src": "https://c5.rgstatic.net/m/420699284191573/images/symbols/svg/classification-academic.svg",
      "alt": ""
    },
    {
      "src": "https://c5.rgstatic.net/m/415447567661256/images/symbols/svg/classification-corporate.svg",
      "alt": ""
    },
    {
      "src": "https://c5.rgstatic.net/m/44240833271040/images/symbols/svg/classification-medical.svg",
      "alt": ""
    },
    {
      "src": "https://c5.rgstatic.net/m/41625716582999/images/symbols/svg/classification-notresearcher.svg",
      "alt": ""
    }
  ]
}