{
  "title": "Arihan Varanasi Email & Phone Number | University of North Texas Undergraduate Researcher Contact Information",
  "meta_description": "Get Arihan Varanasi's email address (a******@gmail.com) and phone number () at RocketReach. Get 5 free searches.",
  "main_content": "",
  "links": [
    {
      "url": "/person?link=https%3A//www.linkedin.com/in/arihanvaranasi",
      "text": ""
    },
    {
      "url": "https://rocketreach.co/arihan-varanasi-email_714370587",
      "text": "Arihan Varanasi Email"
    },
    {
      "url": "/university-of-north-texas-profile_b5c60092f42e0c56",
      "text": "University of North Texas"
    },
    {
      "url": "/person?link=https%3A//www.linkedin.com/in/arihanvaranasi",
      "text": "Preparing  profile\u2026\n        \n\n            View Arihan's Email\n            \n                (It's Free)"
    },
    {
      "url": "/arihan-varanasi-email_714370587",
      "text": "Arihan Varanasi Emails"
    },
    {
      "url": "/person?link=https%3A//www.linkedin.com/in/arihanvaranasi",
      "text": "@unt.edu"
    },
    {
      "url": "/person?link=https%3A//www.linkedin.com/in/arihanvaranasi",
      "text": "@gmail.com"
    },
    {
      "url": "/person?link=https%3A//www.linkedin.com/in/arihanvaranasi",
      "text": "Preparing  profile\u2026\n        \n\n            View Arihan's Email\n            \n                (It's Free)"
    },
    {
      "url": "/sylvia-trent-adams-email_119190538",
      "text": ""
    },
    {
      "url": "/sylvia-trent-adams-email_119190538",
      "text": "Sylvia Trent-Adams\n\n        President\n         at University of North Texas"
    },
    {
      "url": "/clayton-gibson-email_45561732",
      "text": ""
    },
    {
      "url": "/clayton-gibson-email_45561732",
      "text": "Clayton Gibson\n\n        Vice President for Finance and Administration and CFO\n         at University of North Texas"
    },
    {
      "url": "/eileen-moran-email_6813816",
      "text": ""
    },
    {
      "url": "/eileen-moran-email_6813816",
      "text": "Eileen Moran\n\n        Associate Vice President for Development\n         at University of North Texas"
    },
    {
      "url": "/neil-foote-email_6197542",
      "text": ""
    },
    {
      "url": "/neil-foote-email_6197542",
      "text": "Neil Foote\n\n        Executive Director, Frisco Marketing Strategy\n         at University of North Texas"
    },
    {
      "url": "/al-meyers-email_7225965",
      "text": ""
    },
    {
      "url": "/al-meyers-email_7225965",
      "text": "Al Meyers\n\n        Member, Advancement Board, College of Merchandising, Hospitality and Tourism, Univ. of North Texas\n         at University of North Texas"
    },
    {
      "url": "/jerry-simecka-email_65935008",
      "text": ""
    },
    {
      "url": "/jerry-simecka-email_65935008",
      "text": "Jerry Simecka\n\n        Executive Director, Preclinical Services\n         at University of North Texas"
    },
    {
      "url": "/michael-savoie-email_23745946",
      "text": ""
    },
    {
      "url": "/michael-savoie-email_23745946",
      "text": "Michael Savoie\n\n        Clinical Full Professor, Operations and Supply Chain Management\n         at University of North Texas"
    },
    {
      "url": "/michael-rondelli-email_53445698",
      "text": ""
    },
    {
      "url": "/michael-rondelli-email_53445698",
      "text": "Michael Rondelli\n\n        Associate Vice President of Innovation and Commercialization\n         at University of North Texas"
    },
    {
      "url": "/megan-foreman-email_232673303",
      "text": ""
    },
    {
      "url": "/megan-foreman-email_232673303",
      "text": "Megan Foreman\n\n        IT Project Manager\n         at University of North Texas"
    },
    {
      "url": "/karen-bollinger-email_11257229",
      "text": ""
    },
    {
      "url": "/karen-bollinger-email_11257229",
      "text": "Karen Bollinger\n\n        Assistant Vice President for Digital Growth\n         at University of North Texas"
    },
    {
      "url": "/john-clendening-email_4468219",
      "text": ""
    },
    {
      "url": "/john-clendening-email_4468219",
      "text": "John Clendening\n\n        Adjunct Instructor of Advertising and Public Relations\n         at University of North Texas"
    },
    {
      "url": "/person?employer[]=\"University%20of%20North%20Texas\"",
      "text": "View Similar Profiles"
    },
    {
      "url": "https://rocketreach.co/resources/products/contact-database/",
      "text": "Contact Database"
    },
    {
      "url": "https://rocketreach.co/resources/products/email-finder-extension/",
      "text": "Email Finder Extension"
    },
    {
      "url": "https://rocketreach.co/resources/email-finder/",
      "text": "Email Finder"
    },
    {
      "url": "https://rocketreach.co/resources/products/api/",
      "text": "Contact Data API"
    },
    {
      "url": "https://rocketreach.co/signup",
      "text": "Sign Up For Free"
    },
    {
      "url": "/splash",
      "text": ""
    },
    {
      "url": "https://goo.gl/maps/zTK22oR8oJM3TCvq6",
      "text": "47.6177115,-122.2034444"
    },
    {
      "url": "https://status.rocketreach.co",
      "text": ""
    },
    {
      "url": "/adv_search",
      "text": "Advanced Search"
    },
    {
      "url": "/browser_extension/chrome",
      "text": "Chrome Extension"
    },
    {
      "url": "/browser_extension/edge",
      "text": "Edge Extension"
    },
    {
      "url": "/bulk_lookups",
      "text": "Bulk Lookups"
    },
    {
      "url": "/api/splash",
      "text": "API"
    },
    {
      "url": "/integrations",
      "text": "Integrations"
    },
    {
      "url": "/pricing",
      "text": "Pricing"
    },
    {
      "url": "https://knowledgebase.rocketreach.co/hc",
      "text": "Help"
    },
    {
      "url": "/reviews",
      "text": "Reviews"
    },
    {
      "url": "/terms",
      "text": "User Agreement"
    },
    {
      "url": "/privacy",
      "text": "Privacy Policy"
    },
    {
      "url": "/cookies",
      "text": "Cookie Policy"
    },
    {
      "url": "/claim-profile",
      "text": "Do Not Sell My Info"
    },
    {
      "url": "/teams",
      "text": "Features"
    },
    {
      "url": "/teams-setup",
      "text": "Start Team Plan"
    },
    {
      "url": "/teams/custom",
      "text": "Custom Plan"
    },
    {
      "url": "/custom",
      "text": "Speak to Sales"
    },
    {
      "url": "/about_us",
      "text": "About Us"
    },
    {
      "url": "/jobs",
      "text": "Careers"
    },
    {
      "url": "https://rocketreach.co/resources/blog",
      "text": "Blog"
    },
    {
      "url": "https://rocketreach.co/resources/contact-us",
      "text": "Contact Us"
    },
    {
      "url": "https://www.facebook.com/RocketReach-1209517052395769/",
      "text": ""
    },
    {
      "url": "https://twitter.com/RocketReachCo",
      "text": ""
    },
    {
      "url": "https://www.linkedin.com/company/rocketreach.co",
      "text": ""
    }
  ],
  "images": [
    {
      "src": "https://d2gjqh9j26unp0.cloudfront.net/profilepic/e403a8dbfefed9728c8b77c66e68d2ff",
      "alt": "Arihan Varanasi Email"
    },
    {
      "src": "//static.rocketreach.co/images/landing/profile/arrow.svg",
      "alt": "Arrow"
    },
    {
      "src": "//static.rocketreach.co/images/landing/profile/arrow.svg",
      "alt": "Arrow"
    },
    {
      "src": "https://d2gjqh9j26unp0.cloudfront.net/profilepic/1ad8919edc96bf191e10d3fe7c525fa8",
      "alt": "University of North Texas Employee Sylvia Trent-Adams's profile photo"
    },
    {
      "src": "https://d2gjqh9j26unp0.cloudfront.net/profilepic/8d12237944d81cb2a857b76f8a8d7104",
      "alt": "University of North Texas Employee Clayton Gibson's profile photo"
    },
    {
      "src": "https://d2gjqh9j26unp0.cloudfront.net/profilepic/c20151d917d0fa045fa56f1dec87a6c0",
      "alt": "University of North Texas Employee Eileen Moran's profile photo"
    },
    {
      "src": "https://d2gjqh9j26unp0.cloudfront.net/profilepic/bfac56fd9c99c070ff04e8d61d3d66f3",
      "alt": "University of North Texas Employee Neil Foote's profile photo"
    },
    {
      "src": "https://d2gjqh9j26unp0.cloudfront.net/profilepic/96b9c9b63d0ed1d9576d261d2b751767",
      "alt": "University of North Texas Employee Al Meyers's profile photo"
    },
    {
      "src": "https://d2gjqh9j26unp0.cloudfront.net/profilepic/284ee58e848ba7fcc38b2cb52b7cdfea",
      "alt": "University of North Texas Employee Jerry Simecka's profile photo"
    },
    {
      "src": "https://d2gjqh9j26unp0.cloudfront.net/profilepic/e7e50aec2452f1f4eeb15f8095771fe4",
      "alt": "University of North Texas Employee Michael Savoie's profile photo"
    },
    {
      "src": "https://d1hbpr09pwz0sk.cloudfront.net/profile_pic/michael-rondelli-71c1f95b",
      "alt": "University of North Texas Employee Michael Rondelli's profile photo"
    },
    {
      "src": "https://d2gjqh9j26unp0.cloudfront.net/profilepic/4316a04a70d49c2a1f274cf76dd3b800",
      "alt": "University of North Texas Employee Megan Foreman's profile photo"
    },
    {
      "src": "https://d2gjqh9j26unp0.cloudfront.net/profilepic/e8ae6f22b8b597f8febe7f8d04bdd408",
      "alt": "University of North Texas Employee Karen Bollinger's profile photo"
    },
    {
      "src": "https://d2gjqh9j26unp0.cloudfront.net/profilepic/c5209b7ab92cd139ce2a62d19e0757b5",
      "alt": "University of North Texas Employee John Clendening's profile photo"
    },
    {
      "src": "//static.rocketreach.co/images/landing/landing-page-1-get-free-account-min.png",
      "alt": "get free account"
    },
    {
      "src": "//static.rocketreach.co/images/landing/landing-page-2-search-min.png",
      "alt": "search page"
    },
    {
      "src": "//static.rocketreach.co/images/landing/landing-page-3-get-contact-min.png",
      "alt": "get contact page"
    },
    {
      "src": "//static.rocketreach.co/images/splashRR2018/rankings-icons/LeadMining_UsersMostLikelyToRecommend_Nps.svg",
      "alt": "High Performer Summer 2022"
    },
    {
      "src": "//static.rocketreach.co/images/splashRR2018/rankings-icons/LeadCapture_Leader_Leader-Badge.svg",
      "alt": "RocketReach is a leader in Lead Intelligence on G2"
    },
    {
      "src": "//static.rocketreach.co/images/splashRR2018/rankings-icons/LeadCapture_BestUsability_Total-Badge.svg",
      "alt": "RocketReach is a leader in Lead Intelligence on G2"
    },
    {
      "src": "//static.rocketreach.co/images/splashRR2018/rankings-icons/LeadMining_BestRelationship_Total.svg",
      "alt": "RocketReach is a leader in Lead Intelligence on G2"
    },
    {
      "src": "//static.rocketreach.co/images/splashRR2018/rankings-icons/talentculture2022.svg",
      "alt": "talentculture2022"
    },
    {
      "src": "//static.rocketreach.co/images/splashRR2018/rankings-icons/g2crowd.svg",
      "alt": "g2crowd"
    },
    {
      "src": "//static.rocketreach.co/images/splashRR2018/rankings-icons/chromestore.svg",
      "alt": "chromestore"
    },
    {
      "src": "//static.rocketreach.co/images/logo/logo_watermark.svg",
      "alt": "RocketReach Footer Logo"
    }
  ]
}