{
  "title": "vatsal0 (Vatsal Baherwani) \u00b7 GitHub",
  "meta_description": "vatsal0 has 19 repositories available. Follow their code on GitHub.",
  "main_content": "vatsal0 Follow More Overview Repositories Projects Packages Stars vatsal0 Follow \ud83d\udc68\u200d\ud83d\udcbb Vatsal Baherwani vatsal0 \ud83d\udc68\u200d\ud83d\udcbb Follow 1 follower \u00b7 0 following vatsal0.github.io Achievements Achievements Block or Report Block or report vatsal0 Block user Prevent this user from interacting with your repositories and sending you notifications. Learn more about blocking users . You must be logged in to block users. Add an optional note: Please don't include any personal information such as legal names or email addresses. Maximum 100 characters, markdown supported. This note will be visible to only you. Block user Report abuse Contact GitHub support about this user\u2019s behavior. Learn more about reporting abuse . Report abuse More Overview Repositories Projects Packages Stars Popular repositories Loading Shore-Defense Shore-Defense Public JavaScript 1 StudySession StudySession Public JavaScript PlayboardWeb PlayboardWeb Public JavaScript Plannet Plannet Public A simple and accessible platform for friends to collaboratively plan hangouts. JavaScript ChatApp ChatApp Public Java GameLab GameLab Public HTML Something went wrong, please refresh the page to try again. If the problem persists, check the GitHub status page or contact support .",
  "links": [
    {
      "url": "/login?return_to=https%3A%2F%2Fgithub.com%2Fvatsal0%2F",
      "text": "Follow"
    },
    {
      "url": "/vatsal0",
      "text": "Overview"
    },
    {
      "url": "/vatsal0?tab=repositories",
      "text": "Repositories"
    },
    {
      "url": "/vatsal0?tab=projects",
      "text": "Projects"
    },
    {
      "url": "/vatsal0?tab=packages",
      "text": "Packages"
    },
    {
      "url": "/vatsal0?tab=stars",
      "text": "Stars"
    },
    {
      "url": "/login?return_to=https%3A%2F%2Fgithub.com%2Fvatsal0%2F",
      "text": "Follow"
    },
    {
      "url": "https://avatars.githubusercontent.com/u/34689545?v=4",
      "text": ""
    },
    {
      "url": "/login?return_to=https%3A%2F%2Fgithub.com%2Fvatsal0%2F",
      "text": "Follow"
    },
    {
      "url": "https://github.com/vatsal0?tab=followers",
      "text": "1\n          follower"
    },
    {
      "url": "https://github.com/vatsal0?tab=following",
      "text": "0\n          following"
    },
    {
      "url": "http://vatsal0.github.io",
      "text": "vatsal0.github.io"
    },
    {
      "url": "/vatsal0?tab=achievements",
      "text": "Achievements"
    },
    {
      "url": "/vatsal0?achievement=pull-shark&tab=achievements",
      "text": ""
    },
    {
      "url": "/vatsal0?achievement=arctic-code-vault-contributor&tab=achievements",
      "text": ""
    },
    {
      "url": "/vatsal0?tab=achievements",
      "text": "Achievements"
    },
    {
      "url": "/vatsal0?achievement=pull-shark&tab=achievements",
      "text": ""
    },
    {
      "url": "/vatsal0?achievement=arctic-code-vault-contributor&tab=achievements",
      "text": ""
    },
    {
      "url": "https://docs.github.com/articles/blocking-a-user-from-your-personal-account",
      "text": "blocking users"
    },
    {
      "url": "https://docs.github.com/articles/reporting-abuse-or-spam",
      "text": "reporting abuse"
    },
    {
      "url": "/contact/report-abuse?report=vatsal0+%28user%29",
      "text": "Report abuse"
    },
    {
      "url": "/vatsal0",
      "text": "Overview"
    },
    {
      "url": "/vatsal0?tab=repositories",
      "text": "Repositories"
    },
    {
      "url": "/vatsal0?tab=projects",
      "text": "Projects"
    },
    {
      "url": "/vatsal0?tab=packages",
      "text": "Packages"
    },
    {
      "url": "/vatsal0?tab=stars",
      "text": "Stars"
    },
    {
      "url": "/vatsal0/Shore-Defense",
      "text": "Shore-Defense"
    },
    {
      "url": "/vatsal0/Shore-Defense/forks",
      "text": "1"
    },
    {
      "url": "/vatsal0/StudySession",
      "text": "StudySession"
    },
    {
      "url": "/vatsal0/PlayboardWeb",
      "text": "PlayboardWeb"
    },
    {
      "url": "/vatsal0/Plannet",
      "text": "Plannet"
    },
    {
      "url": "/vatsal0/ChatApp",
      "text": "ChatApp"
    },
    {
      "url": "/vatsal0/GameLab",
      "text": "GameLab"
    },
    {
      "url": "https://www.githubstatus.com/",
      "text": "GitHub status page"
    },
    {
      "url": "/contact",
      "text": "contact support"
    }
  ],
  "images": [
    {
      "src": "https://avatars.githubusercontent.com/u/34689545?s=64&v=4",
      "alt": "@vatsal0"
    },
    {
      "src": "https://avatars.githubusercontent.com/u/34689545?s=64&v=4",
      "alt": "@vatsal0"
    },
    {
      "src": "https://avatars.githubusercontent.com/u/34689545?v=4",
      "alt": "View vatsal0's full-sized avatar"
    },
    {
      "src": "https://github.githubassets.com/assets/pull-shark-default-498c279a747d.png",
      "alt": "Achievement: Pull Shark"
    },
    {
      "src": "https://github.githubassets.com/assets/arctic-code-vault-contributor-default-df8d74122a06.png",
      "alt": "Achievement: Arctic Code Vault Contributor"
    },
    {
      "src": "https://github.githubassets.com/assets/pull-shark-default-498c279a747d.png",
      "alt": "Achievement: Pull Shark"
    },
    {
      "src": "https://github.githubassets.com/assets/arctic-code-vault-contributor-default-df8d74122a06.png",
      "alt": "Achievement: Arctic Code Vault Contributor"
    }
  ]
}