{
  "title": "Vatsal Baherwani \u2013 Medium",
  "meta_description": "Read writing from Vatsal Baherwani on Medium. My personal page: https://vatsal0.github.io/. Every day, Vatsal Baherwani and thousands of other voices read, write, and share important stories on Medium.",
  "main_content": "Vatsal Baherwani 2 Followers Gradient Descent: How AI \u201clearns\u201d This general mathematical concept underlies all of modern AI Nov 20, 2024 Nov 20, 2024 AI-Proofing Education AI won\u2019t replace humans, as long as we focus on playing to our strengths. Jul 17, 2024 Jul 17, 2024 Chasing Passion is a Myth You won\u2019t find it anywhere else but within yourself. Jun 15, 2024 Jun 15, 2024",
  "links": [
    {
      "url": "https://rsci.app.link/?%24canonical_url=https%3A%2F%2Fmedium.com%2F%40vatsalbaherwani&%7Efeature=LoOpenInAppButton&%7Echannel=ShowUser&source=---two_column_layout_nav-----------------------------------------",
      "text": "Open in app"
    },
    {
      "url": "/m/signin?operation=login&redirect=https%3A%2F%2Fmedium.com%2F%40vatsalbaherwani&source=user_profile_page---two_column_layout_nav-----------------------global_nav------------------",
      "text": "Sign in"
    },
    {
      "url": "/?source=---two_column_layout_nav-----------------------------------------",
      "text": ""
    },
    {
      "url": "/m/signin?operation=register&redirect=https%3A%2F%2Fmedium.com%2Fnew-story&source=---two_column_layout_nav-----------------------new_post_topnav------------------",
      "text": "Write"
    },
    {
      "url": "/search?source=---two_column_layout_nav-----------------------------------------",
      "text": ""
    },
    {
      "url": "/m/signin?operation=login&redirect=https%3A%2F%2Fmedium.com%2F%40vatsalbaherwani&source=user_profile_page---two_column_layout_nav-----------------------global_nav------------------",
      "text": "Sign in"
    },
    {
      "url": "/@vatsalbaherwani/followers?source=user_profile_page----------------------7f56add12bef----------------------",
      "text": "2 Followers"
    },
    {
      "url": "/@vatsalbaherwani/gradient-descent-how-ai-learns-d71d06fcd300?source=user_profile_page---------0-------------7f56add12bef----------------------",
      "text": "Gradient Descent: How AI \u201clearns\u201dThis general mathematical concept underlies all of modern AI"
    },
    {
      "url": "/@vatsalbaherwani/gradient-descent-how-ai-learns-d71d06fcd300?source=user_profile_page---------0-------------7f56add12bef----------------------",
      "text": ""
    },
    {
      "url": "/m/signin?actionUrl=https%3A%2F%2Fmedium.com%2F_%2Fbookmark%2Fp%2Fd71d06fcd300&operation=register&redirect=https%3A%2F%2Fmedium.com%2F%40vatsalbaherwani%2Fgradient-descent-how-ai-learns-d71d06fcd300&source=---------0-------------7f56add12bef----bookmark_preview------------------",
      "text": ""
    },
    {
      "url": "/@vatsalbaherwani/gradient-descent-how-ai-learns-d71d06fcd300?source=user_profile_page---------0-------------7f56add12bef----------------------",
      "text": ""
    },
    {
      "url": "/m/signin?actionUrl=https%3A%2F%2Fmedium.com%2F_%2Fbookmark%2Fp%2Fd71d06fcd300&operation=register&redirect=https%3A%2F%2Fmedium.com%2F%40vatsalbaherwani%2Fgradient-descent-how-ai-learns-d71d06fcd300&source=---------0-------------7f56add12bef----bookmark_preview------------------",
      "text": ""
    },
    {
      "url": "/@vatsalbaherwani/ai-proofing-education-0e69ff634e35?source=user_profile_page---------1-------------7f56add12bef----------------------",
      "text": "AI-Proofing EducationAI won\u2019t replace humans, as long as we focus on playing to our strengths."
    },
    {
      "url": "/@vatsalbaherwani/ai-proofing-education-0e69ff634e35?source=user_profile_page---------1-------------7f56add12bef----------------------",
      "text": ""
    },
    {
      "url": "/m/signin?actionUrl=https%3A%2F%2Fmedium.com%2F_%2Fbookmark%2Fp%2F0e69ff634e35&operation=register&redirect=https%3A%2F%2Fmedium.com%2F%40vatsalbaherwani%2Fai-proofing-education-0e69ff634e35&source=---------1-------------7f56add12bef----bookmark_preview------------------",
      "text": ""
    },
    {
      "url": "/@vatsalbaherwani/ai-proofing-education-0e69ff634e35?source=user_profile_page---------1-------------7f56add12bef----------------------",
      "text": ""
    },
    {
      "url": "/m/signin?actionUrl=https%3A%2F%2Fmedium.com%2F_%2Fbookmark%2Fp%2F0e69ff634e35&operation=register&redirect=https%3A%2F%2Fmedium.com%2F%40vatsalbaherwani%2Fai-proofing-education-0e69ff634e35&source=---------1-------------7f56add12bef----bookmark_preview------------------",
      "text": ""
    },
    {
      "url": "/@vatsalbaherwani/chasing-passion-is-a-myth-37ed7d0f4235?source=user_profile_page---------2-------------7f56add12bef----------------------",
      "text": "Chasing Passion is a MythYou won\u2019t find it anywhere else but within yourself."
    },
    {
      "url": "/@vatsalbaherwani/chasing-passion-is-a-myth-37ed7d0f4235?source=user_profile_page---------2-------------7f56add12bef----------------------",
      "text": ""
    },
    {
      "url": "/m/signin?actionUrl=https%3A%2F%2Fmedium.com%2F_%2Fbookmark%2Fp%2F37ed7d0f4235&operation=register&redirect=https%3A%2F%2Fmedium.com%2F%40vatsalbaherwani%2Fchasing-passion-is-a-myth-37ed7d0f4235&source=---------2-------------7f56add12bef----bookmark_preview------------------",
      "text": ""
    },
    {
      "url": "/@vatsalbaherwani/chasing-passion-is-a-myth-37ed7d0f4235?source=user_profile_page---------2-------------7f56add12bef----------------------",
      "text": ""
    },
    {
      "url": "/m/signin?actionUrl=https%3A%2F%2Fmedium.com%2F_%2Fbookmark%2Fp%2F37ed7d0f4235&operation=register&redirect=https%3A%2F%2Fmedium.com%2F%40vatsalbaherwani%2Fchasing-passion-is-a-myth-37ed7d0f4235&source=---------2-------------7f56add12bef----bookmark_preview------------------",
      "text": ""
    },
    {
      "url": "/@vatsalbaherwani/followers?source=user_profile_page---user_sidebar-------------------7f56add12bef----------------------",
      "text": "2 Followers"
    },
    {
      "url": "https://vatsal0.github.io/",
      "text": "https://vatsal0.github.io/"
    },
    {
      "url": "/m/signin?actionUrl=%2F_%2Fapi%2Fusers%2F7f56add12bef%2Flazily-enable-writer-subscription&operation=register&redirect=https%3A%2F%2Fmedium.com%2F%40vatsalbaherwani&user=Vatsal+Baherwani&userId=7f56add12bef&source=---user_sidebar-------------------7f56add12bef----subscribe_user------------------",
      "text": ""
    },
    {
      "url": "https://help.medium.com/hc/en-us?source=user_profile_page---user_sidebar-------------------7f56add12bef----------------------",
      "text": "Help"
    },
    {
      "url": "https://medium.statuspage.io/?source=user_profile_page---user_sidebar-------------------7f56add12bef----------------------",
      "text": "Status"
    },
    {
      "url": "/about?autoplay=1&source=user_profile_page---user_sidebar-------------------7f56add12bef----------------------",
      "text": "About"
    },
    {
      "url": "/jobs-at-medium/work-at-medium-959d1a85284e?source=user_profile_page---user_sidebar-------------------7f56add12bef----------------------",
      "text": "Careers"
    },
    {
      "url": "mailto:pressinquiries@medium.com",
      "text": "Press"
    },
    {
      "url": "https://blog.medium.com/?source=user_profile_page---user_sidebar-------------------7f56add12bef----------------------",
      "text": "Blog"
    },
    {
      "url": "https://policy.medium.com/medium-privacy-policy-f03bf92035c9?source=user_profile_page---user_sidebar-------------------7f56add12bef----------------------",
      "text": "Privacy"
    },
    {
      "url": "https://policy.medium.com/medium-terms-of-service-9db0094a1e0f?source=user_profile_page---user_sidebar-------------------7f56add12bef----------------------",
      "text": "Terms"
    },
    {
      "url": "https://speechify.com/medium?source=user_profile_page---user_sidebar-------------------7f56add12bef----------------------",
      "text": "Text to speech"
    },
    {
      "url": "/business?source=user_profile_page---user_sidebar-------------------7f56add12bef----------------------",
      "text": "Teams"
    }
  ],
  "images": [
    {
      "src": "https://miro.medium.com/v2/resize:fill:64:64/1*dmbNkD5D-u45r44go_cf0g.png",
      "alt": ""
    },
    {
      "src": "https://miro.medium.com/v2/resize:fill:96:96/0*Jzj-yeMqOQZQAlFw",
      "alt": "Vatsal Baherwani"
    },
    {
      "src": "https://miro.medium.com/v2/resize:fill:160:106/0*eKveHKXiIbsSmeJQ.png",
      "alt": "Gradient Descent: How AI \u201clearns\u201d"
    },
    {
      "src": "https://miro.medium.com/v2/resize:fill:320:214/0*eKveHKXiIbsSmeJQ.png",
      "alt": "Gradient Descent: How AI \u201clearns\u201d"
    },
    {
      "src": "https://miro.medium.com/v2/da:true/resize:fill:160:106/0*vFcPqDOJVVhhOPXz",
      "alt": "AI-Proofing Education"
    },
    {
      "src": "https://miro.medium.com/v2/da:true/resize:fill:320:214/0*vFcPqDOJVVhhOPXz",
      "alt": "AI-Proofing Education"
    },
    {
      "src": "https://miro.medium.com/v2/resize:fill:160:106/1*4CtRrQG3WWi0jEncxDg1rQ.png",
      "alt": "Chasing Passion is a Myth"
    },
    {
      "src": "https://miro.medium.com/v2/resize:fill:320:214/1*4CtRrQG3WWi0jEncxDg1rQ.png",
      "alt": "Chasing Passion is a Myth"
    },
    {
      "src": "https://miro.medium.com/v2/da:true/resize:fill:176:176/0*Jzj-yeMqOQZQAlFw",
      "alt": "Vatsal Baherwani"
    }
  ]
}