[
  {
    "fullName": "Zeyneb Kaya",
    "linkedin_internal_id": "821267446",
    "first_name": "Zeyneb",
    "last_name": "Kaya",
    "public_identifier": "zeyneb-kaya",
    "background_cover_image_url": "https://static.licdn.com/aero-v1/sc/h/5q92mjc5c51bjlwaj3rs9aa82",
    "profile_photo": "https://media.licdn.com/dms/image/v2/D5603AQEi8fKQahmGtg/profile-displayphoto-shrink_200_200/profile-displayphoto-shrink_200_200/0/1690337858570?e=2147483647&v=beta&t=BTSlMq9TxiLQWJvcQ_FTX7rWmsDAroNBU8k_LBxsRiQ",
    "headline": "CS @ Stanford | STS Top 5 Winner \u201824 | Coke Scholar \u201824 | NJSHS \u201823 | NCWIT AiC \u201823",
    "location": "1K followers\n          \n              500+ connections",
    "followers": "Issued Jun 2021",
    "connections": "Issued Jun 2021",
    "about": "I\u2019m a researcher in AI interested in understanding and advancing NLP algorithms; my work broadly explores areas in data efficiency and interpretability toward furthering the robust reasoning capabilities of algorithms beyond shallow pattern memorization. I\u2019m always looking to discuss interesting ideas and opportunities\u2014please reach out!",
    "experience": [
      {
        "position": "Research Intern",
        "company_url": "https://www.linkedin.com/school/stanford-university/?trk=public_profile_experience-item_profile-section-card_subtitle-click",
        "company_image": "https://media.licdn.com/dms/image/v2/C560BAQHr9suxyJBXMw/company-logo_100_100/company-logo_100_100/0/1635534378870/stanford_university_logo?e=2147483647&v=beta&t=ZvB25L95o9w4q9drvsWxGcM49tX66Cf5LsLAxYp8rSs",
        "company_name": "Stanford University",
        "location": null,
        "summary": "",
        "starts_at": "Sep 2021",
        "ends_at": "2024",
        "duration": "3 years"
      },
      {
        "position": "Research Intern",
        "company_url": "https://www.linkedin.com/school/san-jose-state-university/?trk=public_profile_experience-item_profile-section-card_subtitle-click",
        "company_image": "https://media.licdn.com/dms/image/v2/D560BAQH2XPEu-_xgrg/company-logo_100_100/company-logo_100_100/0/1688401344849/san_jose_state_university_logo?e=2147483647&v=beta&t=gWc-O5l-AodFFJtx9R9yTgYxAi1lr5TYEUuN8GdjUFg",
        "company_name": "San Jose State University",
        "location": null,
        "summary": "",
        "starts_at": "Sep 2021",
        "ends_at": "2024",
        "duration": "3 years"
      },
      {
        "position": "Founder and President",
        "company_url": "https://www.linkedin.com/company/romeyka-everlasting?trk=public_profile_experience-item_profile-section-card_subtitle-click",
        "company_image": "https://media.licdn.com/dms/image/v2/D560BAQE7PteuNcD3Lw/company-logo_100_100/company-logo_100_100/0/1690339937292?e=2147483647&v=beta&t=zBszCJBYAH1dBIF-TBinyMo7hppCcBUZlJnwcgdwKIs",
        "company_name": "Romeyka Everlasting",
        "location": null,
        "summary": "",
        "starts_at": "Sep 2021",
        "ends_at": "2024",
        "duration": "3 years"
      }
    ],
    "education": [
      {
        "college_url": "https://www.linkedin.com/school/stanford-university/?trk=public_profile_school_profile-section-card_image-click",
        "college_name": "Stanford University",
        "college_image": "https://media.licdn.com/dms/image/v2/C560BAQHr9suxyJBXMw/company-logo_100_100/company-logo_100_100/0/1635534378870/stanford_university_logo?e=2147483647&v=beta&t=ZvB25L95o9w4q9drvsWxGcM49tX66Cf5LsLAxYp8rSs",
        "college_degree": "",
        "college_degree_field": null,
        "college_duration": "2024 - 2028",
        "college_activity": ""
      },
      {
        "college_url": "https://www.linkedin.com/school/saratoga-high-school/?trk=public_profile_school_profile-section-card_image-click",
        "college_name": "Saratoga High School",
        "college_image": "https://media.licdn.com/dms/image/v2/C560BAQHGH7YR4G9UxQ/company-logo_100_100/company-logo_100_100/0/1631383068349?e=2147483647&v=beta&t=4Vb1SC1b2hJa5QdNXpOokTq0YxJgKq7V0Gd0_SMxw6M",
        "college_degree": "",
        "college_degree_field": null,
        "college_duration": "2020 - 2024",
        "college_activity": "Bausch and Lomb Honorary Science Award, University of RochesterNational Merit FinalistAP Scholar with Distinction"
      },
      {
        "college_url": "https://www.linkedin.com/school/west-valley-college/?trk=public_profile_school_profile-section-card_image-click",
        "college_name": "West Valley College",
        "college_image": "https://media.licdn.com/dms/image/v2/C4E0BAQGaGCoEWv5rFw/company-logo_100_100/company-logo_100_100/0/1630573130270/west_valley_college_logo?e=2147483647&v=beta&t=HljCQpBd7TKGGSe82ngoNValnSrAkOyfvguwDFKUAj8",
        "college_degree": "",
        "college_degree_field": null,
        "college_duration": " - ",
        "college_activity": "Dual Enrollment - Differential Equations, Multivariable Calculus, Linear Algebra, Cultural Anthropology GPA: 4.00"
      }
    ],
    "articles": [],
    "description": {
      "description1": "Stanford University",
      "description1_link": "https://www.linkedin.com/school/stanford-university/?trk=public_profile_topcard-current-company",
      "description2": "Stanford University",
      "description2_link": "https://www.linkedin.com/school/stanford-university/?trk=public_profile_topcard-school",
      "description3": "Personal Website",
      "description3_link": "https://www.linkedin.com/redir/redirect?url=https%3A%2F%2Fwww%2Ezeynebnk%2Ecom%2F&urlhash=Sm1m&trk=public_profile_topcard-website"
    },
    "activities": [],
    "volunteering": [
      {
        "company_url": "https://www.linkedin.com/company/women-in-data-science-worldwide?trk=public_profile_volunteering-position_profile-section-card_image-click",
        "company_position": "Ambassador",
        "company_name": "Women in Data Science (WiDS) Worldwide",
        "company_duration": "",
        "starts_at": "Mar 2022",
        "ends_at": "Present"
      }
    ],
    "certification": [
      {
        "company_image": "https://media.licdn.com/dms/image/v2/C4D0BAQGexnfBxeEG-g/company-logo_100_100/company-logo_100_100/0/1630530042036/coursera_logo?e=2147483647&v=beta&t=aHl55JZmApxMr1IUyZ8nHvqhyeYIqBPC136YCXMufm0",
        "certification": "Natural Language Processing | Specialization",
        "company_url": "https://www.linkedin.com/company/coursera?trk=public_profile_profile-section-card_image-click",
        "company_name": "Coursera",
        "issue_date": "Issued Jun 2021",
        "credential_id": "Credential ID DNRZ7JECXZFS",
        "credential_url": "https://coursera.org/share/64231b09b08c120ff74dae81abad3068?trk=public_profile_see-credential"
      },
      {
        "company_image": "https://media.licdn.com/dms/image/v2/C4D0BAQGexnfBxeEG-g/company-logo_100_100/company-logo_100_100/0/1630530042036/coursera_logo?e=2147483647&v=beta&t=aHl55JZmApxMr1IUyZ8nHvqhyeYIqBPC136YCXMufm0",
        "certification": "Natural Language Processing with Attention Models",
        "company_url": "https://www.linkedin.com/company/coursera?trk=public_profile_profile-section-card_image-click",
        "company_name": "Coursera",
        "issue_date": "Issued Jun 2021",
        "credential_id": "Credential ID 8K9JB7ESTEWJ",
        "credential_url": "https://coursera.org/share/ba71c73d746596adbcbbcdeeb8d26609?trk=public_profile_see-credential"
      },
      {
        "company_image": "https://media.licdn.com/dms/image/v2/C4D0BAQGexnfBxeEG-g/company-logo_100_100/company-logo_100_100/0/1630530042036/coursera_logo?e=2147483647&v=beta&t=aHl55JZmApxMr1IUyZ8nHvqhyeYIqBPC136YCXMufm0",
        "certification": "Natural Language Processing with Classification and Vector Spaces",
        "company_url": "https://www.linkedin.com/company/coursera?trk=public_profile_profile-section-card_image-click",
        "company_name": "Coursera",
        "issue_date": "Issued Jun 2021",
        "credential_id": "Credential ID EKGDVUVS2M2M",
        "credential_url": "https://www.coursera.org/account/accomplishments/certificate/EKGDVUVS2M2M?trk=public_profile_see-credential"
      },
      {
        "company_image": "https://media.licdn.com/dms/image/v2/C4D0BAQGexnfBxeEG-g/company-logo_100_100/company-logo_100_100/0/1630530042036/coursera_logo?e=2147483647&v=beta&t=aHl55JZmApxMr1IUyZ8nHvqhyeYIqBPC136YCXMufm0",
        "certification": "Natural Language Processing with Probabilistic Models",
        "company_url": "https://www.linkedin.com/company/coursera?trk=public_profile_profile-section-card_image-click",
        "company_name": "Coursera",
        "issue_date": "Issued Jun 2021",
        "credential_id": "Credential ID ZV2LNRW2Q2V8",
        "credential_url": "https://www.coursera.org/account/accomplishments/certificate/ZV2LNRW2Q2V8?trk=public_profile_see-credential"
      },
      {
        "company_image": "https://media.licdn.com/dms/image/v2/C4D0BAQGexnfBxeEG-g/company-logo_100_100/company-logo_100_100/0/1630530042036/coursera_logo?e=2147483647&v=beta&t=aHl55JZmApxMr1IUyZ8nHvqhyeYIqBPC136YCXMufm0",
        "certification": "Natural Language Processing with Sequence Models",
        "company_url": "https://www.linkedin.com/company/coursera?trk=public_profile_profile-section-card_image-click",
        "company_name": "Coursera",
        "issue_date": "Issued Jun 2021",
        "credential_id": "Credential ID 7JCUVGSDBP5M",
        "credential_url": "https://www.coursera.org/account/accomplishments/verify/7JCUVGSDBP5M?trk=public_profile_see-credential"
      },
      {
        "company_image": "https://static.licdn.com/aero-v1/sc/h/cs8pjfgyw96g44ln9r7tct85f",
        "certification": "NLP - Natural Language Processing with Python",
        "company_url": "ude.my/UC-e60d1bcc-5d12-4498-ac57-d9e0860e21e2?trk=public_profile_certification-title",
        "company_name": "Udemy",
        "issue_date": "Issued May 2021",
        "credential_id": "Credential ID UC-e60d1bcc-5d12-4498-ac57-d9e0860e21e2",
        "credential_url": "ude.my/UC-e60d1bcc-5d12-4498-ac57-d9e0860e21e2?trk=public_profile_see-credential"
      },
      {
        "company_image": "https://static.licdn.com/aero-v1/sc/h/cs8pjfgyw96g44ln9r7tct85f",
        "certification": "Python for Computer Vision with OpenCV and Deep Learning",
        "company_url": "http://ude.my/UC-9566088c-b772-4ee6-a4fe-e4872fcfd4df?trk=public_profile_certification-title",
        "company_name": "udemy",
        "issue_date": "Issued Aug 2020",
        "credential_id": "Credential ID UC-9566088c-b772-4ee6-a4fe-e4872fcfd4df",
        "credential_url": "http://ude.my/UC-9566088c-b772-4ee6-a4fe-e4872fcfd4df?trk=public_profile_see-credential"
      },
      {
        "company_image": "https://static.licdn.com/aero-v1/sc/h/cs8pjfgyw96g44ln9r7tct85f",
        "certification": "Python for Data Science and Machine Learning",
        "company_url": "http://ude.my/UC-02fc1da4-3372-4a92-8284-f642ec21083b?trk=public_profile_certification-title",
        "company_name": "udemy",
        "issue_date": "Issued Aug 2020",
        "credential_id": "Credential ID UC-02fc1da4-3372-4a92-8284-f642ec21083b",
        "credential_url": "http://ude.my/UC-02fc1da4-3372-4a92-8284-f642ec21083b?trk=public_profile_see-credential"
      }
    ],
    "people_also_viewed": [
      {
        "link": "https://www.linkedin.com/in/arth-vid?trk=public_profile_browsemap-profile",
        "name": "Arth Vidyarthi",
        "summary": "",
        "location": "Austin, TX"
      },
      {
        "link": "https://www.linkedin.com/in/drue-staples-65b206182?trk=public_profile_browsemap-profile",
        "name": "Drue Staples",
        "summary": "",
        "location": "Lowell, IN"
      },
      {
        "link": "https://www.linkedin.com/in/shahjay22?trk=public_profile_browsemap-profile",
        "name": "Jay Shah",
        "summary": "",
        "location": "Tempe, AZ"
      },
      {
        "link": "https://ca.linkedin.com/in/jeff-clune-56403a26?trk=public_profile_browsemap-profile",
        "name": "Jeff Clune",
        "summary": "",
        "location": "Vancouver, BC"
      },
      {
        "link": "https://www.linkedin.com/in/hengyuliu?trk=public_profile_browsemap-profile",
        "name": "Henry Liu",
        "summary": "",
        "location": "Cupertino, CA"
      },
      {
        "link": "https://www.linkedin.com/in/yanning-liu-cmu?trk=public_profile_browsemap-profile",
        "name": "Yanning Liu",
        "summary": "",
        "location": "Mountain View, CA"
      },
      {
        "link": "https://www.linkedin.com/in/jeremieosaghaenosa?trk=public_profile_browsemap-profile",
        "name": "Jeremie O.",
        "summary": "",
        "location": "United States"
      },
      {
        "link": "https://www.linkedin.com/in/hamzatazib?trk=public_profile_browsemap-profile",
        "name": "Hamza Tazi",
        "summary": "",
        "location": "New York, NY"
      },
      {
        "link": "https://www.linkedin.com/in/christopherhimmel?trk=public_profile_browsemap-profile",
        "name": "Christopher Himmel",
        "summary": "",
        "location": "Tampa, FL"
      },
      {
        "link": "https://www.linkedin.com/in/dalianaliu?trk=public_profile_browsemap-profile",
        "name": "Daliana Liu",
        "summary": "Helping 100 Tech Leaders Build Influence at Work & Online, Ex-Amazon Senior Data Scientist",
        "location": "San Francisco, CA"
      },
      {
        "link": "https://www.linkedin.com/in/joeddav?trk=public_profile_browsemap-profile",
        "name": "Joe Davison",
        "summary": "",
        "location": "Lehi, UT"
      },
      {
        "link": "https://www.linkedin.com/in/vidyasagarr7?trk=public_profile_browsemap-profile",
        "name": "Vidyasagar R.",
        "summary": "",
        "location": "San Francisco, CA"
      },
      {
        "link": "https://www.linkedin.com/in/gengjason?trk=public_profile_browsemap-profile",
        "name": "Jason Geng",
        "summary": "",
        "location": "Los Angeles Metropolitan Area"
      },
      {
        "link": "https://www.linkedin.com/in/aditya8100?trk=public_profile_browsemap-profile",
        "name": "Aditya Deepak",
        "summary": "",
        "location": "Austin, TX"
      },
      {
        "link": "https://www.linkedin.com/in/peter-jablin-531ab21a0?trk=public_profile_browsemap-profile",
        "name": "Peter Jablin",
        "summary": "Organizer and Advocate",
        "location": "New York City Metropolitan Area"
      },
      {
        "link": "https://www.linkedin.com/in/billliu1202?trk=public_profile_browsemap-profile",
        "name": "Bill Liu",
        "summary": "",
        "location": "Seattle, WA"
      },
      {
        "link": "https://www.linkedin.com/in/pratyaksh?trk=public_profile_browsemap-profile",
        "name": "Pratyaksh Sharma",
        "summary": "",
        "location": "San Francisco, CA"
      },
      {
        "link": "https://ca.linkedin.com/in/xinshuoweng?trk=public_profile_browsemap-profile",
        "name": "Xinshuo Weng",
        "summary": "",
        "location": "Toronto, ON"
      },
      {
        "link": "https://www.linkedin.com/in/hongtaocai?trk=public_profile_browsemap-profile",
        "name": "James Cai",
        "summary": "",
        "location": "New York, NY"
      }
    ],
    "similar_profiles": [
      {
        "link": "https://tr.linkedin.com/in/zeynep-asl%C4%B1-kaya-0b2a121b4?trk=public_profile_samename-profile",
        "name": "Zeynep Asl\u0131 Kaya",
        "summary": "Psychology Study at MEF University",
        "location": "Sar\u0131yer"
      },
      {
        "link": "https://tr.linkedin.com/in/zeyneb-kaya-aab309232?trk=public_profile_samename-profile",
        "name": "Zeyneb Kaya",
        "summary": "--",
        "location": "Kilis"
      },
      {
        "link": "https://www.linkedin.com/in/zeyneb-kaya-8a8372336?trk=public_profile_samename-profile",
        "name": "Zeyneb Kaya",
        "summary": "--",
        "location": "Stanford, CA"
      },
      {
        "link": "https://tr.linkedin.com/in/zeyneb-kaya-a9657730b?trk=public_profile_samename-profile",
        "name": "Zeyneb Kaya",
        "summary": "--",
        "location": "\u0130zmir"
      }
    ],
    "recommendations": [],
    "publications": [
      {
        "name": "Decoding Large-Language Models: A Systematic Overview of Socio-Technical Impacts, Constraints, and Emerging Questions",
        "sub_title": "September 25, 2024",
        "summary": "",
        "date": "September 25, 2024"
      },
      {
        "name": "Full Scope Word Embedding Variability for Low-Resource Languages",
        "sub_title": "IEEE MIT URTC",
        "summary": "",
        "date": "October 8, 2023"
      },
      {
        "name": "Measuring the Impact of Data Augmentation Methods for Extremely Low-Resource NMT",
        "sub_title": "LoResMT @ EACL",
        "summary": "",
        "date": "May 6, 2023"
      },
      {
        "name": "The Pervasiveness of Language Contact: Evidence from Negative Existentials in Romeyka/Turkish Code-Switching",
        "sub_title": "Proceedings of the Linguistic Society of America",
        "summary": "",
        "date": "April 20, 2023"
      },
      {
        "name": "MADLIBS: A Novel Multilingual Data Augmentation Algorithm for Low-Resource Neural Machine Translation",
        "sub_title": "March 17, 2023",
        "summary": "",
        "date": "March 17, 2023"
      },
      {
        "name": "What You Say is What You Think: An Analysis of Intellectual Humility in Online Discussion Forums",
        "sub_title": "July 8, 2022",
        "summary": "",
        "date": "July 8, 2022"
      },
      {
        "name": "An Artificial Intelligence Model in Rheumatology: Interpretation of the Sacroiliac Joint Graphy in Ankylosing Spondylitis",
        "sub_title": "Annals of the Rheumatic Diseases",
        "summary": "",
        "date": "January 22, 2021"
      },
      {
        "name": "Language Models\u2019 Understanding of Agglutinative Morphology",
        "sub_title": "",
        "summary": "",
        "date": ""
      },
      {
        "name": "Women in the Workplace: Analyzing Gender Biases in Corporate Email Communications",
        "sub_title": "International Conference on Computational Social Science",
        "summary": "",
        "date": ""
      }
    ],
    "courses": [],
    "languages": [
      {
        "name": "English",
        "level": "Native or bilingual proficiency"
      },
      {
        "name": "Turkish",
        "level": "Native or bilingual proficiency"
      },
      {
        "name": "Chinese",
        "level": "Limited working proficiency"
      }
    ],
    "organizations": [],
    "projects": [],
    "awards": [
      {
        "name": "Regeneron Science Talent Search 5th Place / $90K Winner",
        "organization": "Society of Science",
        "duration": "Jan 2024",
        "summary": ""
      },
      {
        "name": "Coca Cola Scholar",
        "organization": "Coca Cola Foundation",
        "duration": "2024",
        "summary": "The Coca-Cola Scholars Program scholarship is an achievement-based scholarship awarded to students in their final year of high school. Students are recognized for their capacity to lead and serve, as well as their commitment to making a significant impact on their schools and communities.Selected as one of 150 scholars of the 103,000+ applicants receiving a scholarship and trip."
      },
      {
        "name": "NCWIT Collegiate Award Finalist",
        "organization": "-",
        "duration": "",
        "summary": ""
      },
      {
        "name": "(College Awards)",
        "organization": "-",
        "duration": "",
        "summary": "Yale YES Scholar / Likely Recipient + Hanh ScholarColumbia Egleston Scholar / Likely Recipient Cornell Hunter R. Rawlings III Presidential Research ScholarUC Berkeley EECS Regent\u2019s and Chancellors Scholar"
      },
      {
        "name": "(Olympiads)",
        "organization": "-",
        "duration": "",
        "summary": "Online Linguistics Olympiad - [10th Place, 1st in USA 2023]North American Computational Linguistics Olympiad (NACLO) - [Invitational Round Qualifier 2023]"
      },
      {
        "name": "(Project Awards)",
        "organization": "-",
        "duration": "",
        "summary": "RISE Global Challenge - [Finalist 2023]Stanford Women in Data Science (WiDS) Datathon - [Top High School Winner 2023]Congressional App Challenge - [1st Place Winner 2022]Technovation Global Challenge - [Semifinalist 2021]"
      },
      {
        "name": "(Research Awards)",
        "organization": "-",
        "duration": "",
        "summary": "National Junior Science and Humanities Symposium (NJSHS) - [Honorable Mention Math/CS 2023]Junior Science and Humanities Symposium (JSHS) - [National Qualifier (Top 5), 2nd Math/CS 2023]Synopsys Science Fair - [1st Award, CSEF Qualifier (unable to compete due to commitments at NJSHS) 2023]"
      },
      {
        "name": "NCWIT Aspirations in Computing National Winner",
        "organization": "-",
        "duration": "",
        "summary": "National Award Winner + Regional Affiliate Winner, 2023"
      },
      {
        "name": "TreeHacks 2025 Prize Winner",
        "organization": "-",
        "duration": "",
        "summary": "Won Scrapybara Sponsored Award (valued $16K) at world's largest collegiate hackathon."
      },
      {
        "name": "U.S. Presidential Scholar Semifinalist",
        "organization": "U.S. Department of Education",
        "duration": "",
        "summary": ""
      }
    ],
    "score": []
  }
]