{
    "id": "d-gautam",
    "name": "Dhruv Gautam",
    "profile_pic": "https://media.licdn.com/dms/image/v2/D5603AQHMMEKvDU1JPg/profile-displayphoto-shrink_200_200/profile-displayphoto-shrink_200_200/0/1682291633129?e=2147483647&v=beta&t=2Xe1Y2PLeOWA96vsYsPAF4Na5Q_gsDvQZzL4JS9-Z5Q",
    "contacts": [
        "3K followers",
        "500+ connections"
    ],
    "links": [
        "dhruvji.github.io"
    ],
    "short_description": "Computer Science student at UC Berkeley with research experience in AI safety and interpretability. Currently a researcher at Berkeley Artificial Intelligence Research (BAIR) and a research intern at Microsoft, focusing on agents and post-training methods.",
    "long_description": "Dhruv Gautam is a Computer Science student at the University of California, Berkeley, expected to graduate in 2025. He is currently a researcher at Berkeley Artificial Intelligence Research (BAIR) focusing on interpretability and safety, and a research intern at Microsoft working on agents and post-training methods with publications at ICLR 2025 and NeurIPS 2024.\n\nHis research experience includes work at Berkeley RISE Lab under both the Crooks Lab and Stoica Lab. Dhruv has also served as course staff for CS70 at UC Berkeley's EECS department.\n\nBeyond his academic pursuits, Dhruv is actively involved in several campus organizations. He contributes to Launchpad (UC Berkeley) in ML Engineering and Education, and participates in Blockchain at Berkeley in Research, Governance, and Finance roles. He has also volunteered with the Berkeley Math Tournament.\n\nDhruv has received multiple recognitions including AIME Qualification four times from the Mathematical Association of America, the ASDRP Award for Excellence in Research, and The Leadership Award from the Cal Alumni Association.\n\nHe is multilingual, with native proficiency in English and Hindi, and professional working proficiency in Spanish."
}