{
    "id": "shaurya-agrawal-132478225",
    "name": "Shaurya Agrawal",
    "profile_pic": "https://static.licdn.com/aero-v1/sc/h/9c8pery4andzj6ohjkjp54ma2",
    "contacts": [
        "117 followers",
        "117 connections"
    ],
    "links": [
        "https://www.linkedin.com/in/shaurya-agrawal-132478225"
    ],
    "short_description": "Computer Science and Physics student at MIT with a background in scientific research. Participated in prestigious programs including Research Science Institute (RSI) and Intel International Science and Engineering Fair (ISEF).",
    "long_description": "Shaurya Agrawal is a first-year undergraduate student at the Massachusetts Institute of Technology (MIT), pursuing a Bachelor's degree in Computer Science and Physics (2024-2028). Prior to MIT, he graduated from Stevenson High School in Lincolnshire, IL (2020-2024).\n\nShaurya has demonstrated exceptional academic achievements and research capabilities, as evidenced by his participation in prestigious programs including the Research Science Institute (RSI) in 2023 and the Intel International Science and Engineering Fair (ISEF) in both 2022 and 2024. He was also part of the ZFellows program in 2023.\n\nHis LinkedIn activity suggests interests in artificial intelligence, quantum computing, and scientific research. He has engaged with content from various research institutions and technology companies, including MIT, Stanford, OpenAI, and Apple. His activity also indicates involvement with the Womanium Quantum program, suggesting an interest in quantum computing education and outreach.\n\nIn 2023, Shaurya was recognized as a BioGENEius winner, as mentioned in one of the posts he engaged with, indicating achievements in biotechnology research. His diverse interests span computer science, physics, quantum computing, and biotechnology, positioning him at the intersection of multiple cutting-edge scientific fields."
}