{
    "id": "vishal-nandakumar-751715352",
    "name": "Vishal Nandakumar",
    "profile_pic": "https://static.licdn.com/aero-v1/sc/h/9c8pery4andzj6ohjkjp54ma2",
    "contacts": [],
    "links": [
        "https://www.linkedin.com/in/vishal-nandakumar-751715352"
    ],
    "short_description": "Vishal Nandakumar is a student at Massachusetts Institute of Technology (MIT), pursuing his education from 2024 to 2027. He previously graduated from Thomas Jefferson High School for Science and Technology with a High School Diploma (2020-2024).",
    "long_description": "Vishal Nandakumar is currently enrolled as a student at the Massachusetts Institute of Technology (MIT), where he began his studies in 2024 and is expected to graduate in 2027. Prior to attending MIT, Vishal completed his high school education at Thomas Jefferson High School for Science and Technology, a prestigious STEM-focused high school, where he earned his High School Diploma between 2020 and 2024. As a recent high school graduate now attending one of the world's leading technical institutions, Vishal is at the beginning of his higher education journey. His LinkedIn profile does not currently list any work experience, volunteering activities, or specific projects, suggesting he is focused on his academic pursuits at MIT."
}