{
    "id": "vivan-madan-58682032a",
    "name": "Vivan Madan",
    "profile_pic": "https://media.licdn.com/dms/image/v2/D5603AQFoF-XDX1JAVw/profile-displayphoto-shrink_100_100/profile-displayphoto-shrink_100_100/0/1726942288279?e=2147483647&v=beta&t=wTJbBkPGneHFJGI13DmMz2oM2q1Ss06JbkxBWqoCR94",
    "contacts": [
        "LinkedIn: https://www.linkedin.com/in/vivan-madan-58682032a"
    ],
    "links": [
        "https://www.linkedin.com/in/vivan-madan-58682032a"
    ],
    "short_description": "Vivan Madan is a Computer Science and Mathematics student at the University of Maryland. He is currently pursuing his undergraduate degree from 2024 to 2028.",
    "long_description": "Vivan Madan is currently pursuing a degree in Computer Science and Mathematics at the University of Maryland, with an expected graduation in 2028. He began his academic journey at UMD in 2024. According to his LinkedIn profile, Vivan has 2 followers and 2 connections on the platform. While his profile doesn't contain extensive information about work experience, projects, or other activities at this time, he appears to be at the beginning of his academic career in the CS and Math fields."
}