{
    "id": "<UNKNOWN>",
    "name": "<UNKNOWN>",
    "profile_pic": "<UNKNOWN>",
    "contacts": [
        "<UNKNOWN>"
    ],
    "links": [
        "<UNKNOWN>"
    ],
    "short_description": "No information is available about this LinkedIn profile.",
    "long_description": "This LinkedIn profile appears to be empty or the data was not properly scraped. There is no available information about the person's experience, education, articles, description, activities, volunteering, certifications, or any other professional details. Without additional data, it's not possible to provide a meaningful summary of this individual's background, skills, or professional journey."
}