{
    "id": "nmovva",
    "name": "Neil Movva",
    "profile_pic": "https://static.licdn.com/aero-v1/sc/h/9c8pery4andzj6ohjkjp54ma2",
    "contacts": [
        "961 followers",
        "500+ connections"
    ],
    "links": [
        "https://www.linkedin.com/in/nmovva"
    ],
    "short_description": "Neil Movva is associated with Together AI and Stanford University. He was recognized as a 2014 Siemens Research Competition Individual Semifinalist for his research on periodontal ligament morphogenesis.",
    "long_description": "Neil Movva is a professional affiliated with Together AI and has an educational background from Stanford University. He has built a substantial network on LinkedIn with over 500 connections and 961 followers. In 2014, Neil was recognized as a Siemens Research Competition Individual Semifinalist for his research project titled \"Force Responsive Reconstruction: Characterizing the Morphogenesis of the Periodontal Ligament through Complementary Biomechanical and Histological Analysis.\" This award from the Siemens Foundation demonstrates his early interest and capability in scientific research. While his LinkedIn profile doesn't provide extensive details about his current role or complete professional history, his connection to Together AI suggests involvement in the artificial intelligence sector, and his Stanford education indicates a strong academic foundation."
}