{
    "id": "trishalaneeraj",
    "name": "Trishala Neeraj",
    "profile_pic": "https://media.licdn.com/dms/image/v2/C5603AQHH0b3sQewjQw/profile-displayphoto-shrink_200_200/profile-displayphoto-shrink_200_200/0/1525900725969?e=2147483647&v=beta&t=kyhSGHeCaXzb51IvUgXipIwWntEj5WDvpRspxhqp5H0",
    "contacts": [
        "LinkedIn: https://www.linkedin.com/in/trishalaneeraj"
    ],
    "links": [
        "Personal Website: https://trishalaneeraj.github.io/about/"
    ],
    "short_description": "Machine Learning Researcher and Engineer at CyberCube with a background from Cornell University. Skilled in various machine learning domains including computer vision and natural language processing.",
    "long_description": "Trishala Neeraj is a Machine Learning Researcher and Engineer at CyberCube, where she builds and implements machine learning solutions. She has an educational background from Cornell University, where she likely studied computer science or a related field based on her coursework. \n\nHer expertise spans multiple areas of machine learning and data science, as evidenced by her coursework in Computer Vision, Natural Language Processing, Machine Learning, Data Science, and Structured Prediction for NLP. She also has knowledge in Blockchains and Cryptocurrencies, Networks, Crowds and Markets, Modeling Under Uncertainty, and Startup Systems Design and Engineering.\n\nTrishala is bilingual, with native proficiency in both English and Hindi. She has built a professional network on LinkedIn with over 500 connections and has 1,000 followers, indicating her influence in her field. Her technical background and diverse coursework suggest she has a strong foundation in both theoretical and applied aspects of machine learning and artificial intelligence."
}