[
  {
    "fullName": "Max Forsey",
    "linkedin_internal_id": "787753343",
    "first_name": "Max",
    "last_name": "Forsey",
    "public_identifier": "max-forsey",
    "background_cover_image_url": "https://media.licdn.com/dms/image/v2/D5616AQGoFYtHv4bFEQ/profile-displaybackgroundimage-shrink_200_800/profile-displaybackgroundimage-shrink_200_800/0/1712608124868?e=2147483647&v=beta&t=TjL-yLRkLtqOUk5YOaLWdiOTp342D2z6ZgeYYSjibZo",
    "profile_photo": "https://media.licdn.com/dms/image/v2/D5603AQEsCTiNeqL98g/profile-displayphoto-shrink_200_200/profile-displayphoto-shrink_200_200/0/1726669369902?e=2147483647&v=beta&t=tkVY-kKR17R5Onw-DHMS40tTzCnLNzql3vaWf9LfmlI",
    "headline": "",
    "location": "808 followers\n          \n              500+ connections",
    "about": "I'm Max Forsey. I research artificial intelligence to understand the nature of\u2026",
    "experience": [],
    "education": [],
    "articles": [],
    "description": {
      "description1": "Perception Control and Cognition Lab",
      "description1_link": "https://www.linkedin.com/company/perception-control-and-cognition-lab?trk=public_profile_topcard-current-company",
      "description2": "Brigham Young University",
      "description2_link": "https://www.linkedin.com/school/brigham-young-university/?trk=public_profile_topcard-school",
      "description3": ""
    },
    "activities": [
      {
        "link": "https://www.linkedin.com/posts/aarongcooper_thisisnotwrittenwithai-activity-7301363300687040512-MBOq",
        "image": "https://media.licdn.com/dms/image/v2/D5622AQEgLmz-PVuH5Q/feedshare-shrink_2048_1536/B56ZVOnOrKGsAs-/0/1740780662115?e=2147483647&v=beta&t=POUQK-5eEqUVSqY7RQ9UM_P30Cfua7NoEIiiC5nujXk",
        "title": "Excited to share that Sameday has been made a Gold Tier Partner within the ServiceTitan network! Thank you ServiceTitan for being so great to work\u2026",
        "activity": "Liked by Max Forsey"
      },
      {
        "link": "https://www.linkedin.com/posts/max-forsey_excited-to-be-working-with-sameday-again-activity-7300997531906322432-tjxh",
        "image": "https://static.licdn.com/aero-v1/sc/h/53n89ecoxpr1qrki1do3alazb",
        "title": "Excited to be working with Sameday again through the justbuild community to host this amazing 2-hour AI hackathon! \n\nCome build with Cerebras\u2026",
        "activity": "Shared by Max Forsey"
      },
      {
        "link": "https://www.linkedin.com/posts/erictarczynski_22525-ryan-petersen-founder-and-ceo-of-activity-7300193497670660099-ILtV",
        "image": "https://media.licdn.com/dms/image/v2/D5622AQHDwnM3SmYRBw/feedshare-shrink_800/B56ZU9_TFhHsAk-/0/1740501758973?e=2147483647&v=beta&t=Vcmkhb82zeOIXSoObFhtxcmlG4Mnje9PlwQTptn14Is",
        "title": "2.25.25: Ryan Petersen, founder and CEO of Flexport, joins\u00a0me on Tech Today to discuss: \n\n- Yesterday's Flexport drop with 20+ new products\u2026",
        "activity": "Liked by Max Forsey"
      },
      {
        "link": "https://www.linkedin.com/posts/minjoong_thank-you-to-all-who-attended-our-opening-activity-7297068660387389441-tBbm",
        "image": "https://static.licdn.com/aero-v1/sc/h/53n89ecoxpr1qrki1do3alazb",
        "title": "Thank you to all who attended our opening social event! We look forward to seeing you at our future KBSA events.",
        "activity": "Liked by Max Forsey"
      },
      {
        "link": "https://www.linkedin.com/posts/nicholas-potter-03292919a_marketing-email-saas-activity-7293060094370492418-cVCS",
        "image": "https://media.licdn.com/dms/image/v2/D5605AQGPmcJM90ZpTQ/videocover-high/B56ZTYnb.PGQBs-/0/1738801008139?e=2147483647&v=beta&t=OSFQWFzzSXuQHSZuN55PeFSf9Dnf43BQBf1P6HthbqA",
        "title": "The shortest hackathon ever was AWSOME!\n\nWe had 2 hours to build something... anything. We started with zero lines of code and a brand new\u2026",
        "activity": "Liked by Max Forsey"
      },
      {
        "link": "https://www.linkedin.com/posts/brightlightkim_2025-utah-ai-hackathon-winner-1st-place-activity-7291711965016530945-kD8Z",
        "image": "https://media.licdn.com/dms/image/v2/D5622AQGerAUgz93rYA/feedshare-shrink_800/B56ZTFdXwSGQAg-/0/1738479600565?e=2147483647&v=beta&t=OYK1rGTJUj-UyO7ufURZHAtHvxq20rqwIQ5QG_3Sf38",
        "title": "\ud83c\udfc6 2025 Utah AI Hackathon Winner \u2013 1st Place out of 186 Team Members! \ud83c\udfc6\n\nI\u2019m thrilled to share that my team won 1st place at the 2025 AI Utah & Utah\u2026",
        "activity": "Liked by Max Forsey"
      },
      {
        "link": "https://www.linkedin.com/posts/mattwoodco_aiutah-activity-7291638356512231424-TI6u",
        "image": "https://media.licdn.com/dms/image/v2/D5622AQE6WxPOc78FCA/feedshare-shrink_800/B56ZTEaYYRHwAg-/0/1738462054680?e=2147483647&v=beta&t=et8tVmymHoYxm34fVwdSdeAHVKlY7YEFYHJdVnFUtHk",
        "title": "I won \u201cBest use of AI\u201d at the Utah Tech Week AI Hackathon\n\n#aiutah Forge Utah Foundation Cerebras Systems",
        "activity": "Liked by Max Forsey"
      },
      {
        "link": "https://www.linkedin.com/posts/cblakerouse_2-hour-hackathon-was-last-night-people-were-activity-7290838752422178819-I5F-",
        "image": "https://media.licdn.com/dms/image/v2/D5622AQHrYC1wyvlrHA/feedshare-shrink_800/B56ZS5DMceGQAo-/0/1738271413372?e=2147483647&v=beta&t=-A3oxhA1yTjGHf8T-7FWqI9QNXfbJR9339KCaHLHguY",
        "title": "2 hour hackathon was last night. People were able to ship what (a year ago) would've been 2-3 days of coding in just 2 hours. Our winners were:\n\nJake\u2026",
        "activity": "Liked by Max Forsey"
      },
      {
        "link": "https://www.linkedin.com/posts/cameron-youngblood_heres-a-preview-of-the-mobile-app-version-activity-7283583668676128768-D_ua",
        "image": "https://media.licdn.com/dms/image/v2/D5610AQHLEzrGTj99CA/videocover-high/videocover-high/0/1736541663709?e=2147483647&v=beta&t=CZ2NDxkqxIt10YSCpV9FLliCvX3aCR6BHVIqjbxnrWY",
        "title": "Here's a preview of the mobile app version of the fashion mood board app. \n\nIt's been a fun and interesting project diving into building a native app\u2026",
        "activity": "Liked by Max Forsey"
      },
      {
        "link": "https://www.linkedin.com/posts/cblakerouse_ut-tech-weeks-shortest-hackathon-luma-activity-7290045878239739904-sRfr",
        "image": "https://media.licdn.com/dms/image/sync/v2/D5627AQGSKVI_3TzDLQ/articleshare-shrink_800/articleshare-shrink_800/0/1737742475281?e=2147483647&v=beta&t=XKPK5a6IKWzGV4ByrbCz7ADbZaxQjWonai_W39JeMdA",
        "title": "2-hour AI hackathon is tomorrow!\n\n$3k cash prize + $1k in GPU credits\n\nLink to register:\nhttps://lu.ma/gc58vr75\n\ns/o to some of the people already\u2026",
        "activity": "Liked by Max Forsey"
      },
      {
        "link": "https://www.linkedin.com/posts/brooke-joseph-0a7525196_2024-recap-activity-7284997442889007105-uhWw",
        "image": "https://media.licdn.com/dms/image/sync/v2/D5627AQEBE0ChHC72zw/articleshare-shrink_800/articleshare-shrink_800/0/1736878726611?e=2147483647&v=beta&t=CqDrGyYFNNYFza9JprIw6YGbyV7OLxD_bEJi9O-qlNY",
        "title": "I'm a bit late to posting this on LinkedIn but here is everything I worked on in 2024! :)",
        "activity": "Liked by Max Forsey"
      }
    ],
    "volunteering": [
      {
        "company_url": "https://www.linkedin.com/company/justbuild-ing?trk=public_profile_volunteering-position_profile-section-card_image-click",
        "company_position": "Co-Founder",
        "company_name": "justbuild",
        "company_duration": "",
        "starts_at": "Nov 2024",
        "ends_at": "Present"
      },
      {
        "company_url": "https://www.linkedin.com/company/byu-aia?trk=public_profile_volunteering-position_profile-section-card_image-click",
        "company_position": "Vice President",
        "company_name": "BYU Artificial Intelligence Association",
        "company_duration": "",
        "starts_at": "May 2024",
        "ends_at": "Nov 2024"
      }
    ],
    "certification": [],
    "people_also_viewed": [
      {
        "link": "https://www.linkedin.com/in/lauryn-williams?trk=public_profile_browsemap-profile",
        "name": "Lauryn Williams, CFP\u00ae",
        "summary": "",
        "location": "Dallas, TX"
      },
      {
        "link": "https://www.linkedin.com/in/stephen-randolph-05368b6a?trk=public_profile_browsemap-profile",
        "name": "Stephen Randolph",
        "summary": "",
        "location": "Greater Indianapolis"
      },
      {
        "link": "https://www.linkedin.com/in/srichardauthor?trk=public_profile_browsemap-profile",
        "name": "Brad Richard",
        "summary": "",
        "location": "Lindale, TX"
      },
      {
        "link": "https://www.linkedin.com/in/rebeccaduvallscott?trk=public_profile_browsemap-profile",
        "name": "Rebecca Duvall Scott",
        "summary": "Award-Winning Author | Speaker | Intervention Strategist | Empowering families navigating SPD with researched strategies & useful tips",
        "location": "Louisville Metropolitan Area"
      },
      {
        "link": "https://www.linkedin.com/in/nicholas-erickson-503426180?trk=public_profile_browsemap-profile",
        "name": "Nicholas Erickson",
        "summary": "Co-Owner, DayDreamer LLC",
        "location": "Greater Minneapolis-St. Paul Area"
      },
      {
        "link": "https://www.linkedin.com/in/esther-kurtz?trk=public_profile_browsemap-profile",
        "name": "Esther Kurtz",
        "summary": "Speaker: Creator of \"Emunah for Non-Rebbitzens\" and WriteOn! Creative Community",
        "location": "Passaic, NJ"
      },
      {
        "link": "https://www.linkedin.com/in/gabriellashammas?trk=public_profile_browsemap-profile",
        "name": "Gabriella Shammas",
        "summary": "Community Engagement Manager | Customer Success Manager | Operations Manager | People & Culture Advocate | Property Management",
        "location": "Carmel, IN"
      },
      {
        "link": "https://www.linkedin.com/in/davidcdeaton?trk=public_profile_browsemap-profile",
        "name": "David Deaton",
        "summary": "",
        "location": "San Francisco, CA"
      },
      {
        "link": "https://www.linkedin.com/in/erikafeinberg?trk=public_profile_browsemap-profile",
        "name": "Erika Fugleberg, Chief Communications Officer",
        "summary": "Chief Communications Officer - Planning & Launch Specialist for Breakthrough, Commercially Viable, and Life-Enhancing Innovations, EIR",
        "location": "Phoenix, AZ"
      },
      {
        "link": "https://www.linkedin.com/in/bccrothers?trk=public_profile_browsemap-profile",
        "name": "BC Crothers",
        "summary": "BC Crothers, author of \"The Lord\u2019s Prayer\u2013Tidbits\" Macauley, 2022, launches \"BE A BETTER PERSON\" on Dec. 22, 2023.",
        "location": "St. Petersburg, FL"
      },
      {
        "link": "https://www.linkedin.com/in/brodystej?trk=public_profile_browsemap-profile",
        "name": "Brody Stejskal",
        "summary": "Client Project Support",
        "location": "Seattle, WA"
      },
      {
        "link": "https://www.linkedin.com/in/donald-maclaren-157b8467?trk=public_profile_browsemap-profile",
        "name": "Donald MacLaren",
        "summary": "Ghostwriter, Screenwriter, and YouTube Producer at Self-employed",
        "location": "West Palm Beach, FL"
      },
      {
        "link": "https://www.linkedin.com/in/madalyn-howard?trk=public_profile_browsemap-profile",
        "name": "Madalyn Howard",
        "summary": "Proposal Coordinator at BerryDunn",
        "location": "Charlotte Metro"
      },
      {
        "link": "https://www.linkedin.com/in/scott-mcclallen?trk=public_profile_browsemap-profile",
        "name": "Scott McClallen",
        "summary": "Editor, reporter at Michigan Capitol Confidential | Author of \"Twisted Tech\" at New Degree Press",
        "location": "Detroit Metropolitan Area"
      },
      {
        "link": "https://www.linkedin.com/in/idrianaevans?trk=public_profile_browsemap-profile",
        "name": "Idrian Evans",
        "summary": "Professional Writer & Editor | AI-Enhanced Writing Services for Academic, Business, and Creative Needs.",
        "location": "Winston-Salem, NC"
      },
      {
        "link": "https://www.linkedin.com/in/wesbaiz?trk=public_profile_browsemap-profile",
        "name": "Wes Baiz",
        "summary": "",
        "location": "Orlando, FL"
      },
      {
        "link": "https://www.linkedin.com/in/utpresident?trk=public_profile_browsemap-profile",
        "name": "Randy Boyd",
        "summary": "",
        "location": "Knoxville, TN"
      },
      {
        "link": "https://www.linkedin.com/in/jon-silveri-mba-537585169?trk=public_profile_browsemap-profile",
        "name": "Jon Silveri, MBA",
        "summary": "Vice President of Finance | Finance, Business Management",
        "location": "New York, NY"
      },
      {
        "link": "https://www.linkedin.com/in/laura-glennon?trk=public_profile_browsemap-profile",
        "name": "Laura Glennon",
        "summary": "Talent Acquisition Team Lead at Language Services Associates",
        "location": "Philadelphia, PA"
      },
      {
        "link": "https://www.linkedin.com/in/leonardo-salvatore?trk=public_profile_browsemap-profile",
        "name": "Leonardo Salvatore",
        "summary": "[] Writer [] Speaking Coach [] Tour Guide [] Polyglot []",
        "location": "Chicago, IL"
      }
    ],
    "similar_profiles": [
      {
        "link": "https://www.linkedin.com/in/max-forsey-7ab5bb24a?trk=public_profile_samename-profile",
        "name": "Max Forsey",
        "summary": "Recent College Grad",
        "location": "United States"
      },
      {
        "link": "https://uk.linkedin.com/in/max-forsey-122619320?trk=public_profile_samename-profile",
        "name": "Max Forsey",
        "summary": "--",
        "location": "Waltham Cross"
      },
      {
        "link": "https://www.linkedin.com/in/max-forsey-846503247?trk=public_profile_samename-profile",
        "name": "Max Forsey",
        "summary": "--",
        "location": "Salem, MA"
      }
    ],
    "recommendations": [],
    "publications": [],
    "courses": [],
    "languages": [],
    "organizations": [],
    "projects": [],
    "awards": [],
    "score": []
  }
]