[
  {
    "fullName": "Timofey Obraztsov",
    "linkedin_internal_id": "1127328306",
    "first_name": "Timofey",
    "last_name": "Obraztsov",
    "public_identifier": "timofey-obraztsov",
    "background_cover_image_url": "https://media.licdn.com/dms/image/v2/D5616AQHjf7Q1SrYNaw/profile-displaybackgroundimage-shrink_200_800/B56ZU.GXi4HEAY-/0/1740503611886?e=2147483647&v=beta&t=rkbuV-Aay4lJJfBVgkw9j8rJNcf2gAPN8HuyNdmo1Yw",
    "profile_photo": "https://media.licdn.com/dms/image/v2/D5603AQFGFig-GZwtvg/profile-displayphoto-shrink_200_200/profile-displayphoto-shrink_200_200/0/1700889846712?e=2147483647&v=beta&t=Ys48tPtReJw1H9JmErPan0xCnjXru9jAa0Mmuwv9AL8",
    "headline": "CS @ UCI \u201827",
    "location": "995 followers\n          \n          \n              500+ connections",
    "about": "It all started with a C++ for Dummies book that my mother insisted I read.Growing up in Moscow with an eager vision of exploring the expanding field of computer science and its auxiliaries, I've made the most out of attending coding workshops, participating in dual enrollment classes, and applying continuously growing knowledge of computer science to various projects and enterprises. I've gradually augmented my expertise in software  engineering, full-stack development, data analytics, and business administration,Eight years later, I am working on redefining the CRE industry due diligence standards to create an AI Copilot for real estate agents and investors alike. It's truly revolutionary to co-found a tool that expedites analyzing a target property's risk, damage, HOA compliance conflicts, and more.",
    "experience": [
      {
        "position": "Founding Engineer",
        "company_url": "https://www.linkedin.com/company/atomaai?trk=public_profile_experience-item_profile-section-card_subtitle-click",
        "company_image": "https://media.licdn.com/dms/image/v2/D560BAQF-DIA51Uqj-g/company-logo_100_100/company-logo_100_100/0/1738083973968/atomamedia_logo?e=2147483647&v=beta&t=xuqXFO8M0wv2F3iYJKD1bo5_GHfbwf-gUIKkuhthclE",
        "company_name": "Aurora Media (AM)",
        "location": "Irvine, California, United States",
        "summary": "",
        "starts_at": "Oct 2023",
        "ends_at": "Present",
        "duration": "1 year 6 months"
      },
      {
        "position": "Developer",
        "company_url": "https://www.linkedin.com/company/uci-icssc?trk=public_profile_experience-item_profile-section-card_subtitle-click",
        "company_image": "https://media.licdn.com/dms/image/v2/C560BAQF6pAl65q5QCg/company-logo_100_100/company-logo_100_100/0/1630592987101?e=2147483647&v=beta&t=N992kgJXguPdh_WYjYs3jSij3LUn71JPZ8P4j1O_IjE",
        "company_name": "UCI ICS Student Council",
        "location": "Irvine, California, United States",
        "summary": "Project\u2019s Committee",
        "starts_at": "Nov 2023",
        "ends_at": "Present",
        "duration": "1 year 5 months"
      },
      {
        "position": "Co-Founder",
        "company_url": "https://www.linkedin.com/company/stealth-startup-careers?trk=public_profile_experience-item_profile-section-card_subtitle-click",
        "company_image": "https://media.licdn.com/dms/image/v2/D4D0BAQGUKsfjHB8RNQ/company-logo_100_100/company-logo_100_100/0/1735368022724/stealth_startup_51_logo?e=2147483647&v=beta&t=1i0dQhrw7PP6WXHh5KlNBZJnCIP8p9MZJyxISsOwvRs",
        "company_name": "Stealth Startup",
        "location": "Cambridge, Massachusetts, United States",
        "summary": "MIT StartHouse 2024 Cohort",
        "starts_at": "Jun 2023",
        "ends_at": "Present",
        "duration": "1 year 10 months"
      },
      {
        "position": "Executive",
        "company_url": "https://www.linkedin.com/company/aiatuci?trk=public_profile_experience-item_profile-section-card_subtitle-click",
        "company_image": "https://media.licdn.com/dms/image/v2/C560BAQGqA-hj-8ghAg/company-logo_100_100/company-logo_100_100/0/1651771910101/machinelearningatuci_logo?e=2147483647&v=beta&t=5_1yog7y4MJqwncgE2yt_Tc8HktRAHx8uP4GjTkZQ8A",
        "company_name": "Artificial Intelligence at UCI",
        "location": "Irvine, California, United States",
        "summary": "",
        "starts_at": "Oct 2023",
        "ends_at": "Present",
        "duration": "1 year 6 months"
      },
      {
        "position": "Software Engineer Researcher",
        "company_url": "https://www.linkedin.com/school/uc-irvine-information-and-computer-sciences/?trk=public_profile_experience-item_profile-section-card_subtitle-click",
        "company_image": "https://media.licdn.com/dms/image/v2/C4D0BAQG8xJcSdfNFug/company-logo_100_100/company-logo_100_100/0/1631305520689?e=2147483647&v=beta&t=-YVk_zrZrLHZv4TQxGU_eidcZ3Sqj5TI3epD7z0AWts",
        "company_name": "UC Irvine Donald Bren School of Information and Computer Sciences",
        "location": "Irvine, California, United States",
        "summary": "",
        "starts_at": "Jul 2024",
        "ends_at": "Oct 2024",
        "duration": "4 months"
      },
      {
        "position": "Software Engineer Intern",
        "company_url": "https://www.linkedin.com/company/corent-technology?trk=public_profile_experience-item_profile-section-card_subtitle-click",
        "company_image": "https://media.licdn.com/dms/image/v2/C560BAQHGhg2JsyI0ow/company-logo_100_100/company-logo_100_100/0/1630658495330/corent_technology_logo?e=2147483647&v=beta&t=-a0X2yUBqOYrpRuECNjS05P0VLQ-QDCIiPtCweIWDX0",
        "company_name": "Corent Technology, Inc.",
        "location": "Irvine, California, United States",
        "summary": "",
        "starts_at": "Dec 2023",
        "ends_at": "Jun 2024",
        "duration": "7 months"
      },
      {
        "position": "Academic Engagament and Higher Eduction Opportunities Commisions",
        "company_url": "https://www.linkedin.com/company/asuci-associated-students-of-university-of-california-irvine?trk=public_profile_experience-item_profile-section-card_subtitle-click",
        "company_image": "https://media.licdn.com/dms/image/v2/C4D0BAQGFvc31R7Aqmg/company-logo_100_100/company-logo_100_100/0/1631308623345?e=2147483647&v=beta&t=XBLYj8zwVY_qo13mKEbNqvfYJY9OJULY6ZN9suH9YTI",
        "company_name": "ASUCI | Associated Students of University of California, Irvine",
        "location": null,
        "summary": "",
        "starts_at": "Sep 2023",
        "ends_at": "Jun 2024",
        "duration": "10 months"
      },
      {
        "position": "Software Developer",
        "company_url": "https://www.linkedin.com/company/palos-verdes-peninsula-land-conservancy?trk=public_profile_experience-item_profile-section-card_subtitle-click",
        "company_image": "https://media.licdn.com/dms/image/v2/C4E0BAQGSVc1JNhyjgQ/company-logo_100_100/company-logo_100_100/0/1631303447936?e=2147483647&v=beta&t=yeWOjKiVNdUY_gdn0wmP5fbMHaOaIws_AjPWCJJ4uBA",
        "company_name": "Palos Verdes Peninsula Land Conservancy",
        "location": "Palos Verdes Peninsula, California, United States",
        "summary": "Created industry-standard software that facilitated the submission of trail watch reports for 200 volunteers. The database is now highly efficient, boasting an impressive 30% increase in loading speed.Developed highly efficient web crawling bots specifically designed to collect and analyze data on social media metrics. Researched best practices, industry trends, and technology to implement an efficient, effective, and scalable web application thatwas reliable and secure. Managed administrative logistics of events planning, event booking and promotions of 10+ events. Created Excel reports to track various ad reach metrics to help distinguish viable marketing strategies.\n            \n\n    \n    \n\n    \n        Show less",
        "starts_at": "Jun 2021",
        "ends_at": "Jul 2023",
        "duration": "2 years 2 months"
      }
    ],
    "education": [
      {
        "college_url": "https://www.linkedin.com/school/uc-irvine-information-and-computer-sciences/?trk=public_profile_school_profile-section-card_image-click",
        "college_name": "UC Irvine Donald Bren School of Information and Computer Sciences",
        "college_image": "https://media.licdn.com/dms/image/v2/C4D0BAQG8xJcSdfNFug/company-logo_100_100/company-logo_100_100/0/1631305520689?e=2147483647&v=beta&t=-YVk_zrZrLHZv4TQxGU_eidcZ3Sqj5TI3epD7z0AWts",
        "college_degree": "Bachelor's degree",
        "college_degree_field": "Freshman",
        "college_duration": "2023 - 2027",
        "college_activity": "Studying computer science with the intent of double majoring in business."
      },
      {
        "college_url": "https://www.linkedin.com/school/palos-verdes-peninsula-high-school/?trk=public_profile_school_profile-section-card_image-click",
        "college_name": "Palos Verdes Peninsula High School",
        "college_image": "https://media.licdn.com/dms/image/v2/C4E0BAQENa2piw3KWUw/company-logo_100_100/company-logo_100_100/0/1630563138633?e=2147483647&v=beta&t=qCWSF4G9DL6Mfcw_2QBzGSinN78bcJbPqhB3h1eFOLE",
        "college_degree": "High School Diploma",
        "college_degree_field": "4.7",
        "college_duration": "2019 - 2023",
        "college_activity": ""
      }
    ],
    "articles": [],
    "description": {
      "description1": "Aurora Media (AM)",
      "description1_link": "https://www.linkedin.com/company/atomaai?trk=public_profile_topcard-current-company",
      "description2": "UC Irvine Donald Bren School of Information and Computer Sciences",
      "description2_link": "https://www.linkedin.com/school/uc-irvine-information-and-computer-sciences/?trk=public_profile_topcard-school",
      "description3": ""
    },
    "activities": [
      {
        "link": "https://www.linkedin.com/posts/singhh5050_neuropilot-brainwave-computer-control-activity-7298189642225328128-Zru8",
        "image": "https://media.licdn.com/dms/image/sync/v2/D4E27AQG6S44suctGQg/articleshare-shrink_800/articleshare-shrink_800/0/1739745954907?e=2147483647&v=beta&t=-DxMQbtZOFFCZ9xyGOM-w8yMbxSjtAd0a3wd2ibbaTE",
        "title": "We're headed to Japan!! \ud83d\udc39\ud83c\udf38\n\nThis weekend at TreeHacks 2025, Zeyneb Kaya, Nicole Ma, and I created NeuroPilot --- a tool that allows you to control\u2026",
        "activity": "Liked by Timofey Obraztsov"
      },
      {
        "link": "https://www.linkedin.com/posts/thor-christoffersen-hochman_treehacks-hackathonwinner-lumora-activity-7297683926074998785-ZD11",
        "image": "https://media.licdn.com/dms/image/v2/D5622AQEeMfzW9RllVQ/feedshare-shrink_2048_1536/B56ZUaU3OcGUAo-/0/1739903432386?e=2147483647&v=beta&t=ZKt-EP5VLV8DwAzGiM-vVoPp48rum1Ug9XVJHXNbdYI",
        "title": "\u26a1\ud83c\udfc6 They say lightning doesn\u2019t strike the same place twice\u2026 but what about four times?  \n\nLooks like Mj\u00f6lnir found its mark again because I just got\u2026",
        "activity": "Liked by Timofey Obraztsov"
      },
      {
        "link": "https://www.linkedin.com/posts/aiatuci_thank-you-zongtao-tony-shi-for-an-incredible-activity-7291931652572729345-Ds7S",
        "image": "https://media.licdn.com/dms/image/v2/D5622AQHkxPE0SPGqMg/feedshare-shrink_800/B56ZTIlMLyHEAg-/0/1738531981097?e=2147483647&v=beta&t=3r0ssynCutUXMJ4S5pfapk8v86H9fyaKm244VbtF1j4",
        "title": "Thank you Zongtao (Tony) Shi, for an incredible session on AI use cases and industry trends! \ud83c\udf89\n\nIt was amazing to gain insights into how AI is\u2026",
        "activity": "Liked by Timofey Obraztsov"
      },
      {
        "link": "https://www.linkedin.com/posts/marccpacheco_here-is-how-you-can-simplify-news-articles-activity-7290038611322802176-0WHg",
        "image": "https://media.licdn.com/dms/image/v2/D5605AQGnwaSdEA5cVQ/videocover-high/B56ZStrMR7HQBY-/0/1738080637780?e=2147483647&v=beta&t=7AoMeo8wP7TvQpmC-84c_lo1ZiBgQtxVHLotMJgN34s",
        "title": "Here is how you can simplify news articles with joinatoma.com \ud83d\ude04 \n\nJust copy and paste the URL into the search bar and Luna takes care of the rest!\u2026",
        "activity": "Liked by Timofey Obraztsov"
      },
      {
        "link": "https://www.linkedin.com/posts/jaslavie_its-time-to-design-8vc-activity-7288969924532654084-T2hj",
        "image": "https://media.licdn.com/dms/image/v2/D5622AQGUHgUuSCOrhQ/feedshare-shrink_800/B56ZSefhaIHoAk-/0/1737825851617?e=2147483647&v=beta&t=ft1dzyABktHnGinp8a7BqnfXbVOyHeBaFn3qDhZ8zho",
        "title": "It\u2019s Time to Design. 8VC",
        "activity": "Liked by Timofey Obraztsov"
      },
      {
        "link": "https://www.linkedin.com/posts/atomaai_tesla-reported-495570-vehicle-deliveries-activity-7280843066117124100-uTXi",
        "image": "https://media.licdn.com/dms/image/v2/D5622AQHxth6b1SQ96Q/feedshare-shrink_800/B56ZQrALZWH0Ag-/0/1735888257594?e=2147483647&v=beta&t=qK9japoKpTl2USqS0yl78JGoZs5q6viA75XkUHprUf4",
        "title": "Tesla reported 495,570 vehicle deliveries in Q4 2024, falling short of analysts' expectations of approximately 506,000. This marks a record quarter\u2026",
        "activity": "Liked by Timofey Obraztsov"
      },
      {
        "link": "https://www.linkedin.com/posts/mendelshifrin_i-am-excited-to-share-that-i-have-graduated-activity-7281696901953953792-Sukq",
        "image": "https://media.licdn.com/dms/image/v2/D5622AQH0wRgJZKB-aQ/feedshare-shrink_2048_1536/B56ZQ3Il7MGoAo-/0/1736091827268?e=2147483647&v=beta&t=EVzrtdljNKXf8uxUPeRW2BLq6aEiuvGfYr_lhHTfWqs",
        "title": "I am excited to share that I have graduated from UC Irvine with a Bachelor of Science in Computer Science!",
        "activity": "Liked by Timofey Obraztsov"
      },
      {
        "link": "https://www.linkedin.com/posts/marccpacheco_written-up-by-me-let-me-know-how-you-feel-activity-7281525618175787008-tjKZ",
        "image": "https://media.licdn.com/dms/image/v2/D5622AQH4tqVEHCr51Q/feedshare-shrink_800/B56ZQ0sxYgHIAo-/0/1736050940143?e=2147483647&v=beta&t=How6tmW3O_ctIk1xMtCh_H5lLgu7tmVZPIBsA6gtW_Q",
        "title": "Written up by me! Let me know how you feel about the graphic.",
        "activity": "Liked by Timofey Obraztsov"
      },
      {
        "link": "https://www.linkedin.com/posts/marccpacheco_atoma-luna-simplify-huge-news-articles-activity-7282058280682594305-N8ic",
        "image": "https://media.licdn.com/dms/image/sync/v2/D5627AQGui0bqzi2gkQ/articleshare-shrink_1280_800/articleshare-shrink_1280_800/0/1736177857764?e=2147483647&v=beta&t=jdYLuVEduVnKYky9NBxcCvGW0DzLiMqTJQ_vi85LRkE",
        "title": "Atoma Luna: The Business News Simplifier is now on ProductHunt! \n\nAtoma Luna is a free website that lets you easily simplify business news articles\u2026",
        "activity": "Liked by Timofey Obraztsov"
      },
      {
        "link": "https://www.linkedin.com/posts/audrey-chen-tech_hackathon-hackathonwin-careergrowth-activity-7279167747433869313-cZvP",
        "image": "https://media.licdn.com/dms/image/v2/D5622AQGppoGiBVQLxA/feedshare-shrink_1280/B56ZQTMe2yGsAk-/0/1735488830371?e=2147483647&v=beta&t=OXb_o7YQx8VWMMLo5eoVzqG2YjzZWXPOXy8sSwgN8Io",
        "title": "I\u2019m Audrey, and I no longer compete in hackathons. A new journey is starting. \n\nIt was over hotpot, reel coming soon tomorrow @jia.seed on instagram\u2026",
        "activity": "Liked by Timofey Obraztsov"
      },
      {
        "link": "https://www.linkedin.com/posts/spike-ocarroll_i-am-thrilled-to-announce-that-i-will-be-activity-7273568235743059968-DV-H",
        "image": "https://media.licdn.com/dms/image/v2/D5622AQGYZnd71QQ9EQ/feedshare-shrink_800/B56ZPDnw9SGcAg-/0/1734153802533?e=2147483647&v=beta&t=SWQAYBrFLBjeo_-kMo42qlsYZ-9OKhSblorKqnKSWNE",
        "title": "I am thrilled to announce that I will be joining Ramp as a Backend Software Engineering Intern at their NYC headquarters this summer!\n\nI'm\u2026",
        "activity": "Liked by Timofey Obraztsov"
      },
      {
        "link": "https://www.linkedin.com/posts/marccpacheco_happy-new-year-everyone-i-am-running-an-activity-7280395514418749440-DxNq",
        "image": "https://media.licdn.com/dms/image/v2/D5622AQFvuvERPldTHw/feedshare-shrink_800/B56ZQkpISQGQAg-/0/1735781553053?e=2147483647&v=beta&t=R6dAmUhrbRFPYXf1mdxUgeaOhUKNN6lrkv3lJLO1kuc",
        "title": "Happy New Year Everyone!\n\nI am running an AI stock portfolio challenge in 2025. I have asked 3 different LLMs to create a stock portfolio for me that\u2026",
        "activity": "Liked by Timofey Obraztsov"
      },
      {
        "link": "https://www.linkedin.com/posts/massachusetts-artificial-intelligence-ecosystem_aiinnovation-massachusettsai-bostontech-activity-7274826436476076032-kB1w",
        "image": "https://media.licdn.com/dms/image/v2/D4E22AQESAhixBo-0vw/feedshare-shrink_2048_1536/B4EZPVgFL3HsAs-/0/1734453780468?e=2147483647&v=beta&t=zNX-g3RoBv_GUpCiVxKKMsD1eF0xWOcgVa8sU1NI5QE",
        "title": "The Massachusetts Artificial Intelligence Ecosystem powered by DAIMLAS.com Localized Artificial Intelligence Ecosystem Builders exists to support\u2026",
        "activity": "Liked by Timofey Obraztsov"
      },
      {
        "link": "https://www.linkedin.com/posts/cedar-rose-leach_reimagining-photo-libraries-for-the-visually-activity-7271662189734707200-eU3j",
        "image": "https://media.licdn.com/dms/image/v2/D5622AQFzP6VyoLscQQ/feedshare-shrink_800/feedshare-shrink_800/0/1733699358354?e=2147483647&v=beta&t=WIH_i3JQLhDqjoCw5PUUJ91ypssHJKl5t7lqh-8tQ5Y",
        "title": "\ud83c\udf1fReimagining Photo Libraries for the Visually Impaired \u2014 Introducing Memoir\ud83c\udf1f\n\nFor the past semester, I\u2019ve had the privilege of working on something\u2026",
        "activity": "Liked by Timofey Obraztsov"
      },
      {
        "link": "https://www.linkedin.com/posts/its-irvine_%F0%9D%97%A6%F0%9D%97%AE%F0%9D%97%BF%F0%9D%97%AE-%F0%9D%97%9A%F0%9D%97%BF%F0%9D%97%AE%F0%9D%97%B0%F0%9D%97%B2-%F0%9D%97%9F%F0%9D%97%B6%F0%9D%97%B2%F0%9D%97%BB-an-undergraduate-activity-7269471271577366529-j4VP",
        "image": "https://media.licdn.com/dms/image/v2/D5622AQHRPLOTqQl19g/feedshare-shrink_2048_1536/feedshare-shrink_2048_1536/0/1733177005565?e=2147483647&v=beta&t=WyHaFB7tdEaz3712vg-m7KOEJg-ZDB5O7zmZFyr040U",
        "title": "\ud835\udde6\ud835\uddee\ud835\uddff\ud835\uddee-\ud835\uddda\ud835\uddff\ud835\uddee\ud835\uddf0\ud835\uddf2 \ud835\udddf\ud835\uddf6\ud835\uddf2\ud835\uddfb, an undergraduate from the Institute of Transportation Studies at UC Irvine, participated in the \ud835\uddd6\ud835\uddee\ud835\uddf9\ud835\uddf6\ud835\uddf3\ud835\uddfc\ud835\uddff\ud835\uddfb\ud835\uddf6\ud835\uddee\u2026",
        "activity": "Liked by Timofey Obraztsov"
      },
      {
        "link": "https://www.linkedin.com/posts/shouryaasharma_i-am-excited-to-share-that-i-have-recently-activity-7260698034269822976-wK4T",
        "image": "https://media.licdn.com/dms/image/v2/D5622AQG_XSidQg53VA/feedshare-shrink_2048_1536/feedshare-shrink_2048_1536/0/1731085307802?e=2147483647&v=beta&t=KwjRUmhDbBcnJm-VEH24jg5zCxEDpl6h_gOEdCNgXG0",
        "title": "I am excited to share that I have recently joined Crater Ventures as an Investor.\n\nCrater Ventures is Southern California's first student-run angel\u2026",
        "activity": "Liked by Timofey Obraztsov"
      },
      {
        "link": "https://www.linkedin.com/posts/sm-ibrahim-shah_after-my-internship-offer-got-rescinded-activity-7260004201743679488-0141",
        "image": "https://media.licdn.com/dms/image/v2/D5622AQHiRLq80KU7vg/feedshare-shrink_2048_1536/feedshare-shrink_2048_1536/0/1730919884195?e=2147483647&v=beta&t=uTwrySMMXIzEtZ4IyJVQ4MH9x9Qx1YcmJnH0FaCnhB0",
        "title": "After my internship offer got rescinded, I made it my mission to win a hackathon so I could get interviews at sponsoring companies.\n\nHere's how\u2026",
        "activity": "Liked by Timofey Obraztsov"
      }
    ],
    "volunteering": [
      {
        "company_url": "https://www.linkedin.com/company/palos-verdes-peninsula-land-conservancy?trk=public_profile_volunteering-position_profile-section-card_image-click",
        "company_position": "Outreach Assistant",
        "company_name": "Palos Verdes Peninsula Land Conservancy",
        "company_duration": "",
        "starts_at": "Apr 2021",
        "ends_at": "May 2023"
      }
    ],
    "certification": [],
    "people_also_viewed": [],
    "similar_profiles": [
      {
        "link": "https://ru.linkedin.com/in/timofey-obraztsov-324736b3?trk=public_profile_samename-profile",
        "name": "Timofey Obraztsov",
        "summary": "Program Development Professional",
        "location": "St Petersburg"
      },
      {
        "link": "https://www.linkedin.com/in/timofey-obraztsov-29b1352a5?trk=public_profile_samename-profile",
        "name": "Timofey Obraztsov",
        "summary": "--",
        "location": "Rancho Palos Verdes, CA"
      },
      {
        "link": "https://www.linkedin.com/in/timofey-igorevich-obraztsov-4a9b882a0?trk=public_profile_samename-profile",
        "name": "Timofey Igorevich Obraztsov",
        "summary": "--",
        "location": "Irvine, CA"
      }
    ],
    "recommendations": [],
    "publications": [],
    "courses": [],
    "languages": [],
    "organizations": [],
    "projects": [
      {
        "title": "Proximity",
        "duration": "Jul 2023"
      },
      {
        "title": "Regretful App",
        "duration": "May 2023"
      },
      {
        "title": "EasyPC",
        "link": "https://www.linkedin.com/in/jwiemels?trk=public_profile_project_contributor-image",
        "duration": "Oct 2023 - Oct 2023"
      },
      {
        "title": "",
        "link": "https://www.linkedin.com/in/jwiemels?trk=public_profile_project_contributor-image",
        "duration": ""
      },
      {
        "title": "",
        "link": "https://www.linkedin.com/in/andrew-hwang-78b375258?trk=public_profile_project_contributor-image",
        "duration": ""
      },
      {
        "title": "",
        "link": "https://www.linkedin.com/in/thor-christoffersen-hochman?trk=public_profile_project_contributor-image",
        "duration": ""
      },
      {
        "title": "Quickier App",
        "duration": "Jun 2022 - Aug 2022"
      },
      {
        "title": "WhitelistAIO Bot",
        "duration": "Dec 2021 - Aug 2022"
      }
    ],
    "awards": [],
    "score": []
  }
]