{
  "title": "\u202aEduardo Pontes Reis\u202c - \u202aGoogle Scholar\u202c",
  "meta_description": "\u202aStanford University / Hospital Israelita Albert Einstein\u202c - \u202a\u202aCited by 1,229\u202c\u202c - \u202aMachine Learning in Healthcare\u202c",
  "main_content": "Loading... The system can't perform the operation now. Try again later. Citations per year Duplicate citations The following articles are merged in Scholar. Their combined citations are counted only for the first article. Merged citations This \"Cited by\" count includes citations to the following articles in Scholar. The ones marked * may be different from the article in the profile. Add co-authors Co-authors Follow New articles by this author New citations to this author New articles related to this author's research Email address for updates Done My profile My library Metrics Alerts Settings Sign in Sign in Get my own profile Cited by All Since 2020 Citations 1229 1223 h-index 13 13 i10-index 15 15 0 760 380 190 570 2020 2021 2022 2023 2024 2025 4 71 73 139 753 174 Public access View all View all 6 articles 0 articles available not available Based on funding mandates Follow Eduardo Pontes Reis Stanford University / Hospital Israelita Albert Einstein Verified email at einstein.br Machine Learning in Healthcare Articles Cited by Public access Title Sort Sort by citations Sort by year Sort by title Cited by Cited by Year Med-flamingo: a multimodal medical few-shot learner M Moor, Q Huang, S Wu, M Yasunaga, Y Dalmia, J Leskovec, C Zakka, ... Machine Learning for Health (ML4H), 353-367 , 2023 228 2023 Adapted large language models can outperform medical experts in clinical text summarization D Van Veen, C Van Uden, L Blankemeier, JB Delbrouck, A Aali, ... Nature medicine 30 (4), 1134-1142 , 2024 220 2024 Epidemiologic and clinical features of patients with COVID-19 in Brazil VD Teich, S Klajner, FAS Almeida, ACB Dantas, CR Laselva, MG Torritesi, ... Einstein (Sao Paulo) 18, eAO6022 , 2020 155 * 2020 Clinical text summarization: adapting large language models can outperform human experts D Van Veen, C Van Uden, L Blankemeier, JB Delbrouck, A Aali, ... Research square, rs. 3. rs-3483777 , 2023 114 2023 Evaluating progress in automatic chest x-ray radiology report generation F Yu, M Endo, R Krishnan, I Pan, A Tsai, EP Reis, EKUN Fonseca, ... Patterns 4 (9) , 2023 102 2023 Chexagent: Towards a foundation model for chest x-ray interpretation Z Chen, M Varma, JB Delbrouck, M Paschali, L Blankemeier, D Van Veen, ... arXiv preprint arXiv:2401.12208 , 2024 68 2024 Medalign: A clinician-generated dataset for instruction following with electronic medical records SL Fleming, A Lozano, WJ Haberkorn, JA Jindal, E Reis, R Thapa, ... Proceedings of the AAAI Conference on Artificial Intelligence 38 (20), 22021 \u2026 , 2024 58 2024 Deep COVID DeteCT: an international experience on COVID-19 lung detection and prognosis using chest CT EH Lee, J Zheng, E Colak, M Mohammadzadeh, G Houshmand, N Bevins, ... NPJ digital medicine 4 (1), 11 , 2021 53 2021 BRAX, Brazilian labeled chest x-ray dataset EP Reis, JPQ De Paiva, MCB Da Silva, GAS Ribeiro, VF Paiva, ... Scientific Data 9 (1), 487 , 2022 41 2022 AgentClinic: a multimodal agent benchmark to evaluate AI in simulated clinical environments S Schmidgall, R Ziaei, C Harris, E Reis, J Jopling, M Moor arXiv preprint arXiv:2405.07960 , 2024 39 2024 Merlin: A vision language foundation model for 3d computed tomography L Blankemeier, JP Cohen, A Kumar, D Van Veen, SJS Gardezi, ... Research Square, rs. 3. rs-4546309 , 2024 27 2024 Brain Hemorrhage Extended (BHX): Bounding box extrapolation from thick to thin slice CT images EPR EP Reis, F Nascimento, M Aranha, FM Secol, B Machado, M Felix, A Stein ... PhysioNet 101 (23), e215-20 , 2020 27 2020 Style-aware radiology report generation with radgraph and few-shot prompting B Yan, R Liu, DE Kuo, S Adithan, EP Reis, S Kwak, VK Venugopal, ... arXiv preprint arXiv:2310.17811 , 2023 15 2023 Transaxonal degenerations of cerebellar connections: the value of anatomical knowledge MTL Raeder, EP Reis, BM Campos, IAG Zamilute, MC FRAN\u00c7A, F Reis Arquivos de Neuro-Psiquiatria 78 (05), 301-306 , 2020 13 2020 Epidemiologic and clinical features of patients with COVID-19 in Brazil. Einstein (Sao Paulo). 2020; 18: eAO6022 VD Teich, S Klajner, FAS Almeida, ACB Dantas, CR Laselva, MG Torritesi, ... 10 Ischemic Postconditioning and Subanesthetic S (+)\u2010Ketamine Infusion: Effects on Renal Function and Histology in Rats MAC Resende, AV Pantoja, BM Barcellos, EP Reis, TD Consolo, ... BioMed Research International 2015 (1), 864902 , 2015 9 2015 Comp2comp: Open-source body composition assessment on computed tomography L Blankemeier, A Desai, JMZ Chaves, A Wentland, S Yao, E Reis, ... arXiv preprint arXiv:2302.06568 , 2023 8 2023 Fineradscore: A radiology report line-by-line evaluation technique generating corrections with severity scores A Huang, O Banerjee, K Wu, EP Reis, P Rajpurkar arXiv preprint arXiv:2405.20613 , 2024 6 2024 Automated abdominal CT contrast phase detection using an interpretable and open-source artificial intelligence algorithm EP Reis, L Blankemeier, JM Zambrano Chaves, MEK Jensen, S Yao, ... European radiology 34 (10), 6680-6687 , 2024 5 2024 Skeletal muscle area on CT: determination of an optimal height scaling power and testing for mortality risk prediction L Blankemeier, L Yao, J Long, EP Reis, L Lenchik, AS Chaudhari, ... American Journal of Roentgenology 222 (1), e2329889 , 2024 5 2024 The system can't perform the operation now. Try again later. Articles 1\u201320 Show more Privacy Terms Help About Scholar Search help",
  "links": [
    {
      "url": "/schhp?hl=en",
      "text": ""
    },
    {
      "url": "/citations?hl=en",
      "text": "My profile"
    },
    {
      "url": "/scholar?scilib=1&hl=en",
      "text": "My library"
    },
    {
      "url": "/citations?view_op=metrics_intro&hl=en",
      "text": "Metrics"
    },
    {
      "url": "/scholar_alerts?view_op=list_alerts&hl=en",
      "text": "Alerts"
    },
    {
      "url": "/scholar_settings?hl=en",
      "text": "Settings"
    },
    {
      "url": "https://accounts.google.com/Login?hl=en&continue=https://scholar.google.com/schhp%3Fhl%3Den",
      "text": "Sign in"
    },
    {
      "url": "/schhp?hl=en",
      "text": ""
    },
    {
      "url": "https://accounts.google.com/Login?hl=en&continue=https://scholar.google.com/schhp%3Fhl%3Den",
      "text": "Sign in"
    },
    {
      "url": "/citations?hl=en",
      "text": "Get my own profile"
    },
    {
      "url": "/citations?view_op=list_mandates&hl=en&user=NglVXZ8AAAAJ",
      "text": "View all"
    },
    {
      "url": "/citations?view_op=view_org&hl=en&org=9696200946154839115",
      "text": "Hospital Israelita Albert Einstein"
    },
    {
      "url": "/citations?view_op=search_authors&hl=en&mauthors=label:machine_learning_in_healthcare",
      "text": "Machine Learning in Healthcare"
    },
    {
      "url": "/citations?hl=en&user=NglVXZ8AAAAJ&view_op=list_works&sortby=title",
      "text": "Title"
    },
    {
      "url": "/citations?hl=en&user=NglVXZ8AAAAJ&view_op=list_works",
      "text": "Sort by citations"
    },
    {
      "url": "/citations?hl=en&user=NglVXZ8AAAAJ&view_op=list_works&sortby=pubdate",
      "text": "Sort by year"
    },
    {
      "url": "/citations?hl=en&user=NglVXZ8AAAAJ&view_op=list_works&sortby=title",
      "text": "Sort by title"
    },
    {
      "url": "/citations?hl=en&user=NglVXZ8AAAAJ&view_op=list_works&sortby=pubdate",
      "text": "Year"
    },
    {
      "url": "/citations?view_op=view_citation&hl=en&user=NglVXZ8AAAAJ&citation_for_view=NglVXZ8AAAAJ:4TOpqqG69KYC",
      "text": "Med-flamingo: a multimodal medical few-shot learner"
    },
    {
      "url": "https://scholar.google.com/scholar?oi=bibs&hl=en&cites=17097287466537112014",
      "text": "228"
    },
    {
      "url": "/citations?view_op=view_citation&hl=en&user=NglVXZ8AAAAJ&citation_for_view=NglVXZ8AAAAJ:9ZlFYXVOiuMC",
      "text": "Adapted large language models can outperform medical experts in clinical text summarization"
    },
    {
      "url": "https://scholar.google.com/scholar?oi=bibs&hl=en&cites=15938400587105792027",
      "text": "220"
    },
    {
      "url": "/citations?view_op=view_citation&hl=en&user=NglVXZ8AAAAJ&citation_for_view=NglVXZ8AAAAJ:IjCSPb-OGe4C",
      "text": "Epidemiologic and clinical features of patients with COVID-19 in Brazil"
    },
    {
      "url": "https://scholar.google.com/scholar?oi=bibs&hl=en&cites=8659141126599549455,12420699295729663135",
      "text": "155"
    },
    {
      "url": "/citations?view_op=view_citation&hl=en&user=NglVXZ8AAAAJ&citation_for_view=NglVXZ8AAAAJ:Wp0gIr-vW9MC",
      "text": "Clinical text summarization: adapting large language models can outperform human experts"
    },
    {
      "url": "https://scholar.google.com/scholar?oi=bibs&hl=en&cites=8011059594187129086",
      "text": "114"
    },
    {
      "url": "/citations?view_op=view_citation&hl=en&user=NglVXZ8AAAAJ&citation_for_view=NglVXZ8AAAAJ:UebtZRa9Y70C",
      "text": "Evaluating progress in automatic chest x-ray radiology report generation"
    },
    {
      "url": "https://scholar.google.com/scholar?oi=bibs&hl=en&cites=4375107801895037877",
      "text": "102"
    },
    {
      "url": "/citations?view_op=view_citation&hl=en&user=NglVXZ8AAAAJ&citation_for_view=NglVXZ8AAAAJ:aqlVkmm33-oC",
      "text": "Chexagent: Towards a foundation model for chest x-ray interpretation"
    },
    {
      "url": "https://scholar.google.com/scholar?oi=bibs&hl=en&cites=6499435370331580390",
      "text": "68"
    },
    {
      "url": "/citations?view_op=view_citation&hl=en&user=NglVXZ8AAAAJ&citation_for_view=NglVXZ8AAAAJ:MXK_kJrjxJIC",
      "text": "Medalign: A clinician-generated dataset for instruction following with electronic medical records"
    },
    {
      "url": "https://scholar.google.com/scholar?oi=bibs&hl=en&cites=14494006961264369671",
      "text": "58"
    },
    {
      "url": "/citations?view_op=view_citation&hl=en&user=NglVXZ8AAAAJ&citation_for_view=NglVXZ8AAAAJ:YsMSGLbcyi4C",
      "text": "Deep COVID DeteCT: an international experience on COVID-19 lung detection and prognosis using chest CT"
    },
    {
      "url": "https://scholar.google.com/scholar?oi=bibs&hl=en&cites=10032756464140459623",
      "text": "53"
    },
    {
      "url": "/citations?view_op=view_citation&hl=en&user=NglVXZ8AAAAJ&citation_for_view=NglVXZ8AAAAJ:_FxGoFyzp5QC",
      "text": "BRAX, Brazilian labeled chest x-ray dataset"
    },
    {
      "url": "https://scholar.google.com/scholar?oi=bibs&hl=en&cites=16376326504501917962",
      "text": "41"
    },
    {
      "url": "/citations?view_op=view_citation&hl=en&user=NglVXZ8AAAAJ&citation_for_view=NglVXZ8AAAAJ:IWHjjKOFINEC",
      "text": "AgentClinic: a multimodal agent benchmark to evaluate AI in simulated clinical environments"
    },
    {
      "url": "https://scholar.google.com/scholar?oi=bibs&hl=en&cites=12840149790210671369",
      "text": "39"
    },
    {
      "url": "/citations?view_op=view_citation&hl=en&user=NglVXZ8AAAAJ&citation_for_view=NglVXZ8AAAAJ:hC7cP41nSMkC",
      "text": "Merlin: A vision language foundation model for 3d computed tomography"
    },
    {
      "url": "https://scholar.google.com/scholar?oi=bibs&hl=en&cites=10438048915442971948",
      "text": "27"
    },
    {
      "url": "/citations?view_op=view_citation&hl=en&user=NglVXZ8AAAAJ&citation_for_view=NglVXZ8AAAAJ:Tyk-4Ss8FVUC",
      "text": "Brain Hemorrhage Extended (BHX): Bounding box extrapolation from thick to thin slice CT images"
    },
    {
      "url": "https://scholar.google.com/scholar?oi=bibs&hl=en&cites=9066198208058114459",
      "text": "27"
    },
    {
      "url": "/citations?view_op=view_citation&hl=en&user=NglVXZ8AAAAJ&citation_for_view=NglVXZ8AAAAJ:M3ejUd6NZC8C",
      "text": "Style-aware radiology report generation with radgraph and few-shot prompting"
    },
    {
      "url": "https://scholar.google.com/scholar?oi=bibs&hl=en&cites=6768709732236091994",
      "text": "15"
    },
    {
      "url": "/citations?view_op=view_citation&hl=en&user=NglVXZ8AAAAJ&citation_for_view=NglVXZ8AAAAJ:u-x6o8ySG0sC",
      "text": "Transaxonal degenerations of cerebellar connections: the value of anatomical knowledge"
    },
    {
      "url": "https://scholar.google.com/scholar?oi=bibs&hl=en&cites=5445683890938852359",
      "text": "13"
    },
    {
      "url": "/citations?view_op=view_citation&hl=en&user=NglVXZ8AAAAJ&citation_for_view=NglVXZ8AAAAJ:LkGwnXOMwfcC",
      "text": "Epidemiologic and clinical features of patients with COVID-19 in Brazil. Einstein (Sao Paulo). 2020; 18: eAO6022"
    },
    {
      "url": "https://scholar.google.com/scholar?oi=bibs&hl=en&cites=15715279350451782358",
      "text": "10"
    },
    {
      "url": "/citations?view_op=view_citation&hl=en&user=NglVXZ8AAAAJ&citation_for_view=NglVXZ8AAAAJ:Y0pCki6q_DkC",
      "text": "Ischemic Postconditioning and Subanesthetic S (+)\u2010Ketamine Infusion: Effects on Renal Function and Histology in Rats"
    },
    {
      "url": "https://scholar.google.com/scholar?oi=bibs&hl=en&cites=7864391221448491803",
      "text": "9"
    },
    {
      "url": "/citations?view_op=view_citation&hl=en&user=NglVXZ8AAAAJ&citation_for_view=NglVXZ8AAAAJ:3fE2CSJIrl8C",
      "text": "Comp2comp: Open-source body composition assessment on computed tomography"
    },
    {
      "url": "https://scholar.google.com/scholar?oi=bibs&hl=en&cites=15567965264969460567",
      "text": "8"
    },
    {
      "url": "/citations?view_op=view_citation&hl=en&user=NglVXZ8AAAAJ&citation_for_view=NglVXZ8AAAAJ:qUcmZB5y_30C",
      "text": "Fineradscore: A radiology report line-by-line evaluation technique generating corrections with severity scores"
    },
    {
      "url": "https://scholar.google.com/scholar?oi=bibs&hl=en&cites=1461630158871260894",
      "text": "6"
    },
    {
      "url": "/citations?view_op=view_citation&hl=en&user=NglVXZ8AAAAJ&citation_for_view=NglVXZ8AAAAJ:ZeXyd9-uunAC",
      "text": "Automated abdominal CT contrast phase detection using an interpretable and open-source artificial intelligence algorithm"
    },
    {
      "url": "https://scholar.google.com/scholar?oi=bibs&hl=en&cites=7459813090899923607",
      "text": "5"
    },
    {
      "url": "/citations?view_op=view_citation&hl=en&user=NglVXZ8AAAAJ&citation_for_view=NglVXZ8AAAAJ:_kc_bZDykSQC",
      "text": "Skeletal muscle area on CT: determination of an optimal height scaling power and testing for mortality risk prediction"
    },
    {
      "url": "https://scholar.google.com/scholar?oi=bibs&hl=en&cites=13983912409749464029",
      "text": "5"
    },
    {
      "url": "//www.google.com/intl/en/policies/privacy/",
      "text": "Privacy"
    },
    {
      "url": "//www.google.com/intl/en/policies/terms/",
      "text": "Terms"
    },
    {
      "url": "/intl/en/scholar/about.html",
      "text": "About Scholar"
    },
    {
      "url": "//support.google.com/websearch?p=scholar_dsa&hl=en",
      "text": "Search help"
    }
  ],
  "images": [
    {
      "src": "/citations/images/avatar_scholar_128.png",
      "alt": "Eduardo Pontes Reis"
    }
  ]
}