[
  {
    "fullName": "Advait Iyer",
    "linkedin_internal_id": "735313660",
    "first_name": "Advait",
    "last_name": "Iyer",
    "public_identifier": "advaitiyer",
    "background_cover_image_url": "https://media.licdn.com/dms/image/v2/C4D16AQGqyViiFcHjXg/profile-displaybackgroundimage-shrink_200_800/profile-displaybackgroundimage-shrink_200_800/0/1637102802255?e=2147483647&v=beta&t=qCA1YxnIxjFS4FMRiqhdYx1Q3m3ppGjztIw5HUpD7sM",
    "profile_photo": "https://static.licdn.com/aero-v1/sc/h/9c8pery4andzj6ohjkjp54ma2",
    "headline": "Computer Engineer",
    "location": "667 followers\n          \n              500+ connections",
    "about": "I like computer systems.Proficient in: C/C++, Verilog/SystemVerilog, Python",
    "experience": [
      {
        "position": "Software Engineer",
        "company_url": "https://www.linkedin.com/company/tesla-motors?trk=public_profile_experience-item_profile-section-card_subtitle-click",
        "company_image": "https://media.licdn.com/dms/image/v2/C4D0BAQHUcu98SZ2TVw/company-logo_100_100/company-logo_100_100/0/1630576446368/tesla_motors_logo?e=2147483647&v=beta&t=XoR-tn8x_HdLXtmMsln9xhsZ3fOnB3vJyQUwi3lBI0s",
        "company_name": "Tesla",
        "location": "Palo Alto, California, United States",
        "summary": "",
        "starts_at": "Feb 2025",
        "ends_at": "Present",
        "duration": "2 months"
      },
      {
        "position": "Hardware Engineer",
        "company_url": "https://www.linkedin.com/company/aethero-space?trk=public_profile_experience-item_profile-section-card_subtitle-click",
        "company_image": "https://media.licdn.com/dms/image/v2/D560BAQHeZETGKP-EIw/company-logo_100_100/company-logo_100_100/0/1734802091841/aethero_space_logo?e=2147483647&v=beta&t=6xgr5w_Al7v6Mtqu5yi1QornKHKPfRoLL5PjAXkKFEQ",
        "company_name": "Aethero",
        "location": "Ann Arbor, Michigan, United States",
        "summary": "",
        "starts_at": "Sep 2024",
        "ends_at": "Dec 2024",
        "duration": "4 months"
      },
      {
        "position": "Instructional Assistant, Advanced Computer Architecture (EECS 470)",
        "company_url": "https://www.linkedin.com/company/umichcse?trk=public_profile_experience-item_profile-section-card_subtitle-click",
        "company_image": "https://media.licdn.com/dms/image/v2/D560BAQFgUlbxxVabLg/company-logo_100_100/company-logo_100_100/0/1718906843509/umichcse_logo?e=2147483647&v=beta&t=fxZMPwHbjGi8sa_PYixfpG34rQsHANXffnOmHZhLglw",
        "company_name": "Computer Science and Engineering at the University of Michigan",
        "location": "Ann Arbor, Michigan, United States",
        "summary": "",
        "starts_at": "Aug 2024",
        "ends_at": "Dec 2024",
        "duration": "5 months"
      },
      {
        "position": "Research Assistant, CE Lab",
        "company_url": "https://www.linkedin.com/company/umichcse?trk=public_profile_experience-item_profile-section-card_subtitle-click",
        "company_image": "https://media.licdn.com/dms/image/v2/D560BAQFgUlbxxVabLg/company-logo_100_100/company-logo_100_100/0/1718906843509/umichcse_logo?e=2147483647&v=beta&t=fxZMPwHbjGi8sa_PYixfpG34rQsHANXffnOmHZhLglw",
        "company_name": "Computer Science and Engineering at the University of Michigan",
        "location": null,
        "summary": "",
        "starts_at": "Jan 2024",
        "ends_at": "Dec 2024",
        "duration": "1 year"
      },
      {
        "position": "Instructional Assistant, Digital Logic Design (EECS 270)",
        "company_url": "https://www.linkedin.com/company/umichcse?trk=public_profile_experience-item_profile-section-card_subtitle-click",
        "company_image": "https://media.licdn.com/dms/image/v2/D560BAQFgUlbxxVabLg/company-logo_100_100/company-logo_100_100/0/1718906843509/umichcse_logo?e=2147483647&v=beta&t=fxZMPwHbjGi8sa_PYixfpG34rQsHANXffnOmHZhLglw",
        "company_name": "Computer Science and Engineering at the University of Michigan",
        "location": "Ann Arbor, Michigan, United States",
        "summary": "",
        "starts_at": "Jan 2023",
        "ends_at": "Dec 2024",
        "duration": "2 years"
      },
      {
        "position": "Venture Partner",
        "company_url": "https://www.linkedin.com/company/contrarycapital?trk=public_profile_experience-item_profile-section-card_subtitle-click",
        "company_image": "https://media.licdn.com/dms/image/v2/D4E0BAQEwrYqtviesAw/company-logo_100_100/company-logo_100_100/0/1692812753240/contrarycapital_logo?e=2147483647&v=beta&t=DDHvh_t2GXn6F7VnpaoahcxDXoO9kiWQwhPu63ONhbc",
        "company_name": "Contrary",
        "location": null,
        "summary": "",
        "starts_at": "Nov 2021",
        "ends_at": "Dec 2024",
        "duration": "3 years 2 months"
      },
      {
        "position": "Software Engineer",
        "company_url": "https://www.linkedin.com/company/tesla-motors?trk=public_profile_experience-item_profile-section-card_subtitle-click",
        "company_image": "https://media.licdn.com/dms/image/v2/C4D0BAQHUcu98SZ2TVw/company-logo_100_100/company-logo_100_100/0/1630576446368/tesla_motors_logo?e=2147483647&v=beta&t=XoR-tn8x_HdLXtmMsln9xhsZ3fOnB3vJyQUwi3lBI0s",
        "company_name": "Tesla",
        "location": "Palo Alto, California, United States",
        "summary": "",
        "starts_at": "May 2024",
        "ends_at": "Aug 2024",
        "duration": "4 months"
      },
      {
        "position": "Software Engineer",
        "company_url": "https://www.linkedin.com/company/tesla-motors?trk=public_profile_experience-item_profile-section-card_subtitle-click",
        "company_image": "https://media.licdn.com/dms/image/v2/C4D0BAQHUcu98SZ2TVw/company-logo_100_100/company-logo_100_100/0/1630576446368/tesla_motors_logo?e=2147483647&v=beta&t=XoR-tn8x_HdLXtmMsln9xhsZ3fOnB3vJyQUwi3lBI0s",
        "company_name": "Tesla",
        "location": "Palo Alto, California, United States",
        "summary": "",
        "starts_at": "May 2023",
        "ends_at": "Aug 2023",
        "duration": "4 months"
      },
      {
        "position": "Research Assistant",
        "company_url": "https://www.linkedin.com/school/university-of-michigan/?trk=public_profile_experience-item_profile-section-card_subtitle-click",
        "company_image": "https://media.licdn.com/dms/image/v2/C4E0BAQFGfERBPGurCg/company-logo_100_100/company-logo_100_100/0/1631307390795?e=2147483647&v=beta&t=biUbAvMst70Isp55XPAhKXb27SbtHxroKABNHOf3Y18",
        "company_name": "University of Michigan",
        "location": "Ann Arbor, Michigan, United States",
        "summary": "",
        "starts_at": "Aug 2022",
        "ends_at": "Dec 2022",
        "duration": "5 months"
      },
      {
        "position": "Engineer",
        "company_url": "https://www.linkedin.com/company/maraholdings?trk=public_profile_experience-item_profile-section-card_subtitle-click",
        "company_image": "https://media.licdn.com/dms/image/v2/D4E0BAQHozkwYKPFMoA/company-logo_100_100/company-logo_100_100/0/1720738348079/marathon_digital_holdings_logo?e=2147483647&v=beta&t=DT691487StupE6ppAiMkphtEH4XXg_CnLGb3pI8Ecmg",
        "company_name": "Marathon Digital Holdings",
        "location": null,
        "summary": "",
        "starts_at": "May 2022",
        "ends_at": "Dec 2022",
        "duration": "8 months"
      },
      {
        "position": "Operations, Growth, Engineering",
        "company_url": "https://in.linkedin.com/company/kiranakart?trk=public_profile_experience-item_profile-section-card_subtitle-click",
        "company_image": "https://media.licdn.com/dms/image/v2/C4D0BAQHHCbaEeRMxhA/company-logo_100_100/company-logo_100_100/0/1630573276822/kiranakart_logo?e=2147483647&v=beta&t=NPOJR5RrclzLE0YuPG-bKskw3u1KcomSXp88nq6AwZg",
        "company_name": "KiranaKart (YC W21)",
        "location": "Mumbai, Maharashtra, India",
        "summary": "",
        "starts_at": "2021",
        "ends_at": "2021",
        "duration": "less than a year"
      }
    ],
    "education": [
      {
        "college_url": "https://www.linkedin.com/school/university-of-michigan/?trk=public_profile_school_profile-section-card_image-click",
        "college_name": "University of Michigan",
        "college_image": "https://media.licdn.com/dms/image/v2/C4E0BAQFGfERBPGurCg/company-logo_100_100/company-logo_100_100/0/1631307390795?e=2147483647&v=beta&t=biUbAvMst70Isp55XPAhKXb27SbtHxroKABNHOf3Y18",
        "college_degree": "Bachelor of Science in Engineering",
        "college_degree_field": null,
        "college_duration": "2021 - 2024",
        "college_activity": ""
      },
      {
        "college_name": "Singapore International School, Mumbai",
        "college_image": "https://static.licdn.com/aero-v1/sc/h/6qpnald1ddva78jx4bnnl3vw",
        "college_degree": "International Baccalaureate",
        "college_degree_field": null,
        "college_duration": " - ",
        "college_activity": ""
      }
    ],
    "articles": [],
    "description": {
      "description1": "Tesla",
      "description1_link": "https://www.linkedin.com/company/tesla-motors?trk=public_profile_topcard-current-company",
      "description2": "University of Michigan",
      "description2_link": "https://www.linkedin.com/school/university-of-michigan/?trk=public_profile_topcard-school",
      "description3": "Blog",
      "description3_link": "https://www.linkedin.com/redir/redirect?url=https%3A%2F%2Fadvaitiyer%2Ecom&urlhash=KrWX&trk=public_profile_topcard-website"
    },
    "activities": [],
    "volunteering": [],
    "certification": [],
    "people_also_viewed": [
      {
        "link": "https://in.linkedin.com/in/anuraggandhidataengineer?trk=public_profile_browsemap-profile",
        "name": "Anurag Gandhi",
        "summary": "Data Analyst @ United Health Group, Optum | Ex-Siemens | SIH'19 Winner",
        "location": "South Delhi"
      },
      {
        "link": "https://in.linkedin.com/in/sandeepm96?trk=public_profile_browsemap-profile",
        "name": "Sandeep Mahapatra",
        "summary": "",
        "location": "Bengaluru"
      },
      {
        "link": "https://www.linkedin.com/in/hardik-patil-stanford?trk=public_profile_browsemap-profile",
        "name": "Hardik Patil",
        "summary": "",
        "location": "San Francisco Bay Area"
      },
      {
        "link": "https://www.linkedin.com/in/ankit-verma-083828125?trk=public_profile_browsemap-profile",
        "name": "Ankit Verma",
        "summary": "Co Founder @ WartinLabs | Career Coach, Bubble",
        "location": "New York, NY"
      },
      {
        "link": "https://in.linkedin.com/in/smitparsania?trk=public_profile_browsemap-profile",
        "name": "Smit Parsania",
        "summary": "",
        "location": "Rajkot"
      },
      {
        "link": "https://www.linkedin.com/in/natarajankishore?trk=public_profile_browsemap-profile",
        "name": "Kishore Natarajan",
        "summary": "",
        "location": "Stanford, CA"
      },
      {
        "link": "https://in.linkedin.com/in/rohanishwarkar?trk=public_profile_browsemap-profile",
        "name": "Rohan Ishwarkar",
        "summary": "SDE 2 @Microsoft | Building AlgoZenith | CSE IIT Kharagpur",
        "location": "Akola"
      },
      {
        "link": "https://www.linkedin.com/in/zubin-priyansh?trk=public_profile_browsemap-profile",
        "name": "Zubin Priyansh",
        "summary": "Software for robots | Co-founder Black Coffee Robotics",
        "location": "New York, NY"
      },
      {
        "link": "https://www.linkedin.com/in/kashyaprohit?trk=public_profile_browsemap-profile",
        "name": "Rohit K.",
        "summary": "Co-Founder at \ud83e\udd6d The Mango Jelly (TechCrunch Disrupt #SB200 | Intel Liftoff | Berkeley SkyDeck | Echelon Top100)",
        "location": "San Francisco, CA"
      },
      {
        "link": "https://in.linkedin.com/in/arpita-saxena-97b48bb7?trk=public_profile_browsemap-profile",
        "name": "Arpita Saxena",
        "summary": "Technology Enthusiast, Co-founder, Software Developer",
        "location": "Noida"
      },
      {
        "link": "https://in.linkedin.com/in/tripathiakhil?trk=public_profile_browsemap-profile",
        "name": "Akhil Tripathi",
        "summary": "",
        "location": "Gurgaon"
      },
      {
        "link": "https://www.linkedin.com/in/shubham-chopade?trk=public_profile_browsemap-profile",
        "name": "Shubham Chopade",
        "summary": "",
        "location": "United States"
      },
      {
        "link": "https://in.linkedin.com/in/rounak-chourasia?trk=public_profile_browsemap-profile",
        "name": "Rounak Chourasia",
        "summary": "",
        "location": "Bengaluru"
      },
      {
        "link": "https://in.linkedin.com/in/ishivamshukla?trk=public_profile_browsemap-profile",
        "name": "Shivam Shukla",
        "summary": "",
        "location": "Uttar Pradesh, India"
      },
      {
        "link": "https://sg.linkedin.com/in/karansinghgit?trk=public_profile_browsemap-profile",
        "name": "Karan Singh",
        "summary": "",
        "location": "Singapore"
      },
      {
        "link": "https://in.linkedin.com/in/prince-chauhan?trk=public_profile_browsemap-profile",
        "name": "Prince Chauhan",
        "summary": "Transforming Lives Digitally | Khabai Tech |Web Developer | Aeronautical Engineer | Aptitude Trainer | Digital Marketer",
        "location": "Vaishali"
      },
      {
        "link": "https://www.linkedin.com/in/sriyansh7?trk=public_profile_browsemap-profile",
        "name": "Sriyansh Srivastava",
        "summary": "",
        "location": "Houston, TX"
      },
      {
        "link": "https://in.linkedin.com/in/varun-r-kodnani?trk=public_profile_browsemap-profile",
        "name": "Varun R Kodnani",
        "summary": "Co-founder of Flowace.ai | Boosting team productivity with AI",
        "location": "Mumbai"
      },
      {
        "link": "https://www.linkedin.com/in/bhaktikarva?trk=public_profile_browsemap-profile",
        "name": "Bhakti Karva",
        "summary": "",
        "location": "United States"
      },
      {
        "link": "https://in.linkedin.com/in/vijaygoel1?trk=public_profile_browsemap-profile",
        "name": "Vijay Goel",
        "summary": "",
        "location": "Gurugram"
      }
    ],
    "similar_profiles": [
      {
        "link": "https://www.linkedin.com/in/advait-iyer-4186b1249?trk=public_profile_samename-profile",
        "name": "Advait Iyer",
        "summary": "Supply Chain | Analytics | Business",
        "location": "Seattle, WA"
      },
      {
        "link": "https://www.linkedin.com/in/advait-iyer-6141502b0?trk=public_profile_samename-profile",
        "name": "Advait Iyer",
        "summary": "Student at Penn State University",
        "location": "State College, PA"
      },
      {
        "link": "https://www.linkedin.com/in/advait-iyer-79357a265?trk=public_profile_samename-profile",
        "name": "Advait Iyer",
        "summary": "--",
        "location": "Atlanta, GA"
      },
      {
        "link": "https://www.linkedin.com/in/advait-ramesh-iyer-73a524181?trk=public_profile_samename-profile",
        "name": "Advait Ramesh Iyer",
        "summary": "--",
        "location": "Greater Syracuse-Auburn Area"
      }
    ],
    "recommendations": [],
    "publications": [
      {
        "name": "Vortex: Overcoming Memory Capacity Limitations in GPU-Accelerated Large-Scale Data Analytics",
        "sub_title": "51st International Conference on Very Large Data Bases",
        "summary": "",
        "date": "",
        "link": "https://www.linkedin.com/redir/redirect?url=https%3A%2F%2Farxiv%2Eorg%2Fpdf%2F2502%2E09541&urlhash=KX_R&trk=public_profile_publication-title"
      }
    ],
    "courses": [],
    "languages": [
      {
        "name": "English",
        "level": "Native or bilingual proficiency"
      },
      {
        "name": "French",
        "level": "Full professional proficiency"
      },
      {
        "name": "Hindi",
        "level": "Native or bilingual proficiency"
      },
      {
        "name": "Tamil",
        "level": "Professional working proficiency"
      }
    ],
    "organizations": [],
    "projects": [],
    "awards": [
      {
        "name": "Runner-up, APS History of Physics Essay Contest",
        "organization": "American Physical Society",
        "duration": "Oct 2021",
        "summary": "The History of Physics Contest is organised annually by the American Physical Society's Forum on the History of Physics, and is open to anyone without a PhD in either physics or history.  My essay focused on addressing a misconception surrounding the development of Bose-Einstein statistics, and can be found at https://engage.aps.org/fhpp/resources/essay-contest"
      },
      {
        "name": "Gold Award, Queen's Commonwealth Essay Competition",
        "organization": "Royal Commonwealth Society",
        "duration": "Sep 2020",
        "summary": ""
      },
      {
        "name": "Times Scholars 2019 Winner",
        "organization": "Bennett Coleman and Company Limited (The Times Group)",
        "duration": "Feb 2020",
        "summary": ""
      },
      {
        "name": "Times SPARK 'Read to Lead' Scholarship Winner",
        "organization": "Bennett Coleman and Company Limited (The Times Group)",
        "duration": "Mar 2018",
        "summary": ""
      }
    ],
    "score": [
      {
        "name": "SAT",
        "score": "Score: 1570/1600",
        "duration": "Mar 2019",
        "summary": ""
      }
    ]
  }
]