{
  "title": "Browse School of Engineering | Stanford Profiles",
  "meta_description": "",
  "main_content": "View Stanford-only Results School of Engineering Showing 7,541-7,540 of 7,094 Results First Previous 755/710 Next Last 10 Results / Page 10 / Page Change 10 20 50 100 Show Only All Profiles Faculty, Research and Teaching Staff Staff Postdocs Graduate Students Last Name A B C D E F G H I J K L M N O P Q R S T U V W X Y Z School of Engineering Aeronautics and Astronautics Bioengineering Chemical Engineering Civil and Environmental Engineering Computer Science Dean's Office Electrical Engineering Management Science and Engineering Materials Science and Engineering Mechanical Engineering Programs, Centers and Institutes",
  "links": [
    {
      "url": "/intranet/browse/school-of-engineering/?p=755&ps=10",
      "text": "View Stanford-only Results"
    },
    {
      "url": "/browse/school-of-engineering/?p=1",
      "text": "First"
    },
    {
      "url": "/browse/school-of-engineering/?p=754",
      "text": "Previous"
    },
    {
      "url": "/browse/school-of-engineering/?p=755&ps=10",
      "text": "10"
    },
    {
      "url": "/browse/school-of-engineering/?p=378&ps=20",
      "text": "20"
    },
    {
      "url": "/browse/school-of-engineering/?p=151&ps=50",
      "text": "50"
    },
    {
      "url": "/browse/school-of-engineering/?p=76&ps=100",
      "text": "100"
    },
    {
      "url": "/browse/school-of-engineering/",
      "text": "All Profiles"
    },
    {
      "url": "/browse/school-of-engineering/?affiliations=capFaculty",
      "text": "Faculty, Research and Teaching Staff"
    },
    {
      "url": "/browse/school-of-engineering/?affiliations=capStaff",
      "text": "Staff"
    },
    {
      "url": "/browse/school-of-engineering/?affiliations=capPostdoc",
      "text": "Postdocs"
    },
    {
      "url": "/browse/school-of-engineering/?affiliations=capMdStudent,capMsStudent,capPhdStudent",
      "text": "Graduate Students"
    },
    {
      "url": "/browse/school-of-engineering/",
      "text": "Last Name"
    },
    {
      "url": "/browse/school-of-engineering/?name=a",
      "text": "A"
    },
    {
      "url": "/browse/school-of-engineering/?name=b",
      "text": "B"
    },
    {
      "url": "/browse/school-of-engineering/?name=c",
      "text": "C"
    },
    {
      "url": "/browse/school-of-engineering/?name=d",
      "text": "D"
    },
    {
      "url": "/browse/school-of-engineering/?name=e",
      "text": "E"
    },
    {
      "url": "/browse/school-of-engineering/?name=f",
      "text": "F"
    },
    {
      "url": "/browse/school-of-engineering/?name=g",
      "text": "G"
    },
    {
      "url": "/browse/school-of-engineering/?name=h",
      "text": "H"
    },
    {
      "url": "/browse/school-of-engineering/?name=i",
      "text": "I"
    },
    {
      "url": "/browse/school-of-engineering/?name=j",
      "text": "J"
    },
    {
      "url": "/browse/school-of-engineering/?name=k",
      "text": "K"
    },
    {
      "url": "/browse/school-of-engineering/?name=l",
      "text": "L"
    },
    {
      "url": "/browse/school-of-engineering/?name=m",
      "text": "M"
    },
    {
      "url": "/browse/school-of-engineering/?name=n",
      "text": "N"
    },
    {
      "url": "/browse/school-of-engineering/?name=o",
      "text": "O"
    },
    {
      "url": "/browse/school-of-engineering/?name=p",
      "text": "P"
    },
    {
      "url": "/browse/school-of-engineering/?name=q",
      "text": "Q"
    },
    {
      "url": "/browse/school-of-engineering/?name=r",
      "text": "R"
    },
    {
      "url": "/browse/school-of-engineering/?name=s",
      "text": "S"
    },
    {
      "url": "/browse/school-of-engineering/?name=t",
      "text": "T"
    },
    {
      "url": "/browse/school-of-engineering/?name=u",
      "text": "U"
    },
    {
      "url": "/browse/school-of-engineering/?name=v",
      "text": "V"
    },
    {
      "url": "/browse/school-of-engineering/?name=w",
      "text": "W"
    },
    {
      "url": "/browse/school-of-engineering/?name=x",
      "text": "X"
    },
    {
      "url": "/browse/school-of-engineering/?name=y",
      "text": "Y"
    },
    {
      "url": "/browse/school-of-engineering/?name=z",
      "text": "Z"
    },
    {
      "url": "/browse/school-of-engineering/",
      "text": "School of Engineering"
    },
    {
      "url": "/browse/school-of-engineering/?org=school-of-engineering/aeronautics-and-astronautics",
      "text": "Aeronautics and Astronautics"
    },
    {
      "url": "/browse/school-of-engineering/?org=school-of-engineering/bioengineering",
      "text": "Bioengineering"
    },
    {
      "url": "/browse/school-of-engineering/?org=school-of-engineering/chemical-engineering",
      "text": "Chemical Engineering"
    },
    {
      "url": "/browse/school-of-engineering/?org=school-of-engineering/civil-and-environmental-engineering",
      "text": "Civil and Environmental Engineering"
    },
    {
      "url": "/browse/school-of-engineering/?org=school-of-engineering/computer-science",
      "text": "Computer Science"
    },
    {
      "url": "/browse/school-of-engineering/?org=school-of-engineering/deans-office",
      "text": "Dean's Office"
    },
    {
      "url": "/browse/school-of-engineering/?org=school-of-engineering/electrical-engineering",
      "text": "Electrical Engineering"
    },
    {
      "url": "/browse/school-of-engineering/?org=school-of-engineering/management-science-and-engineering",
      "text": "Management Science and Engineering"
    },
    {
      "url": "/browse/school-of-engineering/?org=school-of-engineering/materials-science-and-engineering",
      "text": "Materials Science and Engineering"
    },
    {
      "url": "/browse/school-of-engineering/?org=school-of-engineering/mechanical-engineering",
      "text": "Mechanical Engineering"
    },
    {
      "url": "/browse/school-of-engineering/?org=school-of-engineering/programs-centers-and-institutes",
      "text": "Programs, Centers and Institutes"
    }
  ],
  "images": []
}