{
  "title": "max4c (Max Forsey) \u00b7 GitHub",
  "meta_description": "Machine Learning Student @ BYU. max4c has 27 repositories available. Follow their code on GitHub.",
  "main_content": "max4c Follow More Overview Repositories Projects Packages Stars max4c Follow Max Forsey max4c Follow Machine Learning Student @ BYU www.maxforsey.com Achievements x2 Achievements x2 Block or Report Block or report max4c Block user Prevent this user from interacting with your repositories and sending you notifications. Learn more about blocking users . You must be logged in to block users. Add an optional note: Please don't include any personal information such as legal names or email addresses. Maximum 100 characters, markdown supported. This note will be visible to only you. Block user Report abuse Contact GitHub support about this user\u2019s behavior. Learn more about reporting abuse . Report abuse More Overview Repositories Projects Packages Stars Pinned Loading nanoGPT nanoGPT Public A reimplementation of Karpathy's nanoGPT Jupyter Notebook freshsesh freshsesh Public A tool that provides custom recaps of your previous work, so you can start a fresh work session with full context in mind Python m4c2 m4c2 Public Version 2.0 of maxforsey.com using tailwind.css, next.js, and mdx files MDX facehaircut facehaircut Public facehaircut.com - get haircut recommendations based on the shape of your face JavaScript Something went wrong, please refresh the page to try again. If the problem persists, check the GitHub status page or contact support .",
  "links": [
    {
      "url": "/login?return_to=https%3A%2F%2Fgithub.com%2Fmax4c",
      "text": "Follow"
    },
    {
      "url": "/max4c",
      "text": "Overview"
    },
    {
      "url": "/max4c?tab=repositories",
      "text": "Repositories"
    },
    {
      "url": "/max4c?tab=projects",
      "text": "Projects"
    },
    {
      "url": "/max4c?tab=packages",
      "text": "Packages"
    },
    {
      "url": "/max4c?tab=stars",
      "text": "Stars"
    },
    {
      "url": "/login?return_to=https%3A%2F%2Fgithub.com%2Fmax4c",
      "text": "Follow"
    },
    {
      "url": "https://avatars.githubusercontent.com/u/77403748?v=4",
      "text": ""
    },
    {
      "url": "/login?return_to=https%3A%2F%2Fgithub.com%2Fmax4c",
      "text": "Follow"
    },
    {
      "url": "http://www.maxforsey.com",
      "text": "www.maxforsey.com"
    },
    {
      "url": "/max4c?tab=achievements",
      "text": "Achievements"
    },
    {
      "url": "/max4c?achievement=yolo&tab=achievements",
      "text": ""
    },
    {
      "url": "/max4c?achievement=pair-extraordinaire&tab=achievements",
      "text": ""
    },
    {
      "url": "/max4c?achievement=pull-shark&tab=achievements",
      "text": "x2"
    },
    {
      "url": "/max4c?tab=achievements",
      "text": "Achievements"
    },
    {
      "url": "/max4c?achievement=yolo&tab=achievements",
      "text": ""
    },
    {
      "url": "/max4c?achievement=pair-extraordinaire&tab=achievements",
      "text": ""
    },
    {
      "url": "/max4c?achievement=pull-shark&tab=achievements",
      "text": "x2"
    },
    {
      "url": "https://docs.github.com/articles/blocking-a-user-from-your-personal-account",
      "text": "blocking users"
    },
    {
      "url": "https://docs.github.com/articles/reporting-abuse-or-spam",
      "text": "reporting abuse"
    },
    {
      "url": "/contact/report-abuse?report=max4c+%28user%29",
      "text": "Report abuse"
    },
    {
      "url": "/max4c",
      "text": "Overview"
    },
    {
      "url": "/max4c?tab=repositories",
      "text": "Repositories"
    },
    {
      "url": "/max4c?tab=projects",
      "text": "Projects"
    },
    {
      "url": "/max4c?tab=packages",
      "text": "Packages"
    },
    {
      "url": "/max4c?tab=stars",
      "text": "Stars"
    },
    {
      "url": "/max4c/nanoGPT",
      "text": "nanoGPT"
    },
    {
      "url": "/max4c/freshsesh",
      "text": "freshsesh"
    },
    {
      "url": "/max4c/m4c2",
      "text": "m4c2"
    },
    {
      "url": "/max4c/facehaircut",
      "text": "facehaircut"
    },
    {
      "url": "https://www.githubstatus.com/",
      "text": "GitHub status page"
    },
    {
      "url": "/contact",
      "text": "contact support"
    }
  ],
  "images": [
    {
      "src": "https://avatars.githubusercontent.com/u/77403748?s=64&v=4",
      "alt": "@max4c"
    },
    {
      "src": "https://avatars.githubusercontent.com/u/77403748?s=64&v=4",
      "alt": "@max4c"
    },
    {
      "src": "https://avatars.githubusercontent.com/u/77403748?v=4",
      "alt": "View max4c's full-sized avatar"
    },
    {
      "src": "https://github.githubassets.com/assets/yolo-default-be0bbff04951.png",
      "alt": "Achievement: YOLO"
    },
    {
      "src": "https://github.githubassets.com/assets/pair-extraordinaire-default-579438a20e01.png",
      "alt": "Achievement: Pair Extraordinaire"
    },
    {
      "src": "https://github.githubassets.com/assets/pull-shark-default-498c279a747d.png",
      "alt": "Achievement: Pull Shark"
    },
    {
      "src": "https://github.githubassets.com/assets/yolo-default-be0bbff04951.png",
      "alt": "Achievement: YOLO"
    },
    {
      "src": "https://github.githubassets.com/assets/pair-extraordinaire-default-579438a20e01.png",
      "alt": "Achievement: Pair Extraordinaire"
    },
    {
      "src": "https://github.githubassets.com/assets/pull-shark-default-498c279a747d.png",
      "alt": "Achievement: Pull Shark"
    }
  ]
}