{
  "title": "Publications | Dr Zifei Xu | Our people | University of Liverpool",
  "meta_description": "",
  "main_content": "",
  "links": [
    {
      "url": "https://www.liverpool.ac.uk/undergraduate/",
      "text": "Undergraduate"
    },
    {
      "url": "https://www.liverpool.ac.uk/postgraduate-taught/",
      "text": "Postgraduate"
    },
    {
      "url": "https://www.liverpool.ac.uk/study/postgraduate-research/",
      "text": "PhD"
    },
    {
      "url": "https://www.liverpool.ac.uk/accommodation/",
      "text": "Accommodation"
    },
    {
      "url": "https://www.liverpool.ac.uk/research/",
      "text": "Research"
    },
    {
      "url": "https://www.liverpool.ac.uk/international/",
      "text": "International students"
    },
    {
      "url": "https://www.liverpool.ac.uk/a-z/",
      "text": "A-Z index"
    },
    {
      "url": "https://dx.doi.org/10.1016/j.oceaneng.2024.118925",
      "text": "Early anomaly detection of wind turbine gearbox based on SLFormer neural network"
    },
    {
      "url": "https://dx.doi.org/10.1016/j.oceaneng.2024.118925",
      "text": "10.1016/j.oceaneng.2024.118925"
    },
    {
      "url": "https://dx.doi.org/10.1016/j.aei.2024.102806",
      "text": "Physics-informed probabilistic deep network with interpretable mechanism for trustworthy mechanical fault diagnosis"
    },
    {
      "url": "https://dx.doi.org/10.1016/j.aei.2024.102806",
      "text": "10.1016/j.aei.2024.102806"
    },
    {
      "url": "https://dx.doi.org/10.1016/j.knosys.2023.111344",
      "text": "10.1016/j.knosys.2023.111344"
    },
    {
      "url": "https://dx.doi.org/10.1016/j.measurement.2023.113754",
      "text": "10.1016/j.measurement.2023.113754"
    },
    {
      "url": "https://dx.doi.org/10.1016/j.oceaneng.2023.116279",
      "text": "10.1016/j.oceaneng.2023.116279"
    },
    {
      "url": "https://dx.doi.org/10.1016/j.renene.2022.12.117",
      "text": "10.1016/j.renene.2022.12.117"
    },
    {
      "url": "https://dx.doi.org/10.1016/j.cie.2023.108999",
      "text": "10.1016/j.cie.2023.108999"
    },
    {
      "url": "https://dx.doi.org/10.1016/j.enconman.2022.116436",
      "text": "10.1016/j.enconman.2022.116436"
    },
    {
      "url": "https://dx.doi.org/10.1016/j.renene.2022.08.093",
      "text": "10.1016/j.renene.2022.08.093"
    },
    {
      "url": "https://dx.doi.org/10.1016/j.inffus.2022.06.005",
      "text": "10.1016/j.inffus.2022.06.005"
    },
    {
      "url": "https://dx.doi.org/10.16146/j.cnki.rndlgc.2022.05.023",
      "text": "10.16146/j.cnki.rndlgc.2022.05.023"
    },
    {
      "url": "https://dx.doi.org/10.19805/j.cnki.jcspe.2022.05.006",
      "text": "10.19805/j.cnki.jcspe.2022.05.006"
    },
    {
      "url": "https://dx.doi.org/10.16146/j.cnki.rndlgc.2022.04.020",
      "text": "10.16146/j.cnki.rndlgc.2022.04.020"
    },
    {
      "url": "https://dx.doi.org/10.16146/j.cnki.rndlgc.2022.04.023",
      "text": "10.16146/j.cnki.rndlgc.2022.04.023"
    },
    {
      "url": "https://dx.doi.org/10.16579/j.issn.1001.9669.2022.02.005",
      "text": "10.16579/j.issn.1001.9669.2022.02.005"
    },
    {
      "url": "https://dx.doi.org/10.16579/j.issn.1001.9669.2022.01.006",
      "text": "10.16579/j.issn.1001.9669.2022.01.006"
    },
    {
      "url": "https://dx.doi.org/10.16579/j.issn.1001.9669.2022.01.004",
      "text": "10.16579/j.issn.1001.9669.2022.01.004"
    },
    {
      "url": "https://dx.doi.org/10.13465/j.cnki.jvs.2022.03.022",
      "text": "10.13465/j.cnki.jvs.2022.03.022"
    },
    {
      "url": "https://dx.doi.org/10.1016/j.enconman.2021.115140",
      "text": "10.1016/j.enconman.2021.115140"
    },
    {
      "url": "https://dx.doi.org/10.1016/j.renene.2021.10.024",
      "text": "10.1016/j.renene.2021.10.024"
    },
    {
      "url": "https://dx.doi.org/10.7641/CTA.2021.10177",
      "text": "10.7641/CTA.2021.10177"
    },
    {
      "url": "https://dx.doi.org/10.13465/j.cnki.jvs.2021.18.028",
      "text": "10.13465/j.cnki.jvs.2021.18.028"
    },
    {
      "url": "https://dx.doi.org/10.3969/j.issn.1000-1158.2021.07.11",
      "text": "10.3969/j.issn.1000-1158.2021.07.11"
    },
    {
      "url": "https://dx.doi.org/10.1016/j.isatra.2020.10.054",
      "text": "10.1016/j.isatra.2020.10.054"
    },
    {
      "url": "https://dx.doi.org/10.16146/j.cnki.rndlgc.2021.03.008",
      "text": "10.16146/j.cnki.rndlgc.2021.03.008"
    },
    {
      "url": "https://dx.doi.org/10.19805/j.cnki.jcspe.2021.03.007",
      "text": "10.19805/j.cnki.jcspe.2021.03.007"
    },
    {
      "url": "https://dx.doi.org/10.7498/aps.69.20200625",
      "text": "10.7498/aps.69.20200625"
    },
    {
      "url": "https://dx.doi.org/10.13465/j.cnki.jvs.2020.22.024",
      "text": "10.13465/j.cnki.jvs.2020.22.024"
    },
    {
      "url": "https://dx.doi.org/10.19805/j.cnki.jcspe.2020.11.008",
      "text": "10.19805/j.cnki.jcspe.2020.11.008"
    },
    {
      "url": "https://dx.doi.org/10.1016/j.asoc.2020.106515",
      "text": "10.1016/j.asoc.2020.106515"
    },
    {
      "url": "https://dx.doi.org/10.1016/j.oceaneng.2020.107621",
      "text": "10.1016/j.oceaneng.2020.107621"
    },
    {
      "url": "https://dx.doi.org/10.16146/j.cnki.rndlgc.2020.08.019",
      "text": "10.16146/j.cnki.rndlgc.2020.08.019"
    },
    {
      "url": "https://dx.doi.org/10.16146/j.cnki.rndlgc.2020.06.033",
      "text": "10.16146/j.cnki.rndlgc.2020.06.033"
    },
    {
      "url": "https://dx.doi.org/10.16146/j.cnki.rndlgc.2020.06.032",
      "text": "10.16146/j.cnki.rndlgc.2020.06.032"
    },
    {
      "url": "https://dx.doi.org/10.16146/j.cnki.rndlgc.2020.06.031",
      "text": "10.16146/j.cnki.rndlgc.2020.06.031"
    },
    {
      "url": "https://dx.doi.org/10.16146/j.cnki.rndlgc.2020.04.008",
      "text": "10.16146/j.cnki.rndlgc.2020.04.008"
    },
    {
      "url": "https://dx.doi.org/10.19805/j.cnki.jcspe.2020.01.009",
      "text": "10.19805/j.cnki.jcspe.2020.01.009"
    },
    {
      "url": "https://dx.doi.org/10.7498/aps.68.20191005",
      "text": "10.7498/aps.68.20191005"
    },
    {
      "url": "https://dx.doi.org/10.16146/j.cnki.rndlgc.2019.09.021",
      "text": "10.16146/j.cnki.rndlgc.2019.09.021"
    },
    {
      "url": "https://dx.doi.org/10.16146/j.cnki.rndlgc.2019.09.009",
      "text": "10.16146/j.cnki.rndlgc.2019.09.009"
    },
    {
      "url": "https://dx.doi.org/10.16146/j.cnki.rndlgc.2019.09.015",
      "text": "10.16146/j.cnki.rndlgc.2019.09.015"
    },
    {
      "url": "https://dx.doi.org/10.16146/j.cnki.rndlgc.2019.09.020",
      "text": "10.16146/j.cnki.rndlgc.2019.09.020"
    },
    {
      "url": "https://dx.doi.org/10.16146/j.cnki.rndlgc.2019.09.022",
      "text": "10.16146/j.cnki.rndlgc.2019.09.022"
    },
    {
      "url": "https://dx.doi.org/10.1063/1.5079302",
      "text": "10.1063/1.5079302"
    },
    {
      "url": "https://dx.doi.org/10.13465/j.cnki.jvs.2018.22.034",
      "text": "10.13465/j.cnki.jvs.2018.22.034"
    },
    {
      "url": "https://dx.doi.org/10.16146/j.cnki.rndlgc.2018.10.019",
      "text": "10.16146/j.cnki.rndlgc.2018.10.019"
    },
    {
      "url": "https://dx.doi.org/10.1142/s0219455418501298",
      "text": "10.1142/s0219455418501298"
    },
    {
      "url": "https://dx.doi.org/10.16146/j.cnki.rndlgc.2018.09.015",
      "text": "10.16146/j.cnki.rndlgc.2018.09.015"
    },
    {
      "url": "https://dx.doi.org/10.16146/j.cnki.rndlgc.2018.08.019",
      "text": "10.16146/j.cnki.rndlgc.2018.08.019"
    }
  ],
  "images": []
}