{
  "title": "Dr Zifei Xu | Our people | University of Liverpool",
  "meta_description": "",
  "main_content": "",
  "links": [
    {
      "url": "https://www.liverpool.ac.uk/undergraduate/",
      "text": "Undergraduate"
    },
    {
      "url": "https://www.liverpool.ac.uk/postgraduate-taught/",
      "text": "Postgraduate"
    },
    {
      "url": "https://www.liverpool.ac.uk/study/postgraduate-research/",
      "text": "PhD"
    },
    {
      "url": "https://www.liverpool.ac.uk/accommodation/",
      "text": "Accommodation"
    },
    {
      "url": "https://www.liverpool.ac.uk/research/",
      "text": "Research"
    },
    {
      "url": "https://www.liverpool.ac.uk/international/",
      "text": "International students"
    },
    {
      "url": "https://www.liverpool.ac.uk/a-z/",
      "text": "A-Z index"
    }
  ],
  "images": []
}