{
  "title": "Trishala Neeraj \u2013 Medium",
  "meta_description": "Read writing from Trishala Neeraj on Medium. Machine Learning @cybcubecom, previously \u2014 graduate student @cornell_tech @cornellcis | Personal Blog: http://trishalaneeraj.github.io/.",
  "main_content": "Trishala Neeraj 18 Followers Published in WiMLDS Bay Area Blog Recap: WiMLDS x StitchFix: Lightning Talk Night Earlier this week I had an opportunity to attend the WiMLDS x StitchFix: Lightning Talk Night. The event was organized by Alexandra\u2026 Mar 31, 2019 Mar 31, 2019 Published in BuzzFeed Tech How We Tagged 14,000 BuzzFeed Quizzes Using K-Means Clustering At BuzzFeed, we have lately been concerned with the quality of the metadata related to our Quizzes. In the interest of our users being able\u2026 Aug 25, 2017 Aug 25, 2017",
  "links": [
    {
      "url": "https://rsci.app.link/?%24canonical_url=https%3A%2F%2Fmedium.com%2F%40tn338&%7Efeature=LoOpenInAppButton&%7Echannel=ShowUser&source=---two_column_layout_nav-----------------------------------------",
      "text": "Open in app"
    },
    {
      "url": "/m/signin?operation=login&redirect=https%3A%2F%2Fmedium.com%2F%40tn338&source=user_profile_page---two_column_layout_nav-----------------------global_nav------------------",
      "text": "Sign in"
    },
    {
      "url": "/?source=---two_column_layout_nav-----------------------------------------",
      "text": ""
    },
    {
      "url": "/m/signin?operation=register&redirect=https%3A%2F%2Fmedium.com%2Fnew-story&source=---two_column_layout_nav-----------------------new_post_topnav------------------",
      "text": "Write"
    },
    {
      "url": "/search?source=---two_column_layout_nav-----------------------------------------",
      "text": ""
    },
    {
      "url": "/m/signin?operation=login&redirect=https%3A%2F%2Fmedium.com%2F%40tn338&source=user_profile_page---two_column_layout_nav-----------------------global_nav------------------",
      "text": "Sign in"
    },
    {
      "url": "/@tn338/followers?source=user_profile_page----------------------b7f709d7523c----------------------",
      "text": "18 Followers"
    },
    {
      "url": "https://medium.com/wimlds-bay-area-blog?source=user_profile_page---------0-------------b7f709d7523c----------------------",
      "text": ""
    },
    {
      "url": "https://medium.com/wimlds-bay-area-blog?source=user_profile_page---------0-------------b7f709d7523c----------------------",
      "text": "WiMLDS Bay Area Blog"
    },
    {
      "url": "/wimlds-bay-area-blog/recap-wimlds-x-stitchfix-lightning-talk-night-7a1025c1ecf2?source=user_profile_page---------0-------------b7f709d7523c----------------------",
      "text": "Recap: WiMLDS x StitchFix: Lightning Talk NightEarlier this week I had an opportunity to attend the WiMLDS x StitchFix: Lightning Talk Night. The event was organized by Alexandra\u2026"
    },
    {
      "url": "/wimlds-bay-area-blog/recap-wimlds-x-stitchfix-lightning-talk-night-7a1025c1ecf2?source=user_profile_page---------0-------------b7f709d7523c----------------------",
      "text": ""
    },
    {
      "url": "/m/signin?actionUrl=https%3A%2F%2Fmedium.com%2F_%2Fbookmark%2Fp%2F7a1025c1ecf2&operation=register&redirect=https%3A%2F%2Fmedium.com%2Fwimlds-bay-area-blog%2Frecap-wimlds-x-stitchfix-lightning-talk-night-7a1025c1ecf2&source=---------0-------------b7f709d7523c----bookmark_preview------------------",
      "text": ""
    },
    {
      "url": "/wimlds-bay-area-blog/recap-wimlds-x-stitchfix-lightning-talk-night-7a1025c1ecf2?source=user_profile_page---------0-------------b7f709d7523c----------------------",
      "text": ""
    },
    {
      "url": "/m/signin?actionUrl=https%3A%2F%2Fmedium.com%2F_%2Fbookmark%2Fp%2F7a1025c1ecf2&operation=register&redirect=https%3A%2F%2Fmedium.com%2Fwimlds-bay-area-blog%2Frecap-wimlds-x-stitchfix-lightning-talk-night-7a1025c1ecf2&source=---------0-------------b7f709d7523c----bookmark_preview------------------",
      "text": ""
    },
    {
      "url": "https://medium.com/buzzfeed-tech?source=user_profile_page---------1-------------b7f709d7523c----------------------",
      "text": ""
    },
    {
      "url": "https://medium.com/buzzfeed-tech?source=user_profile_page---------1-------------b7f709d7523c----------------------",
      "text": "BuzzFeed Tech"
    },
    {
      "url": "/buzzfeed-tech/how-we-tagged-14-000-buzzfeed-quizzes-using-k-means-clustering-95fc46bc6daf?source=user_profile_page---------1-------------b7f709d7523c----------------------",
      "text": "How We Tagged 14,000 BuzzFeed Quizzes Using K-Means ClusteringAt BuzzFeed, we have lately been concerned with the quality of the metadata related to our Quizzes. In the interest of our users being able\u2026"
    },
    {
      "url": "/buzzfeed-tech/how-we-tagged-14-000-buzzfeed-quizzes-using-k-means-clustering-95fc46bc6daf?source=user_profile_page---------1-------------b7f709d7523c----------------------",
      "text": ""
    },
    {
      "url": "/m/signin?actionUrl=https%3A%2F%2Fmedium.com%2F_%2Fbookmark%2Fp%2F95fc46bc6daf&operation=register&redirect=https%3A%2F%2Ftech.buzzfeed.com%2Fhow-we-tagged-14-000-buzzfeed-quizzes-using-k-means-clustering-95fc46bc6daf&source=---------1-------------b7f709d7523c----bookmark_preview------------------",
      "text": ""
    },
    {
      "url": "/buzzfeed-tech/how-we-tagged-14-000-buzzfeed-quizzes-using-k-means-clustering-95fc46bc6daf?source=user_profile_page---------1-------------b7f709d7523c----------------------",
      "text": ""
    },
    {
      "url": "/m/signin?actionUrl=https%3A%2F%2Fmedium.com%2F_%2Fbookmark%2Fp%2F95fc46bc6daf&operation=register&redirect=https%3A%2F%2Ftech.buzzfeed.com%2Fhow-we-tagged-14-000-buzzfeed-quizzes-using-k-means-clustering-95fc46bc6daf&source=---------1-------------b7f709d7523c----bookmark_preview------------------",
      "text": ""
    },
    {
      "url": "/@tn338/followers?source=user_profile_page---user_sidebar-------------------b7f709d7523c----------------------",
      "text": "18 Followers"
    },
    {
      "url": "http://trishalaneeraj.github.io/",
      "text": "http://trishalaneeraj.github.io/"
    },
    {
      "url": "/m/signin?actionUrl=%2F_%2Fapi%2Fusers%2Fb7f709d7523c%2Flazily-enable-writer-subscription&operation=register&redirect=https%3A%2F%2Fmedium.com%2F%40tn338&user=Trishala+Neeraj&userId=b7f709d7523c&source=---user_sidebar-------------------b7f709d7523c----subscribe_user------------------",
      "text": ""
    },
    {
      "url": "/@SergeBelongie?source=user_profile_page---blogroll-------------------b7f709d7523c----------------------",
      "text": "Serge Belongie"
    },
    {
      "url": "/@swapnilneeraj?source=user_profile_page---blogroll-------------------b7f709d7523c----------------------",
      "text": "Swapnil Neeraj"
    },
    {
      "url": "/@ceceliashao?source=user_profile_page---blogroll-------------------b7f709d7523c----------------------",
      "text": "Cecelia Shao"
    },
    {
      "url": "/@jkroll?source=user_profile_page---blogroll-------------------b7f709d7523c----------------------",
      "text": "Jonathan Kroll"
    },
    {
      "url": "/@tap2k?source=user_profile_page---blogroll-------------------b7f709d7523c----------------------",
      "text": "Tapan Parikh"
    },
    {
      "url": "/@tn338/following?source=user_profile_page---blogroll-------------------b7f709d7523c----------------------",
      "text": "See all (19)"
    },
    {
      "url": "https://help.medium.com/hc/en-us?source=user_profile_page---user_sidebar-------------------b7f709d7523c----------------------",
      "text": "Help"
    },
    {
      "url": "https://medium.statuspage.io/?source=user_profile_page---user_sidebar-------------------b7f709d7523c----------------------",
      "text": "Status"
    },
    {
      "url": "/about?autoplay=1&source=user_profile_page---user_sidebar-------------------b7f709d7523c----------------------",
      "text": "About"
    },
    {
      "url": "/jobs-at-medium/work-at-medium-959d1a85284e?source=user_profile_page---user_sidebar-------------------b7f709d7523c----------------------",
      "text": "Careers"
    },
    {
      "url": "mailto:pressinquiries@medium.com",
      "text": "Press"
    },
    {
      "url": "https://blog.medium.com/?source=user_profile_page---user_sidebar-------------------b7f709d7523c----------------------",
      "text": "Blog"
    },
    {
      "url": "https://policy.medium.com/medium-privacy-policy-f03bf92035c9?source=user_profile_page---user_sidebar-------------------b7f709d7523c----------------------",
      "text": "Privacy"
    },
    {
      "url": "https://policy.medium.com/medium-terms-of-service-9db0094a1e0f?source=user_profile_page---user_sidebar-------------------b7f709d7523c----------------------",
      "text": "Terms"
    },
    {
      "url": "https://speechify.com/medium?source=user_profile_page---user_sidebar-------------------b7f709d7523c----------------------",
      "text": "Text to speech"
    },
    {
      "url": "/business?source=user_profile_page---user_sidebar-------------------b7f709d7523c----------------------",
      "text": "Teams"
    }
  ],
  "images": [
    {
      "src": "https://miro.medium.com/v2/resize:fill:64:64/1*dmbNkD5D-u45r44go_cf0g.png",
      "alt": ""
    },
    {
      "src": "https://miro.medium.com/v2/resize:fill:96:96/1*3Whgd35KlERs22fg0DPG7Q.jpeg",
      "alt": "Trishala Neeraj"
    },
    {
      "src": "https://miro.medium.com/v2/resize:fill:40:40/1*c-KDzQekmz0v1atZwYDarA.jpeg",
      "alt": "WiMLDS Bay Area Blog"
    },
    {
      "src": "https://miro.medium.com/v2/da:true/resize:fill:160:106/0*0KIdAOQFZ_f3HE2D",
      "alt": "Recap: WiMLDS x StitchFix: Lightning Talk Night"
    },
    {
      "src": "https://miro.medium.com/v2/da:true/resize:fill:320:214/0*0KIdAOQFZ_f3HE2D",
      "alt": "Recap: WiMLDS x StitchFix: Lightning Talk Night"
    },
    {
      "src": "https://miro.medium.com/v2/resize:fill:40:40/1*Px7NQq1zIFK5NzQ_mug8HA.png",
      "alt": "BuzzFeed Tech"
    },
    {
      "src": "https://miro.medium.com/v2/resize:fill:160:106/0*NTNQIr3mGMfkSpkZ.",
      "alt": "How We Tagged 14,000 BuzzFeed Quizzes Using K-Means Clustering"
    },
    {
      "src": "https://miro.medium.com/v2/resize:fill:320:214/0*NTNQIr3mGMfkSpkZ.",
      "alt": "How We Tagged 14,000 BuzzFeed Quizzes Using K-Means Clustering"
    },
    {
      "src": "https://miro.medium.com/v2/resize:fill:176:176/1*3Whgd35KlERs22fg0DPG7Q.jpeg",
      "alt": "Trishala Neeraj"
    },
    {
      "src": "https://miro.medium.com/v2/resize:fill:40:40/0*YkAfB1VoL64Yc881.jpeg",
      "alt": "Serge Belongie"
    },
    {
      "src": "https://miro.medium.com/v2/resize:fill:40:40/0*m3HM1ePhpxvUugNs.jpg",
      "alt": "Swapnil Neeraj"
    },
    {
      "src": "https://miro.medium.com/v2/resize:fill:40:40/1*AyOql8hYXu23ZlZv2wmVfw.png",
      "alt": "Cecelia Shao"
    },
    {
      "src": "https://miro.medium.com/v2/resize:fill:40:40/1*FD0a6FFr7X8oH_jAlsQG_Q.jpeg",
      "alt": "Jonathan Kroll"
    },
    {
      "src": "https://miro.medium.com/v2/resize:fill:40:40/0*tvc96lSnpJN1MPqi.jpg",
      "alt": "Tapan Parikh"
    }
  ]
}