{
  "title": "\u202aTrishala Neeraj\u202c - \u202aGoogle Scholar\u202c",
  "meta_description": "\u202aCornell University\u202c - \u202a\u202aCited by 5,042\u202c\u202c - \u202aMachine Learning\u202c - \u202aNatural Language Processing\u202c",
  "main_content": "Loading... The system can't perform the operation now. Try again later. Citations per year Duplicate citations The following articles are merged in Scholar. Their combined citations are counted only for the first article. Merged citations This \"Cited by\" count includes citations to the following articles in Scholar. The ones marked * may be different from the article in the profile. Add co-authors Co-authors Follow New articles by this author New citations to this author New articles related to this author's research Email address for updates Done My profile My library Metrics Alerts Settings Sign in Sign in Get my own profile Cited by All Since 2020 Citations 5042 5033 h-index 5 5 i10-index 5 5 0 2400 1200 600 1800 2021 2022 2023 2024 2025 17 390 1952 2301 345 Public access View all View all 2 articles 0 articles available not available Based on funding mandates Co-authors Mor Naaman Professor, Cornell Tech Verified email at cornell.edu Xiao Ma Google Verified email at cornell.edu Mohammad Al Boni Head of Data, CyberCube Verified email at cybcube.com Follow Trishala Neeraj Cornell University Verified email at cornell.edu - Homepage Machine Learning Natural Language Processing Articles Cited by Public access Co-authors Title Sort Sort by citations Sort by year Sort by title Cited by Cited by Year Multitask Prompted Training Enables Zero-Shot Task Generalization V Sanh, A Webson, C Raffel, SH Bach, L Sutawika, Z Alyafeai, A Chaffin, ... arXiv preprint arXiv:2110.08207 , 2021 1805 2021 BLOOM: A 176B-Parameter Open-Access Multilingual Language Model TL Scao, A Fan, C Akiki, E Pavlick, S Ili\u0107, D Hesslow, R Castagn\u00e9, ... arXiv preprint arXiv:2211.05100 , 2022 1786 2022 Beyond the Imitation Game: Quantifying and extrapolating the capabilities of language models A Srivastava, A Rastogi, A Rao, AAM Shoeb, A Abid, A Fisch, AR Brown, ... arXiv preprint arXiv:2206.04615 , 2022 1366 2022 Bigbio: A framework for data-centric biomedical natural language processing J Fries, L Weber, N Seelam, G Altay, D Datta, S Garda, S Kang, R Su, ... Advances in Neural Information Processing Systems 35, 25792-25806 , 2022 56 2022 A Computational Approach to Perceived Trustworthiness of Airbnb Host Profiles X Ma, T Neeraj, M Naaman The 11th International AAAI Conference on Web and Social Media , 2017 29 2017 Longitudinal Analysis of Cyber-Related Articles M Al Boni, T Neeraj 2020 IEEE Fifth International Conference on Data Science in Cyberspace (DSC \u2026 , 2020 2020 Feature-based Approach with BERT T Neeraj https://trishalaneeraj.github.io/2020-04-04/feature-based-approach-with-bert , 2020 2020 Weak Supervision for Online Discussions T Neeraj https://trishalaneeraj.github.io/2020-07-05/weak-supervision , 2020 2020 Data Labeling using Weak Supervision: In Action T Neeraj https://trishalaneeraj.github.io/2020-07-26/data-labeling-weak-supervision , 2020 2020 The system can't perform the operation now. Try again later. Articles 1\u20139 Show more Privacy Terms Help About Scholar Search help",
  "links": [
    {
      "url": "/schhp?hl=en",
      "text": ""
    },
    {
      "url": "/citations?hl=en",
      "text": "My profile"
    },
    {
      "url": "/scholar?scilib=1&hl=en",
      "text": "My library"
    },
    {
      "url": "/citations?view_op=metrics_intro&hl=en",
      "text": "Metrics"
    },
    {
      "url": "/scholar_alerts?view_op=list_alerts&hl=en",
      "text": "Alerts"
    },
    {
      "url": "/scholar_settings?hl=en",
      "text": "Settings"
    },
    {
      "url": "https://accounts.google.com/Login?hl=en&continue=https://scholar.google.com/schhp%3Fhl%3Den",
      "text": "Sign in"
    },
    {
      "url": "/schhp?hl=en",
      "text": ""
    },
    {
      "url": "https://accounts.google.com/Login?hl=en&continue=https://scholar.google.com/schhp%3Fhl%3Den",
      "text": "Sign in"
    },
    {
      "url": "/citations?hl=en",
      "text": "Get my own profile"
    },
    {
      "url": "/citations?view_op=list_mandates&hl=en&user=X2lSWUQAAAAJ",
      "text": "View all"
    },
    {
      "url": "/citations?user=IeqjwlIAAAAJ&hl=en",
      "text": "Mor Naaman"
    },
    {
      "url": "/citations?user=xLPxJsYAAAAJ&hl=en",
      "text": "Xiao Ma"
    },
    {
      "url": "/citations?user=mKQ_U8oAAAAJ&hl=en",
      "text": "Mohammad Al Boni"
    },
    {
      "url": "/citations?view_op=view_org&hl=en&org=11049089957688874444",
      "text": "Cornell University"
    },
    {
      "url": "https://trishalaneeraj.github.io/about/",
      "text": "Homepage"
    },
    {
      "url": "/citations?view_op=search_authors&hl=en&mauthors=label:machine_learning",
      "text": "Machine Learning"
    },
    {
      "url": "/citations?view_op=search_authors&hl=en&mauthors=label:natural_language_processing",
      "text": "Natural Language Processing"
    },
    {
      "url": "/citations?hl=en&user=X2lSWUQAAAAJ&view_op=list_works&sortby=title",
      "text": "Title"
    },
    {
      "url": "/citations?hl=en&user=X2lSWUQAAAAJ&view_op=list_works",
      "text": "Sort by citations"
    },
    {
      "url": "/citations?hl=en&user=X2lSWUQAAAAJ&view_op=list_works&sortby=pubdate",
      "text": "Sort by year"
    },
    {
      "url": "/citations?hl=en&user=X2lSWUQAAAAJ&view_op=list_works&sortby=title",
      "text": "Sort by title"
    },
    {
      "url": "/citations?hl=en&user=X2lSWUQAAAAJ&view_op=list_works&sortby=pubdate",
      "text": "Year"
    },
    {
      "url": "/citations?view_op=view_citation&hl=en&user=X2lSWUQAAAAJ&citation_for_view=X2lSWUQAAAAJ:qjMakFHDy7sC",
      "text": "Multitask Prompted Training Enables Zero-Shot Task Generalization"
    },
    {
      "url": "https://scholar.google.com/scholar?oi=bibs&hl=en&cites=1498498644397448654",
      "text": "1805"
    },
    {
      "url": "/citations?view_op=view_citation&hl=en&user=X2lSWUQAAAAJ&citation_for_view=X2lSWUQAAAAJ:YsMSGLbcyi4C",
      "text": "BLOOM: A 176B-Parameter Open-Access Multilingual Language Model"
    },
    {
      "url": "https://scholar.google.com/scholar?oi=bibs&hl=en&cites=13592851130575865074,8671612866653391361,4189196902121773568",
      "text": "1786"
    },
    {
      "url": "/citations?view_op=view_citation&hl=en&user=X2lSWUQAAAAJ&citation_for_view=X2lSWUQAAAAJ:Y0pCki6q_DkC",
      "text": "Beyond the Imitation Game: Quantifying and extrapolating the capabilities of language models"
    },
    {
      "url": "https://scholar.google.com/scholar?oi=bibs&hl=en&cites=3198381889935980186",
      "text": "1366"
    },
    {
      "url": "/citations?view_op=view_citation&hl=en&user=X2lSWUQAAAAJ&citation_for_view=X2lSWUQAAAAJ:W7OEmFMy1HYC",
      "text": "Bigbio: A framework for data-centric biomedical natural language processing"
    },
    {
      "url": "https://scholar.google.com/scholar?oi=bibs&hl=en&cites=16248185859280855738",
      "text": "56"
    },
    {
      "url": "/citations?view_op=view_citation&hl=en&user=X2lSWUQAAAAJ&citation_for_view=X2lSWUQAAAAJ:u5HHmVD_uO8C",
      "text": "A Computational Approach to Perceived Trustworthiness of Airbnb Host Profiles"
    },
    {
      "url": "https://scholar.google.com/scholar?oi=bibs&hl=en&cites=13846162061845152065",
      "text": "29"
    },
    {
      "url": "/citations?view_op=view_citation&hl=en&user=X2lSWUQAAAAJ&citation_for_view=X2lSWUQAAAAJ:u-x6o8ySG0sC",
      "text": "Longitudinal Analysis of Cyber-Related Articles"
    },
    {
      "url": "/citations?view_op=view_citation&hl=en&user=X2lSWUQAAAAJ&citation_for_view=X2lSWUQAAAAJ:2osOgNQ5qMEC",
      "text": "Feature-based Approach with BERT"
    },
    {
      "url": "/citations?view_op=view_citation&hl=en&user=X2lSWUQAAAAJ&citation_for_view=X2lSWUQAAAAJ:9yKSN-GCB0IC",
      "text": "Weak Supervision for Online Discussions"
    },
    {
      "url": "/citations?view_op=view_citation&hl=en&user=X2lSWUQAAAAJ&citation_for_view=X2lSWUQAAAAJ:d1gkVwhDpl0C",
      "text": "Data Labeling using Weak Supervision: In Action"
    },
    {
      "url": "//www.google.com/intl/en/policies/privacy/",
      "text": "Privacy"
    },
    {
      "url": "//www.google.com/intl/en/policies/terms/",
      "text": "Terms"
    },
    {
      "url": "/intl/en/scholar/about.html",
      "text": "About Scholar"
    },
    {
      "url": "//support.google.com/websearch?p=scholar_dsa&hl=en",
      "text": "Search help"
    }
  ],
  "images": [
    {
      "src": "/scholar/images/cleardot.gif",
      "alt": "Mor Naaman"
    },
    {
      "src": "/scholar/images/cleardot.gif",
      "alt": "Xiao Ma"
    },
    {
      "src": "/scholar/images/cleardot.gif",
      "alt": "Mohammad Al Boni"
    },
    {
      "src": "https://scholar.googleusercontent.com/citations?view_op=view_photo&user=X2lSWUQAAAAJ&citpid=1",
      "alt": "Trishala Neeraj"
    }
  ]
}