{
  "title": "Zeyneb Nahide Kaya's Profile | Stanford Profiles",
  "meta_description": "Zeyneb Nahide Kaya is part of Stanford Profiles, official site for faculty, postdocs, students and staff information (Expertise, Bio, Research, Publications, and more). The site facilitates research and collaboration in academic endeavors.",
  "main_content": "Zeyneb Nahide Kaya Undergraduate, Vice Provost for Undergraduate Education Print Profile Email Profile View Stanford-only Profile Tab Menu Bio Contact Work zeynebnk@stanford.edu University - Student Department:&nbspVice Provost for Undergraduate Education Position: Undergraduate",
  "links": [
    {
      "url": "https://cap.stanford.edu/profiles/frdActionServlet?choiceId=printerprofile&profileversion=full&profileId=339161",
      "text": "Print Profile"
    },
    {
      "url": "mailto:?subject=Zeyneb Nahide Kaya's Profile&body=I would like to share the profile of Zeyneb Nahide Kaya with you. https://profiles.stanford.edu/zeyneb-kaya",
      "text": "Email Profile"
    },
    {
      "url": "/intranet/zeyneb-kaya",
      "text": "View Stanford-only Profile"
    },
    {
      "url": "/zeyneb-kaya?tab=bio",
      "text": "Bio"
    },
    {
      "url": "mailto:zeynebnk@stanford.edu",
      "text": "zeynebnk@stanford.edu"
    }
  ],
  "images": []
}