{
  "title": "\u202aZeyneb Kaya\u202c - \u202aGoogle Scholar\u202c",
  "meta_description": "\u202aStanford University\u202c - \u202a\u202aCited by 5\u202c\u202c",
  "main_content": "Loading... The system can't perform the operation now. Try again later. Citations per year Duplicate citations The following articles are merged in Scholar. Their combined citations are counted only for the first article. Merged citations This \"Cited by\" count includes citations to the following articles in Scholar. The ones marked * may be different from the article in the profile. Add co-authors Co-authors Follow New articles by this author New citations to this author New articles related to this author's research Email address for updates Done My profile My library Metrics Alerts Settings Sign in Sign in Get my own profile Cited by All Since 2020 Citations 5 5 h-index 1 1 i10-index 0 0 0 4 2 2024 2025 4 1 Follow Zeyneb Kaya Stanford University Verified email at stanford.edu Articles Cited by Title Sort Sort by citations Sort by year Sort by title Cited by Cited by Year Measuring the impact of data augmentation methods for extremely low-resource NMT A Lamar, Z Kaya Proceedings of the Sixth Workshop on Technologies for Machine Translation of \u2026 , 2023 5 2023 Decoding Large-Language Models: A Systematic Overview of Socio-Technical Impacts, Constraints, and Emerging Questions ZN Kaya, S Ghosh arXiv preprint arXiv:2409.16974 , 2024 2024 The pervasiveness of language contact: Evidence from negative existentials in Romeyka/Turkish code-switching Z Kaya Proceedings of the Linguistic Society of America 8 (1), 5421-5421 , 2023 2023 The system can't perform the operation now. Try again later. Articles 1\u20133 Show more Privacy Terms Help About Scholar Search help",
  "links": [
    {
      "url": "/schhp?hl=en",
      "text": ""
    },
    {
      "url": "/citations?hl=en",
      "text": "My profile"
    },
    {
      "url": "/scholar?scilib=1&hl=en",
      "text": "My library"
    },
    {
      "url": "/citations?view_op=metrics_intro&hl=en",
      "text": "Metrics"
    },
    {
      "url": "/scholar_alerts?view_op=list_alerts&hl=en",
      "text": "Alerts"
    },
    {
      "url": "/scholar_settings?hl=en",
      "text": "Settings"
    },
    {
      "url": "https://accounts.google.com/Login?hl=en&continue=https://scholar.google.com/schhp%3Fhl%3Den",
      "text": "Sign in"
    },
    {
      "url": "/schhp?hl=en",
      "text": ""
    },
    {
      "url": "https://accounts.google.com/Login?hl=en&continue=https://scholar.google.com/schhp%3Fhl%3Den",
      "text": "Sign in"
    },
    {
      "url": "/citations?hl=en",
      "text": "Get my own profile"
    },
    {
      "url": "/citations?view_op=view_org&hl=en&org=8539678734835078480",
      "text": "Stanford University"
    },
    {
      "url": "/citations?hl=en&user=xHFzGFcAAAAJ&view_op=list_works&sortby=title",
      "text": "Title"
    },
    {
      "url": "/citations?hl=en&user=xHFzGFcAAAAJ&view_op=list_works",
      "text": "Sort by citations"
    },
    {
      "url": "/citations?hl=en&user=xHFzGFcAAAAJ&view_op=list_works&sortby=pubdate",
      "text": "Sort by year"
    },
    {
      "url": "/citations?hl=en&user=xHFzGFcAAAAJ&view_op=list_works&sortby=title",
      "text": "Sort by title"
    },
    {
      "url": "/citations?hl=en&user=xHFzGFcAAAAJ&view_op=list_works&sortby=pubdate",
      "text": "Year"
    },
    {
      "url": "/citations?view_op=view_citation&hl=en&user=xHFzGFcAAAAJ&citation_for_view=xHFzGFcAAAAJ:u-x6o8ySG0sC",
      "text": "Measuring the impact of data augmentation methods for extremely low-resource NMT"
    },
    {
      "url": "https://scholar.google.com/scholar?oi=bibs&hl=en&cites=10680275138315834183",
      "text": "5"
    },
    {
      "url": "/citations?view_op=view_citation&hl=en&user=xHFzGFcAAAAJ&citation_for_view=xHFzGFcAAAAJ:d1gkVwhDpl0C",
      "text": "Decoding Large-Language Models: A Systematic Overview of Socio-Technical Impacts, Constraints, and Emerging Questions"
    },
    {
      "url": "/citations?view_op=view_citation&hl=en&user=xHFzGFcAAAAJ&citation_for_view=xHFzGFcAAAAJ:u5HHmVD_uO8C",
      "text": "The pervasiveness of language contact: Evidence from negative existentials in Romeyka/Turkish code-switching"
    },
    {
      "url": "//www.google.com/intl/en/policies/privacy/",
      "text": "Privacy"
    },
    {
      "url": "//www.google.com/intl/en/policies/terms/",
      "text": "Terms"
    },
    {
      "url": "/intl/en/scholar/about.html",
      "text": "About Scholar"
    },
    {
      "url": "//support.google.com/websearch?p=scholar_dsa&hl=en",
      "text": "Search help"
    }
  ],
  "images": [
    {
      "src": "/citations/images/avatar_scholar_128.png",
      "alt": "Zeyneb Kaya"
    }
  ]
}