{
  "title": "zeyneb | zeynebnk",
  "meta_description": "I am Zeyneb N. Kaya, a junior at Saratoga High School. My interests are in natural language processing and computational linguistics towards furthering diversity and understanding. This page is a collection of pursuits and fun projects I've taken on.",
  "main_content": "Zeyneb N. Kaya Hi! I am Zeyneb, a student at Stanford University. I\u2019m a researcher in AI interested in understanding and advancing NLP algorithms; my work broadly explores areas in data efficiency and interpretability toward furthering the robust reasoning capabilities of algorithms beyond shallow pattern memorization. I\u2019m always looking to discuss interesting ideas and opportunities\u2014please reach out! \u200b Feel free to reach out at zeynebnk@stanford.edu . Education. Stanford University 2024-Present 4.0 GPA Stanford ASES (Affiliated Stanford Entrepreneurial Students) Bootcamp Scholar Relevant Coursework: Natural Language Processing with Deep Learning, AI & Language, Programming Abstractions, Computer Organization & Systems, Probability for Computer Scientists, Mathematical Foundations of Computing Saratoga High School 2020-2024 AI Club Co-President, Linguistics Club Founder & President, Chinese Club Officer 4.0 UW / 4.5 W (10-12) GPA West Valley Community College 4.0 GPA Dual Enrollment: Differential Equations, Linear Algebra, M ultivariable Calculus, Cultural Anthropology Research. My research interests are in natural language processing, linguistics, and data science. I am interested in advancing our understanding of language models and their capabilities, and using that to advance them and push their limits; I'm broadly interested in low-resource/data-efficient algorithms and interpretability . Listed below are selected relevant publications. Full Scope Word Embedding Variability for Low-Resource Languages Zeyneb N. Kaya , Annie K. Lamar IEEE MIT Undergraduate Research and Technology Conference, 2023 Vector Space Distance as a Measurement of Word Embedding Variability in Low-Resource Linguistic Environments Zeyneb N. Kaya , Annie K. Lamar Under Review, The North American Chapter of the Association for Computational Linguistics, 2025 Decoding Large-Language Models: A Systematic Overview of Socio-Technical Impacts, Constraints, and Emerging Questions Zeyneb N. Kaya , Souvick Ghosh arXiv Measuring the Impact of Data Augmentation Methods for Extremely Low-Resource NMT Zeyneb N. Kaya , Annie K. Lamar Proceedings of the Sixth Workshop on Technologies for Machine Translation of Low-Resource Languages (LoResMT) @ EACL, 2023 MADLIBS: A Novel Multilingual Data Augmentation Algorithm for Low-Resource Neural Machine Translation Zeyneb N. Kaya Regeneron Science Talent Search, 2023-2024 The Pervasiveness of Language Contact: Evidence from Negative Existentials in Romeyka/Turkish Code-Switching Zeyneb N. Kaya Proceedings of the Linguistic Society of America (PLSA), 2023 Women in the Workplace: Analyzing Gender Biases in Corporate Email Communications Zeyneb N. Kaya International Conference on Computational Social Science (IC2S2), 2023 What You Say Is What You Think: An Analysis Of Intellectual Humility In Online Discussion Forums Zeyneb N. Kaya, Manya Sriram University of California, Santa Barbara, 2022 An Artificial Intelligence Model on Rheumatology: Interpretation of the Sacroiliac Joint Graphy in Ankylosing Spondylitis Ahmet C. Genc, Zeyneb N. Kaya , et al Annals of the Rheumatic Diseases, 2021 Writing. I view language as a medium for influence. Through writing, I want to challenge our views and share new perspectives and stories. My work has been published in various international literary journals and platforms. Books. Everlasting Conn ection: Language, Time, S ociety, and Technology Zeyneb N. Kaya Breaking Barriers: Celebrating Women and Diversity in Data Science Zeyneb N. Kaya & Shivani Mudhol Amazon #1 New Release, STEM Education Honors. Selected Honors Regeneron Science Talent Search Winner $90K/5th Place Winner, 2024 Coca Cola Scholar 2024 NCWIT Collegiate Research Award Finalist, 2025 National Junior Science and Humanities Symposium (NJSHS) Honorable Mention, Math/CS, 2023 TreeHacks - Scrapybara Award 2025 Congre ssional App Challenge Winner 2021 NCWIT Aspirations in Computing National Award Winner + Regional Affiliate, 2023 US Presidential Scholars Semifinalist 2024 North American Computational Linguistics Olympiad (NACLO) Invitational Round Qualifier, 2023 RISE Challenge Finalist, 2023 Stanford Women in Data Science (WiDS) Da tathon Top High School Winner, 2023 Online Linguistics Olympiad 10th Place, 1st in USA, 2023 Junior Science and Humanities Symposium (JSHS) National Qualifier (Top 5), 2nd Math/CS, 2023 National Merit Scholarship Finalist 2023 Technovation Global Challenge Semifinalist, 2021 Scholastic Art and Writing Competition Honorable Mention, 2020 Synopsys Science Fair 1st Award, CSEF Qualifier, 2023 Bausch and Lomb Honorary Science Award, University of Rochester Saratoga High School Junior Awards Ceremony, 2023 Stanford WiDS Conference VIP Invitee, 2024 Teen Ink Editor's Choice Award, 2022 Natural Language Processing Specialization DeepLearning.AI, 2021 Saratoga SMASH'N 5x Nominee, 2022-2023 USACO Silver, 2020 AP Scholar with Distinction 2023 Romeyka Everlasting Romeyka is a Greek dialect spoken in regions of Turkey near the Black Sea, and is a form of Pontic Greek which shows features in common with Ancient Greek that are distinct from other dialects of the language. Romeyka Everlasting is devoted to preserving Romeyka and its heritage, using technologie s in computational linguistics to document, promote, and research the language. In rediscovering Romeyka, Romeyka Everlasting brings to light the unheard experiences of the community and fosters the continuity of its traditions for posterity. Our impact Gallery.",
  "links": [
    {
      "url": "mailto:zeynebnk@stanford.edu",
      "text": "zeynebnk@stanford.edu"
    },
    {
      "url": "tel:2020-2024",
      "text": "2020-2024"
    },
    {
      "url": "tel:2023-2024",
      "text": "2023-2024"
    },
    {
      "url": "https://onling.org/contests/student-2023/",
      "text": "Regeneron Science Talent Search Winner"
    },
    {
      "url": "https://www.congressionalappchallenge.us/21-CA18/",
      "text": "Coca Cola Scholar"
    },
    {
      "url": "https://www.aspirations.org/2023-national-aspirations-in-computing-award-recipients-announced",
      "text": "NCWIT Collegiate Research Award"
    },
    {
      "url": "https://jshs.org/2023/04/24/2023-national-jshs-honorable-mentions/",
      "text": "National Junior Science and Humanities Symposium (NJSHS)"
    },
    {
      "url": "https://www.aspirations.org/2023-national-aspirations-in-computing-award-recipients-announced",
      "text": "NCWIT Aspirations in Computing"
    },
    {
      "url": "https://www.widsconference.org/blog_archive/wids-datathon-2023-winners-share-their-results",
      "text": "RISE Challenge"
    },
    {
      "url": "https://onling.org/contests/student-2023/",
      "text": "Online Linguistics Olympiad"
    },
    {
      "url": "https://www.teenink.com/video/other/210363/77-Cents",
      "text": "Stanford WiDS Conference"
    },
    {
      "url": "tel:2022-2023",
      "text": "2022-2023"
    }
  ],
  "images": [
    {
      "src": "https://static.wixstatic.com/media/8e2a0e_86e32b4ae98e41b79eb43d8293e05b94~mv2.png/v1/fill/w_170,h_263,al_c,q_85,usm_0.66_1.00_0.01,blur_3,enc_avif,quality_auto/front.png",
      "alt": "front.png"
    },
    {
      "src": "https://static.wixstatic.com/media/8e2a0e_6e2f6a97dc5342e99e065934748e72af~mv2.jpg/v1/crop/x_46,y_0,w_2908,h_4499/fill/w_170,h_263,al_c,q_80,usm_0.66_1.00_0.01,blur_3,enc_avif,quality_auto/Wids%20Book%20(6%20x%209%20in)%20(1).jpg",
      "alt": "Wids Book (6 x 9 in) (1).jpg"
    },
    {
      "src": "https://static.wixstatic.com/media/8e2a0e_813ccfd60f1f49cab3a2e611d4475520~mv2.jpeg/v1/fill/w_45,h_46,q_90,enc_avif,quality_auto/8e2a0e_813ccfd60f1f49cab3a2e611d4475520~mv2.jpeg",
      "alt": ""
    },
    {
      "src": "https://static.wixstatic.com/media/8e2a0e_790aa2a5a34a4ebe994a062a9e729194~mv2.png/v1/fill/w_45,h_45,q_90,enc_avif,quality_auto/8e2a0e_790aa2a5a34a4ebe994a062a9e729194~mv2.png",
      "alt": "IMG_8009.HEIC"
    },
    {
      "src": "https://static.wixstatic.com/media/8e2a0e_46d3a1d7d40c49fd8de6ac0794cbcaa0~mv2.jpg/v1/fill/w_45,h_46,q_90,enc_avif,quality_auto/8e2a0e_46d3a1d7d40c49fd8de6ac0794cbcaa0~mv2.jpg",
      "alt": "IMG_9689.jpg"
    },
    {
      "src": "https://static.wixstatic.com/media/8e2a0e_54e31bf37ba54afe97ad63a0edd1fa00~mv2.jpeg/v1/fill/w_45,h_45,q_90,enc_avif,quality_auto/8e2a0e_54e31bf37ba54afe97ad63a0edd1fa00~mv2.jpeg",
      "alt": ""
    },
    {
      "src": "https://static.wixstatic.com/media/8e2a0e_35d28b1a3e5344e9b62829e4d517f7a7~mv2.jpeg/v1/fill/w_45,h_46,q_90,enc_avif,quality_auto/8e2a0e_35d28b1a3e5344e9b62829e4d517f7a7~mv2.jpeg",
      "alt": ""
    },
    {
      "src": "https://static.wixstatic.com/media/8e2a0e_ef659e55085849bfb84b4f471ed3a3ec~mv2.jpeg/v1/fill/w_45,h_45,q_90,enc_avif,quality_auto/8e2a0e_ef659e55085849bfb84b4f471ed3a3ec~mv2.jpeg",
      "alt": ""
    },
    {
      "src": "https://static.wixstatic.com/media/8e2a0e_eb93087243fc425ea49c9e72103853bb~mv2.jpg/v1/fill/w_45,h_46,q_90,enc_avif,quality_auto/8e2a0e_eb93087243fc425ea49c9e72103853bb~mv2.jpg",
      "alt": "IMG_5618.JPG"
    },
    {
      "src": "https://static.wixstatic.com/media/8e2a0e_501cab7297304eef8dca3fc64d08acc9~mv2.png/v1/fill/w_45,h_45,q_90,enc_avif,quality_auto/8e2a0e_501cab7297304eef8dca3fc64d08acc9~mv2.png",
      "alt": "IMG_6006.HEIC"
    },
    {
      "src": "https://static.wixstatic.com/media/8e2a0e_0043dc65edf44ce6b404a9ba49c026e8~mv2.png/v1/fill/w_45,h_46,q_90,enc_avif,quality_auto/8e2a0e_0043dc65edf44ce6b404a9ba49c026e8~mv2.png",
      "alt": "IMG_4201.HEIC"
    },
    {
      "src": "https://static.wixstatic.com/media/8e2a0e_0243189e953e4794b360c9f0bec1bf1d~mv2.png/v1/fill/w_45,h_45,q_90,enc_avif,quality_auto/8e2a0e_0243189e953e4794b360c9f0bec1bf1d~mv2.png",
      "alt": ""
    },
    {
      "src": "https://static.wixstatic.com/media/8e2a0e_13d56ffacd6e4949a9a10471e9088650~mv2.jpeg/v1/fill/w_45,h_46,q_90,enc_avif,quality_auto/8e2a0e_13d56ffacd6e4949a9a10471e9088650~mv2.jpeg",
      "alt": ""
    },
    {
      "src": "https://static.wixstatic.com/media/8e2a0e_9c75be96b02d40ccbdf15eeafb530a00~mv2.jpg/v1/fill/w_45,h_45,q_90,enc_avif,quality_auto/8e2a0e_9c75be96b02d40ccbdf15eeafb530a00~mv2.jpg",
      "alt": "IMG_7351.jpg"
    },
    {
      "src": "https://static.wixstatic.com/media/8e2a0e_58f8ef64c7fd401889d4333c047fca31~mv2.jpeg/v1/fill/w_45,h_46,q_90,enc_avif,quality_auto/8e2a0e_58f8ef64c7fd401889d4333c047fca31~mv2.jpeg",
      "alt": ""
    },
    {
      "src": "https://static.wixstatic.com/media/8e2a0e_7e5663186a2044bd804937e4dbeee4fd~mv2.jpg/v1/fill/w_45,h_45,q_90,enc_avif,quality_auto/8e2a0e_7e5663186a2044bd804937e4dbeee4fd~mv2.jpg",
      "alt": "IMG_5740.jpg"
    }
  ]
}