{
  "title": "Introduction to Solo Health - by Dhruv Diddi",
  "meta_description": "\ud83c\udf1f Revolutionizing Healthcare AI with Solo \ud83c\udf1f",
  "main_content": "Get Solo Tech Subscribe Sign in Share this post Get Solo Tech Introduction to Solo Health Copy link Facebook Email Notes More Playback speed \u00d7 Share post Share post at current time Share from 0:00 0:00 / 0:00 Share this post Get Solo Tech Introduction to Solo Health Copy link Facebook Email Notes More Introduction to Solo Health Dhruv Diddi Nov 26, 2024 Share this post Get Solo Tech Introduction to Solo Health Copy link Facebook Email Notes More Share \ud83c\udf1f Revolutionizing Healthcare AI with Solo \ud83c\udf1f The healthcare industry faces a unique set of challenges when adopting AI, particularly around data privacy, accessibility, and customization. Patient data must remain secure and confidential, making traditional cloud-based AI solutions risky. Additionally, healthcare providers often operate in remote or low-connectivity environments where consistent internet access isn\u2019t guaranteed. To truly transform patient care, AI needs to be not just intelligent but also adaptable to specific healthcare scenarios. Solo\u2019s Solution: On-Device AI for Healthcare Solo brings AI directly to the device, ensuring that patient data never leaves its source. This privacy-first approach complies with strict data protection regulations like HIPAA while giving healthcare providers peace of mind. Furthermore, Solo\u2019s on-device capability ensures AI remains accessible even in offline scenarios, making it invaluable for remote clinics, disaster response teams, and telehealth services. By eliminating reliance on cloud infrastructure, Solo delivers robust performance anytime, anywhere. Solo also offers unparalleled customization, allowing healthcare organizations to fine-tune AI models to their unique needs. Whether it\u2019s for diagnostics, patient monitoring, or workflow optimization, Solo empowers providers to deploy tailored solutions that improve outcomes and efficiency. By addressing privacy, accessibility, and personalization, Solo redefines how AI supports healthcare professionals in delivering better patient care. \ud83d\udcc4 Discover More : getsolo.tech #AIInHealthcare #PrivacyFirstAI #OnDeviceAI #SoloTech #HealthInnovation Discussion about this video Comments Restacks Share this post Get Solo Tech Introduction to Solo Health Copy link Facebook Email Notes More Get Solo Tech Subscribe Authors Dhruv Diddi Ready for more? Subscribe \u00a9 2025 Dhruv Diddi Privacy \u2219 Terms \u2219 Collection notice Start Writing Get the app Substack is the home for great culture",
  "links": [
    {
      "url": "/",
      "text": ""
    },
    {
      "url": "/",
      "text": "Get Solo Tech"
    },
    {
      "url": "https://substack.com/home/post/p-152177950?utm_campaign=post&utm_medium=web",
      "text": "Get Solo TechIntroduction to Solo Health"
    },
    {
      "url": "https://substack.com/home/post/p-152177950?utm_campaign=post&utm_medium=web",
      "text": "Get Solo TechIntroduction to Solo Health"
    },
    {
      "url": "https://getsolotech.substack.com/p/introduction-to-solo-health/comments",
      "text": ""
    },
    {
      "url": "https://substack.com/@soessentially",
      "text": ""
    },
    {
      "url": "https://substack.com/@soessentially",
      "text": "Dhruv Diddi"
    },
    {
      "url": "https://substack.com/home/post/p-152177950?utm_campaign=post&utm_medium=web",
      "text": "Get Solo TechIntroduction to Solo Health"
    },
    {
      "url": "https://getsolotech.substack.com/p/introduction-to-solo-health/comments",
      "text": ""
    },
    {
      "url": "https://getsolo.tech/",
      "text": "getsolo.tech"
    },
    {
      "url": "https://substack.com/home/post/p-152177950?utm_campaign=post&utm_medium=web",
      "text": "Get Solo TechIntroduction to Solo Health"
    },
    {
      "url": "https://getsolotech.substack.com",
      "text": ""
    },
    {
      "url": "https://substack.com/@soessentially",
      "text": ""
    },
    {
      "url": "https://substack.com/privacy",
      "text": "Privacy"
    },
    {
      "url": "https://substack.com/tos",
      "text": "Terms"
    },
    {
      "url": "https://substack.com/ccpa#personal-data-collected",
      "text": "Collection notice"
    },
    {
      "url": "https://substack.com/signup?utm_source=substack&utm_medium=web&utm_content=footer",
      "text": "Start Writing"
    },
    {
      "url": "https://substack.com/app/app-store-redirect?utm_campaign=app-marketing&utm_content=web-footer-button",
      "text": "Get the app"
    },
    {
      "url": "https://substack.com",
      "text": "Substack"
    },
    {
      "url": "https://enable-javascript.com/",
      "text": "turn on JavaScript"
    }
  ],
  "images": [
    {
      "src": "https://substackcdn.com/image/fetch/w_80,h_80,c_fill,f_auto,q_auto:good,fl_progressive:steep,g_auto/https%3A%2F%2Fsubstack-post-media.s3.amazonaws.com%2Fpublic%2Fimages%2Fbc74b3b7-99a7-4b85-87d5-82dc0f4c8f74_500x500.png",
      "alt": "Get Solo Tech"
    },
    {
      "src": "https://substackcdn.com/image/fetch/w_520,h_272,c_fill,f_auto,q_auto:good,fl_progressive:steep,g_auto/https%3A%2F%2Fsubstack-video.s3.amazonaws.com%2Fvideo_upload%2Fpost%2F152177950%2Ff700db7c-1d69-4398-8c01-78c103530c2a%2Ftranscoded-00001.png",
      "alt": ""
    },
    {
      "src": "https://substackcdn.com/image/fetch/w_36,h_36,c_fill,f_auto,q_auto:good,fl_progressive:steep,g_auto/https%3A%2F%2Fsubstack-post-media.s3.amazonaws.com%2Fpublic%2Fimages%2Fbc74b3b7-99a7-4b85-87d5-82dc0f4c8f74_500x500.png",
      "alt": "Get Solo Tech"
    },
    {
      "src": "https://substackcdn.com/image/fetch/w_520,h_272,c_fill,f_auto,q_auto:good,fl_progressive:steep,g_auto/https%3A%2F%2Fsubstack-video.s3.amazonaws.com%2Fvideo_upload%2Fpost%2F152177950%2Ff700db7c-1d69-4398-8c01-78c103530c2a%2Ftranscoded-00001.png",
      "alt": ""
    },
    {
      "src": "https://substackcdn.com/image/fetch/w_36,h_36,c_fill,f_auto,q_auto:good,fl_progressive:steep,g_auto/https%3A%2F%2Fsubstack-post-media.s3.amazonaws.com%2Fpublic%2Fimages%2Fbc74b3b7-99a7-4b85-87d5-82dc0f4c8f74_500x500.png",
      "alt": "Get Solo Tech"
    },
    {
      "src": "https://substackcdn.com/image/fetch/w_36,h_36,c_fill,f_auto,q_auto:good,fl_progressive:steep/https%3A%2F%2Fsubstack-post-media.s3.amazonaws.com%2Fpublic%2Fimages%2F1fade239-9859-472e-a77a-ea0aa5158c38_400x400.jpeg",
      "alt": ""
    },
    {
      "src": "https://substackcdn.com/image/fetch/w_520,h_272,c_fill,f_auto,q_auto:good,fl_progressive:steep,g_auto/https%3A%2F%2Fsubstack-video.s3.amazonaws.com%2Fvideo_upload%2Fpost%2F152177950%2Ff700db7c-1d69-4398-8c01-78c103530c2a%2Ftranscoded-00001.png",
      "alt": ""
    },
    {
      "src": "https://substackcdn.com/image/fetch/w_36,h_36,c_fill,f_auto,q_auto:good,fl_progressive:steep,g_auto/https%3A%2F%2Fsubstack-post-media.s3.amazonaws.com%2Fpublic%2Fimages%2Fbc74b3b7-99a7-4b85-87d5-82dc0f4c8f74_500x500.png",
      "alt": "Get Solo Tech"
    },
    {
      "src": "https://substackcdn.com/image/fetch/w_520,h_272,c_fill,f_auto,q_auto:good,fl_progressive:steep,g_auto/https%3A%2F%2Fsubstack-video.s3.amazonaws.com%2Fvideo_upload%2Fpost%2F152177950%2Ff700db7c-1d69-4398-8c01-78c103530c2a%2Ftranscoded-00001.png",
      "alt": ""
    },
    {
      "src": "https://substackcdn.com/image/fetch/w_36,h_36,c_fill,f_auto,q_auto:good,fl_progressive:steep,g_auto/https%3A%2F%2Fsubstack-post-media.s3.amazonaws.com%2Fpublic%2Fimages%2Fbc74b3b7-99a7-4b85-87d5-82dc0f4c8f74_500x500.png",
      "alt": "Get Solo Tech"
    },
    {
      "src": "https://substackcdn.com/image/fetch/w_32,h_32,c_fill,f_auto,q_auto:good,fl_progressive:steep/https%3A%2F%2Fsubstack.com%2Fimg%2Favatars%2Fdefault-light.png",
      "alt": ""
    },
    {
      "src": "https://substackcdn.com/image/fetch/w_96,h_96,c_fill,f_auto,q_auto:good,fl_progressive:steep,g_auto/https%3A%2F%2Fsubstack-post-media.s3.amazonaws.com%2Fpublic%2Fimages%2Fbc74b3b7-99a7-4b85-87d5-82dc0f4c8f74_500x500.png",
      "alt": "Get Solo Tech"
    },
    {
      "src": "https://substackcdn.com/image/fetch/w_32,h_32,c_fill,f_auto,q_auto:good,fl_progressive:steep/https%3A%2F%2Fsubstack-post-media.s3.amazonaws.com%2Fpublic%2Fimages%2F1fade239-9859-472e-a77a-ea0aa5158c38_400x400.jpeg",
      "alt": ""
    }
  ]
}