{
  "title": "ddiddi | Hackathon Competitor Profile",
  "meta_description": "AI hackaton platform user page ddiddi: null",
  "main_content": "Toggle main menu Dhruv Diddi @ ddiddi Ranking system is under improvement 1 Events attended 0 Submissions made 7 years of experience Socials Ranking system is under improvement",
  "links": [
    {
      "url": "/",
      "text": ""
    }
  ],
  "images": [
    {
      "src": "/_next/image?url=%2F_next%2Fstatic%2Fmedia%2Flablab-logo.8496f44c.png&w=96&q=75",
      "alt": "lablab.ai logo - Community innovating and building with artificial intelligence"
    },
    {
      "src": "/_next/image?url=https%3A%2F%2Fstorage.googleapis.com%2Flablab-static-eu%2Fimages%2Fmidjourney%2Fprofile%2Fprofile%2520(44).png&w=256&q=75",
      "alt": "ddiddi "
    }
  ]
}