{
  "title": "WrestleStat | Om Shastri (Unattached) Profile",
  "meta_description": "",
  "main_content": "Om Shastri | Profile Om Shastri | Profile Wrestler Links Om Shastri Edit 197 Rankings Compare Om Shastri to... Other Seasons 2027 Profile 2026 Profile Current Profile 2024 Profile School Links Unattached Profile Unattached Edit Update Starters Compare Unattached to... Recruits Add Event Add Wrestler Add Recruit Season Summaries Season Year School Rank/ Plc Weight Record Win % Bonus % RPI 2025 SO Unattached NA 197 0 - 0 .00 % .00 % -- Career 0 - 6 0.00% .00 % Season Class Rank Weight Record School Win % Bns % 2025 SO #7 197 0 - 0 Unattached 0.00% 0.00% 2024 FR NA 197 0 - 6 Pennsylvania 0.00% 0.00% Career 0 - 6 0.00% 0.00% Login to view the entire profile Login Match Results Upcoming Matches Rank History Wrestler Info Conf Results Quality Matches 2024 Season Video Opponent School Date Event Weight W/L By How #138 Thomas, Trent (D1) #69 Kent State 01/05 David Lehman Open 197 L FALL 1:48 #210 Ashbaugh, Miles (D1) #69 Kent State 01/05 David Lehman Open 197 L DEC 5 - 0 Opponent School Date Event Result #138 Thomas, Trent (D1) #69 Kent State 01/05 David Lehman Open L FALL 1:48 #210 Ashbaugh, Miles (D1) #69 Kent State 01/05 David Lehman Open L DEC 5 - 0 Close There are no upcoming projected matches for this wrestler Rank History Season Week Number Weight Class Rank EloRank 2025 Preseason 197 7 1162.41 2024 21 197 226 1162.41 2024 20 197 226 1162.41 2024 19 197 226 \u2191 1 1162.41 2024 18 197 227 \u2193 2 1162.41 2024 17 197 225 \u2191 2 1162.41 2024 16 197 227 1162.41 2024 15 197 227 1162.41 2024 14 197 227 \u2193 2 1162.42 2024 13 197 225 1162.27 2024 12 197 225 1162.28 2024 11 197 225 \u2191 3 1162.27 2024 10 197 228 \u2193 1 1162.28 2024 9 184 227 \u2191 2 1172.82 2024 8 184 229 1172.82 2024 7 184 229 1172.82 2024 6 184 229 1172.82 2024 5 184 229 \u2193 9 1172.82 2024 4 184 220 \u2191 3 1182.33 2024 3 184 223 1182.33 2024 Preseason 197 132 1200 Wrestler Info LastName FirstName HomeState TwitterHandle SchoolName WeightClass EligibilityYear HasRedshirted IsRedshirting Starter IsInjured This wrestler does not have any match results Close Matches vs Top 16 Opponents Season Wins Bonus Matches 2024 0 (0.00%) 0 (0.00%) 0 2024 Season Video Opponent School Date Event Weight W/L By How Opponent School Date Event Result Video TDL Close",
  "links": [
    {
      "url": "/wrestler/88549/shastri-om/edit",
      "text": "Om Shastri Edit"
    },
    {
      "url": "/unknown/rankings/weight/197",
      "text": "197 Rankings"
    },
    {
      "url": "/unknown/compare/wrestler/88549",
      "text": "Compare Om Shastri to..."
    },
    {
      "url": "/season/2027/wrestler/88549/2027/profile",
      "text": "2027 Profile"
    },
    {
      "url": "/season/2026/wrestler/88549/2026/profile",
      "text": "2026 Profile"
    },
    {
      "url": "/season/2025/wrestler/88549/current/profile",
      "text": "Current Profile"
    },
    {
      "url": "/season/2024/wrestler/88549/2024/profile",
      "text": "2024 Profile"
    },
    {
      "url": "/team/187/unattached/profile",
      "text": "Unattached Profile"
    },
    {
      "url": "/team/187/unattached/edit",
      "text": "Unattached Edit"
    },
    {
      "url": "/season/2025/team/187/unattached/starters",
      "text": "Update Starters"
    },
    {
      "url": "/unknown/compare/dual/187",
      "text": "Compare Unattached to..."
    },
    {
      "url": "/team/187/unattached/recruits",
      "text": "Recruits"
    },
    {
      "url": "/season/2025/team/187/unattached/event/create",
      "text": "Add Event"
    },
    {
      "url": "/team/187/unattached/addwrestler",
      "text": "Add Wrestler"
    },
    {
      "url": "/team/187/unattached/recruits/add",
      "text": "Add Recruit"
    },
    {
      "url": "/wrestler/88549/shastri-om/edit",
      "text": "SO"
    },
    {
      "url": "/team/187/unattached/profile",
      "text": "Unattached"
    },
    {
      "url": "/unknown/rankings/weight/197",
      "text": "197"
    },
    {
      "url": "/wrestler/88549/shastri-om/edit",
      "text": "SO"
    },
    {
      "url": "/season/2025/team/187/unattached/profile",
      "text": "Unattached"
    },
    {
      "url": "/season/2024/wrestler/88549/shastri-om/edit",
      "text": "FR"
    },
    {
      "url": "/account/login?returnurl=/wrestler/88549/shastri-om/profile",
      "text": "Login"
    },
    {
      "url": "/wrestler/86118/thomas-trent/profile",
      "text": "#138 Thomas, Trent"
    },
    {
      "url": "/team/36/kent-state/profile",
      "text": "#69 Kent State"
    },
    {
      "url": "/wrestler/79796/ashbaugh-miles/profile",
      "text": "#210 Ashbaugh, Miles"
    },
    {
      "url": "/team/36/kent-state/profile",
      "text": "#69 Kent State"
    },
    {
      "url": "/wrestler/86118/thomas-trent/profile",
      "text": "#138 Thomas, Trent"
    },
    {
      "url": "/team/36/kent-state/profile",
      "text": "#69 Kent State"
    },
    {
      "url": "/wrestler/79796/ashbaugh-miles/profile",
      "text": "#210 Ashbaugh, Miles"
    },
    {
      "url": "/team/36/kent-state/profile",
      "text": "#69 Kent State"
    },
    {
      "url": "https://www.levelchanger.com/apps",
      "text": ""
    },
    {
      "url": "https://www.levelchanger.com/apps",
      "text": ""
    },
    {
      "url": "https://www.levelchanger.com/apps",
      "text": ""
    },
    {
      "url": "https://www.levelchanger.com/apps",
      "text": ""
    },
    {
      "url": "https://www.levelchanger.com/apps",
      "text": ""
    },
    {
      "url": "https://www.levelchanger.com/apps",
      "text": ""
    }
  ],
  "images": [
    {
      "src": "/images/tdlive.png",
      "alt": "Takedown LIVE Match Data"
    },
    {
      "src": "/images/tdlive.png",
      "alt": "Takedown LIVE Match Data"
    },
    {
      "src": "/images/WrestleStat_desktop.png",
      "alt": "WrestleStat"
    },
    {
      "src": "/images/WrestleStat_desktop.png",
      "alt": "WrestleStat"
    },
    {
      "src": "/images/tdlive.png",
      "alt": "Takedown LIVE Match Data"
    },
    {
      "src": "/images/tdlive.png",
      "alt": "Takedown LIVE Match Data"
    },
    {
      "src": "/images/WrestleStat_desktop.png",
      "alt": "WrestleStat"
    },
    {
      "src": "/images/WrestleStat_desktop.png",
      "alt": "WrestleStat"
    },
    {
      "src": "/images/tdlive.png",
      "alt": "Takedown LIVE Match Data"
    },
    {
      "src": "/images/tdlive.png",
      "alt": "Takedown LIVE Match Data"
    },
    {
      "src": "/images/WrestleStat_desktop.png",
      "alt": "WrestleStat"
    },
    {
      "src": "/images/WrestleStat_desktop.png",
      "alt": "WrestleStat"
    }
  ]
}