{
  "title": "Discovery of 17 conserved structural RNAs in fungi - PubMed",
  "meta_description": "Many non-coding RNAs with known functions are structurally conserved: their intramolecular secondary and tertiary interactions are maintained across evolutionary time. Consequently, the presence of conserved structure in multiple sequence alignments can be used to identify candidate functional non-c \u2026",
  "main_content": "Clipboard My Bibliography Collections Citation manager",
  "links": [
    {
      "url": "https://www.ncbi.nlm.nih.gov/guide/browsers/#ncbi_accesskeys",
      "text": "Access keys"
    },
    {
      "url": "https://www.ncbi.nlm.nih.gov",
      "text": "NCBI Homepage"
    },
    {
      "url": "/myncbi/",
      "text": "MyNCBI Homepage"
    },
    {
      "url": "/",
      "text": ""
    },
    {
      "url": "/advanced/",
      "text": "Advanced"
    },
    {
      "url": "/clipboard/",
      "text": "Clipboard"
    },
    {
      "url": "/help/",
      "text": "User Guide"
    },
    {
      "url": "https://account.ncbi.nlm.nih.gov/?back_url=https%3A%2F%2Fpubmed.ncbi.nlm.nih.gov%2F34086938%2F%23open-bibliography-panel",
      "text": "My Bibliography"
    },
    {
      "url": "https://account.ncbi.nlm.nih.gov/?back_url=https%3A%2F%2Fpubmed.ncbi.nlm.nih.gov%2F34086938%2F%23open-collections-panel",
      "text": "Collections"
    },
    {
      "url": "https://www.ncbi.nlm.nih.gov/account/settings/",
      "text": "change"
    },
    {
      "url": "https://academic.oup.com/nar/article-lookup/doi/10.1093/nar/gkab355",
      "text": "Silverchair Information Systems"
    },
    {
      "url": "https://pmc.ncbi.nlm.nih.gov/articles/pmid/34086938/",
      "text": "Free PMC article"
    },
    {
      "url": "http://twitter.com/intent/tweet?text=Discovery%20of%2017%20conserved%20structural%20RNAs%20in%20fungi%20https%3A//pubmed.ncbi.nlm.nih.gov/34086938/",
      "text": ""
    },
    {
      "url": "http://www.facebook.com/sharer/sharer.php?u=https%3A//pubmed.ncbi.nlm.nih.gov/34086938/",
      "text": ""
    },
    {
      "url": "/disclaimer/",
      "text": "PubMed Disclaimer"
    },
    {
      "url": "https://cdn.ncbi.nlm.nih.gov/pmc/blobs/9803/8216456/74dd5f448bb2/gkab355fig1.jpg",
      "text": ""
    },
    {
      "url": "https://cdn.ncbi.nlm.nih.gov/pmc/blobs/9803/8216456/6fa1b8e8ea9f/gkab355fig2.jpg",
      "text": ""
    },
    {
      "url": "https://cdn.ncbi.nlm.nih.gov/pmc/blobs/9803/8216456/dae40e02cb41/gkab355fig3.jpg",
      "text": ""
    },
    {
      "url": "https://cdn.ncbi.nlm.nih.gov/pmc/blobs/9803/8216456/5f2bf99b5301/gkab355fig4.jpg",
      "text": ""
    },
    {
      "url": "https://cdn.ncbi.nlm.nih.gov/pmc/blobs/9803/8216456/1352072cda57/gkab355fig5.jpg",
      "text": ""
    },
    {
      "url": "https://cdn.ncbi.nlm.nih.gov/pmc/blobs/9803/8216456/0cf124b66a0f/gkab355fig6.jpg",
      "text": ""
    },
    {
      "url": "https://cdn.ncbi.nlm.nih.gov/pmc/blobs/9803/8216456/47fc42996b24/gkab355fig7.jpg",
      "text": ""
    },
    {
      "url": "/12853629/",
      "text": "Computational identification of non-coding RNAs in Saccharomyces cerevisiae by comparative genomics."
    },
    {
      "url": "/18665251/",
      "text": "Conserved secondary structures in Aspergillus."
    },
    {
      "url": "/17577407/",
      "text": "Comparative analysis of structured RNAs in S. cerevisiae indicates a multitude of different functions."
    },
    {
      "url": "/25726470/",
      "text": "Computational prediction of riboswitches."
    },
    {
      "url": "/31206978/",
      "text": "An evolving tale of two interacting RNAs-themes and variations of the T-box riboswitch mechanism."
    },
    {
      "url": "/36495545/",
      "text": "Thirteen dubious ways to detect conserved structural RNAs."
    },
    {
      "url": "/37848616/",
      "text": "GERONIMO: A tool for systematic retrieval of structural RNAs in a broad evolutionary context."
    },
    {
      "url": "/36203019/",
      "text": "Advances and opportunities in RNA structure experimental determination and computational modeling."
    },
    {
      "url": "/34842804/",
      "text": "Advances in Non-Coding RNA Sequencing."
    },
    {
      "url": "https://pmc.ncbi.nlm.nih.gov/articles/PMC334417/",
      "text": "PMC"
    },
    {
      "url": "/1454539/",
      "text": "PubMed"
    },
    {
      "url": "/10980147/",
      "text": "PubMed"
    },
    {
      "url": "/17038338/",
      "text": "PubMed"
    },
    {
      "url": "/17636042/",
      "text": "PubMed"
    },
    {
      "url": "/21949241/",
      "text": "PubMed"
    },
    {
      "url": "/?term=%22Research+Support%2C+Non-U.S.+Gov%27t%22%5Bpt%5D&sort=date&sort_order=desc",
      "text": "Search in PubMed"
    },
    {
      "url": "https://www.ncbi.nlm.nih.gov/mesh?term=Research+Support%2C+Non-U.S.+Gov%27t",
      "text": "Search in MeSH"
    },
    {
      "url": "/?term=%223%27+Untranslated+Regions%22%5BMeSH%5D&sort=date&sort_order=desc",
      "text": "Search in PubMed"
    },
    {
      "url": "https://www.ncbi.nlm.nih.gov/mesh?term=3%27+Untranslated+Regions",
      "text": "Search in MeSH"
    },
    {
      "url": "/?term=%22Computational+Biology%2Fmethods%22%5BMeSH%5D&sort=date&sort_order=desc",
      "text": "Search in PubMed"
    },
    {
      "url": "https://www.ncbi.nlm.nih.gov/mesh?term=Computational+Biology",
      "text": "Search in MeSH"
    },
    {
      "url": "/?term=%22Genome%2C+Fungal%22%5BMeSH%5D&sort=date&sort_order=desc",
      "text": "Search in PubMed"
    },
    {
      "url": "https://www.ncbi.nlm.nih.gov/mesh?term=Genome%2C+Fungal",
      "text": "Search in MeSH"
    },
    {
      "url": "/?term=%22Introns%22%5BMeSH%5D&sort=date&sort_order=desc",
      "text": "Search in PubMed"
    },
    {
      "url": "https://www.ncbi.nlm.nih.gov/mesh?term=Introns",
      "text": "Search in MeSH"
    },
    {
      "url": "/?term=%22Lysine-tRNA+Ligase%2Fgenetics%22%5BMeSH%5D&sort=date&sort_order=desc",
      "text": "Search in PubMed"
    },
    {
      "url": "https://www.ncbi.nlm.nih.gov/mesh?term=Lysine-tRNA+Ligase",
      "text": "Search in MeSH"
    },
    {
      "url": "/?term=%22Markov+Chains%22%5BMeSH%5D&sort=date&sort_order=desc",
      "text": "Search in PubMed"
    },
    {
      "url": "https://www.ncbi.nlm.nih.gov/mesh?term=Markov+Chains",
      "text": "Search in MeSH"
    },
    {
      "url": "/?term=%22Nucleic+Acid+Conformation%22%5BMeSH%5D&sort=date&sort_order=desc",
      "text": "Search in PubMed"
    },
    {
      "url": "https://www.ncbi.nlm.nih.gov/mesh?term=Nucleic+Acid+Conformation",
      "text": "Search in MeSH"
    },
    {
      "url": "/?term=%22RNA%2C+Fungal%2Fchemistry%22%5BMAJR%5D&sort=date&sort_order=desc",
      "text": "Search in PubMed"
    },
    {
      "url": "https://www.ncbi.nlm.nih.gov/mesh?term=RNA%2C+Fungal",
      "text": "Search in MeSH"
    },
    {
      "url": "/?term=%22RNA%2C+Small+Nucleolar%2Fchemistry%22%5BMeSH%5D&sort=date&sort_order=desc",
      "text": "Search in PubMed"
    },
    {
      "url": "https://www.ncbi.nlm.nih.gov/mesh?term=RNA%2C+Small+Nucleolar",
      "text": "Search in MeSH"
    },
    {
      "url": "/?term=%22RNA%2C+Untranslated%2Fchemistry%22%5BMAJR%5D&sort=date&sort_order=desc",
      "text": "Search in PubMed"
    },
    {
      "url": "https://www.ncbi.nlm.nih.gov/mesh?term=RNA%2C+Untranslated",
      "text": "Search in MeSH"
    },
    {
      "url": "/?term=%22Ribosomal+Proteins%2Fgenetics%22%5BMeSH%5D&sort=date&sort_order=desc",
      "text": "Search in PubMed"
    },
    {
      "url": "https://www.ncbi.nlm.nih.gov/mesh?term=Ribosomal+Proteins",
      "text": "Search in MeSH"
    },
    {
      "url": "/?term=%22Riboswitch%22%5BMeSH%5D&sort=date&sort_order=desc",
      "text": "Search in PubMed"
    },
    {
      "url": "https://www.ncbi.nlm.nih.gov/mesh?term=Riboswitch",
      "text": "Search in MeSH"
    },
    {
      "url": "/?term=%22Sequence+Alignment%22%5BMeSH%5D&sort=date&sort_order=desc",
      "text": "Search in PubMed"
    },
    {
      "url": "https://www.ncbi.nlm.nih.gov/mesh?term=Sequence+Alignment",
      "text": "Search in MeSH"
    },
    {
      "url": "/?term=%22Thioredoxins%2Fgenetics%22%5BMeSH%5D&sort=date&sort_order=desc",
      "text": "Search in PubMed"
    },
    {
      "url": "https://www.ncbi.nlm.nih.gov/mesh?term=Thioredoxins",
      "text": "Search in MeSH"
    },
    {
      "url": "/?term=%223%27+Untranslated+Regions%22%5Bnm%5D&sort=date&sort_order=desc",
      "text": "Search in PubMed"
    },
    {
      "url": "https://www.ncbi.nlm.nih.gov/mesh?term=%223%27+Untranslated+Regions%22",
      "text": "Search in MeSH"
    },
    {
      "url": "/?term=%22RNA%2C+Fungal%22%5Bnm%5D&sort=date&sort_order=desc",
      "text": "Search in PubMed"
    },
    {
      "url": "https://www.ncbi.nlm.nih.gov/mesh?term=%22RNA%2C+Fungal%22",
      "text": "Search in MeSH"
    },
    {
      "url": "/?term=%22RNA%2C+Small+Nucleolar%22%5Bnm%5D&sort=date&sort_order=desc",
      "text": "Search in PubMed"
    },
    {
      "url": "https://www.ncbi.nlm.nih.gov/mesh?term=%22RNA%2C+Small+Nucleolar%22",
      "text": "Search in MeSH"
    },
    {
      "url": "/?term=%22RNA%2C+Untranslated%22%5Bnm%5D&sort=date&sort_order=desc",
      "text": "Search in PubMed"
    },
    {
      "url": "https://www.ncbi.nlm.nih.gov/mesh?term=%22RNA%2C+Untranslated%22",
      "text": "Search in MeSH"
    },
    {
      "url": "/?term=%22Ribosomal+Proteins%22%5Bnm%5D&sort=date&sort_order=desc",
      "text": "Search in PubMed"
    },
    {
      "url": "https://www.ncbi.nlm.nih.gov/mesh?term=%22Ribosomal+Proteins%22",
      "text": "Search in MeSH"
    },
    {
      "url": "/?term=%22Riboswitch%22%5Bnm%5D&sort=date&sort_order=desc",
      "text": "Search in PubMed"
    },
    {
      "url": "https://www.ncbi.nlm.nih.gov/mesh?term=%22Riboswitch%22",
      "text": "Search in MeSH"
    },
    {
      "url": "/?term=%22Thioredoxins%22%5Bnm%5D&sort=date&sort_order=desc",
      "text": "Search in PubMed"
    },
    {
      "url": "https://www.ncbi.nlm.nih.gov/mesh?term=%22Thioredoxins%22",
      "text": "Search in MeSH"
    },
    {
      "url": "/?term=%22Lysine-tRNA+Ligase%22%5Bnm%5D&sort=date&sort_order=desc",
      "text": "Search in PubMed"
    },
    {
      "url": "https://www.ncbi.nlm.nih.gov/mesh?term=%22Lysine-tRNA+Ligase%22",
      "text": "Search in MeSH"
    },
    {
      "url": "https://www.ncbi.nlm.nih.gov/gene?linkname=pubmed_gene&from_uid=34086938",
      "text": "Gene"
    },
    {
      "url": "https://www.ncbi.nlm.nih.gov/medgen?linkname=pubmed_medgen&from_uid=34086938",
      "text": "MedGen"
    },
    {
      "url": "https://www.ncbi.nlm.nih.gov/protein?linkname=pubmed_protein_refseq&from_uid=34086938",
      "text": "Protein (RefSeq)"
    },
    {
      "url": "https://www.ncbi.nlm.nih.gov/pccompound?linkname=pubmed_pccompound_mesh&from_uid=34086938",
      "text": "PubChem Compound (MeSH Keyword)"
    },
    {
      "url": "/?term=HHMI%2FHoward+Hughes+Medical+Institute%2FUnited+States%5BGrants+and+Funding%5D&sort=date&sort_order=desc",
      "text": "HHMI/Howard Hughes Medical Institute/United States"
    },
    {
      "url": "https://europepmc.org/abstract/MED/34086938",
      "text": "Europe PubMed Central"
    },
    {
      "url": "https://pmc.ncbi.nlm.nih.gov/articles/pmid/34086938/",
      "text": "PubMed Central"
    },
    {
      "url": "https://academic.oup.com/nar/article-lookup/doi/10.1093/nar/gkab355",
      "text": "Silverchair Information Systems"
    },
    {
      "url": "https://www.yeastgenome.org/reference/34086938",
      "text": "Saccharomyces Genome Database"
    },
    {
      "url": "https://antibodies.cancer.gov/detail/CPTC-GLO1-2",
      "text": "NCI CPTC Antibody Characterization Program"
    },
    {
      "url": "https://academic.oup.com/nar/article-lookup/doi/10.1093/nar/gkab355",
      "text": "Silverchair Information Systems"
    },
    {
      "url": "https://pmc.ncbi.nlm.nih.gov/articles/pmid/34086938/",
      "text": "Free PMC article"
    },
    {
      "url": "https://account.ncbi.nlm.nih.gov/?back_url=https%3A%2F%2Fpubmed.ncbi.nlm.nih.gov%2F34086938%2F%23open-bibliography-panel",
      "text": "My Bibliography"
    },
    {
      "url": "https://account.ncbi.nlm.nih.gov/?back_url=https%3A%2F%2Fpubmed.ncbi.nlm.nih.gov%2F34086938%2F%23open-collections-panel",
      "text": "Collections"
    },
    {
      "url": "https://www.ncbi.nlm.nih.gov/mesh/",
      "text": "MeSH"
    },
    {
      "url": "https://www.ncbi.nlm.nih.gov/pmc/",
      "text": "PMC"
    },
    {
      "url": "https://www.ncbi.nlm.nih.gov/books",
      "text": "Bookshelf"
    },
    {
      "url": "/disclaimer/",
      "text": "Disclaimer"
    }
  ],
  "images": [
    {
      "src": "https://www.ncbi.nlm.nih.gov/coreutils/uswds/img/icon-dot-gov.svg",
      "alt": "Dot gov"
    },
    {
      "src": "https://www.ncbi.nlm.nih.gov/coreutils/uswds/img/icon-https.svg",
      "alt": "Https"
    },
    {
      "src": "https://cdn.ncbi.nlm.nih.gov/pubmed/1aadf23f-d23c-47f2-9ae5-722feb08e2c5/core/images/pubmed-logo-blue.svg",
      "alt": "pubmed logo"
    },
    {
      "src": "https://cdn.ncbi.nlm.nih.gov/corehtml/query/egifs/https:--academic.oup.com-images-oup_pubmed.png",
      "alt": "Silverchair Information Systems full text link"
    },
    {
      "src": "https://cdn.ncbi.nlm.nih.gov/pmc/blobs/9803/8216456/e162e9631b65/gkab355fig1.gif",
      "alt": "Figure 1."
    },
    {
      "src": "https://cdn.ncbi.nlm.nih.gov/pmc/blobs/9803/8216456/2e9ae298288a/gkab355fig2.gif",
      "alt": "Figure 2."
    },
    {
      "src": "https://cdn.ncbi.nlm.nih.gov/pmc/blobs/9803/8216456/3b263dee2ce8/gkab355fig3.gif",
      "alt": "Figure 3."
    },
    {
      "src": "https://cdn.ncbi.nlm.nih.gov/pmc/blobs/9803/8216456/f9fe1f92cf2d/gkab355fig4.gif",
      "alt": "Figure 4."
    },
    {
      "src": "https://cdn.ncbi.nlm.nih.gov/pmc/blobs/9803/8216456/fdfce00a3df6/gkab355fig5.gif",
      "alt": "Figure 5."
    },
    {
      "src": "https://cdn.ncbi.nlm.nih.gov/pmc/blobs/9803/8216456/d2de1ea9d7ea/gkab355fig6.gif",
      "alt": "Figure 6."
    },
    {
      "src": "https://cdn.ncbi.nlm.nih.gov/pmc/blobs/9803/8216456/1eb7636f8135/gkab355fig7.gif",
      "alt": "Figure 7."
    },
    {
      "src": "https://cdn.ncbi.nlm.nih.gov/corehtml/query/egifs/https:--academic.oup.com-images-oup_pubmed.png",
      "alt": "Silverchair Information Systems full text link"
    }
  ]
}