{
  "title": "\u202aZifei Xu\u202c - \u202aGoogle Scholar\u202c",
  "meta_description": "\u202ad-Matrix\u202c - \u202a\u202aCited by 27\u202c\u202c - \u202aMachine Learning\u202c",
  "main_content": "Loading... The system can't perform the operation now. Try again later. Citations per year Duplicate citations The following articles are merged in Scholar. Their combined citations are counted only for the first article. Merged citations This \"Cited by\" count includes citations to the following articles in Scholar. The ones marked * may be different from the article in the profile. Add co-authors Co-authors Follow New articles by this author New citations to this author New articles related to this author's research Email address for updates Done My profile My library Metrics Alerts Settings Sign in Sign in Get my own profile Cited by All Since 2020 Citations 27 27 h-index 3 3 i10-index 1 1 0 18 9 2022 2023 2024 2025 1 7 18 1 Follow Zifei Xu d-Matrix Verified email at stanford.edu Machine Learning Articles Cited by Title Sort Sort by citations Sort by year Sort by title Cited by Cited by Year Interpretable Predictive Models to Understand Risk Factors for Maternal and Fetal Outcomes TM Bosschieter, Z Xu, H Lan, BJ Lengerich, H Nori, I Painter, V Souter, ... Journal of Healthcare Informatics Research 8 (1), 65-87 , 2024 13 * 2024 Post Training Quantization of Large Language Models with Microscaling Formats S Sharify, U Saxena, Z Xu, W Yazar, I Soloveychik, X Wang Proceedings of The 4th NeurIPS Efficient Natural Language and Speech \u2026 , 2024 3 * 2024 Predicting severe maternal morbidity at admission for delivery using intelligible machine learning Z Xu, TM Bosschieter, H Lan, B Lengerich, H Nori, K Sitcov, I Painter, ... American Journal of Obstetrics & Gynecology 228 (1), S404-S405 , 2023 3 2023 Understanding risk factors for shoulder dystocia using interpretable machine learning H Lan, TM Bosschieter, Z Xu, B Lengerich, H Nori, K Sitcov, I Painter, ... American Journal of Obstetrics & Gynecology 228 (1), S753 , 2023 3 2023 Self-Selected Attention Span for Accelerating Large Language Model Inference T Jin, Z Xu, S Sharify, X Wang arXiv preprint arXiv:2404.09336 , 2024 2 2024 Unique insights into risk factors for antepartum stillbirth using explainable AI TM Bosschieter, H Lan, Z Xu, B Lengerich, H Nori, K Sitcov, I Painter, ... American Journal of Obstetrics & Gynecology 228 (1), S403-S404 , 2023 2 2023 Preterm preeclampsia prediction using intelligible machine learning TM Bosschieter, Z Xu, H Lan, B Lengerich, H Nori, K Sitcov, I Painter, ... American Journal of Obstetrics & Gynecology 228 (1), S409 , 2023 1 2023 Understanding the difficulty of low-precision post-training quantization of large language models Z Xu, S Sharify, T Webb, X Wang arXiv preprint arXiv:2410.14570 , 2024 2024 Scaling laws for post-training quantized large language models Z Xu, A Lan, T Webb, S Sharify, X Wang Proceedings of The 4th NeurIPS Efficient Natural Language and Speech \u2026 , 2024 2024 The system can't perform the operation now. Try again later. Articles 1\u20139 Show more Privacy Terms Help About Scholar Search help",
  "links": [
    {
      "url": "/schhp?hl=en",
      "text": ""
    },
    {
      "url": "/citations?hl=en",
      "text": "My profile"
    },
    {
      "url": "/scholar?scilib=1&hl=en",
      "text": "My library"
    },
    {
      "url": "/citations?view_op=metrics_intro&hl=en",
      "text": "Metrics"
    },
    {
      "url": "/scholar_alerts?view_op=list_alerts&hl=en",
      "text": "Alerts"
    },
    {
      "url": "/scholar_settings?hl=en",
      "text": "Settings"
    },
    {
      "url": "https://accounts.google.com/Login?hl=en&continue=https://scholar.google.com/schhp%3Fhl%3Den",
      "text": "Sign in"
    },
    {
      "url": "/schhp?hl=en",
      "text": ""
    },
    {
      "url": "https://accounts.google.com/Login?hl=en&continue=https://scholar.google.com/schhp%3Fhl%3Den",
      "text": "Sign in"
    },
    {
      "url": "/citations?hl=en",
      "text": "Get my own profile"
    },
    {
      "url": "/citations?view_op=search_authors&hl=en&mauthors=label:machine_learning",
      "text": "Machine Learning"
    },
    {
      "url": "/citations?hl=en&user=wXEcojgAAAAJ&view_op=list_works&sortby=title",
      "text": "Title"
    },
    {
      "url": "/citations?hl=en&user=wXEcojgAAAAJ&view_op=list_works",
      "text": "Sort by citations"
    },
    {
      "url": "/citations?hl=en&user=wXEcojgAAAAJ&view_op=list_works&sortby=pubdate",
      "text": "Sort by year"
    },
    {
      "url": "/citations?hl=en&user=wXEcojgAAAAJ&view_op=list_works&sortby=title",
      "text": "Sort by title"
    },
    {
      "url": "/citations?hl=en&user=wXEcojgAAAAJ&view_op=list_works&sortby=pubdate",
      "text": "Year"
    },
    {
      "url": "/citations?view_op=view_citation&hl=en&user=wXEcojgAAAAJ&citation_for_view=wXEcojgAAAAJ:IjCSPb-OGe4C",
      "text": "Interpretable Predictive Models to Understand Risk Factors for Maternal and Fetal Outcomes"
    },
    {
      "url": "https://scholar.google.com/scholar?oi=bibs&hl=en&cites=3707089449986115294,555075705922692697",
      "text": "13"
    },
    {
      "url": "/citations?view_op=view_citation&hl=en&user=wXEcojgAAAAJ&citation_for_view=wXEcojgAAAAJ:W7OEmFMy1HYC",
      "text": "Post Training Quantization of Large Language Models with Microscaling Formats"
    },
    {
      "url": "https://scholar.google.com/scholar?oi=bibs&hl=en&cites=9341597493040405418,2593329539876199381",
      "text": "3"
    },
    {
      "url": "/citations?view_op=view_citation&hl=en&user=wXEcojgAAAAJ&citation_for_view=wXEcojgAAAAJ:9yKSN-GCB0IC",
      "text": "Predicting severe maternal morbidity at admission for delivery using intelligible machine learning"
    },
    {
      "url": "https://scholar.google.com/scholar?oi=bibs&hl=en&cites=8772144357832640310",
      "text": "3"
    },
    {
      "url": "/citations?view_op=view_citation&hl=en&user=wXEcojgAAAAJ&citation_for_view=wXEcojgAAAAJ:d1gkVwhDpl0C",
      "text": "Understanding risk factors for shoulder dystocia using interpretable machine learning"
    },
    {
      "url": "https://scholar.google.com/scholar?oi=bibs&hl=en&cites=7675056742527280827",
      "text": "3"
    },
    {
      "url": "/citations?view_op=view_citation&hl=en&user=wXEcojgAAAAJ&citation_for_view=wXEcojgAAAAJ:UeHWp8X0CEIC",
      "text": "Self-Selected Attention Span for Accelerating Large Language Model Inference"
    },
    {
      "url": "https://scholar.google.com/scholar?oi=bibs&hl=en&cites=16704513413847372487",
      "text": "2"
    },
    {
      "url": "/citations?view_op=view_citation&hl=en&user=wXEcojgAAAAJ&citation_for_view=wXEcojgAAAAJ:2osOgNQ5qMEC",
      "text": "Unique insights into risk factors for antepartum stillbirth using explainable AI"
    },
    {
      "url": "https://scholar.google.com/scholar?oi=bibs&hl=en&cites=16521898002141916799",
      "text": "2"
    },
    {
      "url": "/citations?view_op=view_citation&hl=en&user=wXEcojgAAAAJ&citation_for_view=wXEcojgAAAAJ:u-x6o8ySG0sC",
      "text": "Preterm preeclampsia prediction using intelligible machine learning"
    },
    {
      "url": "https://scholar.google.com/scholar?oi=bibs&hl=en&cites=7023479643976606475",
      "text": "1"
    },
    {
      "url": "/citations?view_op=view_citation&hl=en&user=wXEcojgAAAAJ&citation_for_view=wXEcojgAAAAJ:Y0pCki6q_DkC",
      "text": "Understanding the difficulty of low-precision post-training quantization of large language models"
    },
    {
      "url": "/citations?view_op=view_citation&hl=en&user=wXEcojgAAAAJ&citation_for_view=wXEcojgAAAAJ:Tyk-4Ss8FVUC",
      "text": "Scaling laws for post-training quantized large language models"
    },
    {
      "url": "//www.google.com/intl/en/policies/privacy/",
      "text": "Privacy"
    },
    {
      "url": "//www.google.com/intl/en/policies/terms/",
      "text": "Terms"
    },
    {
      "url": "/intl/en/scholar/about.html",
      "text": "About Scholar"
    },
    {
      "url": "//support.google.com/websearch?p=scholar_dsa&hl=en",
      "text": "Search help"
    }
  ],
  "images": [
    {
      "src": "https://scholar.googleusercontent.com/citations?view_op=view_photo&user=wXEcojgAAAAJ&citpid=1",
      "alt": "Zifei Xu"
    }
  ]
}