{
  "title": "Yeabsera Afework's Profile | Stanford Profiles",
  "meta_description": "Yeabsera Afework is part of Stanford Profiles, official site for faculty, postdocs, students and staff information (Expertise, Bio, Research, Publications, and more). The site facilitates research and collaboration in academic endeavors.",
  "main_content": "Yeabsera Afework Undergraduate, Vice Provost for Undergraduate Education Print Profile Email Profile View Stanford-only Profile Tab Menu Bio Contact Work yafework@stanford.edu University - Student Department:&nbspVice Provost for Undergraduate Education Position: Undergraduate",
  "links": [
    {
      "url": "https://cap.stanford.edu/profiles/frdActionServlet?choiceId=printerprofile&profileversion=full&profileId=316758",
      "text": "Print Profile"
    },
    {
      "url": "mailto:?subject=Yeabsera Afework's Profile&body=I would like to share the profile of Yeabsera Afework with you. https://profiles.stanford.edu/yeabsera-afework",
      "text": "Email Profile"
    },
    {
      "url": "/intranet/yeabsera-afework",
      "text": "View Stanford-only Profile"
    },
    {
      "url": "/yeabsera-afework?tab=bio",
      "text": "Bio"
    },
    {
      "url": "mailto:yafework@stanford.edu",
      "text": "yafework@stanford.edu"
    }
  ],
  "images": []
}