{
  "title": "Audrey Chen - 2024-25 - Women's Basketball - Cornell University Athletics",
  "meta_description": "Audrey Chen (12) Guard  - PRIOR TO CORNELL\nTwo-time D3 John Wooden Player of the Year (2022, 2023) ...\u00a0 D2 All-CIF Southern Section Player of the Year (2023) ...",
  "main_content": "2024-25 Women's Basketball Roster Choose a Player: Andrews, Alana Chen, Audrey Davis, Jada Engels, Paige Green, Lexi Hathorn, Sarah Jackson, Clarke Kaus, Rachel Kilgoe, Azareya Knee, Vivienne Langston, Kelsey Linoxilakis, Arianna Pape, Emily Parker-Hall, Summer Perry, Kameryn Watts, Maya Go Bio Stats Biography PRIOR TO CORNELL Two-time D3 John Wooden Player of the Year (2022, 2023) ... D2 All-CIF Southern Section Player of the Year (2023) ... D3 All-CIF Southern Section Player of the Year (2022) ... D1 All-Southern Section second team (2024) ... two-time first-team All-League Del Rey (2023, 2024) ... first-team All-League Camino Real (2022) ... D3 2022 CIF California State Runner-ups ... D3 2022 CIF California Southern Regionals Champions ... D3 2022 CIF California Southern Sectional Champions ... D2 2023 CIF California Southern Sectional Champions ... also played volleyball her sophomore year ... member of the Mu Alpha Theta Honors Society, the Science National Honors Society, the National Honors Society, and the Spanish Honors Society ... also was selected to be a part of the Senior Senate, a student body advisory group that is teacher and principal appointed. PERSONAL Audrey Lana Chen is the daughter of Charles and Lisa Chen and has one sister ... her sister, Ellie Chen, is a guard at San Diego State University ... she is enrolled in the College of Engineering. Statistics Season Statistics Season Statistics No statistics available for this season. Career Statistics There are no statistics available for this player.",
  "links": [
    {
      "url": "http://www.sidearmsports.com/blockers",
      "text": "Learn More About Ad Blockers"
    }
  ],
  "images": [
    {
      "src": "https://sb.scorecardresearch.com/p?c1=2&c2=3005086&cv=2.0&cj=1",
      "alt": ""
    },
    {
      "src": "/images/logos/site/site.png?width=48",
      "alt": "Site logo"
    },
    {
      "src": "https://di.rlcdn.com/api/segment?pid=712104&pdata=source%3D502%2Ceventtype%3D1001%2CdivisionID%3D",
      "alt": ""
    }
  ]
}