{
  "title": "Home | Audrey Chen, cello",
  "meta_description": "Official Website for Audrey Chen, classical cellist",
  "main_content": "AUDREY CHEN, CELLO SHORT BIO Praised for her \u201clyricism of dramatic intensity\u201d (San Francisco Classical Voice) and \u201clongevity of phrasing\u201d (Boston Musical Intelligencer), Washington state native and cellist Audrey Chen has performed around the world in venues including Carnegie Hall, Sumitomolife Izumi Hall, Melbourne Recital Center, Royal Albert Hall, and the Kennedy Center. She has concertized with the Seattle Symphony and the Harvard-Radcliffe Orchestra, and has been featured as a guest artist with the Jupiter Chamber Players, Argus Quartet, Parker Quartet, and Borromeo Quartet. Audrey performs actively as the cellist of the prize-winning Terra String Quartet. \u200b Audrey\u2019s festival appearances include performing at Yellowbarn, Olympic Music Festival, Music@Menlo, Ravinia Steans Music Institute, Four Seasons Chamber Music, Perlman Music Program, Tanglewood Music Center, Taos Music School, and Sarasota Music Festival. She received her B.A. from Harvard University and an M.M. from the New England Conservatory, where her teachers included Laurence Lesser and Lluis Claret. Currently, she is pursuing a D.M.A. at the CUNY Graduate Center under Marcy Rosen while teaching chamber music at CUNY Hunter College. On account of her graduate studies, she was named a 2022 recipient of the prestigious Paul and Daisy Soros Fellowship for New Americans. Outside of music, Audrey enjoys watching films, cooking/baking, and making greeting cards. \u200b Updated Feb 2024 Facebook Twitter Pinterest Tumblr Copy Link Link Copied Play Video Play Video 26:48 Olympic Music Festival Carl Fr\u00fchling: Trio for Clarinet, Cello, and Piano in A minor, Op. 40 \u2022 Olympic Music Festival I. M\u00e4\u00dfig schnell II. Anmutig bewegt III. Andante IV. Allegro vivace Alexander Fiterstein, clarinet Audrey Chen, cello Amalia Rinehart, piano Recorded live at the Olympic Music Festival in Port Townsend, WA on August 13, 2022 Piano: Yamaha CFX courtesy of Classic Pianos Bellevue & Yamaha USA Play Video Play Video 26:36 Audrey C Dora Pejacevic Sonata in E Minor for Cello and Piano (1913) Audrey Chen, cello Gabrielle Chou, piano Recorded Live October 2022 I. Allegro Moderato (0:00) II. Scherzo: Allegro (7:08) III. Adagio Sostenuto (13:28) IV. Allegro Comodo (20:06) Play Video Play Video 52:32 Five Boroughs Music Festival Argus Quartet: noise/SILENCE 5BMF, The Noguchi Museum, and Argus Quartet present noise/SILENCE Digital World Premiere April 25, 2021 Program info and downloadable PDF program available at http://5bmf.org/events/noise-silence CLARA KIM \u203a violin GIANCARLO LATTA \u203a violin MAREN ROTHFRITZ \u203a viola AUDREY CHEN \u203a cello With special guest, PAUL WIANCKO \u203a composer and cello ROLF WALLIN | Selections from Curiosity Cabinet (2009) 04:15 Momentum 05:39 \u00c1 Propos JOHN CAGE | String Quartet in Four Parts (1950) 06:37 Quietly Flowing Along 10:26 Slowly Rocking 14:40 Nearly Stationary 25:51 Quodlibet DOROTHY RUDD MOORE | Modes for String Quartet (1968) *YouTube Premiere 28:36 I. Moderato 31:33 II. Adagio 34:06 III. Allegro 36:52 PAUL WIANCKO | Vox Petra (2018) *YouTube Premiere ROLF WALLIN | Selections from Curiosity Cabinet 49:06 Barcarole 2 51:30 \u00a1Arriba! For more about Isamu Noguchi's self-internment at Poston and the full text of \u201cI Become a Nisei,\u201d see The Noguchi Museum's guide to the 2017\u201318 exhibition \"Self-Interned, 1942: Noguchi in Poston War Relocation Center\": https://www.noguchi.org/museum/exhibitions/view/self-interned-1942-noguchi-in-poston-war-relocation-center/ *** Recorded April 5 & 6, 2021 at The Noguchi Museum, Queens, NY | http://noguchi.org Filming and editing by XUAN FILMS | http://xuanfilms.com Audio engineering and editing by PETER KARL | http://peterkarlstudios.com Audio production by MAREN ROTHFRITZ and MICHAEL UNTERMAN All artwork \u00a9 The Noguchi Museum / Artists Rights Society Play Video Play Video 10:19 Audrey C Poulenc Cello Sonata - Mvmts II+III Audrey Chen, cello Jiarong Li, piano Recorded April 2021 in Elebash Hall II. Cavatine 0:00 III. Ballabile 6:48 Play Video Play Video 41:12 KyleOrthPiano Beethoven Piano Trio Op. 97 \"Archuduke\" - Shehi, Chen, Orth Beethoven Piano Trio in B-flat major, Op. 97 \"Archduke\" I. Allegro moderato II. Scherzo III. Andante cantabile ma per\u00f2 con moto IV. Allegro moderato Emily Shehi, violin Audrey Chen, cello Kyle Orth, piano Recorded live in Bennett Gordon Hall Ravinia Festival, 2019 Play Video Play Video 08:25 Audrey C Audrey Chen - Schumann Adagio and Allegro Cello: Audrey Chen Pianist: Irene Chen Recorded in Brechemin Auditorium, University of Washington Play Video Play Video 01:34:18 Ravinia Festival Piano & Strings Concert V: Ravinia Steans Music Institute, 2019 1:14 HINDEMITH Sonata (1939) Breit. Mit Kraft Sehr lebhaft Phantasie: Sehr langsam, frei Finale (with two variations): Leicht bewegt\u2014Ein wenig langsamer\u2014Sehr lebhaft Ursula Steele, viola Xiaohui Yang, piano 25:32 BRAHMS Sonata in D minor, Op. 108 Allegro Adagio Un poco presto e con sentiment Presto agitato Emily Shehi, violin Joseph Liccardo, piano - Intermission - 1:06:05 MENDELSSOHN Sonata in D Major, Op. 58 Allegro assai vivace Allegretto scherzando Adagio [attacca] Molto allegro e vivace Audrey Chen, cello Xiaohui Yang, piano CONTACT To learn more about upcoming performances or for lesson inquiries, please fill out the form on the right. Thank you! Submit Thanks for submitting!",
  "links": [],
  "images": [
    {
      "src": "https://static.wixstatic.com/media/e3fb6f_9697dc1e5f7f492e882d3e2bd697b38f~mv2.jpg/v1/fill/w_147,h_98,al_c,q_80,usm_0.66_1.00_0.01,blur_2,enc_avif,quality_auto/e3fb6f_9697dc1e5f7f492e882d3e2bd697b38f~mv2.jpg",
      "alt": "audreychenportraits-30.jpg"
    },
    {
      "src": "https://static.wixstatic.com/media/e3fb6f_ab76a8bf32e645869995f5e446676bc0~mv2.jpg/v1/fill/w_147,h_98,al_c,q_80,usm_0.66_1.00_0.01,blur_2,enc_avif,quality_auto/e3fb6f_ab76a8bf32e645869995f5e446676bc0~mv2.jpg",
      "alt": "IMG_1426-Audrey-Chen_edited.jpg"
    },
    {
      "src": "data:image/png;base64,iVBORw0KGgoAAAANSUhEUgAAABAAAAAJCAIAAAC0SDtlAAAAGklEQVQYlWP8//8/AymAiSTVoxpoooGBgQEAMWADDx3noXgAAAAASUVORK5CYII=",
      "alt": ""
    },
    {
      "src": "https://i.ytimg.com/vi/DlcSF3KhPxM/mqdefault.jpg 1x, https://i.ytimg.com/vi/DlcSF3KhPxM/maxresdefault.jpg 2x",
      "alt": "Carl Fr\u00fchling: Trio for Clarinet, Cello, and Piano in A minor, Op. 40 \u2022 Olympic Music Festival"
    },
    {
      "src": "https://i.ytimg.com/vi/VDSC4Sau23M/mqdefault.jpg 1x, https://i.ytimg.com/vi/VDSC4Sau23M/maxresdefault.jpg 2x",
      "alt": "Dora Pejacevic Sonata in E Minor for Cello and Piano (1913)"
    },
    {
      "src": "https://i.ytimg.com/vi/Vh3WIOTWXtE/mqdefault.jpg 1x, https://i.ytimg.com/vi/Vh3WIOTWXtE/maxresdefault.jpg 2x",
      "alt": "Argus Quartet: noise/SILENCE"
    },
    {
      "src": "https://i.ytimg.com/vi/IOLUOtKVrfo/mqdefault.jpg 1x, https://i.ytimg.com/vi/IOLUOtKVrfo/maxresdefault.jpg 2x",
      "alt": "Poulenc Cello Sonata - Mvmts II+III"
    },
    {
      "src": "https://i.ytimg.com/vi/9zY1ehOatqA/mqdefault.jpg 1x, https://i.ytimg.com/vi/9zY1ehOatqA/maxresdefault.jpg 2x",
      "alt": "Beethoven Piano Trio Op. 97 \"Archuduke\" - Shehi, Chen, Orth"
    },
    {
      "src": "https://i.ytimg.com/vi/0T7oywf3T1s/mqdefault.jpg 1x, https://i.ytimg.com/vi/0T7oywf3T1s/maxresdefault.jpg 2x",
      "alt": "Audrey Chen - Schumann Adagio and Allegro"
    },
    {
      "src": "https://i.ytimg.com/vi/O_LbfIHghR0/mqdefault.jpg 1x, https://i.ytimg.com/vi/O_LbfIHghR0/maxresdefault.jpg 2x",
      "alt": "Piano & Strings Concert V: Ravinia Steans Music Institute, 2019"
    }
  ]
}