{
  "title": "Biography | Audrey Chen, cello",
  "meta_description": "",
  "main_content": "BIOGRAPHY Washington native and cellist Audrey Chen is forging a dynamic solo and chamber music career with a commitment to inspire audiences and future generations of musicians through performance and education. She has been featured at chamber music festivals across the United States, including at Yellowbarn, Olympic Music Festival, Music@Menlo, Ravinia Steans Music Institute, Perlman Music Program, Tanglewood Music Center, Four Seasons Chamber Music, Taos School of Music, and Sarasota Music Festival. As a soloist, she has concertized with the Seattle Symphony and the Harvard-Radcliffe Orchestra and appeared on NPR\u2019s From the Top Radio Show. Audrey is highly sought after as a guest artist and has collaborated with groups including Jupiter Chamber Players, Cantori NYC, the Parker Quartet, Borromeo Quartet, and Argus Quartet. She performs actively as cellist of the Osaka and Melbourne Competition prize-winning Terra String Quartet. Beyond her performing career, Audrey is committed to educating and promoting music through an interdisciplinary lens. She is currently on faculty at CUNY Hunter College, where she has taught A Thousand Years of Listening, an introduction course to music history, and currently coaches chamber music. As a Doctoral candidate in Musical Arts at the CUNY Graduate Center, she is exploring the social structures underlying classical music and the question of how individuals will inherit and define the tradition in years to come. On account of her studies, Audrey was named a 2022 recipient of the prestigious Paul and Daisy Soros Fellowship for New Americans and a 2021 recipient of the Baisley Powell Elebash Performance Grant Award. A graduate of the Harvard/NEC dual degree program, Audrey received her B.A. from Harvard University in Molecular and Cellular Biology and her M.M. in cello performance from the New England Conservatory. Her main teachers include Laurence Lesser, Lluis Claret, and Marcy Rosen. In her spare time, she enjoys making greeting cards, watching films, and puzzling. \u200b Updated Feb 2024",
  "links": [],
  "images": [
    {
      "src": "https://static.wixstatic.com/media/e3fb6f_27e868bc6a9043e3a612b182e59f62b3~mv2.jpg/v1/fill/w_161,h_240,al_c,q_80,usm_0.66_1.00_0.01,enc_avif,quality_auto/audreychenportraits-2.jpg",
      "alt": "audreychenportraits-2.jpg"
    }
  ]
}