{
  "title": "EDIT AI | Aryaman Khanna",
  "meta_description": "Summer Intern 2022",
  "main_content": "Previous High School Summer Meet Aryaman Khanna Summer Intern 2022 School: Thomas Jefferson High School for Science and Technology EDIT ML Program Track: Advanced Research About Me: Hi! I\u2019m Aryaman Khanna and I\u2019m a sophomore at Thomas Jefferson High School for Science and Technology. I am passionate about Machine Learning and Computer Vision and their endless real-world applications. Outside of school, I enjoy playing basketball with my friends, rowing on my school\u2019s Crew team, working on personal projects related to ML/CV, and watching the NFL and NBA. I am looking forward to gaining valuable research experience this summer! Project/Research Interests: I am open to a variety of projects, but my main interests focus on Computer Vision (including image analysis and segmentation), Semi-supervised Deep Learning, and Natural Language Processing.",
  "links": [],
  "images": [
    {
      "src": "https://Ben-M-7.github.io/editai_internship/assets/img/Aryaman_Khanna.jpg",
      "alt": "profile image"
    }
  ]
}