[
  {
    "fullName": "Zhizhuo Z.",
    "linkedin_internal_id": "532359399",
    "first_name": "Zhizhuo",
    "last_name": "Z.",
    "public_identifier": "zhizhuo",
    "background_cover_image_url": "https://static.licdn.com/aero-v1/sc/h/5q92mjc5c51bjlwaj3rs9aa82",
    "profile_photo": "https://media.licdn.com/dms/image/v2/D5603AQF8DAZ1Qchfdw/profile-displayphoto-shrink_200_200/profile-displayphoto-shrink_200_200/0/1714108407121?e=2147483647&v=beta&t=Kc0rOuzuerIPfS6sliUj2aoN4QrzI4C3aAT_x9aDFP0",
    "headline": "",
    "location": "520 followers\n          \n              500+ connections",
    "about": "I am building on the intersection of Generative AI and 3D experiences.",
    "experience": [],
    "education": [],
    "articles": [],
    "description": {
      "description1": "IBM",
      "description1_link": "https://www.linkedin.com/company/ibm?trk=public_profile_topcard-current-company",
      "description2": "Stanford University",
      "description2_link": "https://www.linkedin.com/school/stanford-university/?trk=public_profile_topcard-school",
      "description3": "Personal Website",
      "description3_link": "https://www.linkedin.com/redir/redirect?url=https%3A%2F%2Fwww%2Ezhiz%2Edev%2F&urlhash=mQvW&trk=public_profile_topcard-website"
    },
    "activities": [],
    "volunteering": [
      {
        "company_position": "Lead TA",
        "company_name": "AI4ALL @ CMU",
        "company_duration": "",
        "starts_at": "Jun 2022",
        "ends_at": "Jul 2022"
      }
    ],
    "certification": [],
    "people_also_viewed": [
      {
        "link": "https://cn.linkedin.com/in/xiaosx?trk=public_profile_browsemap-profile",
        "name": "Xiao Song",
        "summary": "Senior Architect @ NVIDIA | HPC, C++, CUDA | Berkeley | UMich",
        "location": "Beijing, China"
      },
      {
        "link": "https://www.linkedin.com/in/medhasagar?trk=public_profile_browsemap-profile",
        "name": "Medha Sagar",
        "summary": "",
        "location": "Greater Seattle Area"
      },
      {
        "link": "https://www.linkedin.com/in/xiangyi-chen-a91017119?trk=public_profile_browsemap-profile",
        "name": "Xiangyi Chen",
        "summary": "",
        "location": "Mountain View, CA"
      },
      {
        "link": "https://www.linkedin.com/in/kishordattagupta?trk=public_profile_browsemap-profile",
        "name": "kishor datta gupta",
        "summary": "",
        "location": "United States"
      },
      {
        "link": "https://www.linkedin.com/in/hao-l-578020b6?trk=public_profile_browsemap-profile",
        "name": "Hao L.",
        "summary": "ML PhD",
        "location": "United States"
      },
      {
        "link": "https://www.linkedin.com/in/vishal-lal?trk=public_profile_browsemap-profile",
        "name": "Vishal Lal",
        "summary": "",
        "location": "Los Angeles, CA"
      },
      {
        "link": "https://www.linkedin.com/in/xikun?trk=public_profile_browsemap-profile",
        "name": "Xikun Zhang",
        "summary": "",
        "location": "United States"
      },
      {
        "link": "https://www.linkedin.com/in/dhvani-kansara?trk=public_profile_browsemap-profile",
        "name": "Dhvani Kansara",
        "summary": "",
        "location": "San Francisco Bay Area"
      },
      {
        "link": "https://www.linkedin.com/in/alimottaghi?trk=public_profile_browsemap-profile",
        "name": "Ali Mottaghi",
        "summary": "AI in Healthcare | PhD at Stanford",
        "location": "Stanford, CA"
      },
      {
        "link": "https://www.linkedin.com/in/hanhanzhou?trk=public_profile_browsemap-profile",
        "name": "Hanhan Zhou",
        "summary": "",
        "location": "Santa Clara, CA"
      },
      {
        "link": "https://www.linkedin.com/in/shivanibhoite?trk=public_profile_browsemap-profile",
        "name": "Shivani Bhoite",
        "summary": "",
        "location": "Seattle, WA"
      },
      {
        "link": "https://www.linkedin.com/in/setushah19?trk=public_profile_browsemap-profile",
        "name": "Setu Shah",
        "summary": "",
        "location": "Seattle, WA"
      },
      {
        "link": "https://www.linkedin.com/in/chinmayee-thakare?trk=public_profile_browsemap-profile",
        "name": "Chinmayee Thakare",
        "summary": "",
        "location": "Sunnyvale, CA"
      },
      {
        "link": "https://www.linkedin.com/in/umarkhalidai?trk=public_profile_browsemap-profile",
        "name": "Umar Khalid, PhD",
        "summary": "",
        "location": "Palo Alto, CA"
      },
      {
        "link": "https://www.linkedin.com/in/tanayakavathekar?trk=public_profile_browsemap-profile",
        "name": "Tanaya Kavathekar",
        "summary": "",
        "location": "Seattle, WA"
      },
      {
        "link": "https://www.linkedin.com/in/mmervecerit?trk=public_profile_browsemap-profile",
        "name": "Merve Cerit",
        "summary": "",
        "location": "Stanford, CA"
      },
      {
        "link": "https://www.linkedin.com/in/roshanr11?trk=public_profile_browsemap-profile",
        "name": "Roshan Ram",
        "summary": "",
        "location": "San Francisco, CA"
      },
      {
        "link": "https://www.linkedin.com/in/mudireddy-avinash-reddy-367121a2?trk=public_profile_browsemap-profile",
        "name": "Mudireddy Avinash Reddy",
        "summary": "",
        "location": "Iowa City, IA"
      },
      {
        "link": "https://www.linkedin.com/in/gabriele-boncoraglio?trk=public_profile_browsemap-profile",
        "name": "Gabriele Boncoraglio, PhD",
        "summary": "",
        "location": "Redwood City, CA"
      },
      {
        "link": "https://www.linkedin.com/in/avanti-bhandarkar?trk=public_profile_browsemap-profile",
        "name": "Avanti Bhandarkar",
        "summary": "PhD student@UF | Generative AI | Computational Linguistics | Behavioral Analytics",
        "location": "Gainesville, FL"
      }
    ],
    "similar_profiles": [],
    "recommendations": [],
    "publications": [],
    "courses": [],
    "languages": [],
    "organizations": [],
    "projects": [],
    "awards": [],
    "score": []
  }
]