[
  {
    "fullName": "Luke Tchang",
    "linkedin_internal_id": "507805019",
    "first_name": "Luke",
    "last_name": "Tchang",
    "public_identifier": "luke-tchang",
    "background_cover_image_url": "https://static.licdn.com/aero-v1/sc/h/5q92mjc5c51bjlwaj3rs9aa82",
    "profile_photo": "https://media.licdn.com/dms/image/v2/D5603AQHXXeSA4vmEEQ/profile-displayphoto-shrink_200_200/profile-displayphoto-shrink_200_200/0/1689993405705?e=2147483647&v=beta&t=zwwydkgDzd5GTNASGubjM1Nh51gEmu1VsfSCgQyJwLk",
    "headline": "",
    "location": "1K followers\n          \n              500+ connections",
    "about": "https://github.com/luketchang",
    "experience": [],
    "education": [],
    "articles": [],
    "description": {
      "description1": "Nocturne Labs",
      "description1_link": "https://www.linkedin.com/company/nocturne-labs?trk=public_profile_topcard-current-company",
      "description2": "Stanford University",
      "description2_link": "https://www.linkedin.com/school/stanford-university/?trk=public_profile_topcard-school",
      "description3": "GitHub",
      "description3_link": "https://www.linkedin.com/redir/redirect?url=https%3A%2F%2Fgithub%2Ecom%2Fltchang2019&urlhash=jyKi&trk=public_profile_topcard-website"
    },
    "activities": [
      {
        "link": "https://www.linkedin.com/posts/romainhuet_introduction-to-operator-agents-activity-7288347104031215616-xDCV",
        "image": "https://media.licdn.com/dms/image/sync/v2/D4E27AQG29iFMWetUug/articleshare-shrink_800/articleshare-shrink_800/0/1737657011304?e=2147483647&v=beta&t=W6k2d-QLpJXn9pt0Ym9eMjMWxicWTMm3uk4cxbizy-M",
        "title": "2025 is the year of agents! Check out this demo of Operator\u2014an OpenAI agent that uses its own browser to handle tasks for you, currently in research\u2026",
        "activity": "Liked by Luke Tchang"
      },
      {
        "link": "https://www.linkedin.com/posts/thejessezhang_talk-to-customers-is-classic-startup-advice-activity-7271904560862883841-AFJV",
        "image": "https://static.licdn.com/aero-v1/sc/h/53n89ecoxpr1qrki1do3alazb",
        "title": "\"Talk to customers\" is classic startup advice. But not enough folks teach you how to talk to users in a way that gets you actual insights.\n\nSince\u2026",
        "activity": "Liked by Luke Tchang"
      },
      {
        "link": "https://www.linkedin.com/posts/thejessezhang_the-last-year-has-been-wild-as-ashwin-and-activity-7267203799981670400-FaOo",
        "image": "https://static.licdn.com/aero-v1/sc/h/53n89ecoxpr1qrki1do3alazb",
        "title": "The last year has been wild as Ashwin and I have continued to build Decagon. We've raised $100M since founding the company to build AI customer\u2026",
        "activity": "Liked by Luke Tchang"
      },
      {
        "link": "https://www.linkedin.com/posts/human-brain_tldr-ive-joined-the-founding-team-at-nudge-activity-7264693673932525570-HbVY",
        "image": "https://media.licdn.com/dms/image/v2/D5622AQEbn3cese9QoQ/feedshare-shrink_2048_1536/feedshare-shrink_2048_1536/0/1732037860611?e=2147483647&v=beta&t=VDB8hvDj1SV3QQwWKUWIHzGjhDJFuQre61H9n7eXKSY",
        "title": "TL;DR I\u2019ve joined the founding team at Nudge as Cofounder, President & CTO.\n\nHi all,\n\nI don\u2019t typically post on LinkedIn \u2014 in fact, this would be the\u2026",
        "activity": "Liked by Luke Tchang"
      },
      {
        "link": "https://www.linkedin.com/posts/mlmanapat_a-quick-personal-update-after-35-amazing-activity-7265484741145952256-o2lS",
        "image": "https://static.licdn.com/aero-v1/sc/h/53n89ecoxpr1qrki1do3alazb",
        "title": "A quick personal update: after 3.5 amazing years at\u00a0Notion and some time off, I've started a company that's at the intersection of everything I\u2026",
        "activity": "Liked by Luke Tchang"
      },
      {
        "link": "https://www.linkedin.com/posts/albert-mao_last-year-we-got-into-yc-and-raised-3m-activity-7265001442283851776-MH_7",
        "image": "https://static.licdn.com/aero-v1/sc/h/53n89ecoxpr1qrki1do3alazb",
        "title": "Last year, we got into YC and raised $3m. But when we launched VectorShift, we only got 3 signups.\n\nNo one cared.\n\nPeople often think that raising\u2026",
        "activity": "Liked by Luke Tchang"
      },
      {
        "link": "https://www.linkedin.com/posts/apartovi_neo-backed-startups-hit-1-on-the-app-store-activity-7262602398592843776-Dhka",
        "image": "https://media.licdn.com/dms/image/v2/D5622AQGoR4BtxTgzcw/feedshare-shrink_2048_1536/feedshare-shrink_2048_1536/0/1731539250850?e=2147483647&v=beta&t=eHqMs1CH8ULVhq7p4MAU-qGOKJHGToesy6jJ8x3_6_k",
        "title": "Neo-backed startups hit #1 on the App Store both last week and this week.\n\u2764\ufe0f Bluesky Social & Kalshi",
        "activity": "Liked by Luke Tchang"
      },
      {
        "link": "https://www.linkedin.com/posts/thejessezhang_blackfriday-activity-7262145909625364481-c3mQ",
        "image": "https://media.licdn.com/dms/image/v2/D5622AQGEZ0BEm751nQ/feedshare-shrink_2048_1536/feedshare-shrink_2048_1536/0/1731430508399?e=2147483647&v=beta&t=Nrm4gWN7p7eWGe37JJBSeZEjlcUfHfENCbq6h_6qcFA",
        "title": "Drowning in support tickets during peak periods is, in fact, NOT fine.\n\nHow do you manage high-volume customer activity spikes without needing to\u2026",
        "activity": "Liked by Luke Tchang"
      },
      {
        "link": "https://www.linkedin.com/posts/thejessezhang_completely-unplanned-set-of-almost-matching-activity-7260403664689758208-MCV3",
        "image": "https://media.licdn.com/dms/image/v2/D5622AQHT_pqQyb1Zxg/feedshare-shrink_2048_1536/feedshare-shrink_2048_1536/0/1731015124909?e=2147483647&v=beta&t=WVsb6ZqQesREV20DArNRvinzUuvbTbkkGUzoOwG07Ho",
        "title": "Completely unplanned set of (almost) matching Decagon sweaters at the office yesterday!\n\nThis last month has been crazy, and the team is growing\u2026",
        "activity": "Liked by Luke Tchang"
      },
      {
        "link": "https://www.linkedin.com/posts/evantana_a-few-weeks-ago-while-meeting-with-a-team-activity-7260333094014976000-l7e_",
        "image": "https://static.licdn.com/aero-v1/sc/h/53n89ecoxpr1qrki1do3alazb",
        "title": "A few weeks ago, while meeting with a team, I shared the concept of an \"Axis of Curiosity\" as a framework for how to think about early-stage\u2026",
        "activity": "Liked by Luke Tchang"
      },
      {
        "link": "https://www.linkedin.com/posts/iakhund_when-i-founded-my-first-startup-in-2006-activity-7259971212687118337--wGm",
        "image": "https://static.licdn.com/aero-v1/sc/h/53n89ecoxpr1qrki1do3alazb",
        "title": "When I founded my first startup in 2006, there wasn't much common wisdom. Everyone was more or less just winging it. Few people were sharing\u2014at least\u2026",
        "activity": "Liked by Luke Tchang"
      },
      {
        "link": "https://www.linkedin.com/posts/thejessezhang_a-theme-were-noticing-more-and-more-with-activity-7259618289415278593-SbMR",
        "image": "https://media.licdn.com/dms/image/v2/D5622AQHxLd-T729Pcw/feedshare-shrink_2048_1536/feedshare-shrink_2048_1536/0/1730827876727?e=2147483647&v=beta&t=O_7PU62f8GKXTu9RjQXft0orlje6Eg8MleR7Shm96VQ",
        "title": "A theme we're noticing more and more with AI agents, especially in the customer service space, is the balance between speed and accuracy. \n\nWhen an\u2026",
        "activity": "Liked by Luke Tchang"
      },
      {
        "link": "https://www.linkedin.com/posts/martykausas_a-fitting-topic-for-halloween-pivot-hell-activity-7257775849477681152-sUZX",
        "image": "https://media.licdn.com/dms/image/v2/D5610AQF4a1-a4hUa3g/image-shrink_800/image-shrink_800/0/1730388603870?e=2147483647&v=beta&t=PjuU1QMMbVT4VFS5cQN36CuKahwyIpOQ7Vvca1riSg4",
        "title": "A fitting topic for halloween: \ud83d\udd25 PIVOT HELL \ud83d\udd25\n\nWe went through YEARS of pivot hell before Pylon.\n\nIt's that phase of company building where you\u2026",
        "activity": "Liked by Luke Tchang"
      },
      {
        "link": "https://www.linkedin.com/posts/kevinzhang711_she-doesnt-believe-in-self-promotion-so-activity-7257788132631150592-jZEB",
        "image": "https://media.licdn.com/dms/image/v2/D5622AQHCCF5bl0guiQ/feedshare-shrink_800/feedshare-shrink_800/0/1730391533194?e=2147483647&v=beta&t=7m2FGYe5wJEsLXD9fP-6uXPHxxu5IdL7Jx7H9tjJIBA",
        "title": "She doesn\u2019t believe in self-promotion, so I\u2019ll do it for her. \ud83d\ude42 \ud835\udc07\ud835\udc2e\ud835\udc20\ud835\udc1e \ud835\udc1c\ud835\udc28\ud835\udc27\ud835\udc20\ud835\udc2b\ud835\udc1a\ud835\udc2d\ud835\udc2e\ud835\udc25\ud835\udc1a\ud835\udc2d\ud835\udc22\ud835\udc28\ud835\udc27\ud835\udc2c \ud835\udc2d\ud835\udc28 Alysaa Co \ud835\udc28\ud835\udc27 \ud835\udc21\ud835\udc1e\ud835\udc2b\u2026",
        "activity": "Liked by Luke Tchang"
      },
      {
        "link": "https://www.linkedin.com/posts/anam-h-5b37a2125_book-a-meeting-to-have-the-confidence-to-activity-7255257549363372033-J0YZ",
        "image": "https://static.licdn.com/aero-v1/sc/h/53n89ecoxpr1qrki1do3alazb",
        "title": "Book a meeting, to have the confidence to push to prod on Fridays",
        "activity": "Liked by Luke Tchang"
      }
    ],
    "volunteering": [],
    "certification": [],
    "people_also_viewed": [
      {
        "link": "https://www.linkedin.com/in/zeyupan1995?trk=public_profile_browsemap-profile",
        "name": "Jackson Pan",
        "summary": "",
        "location": "Redmond, WA"
      },
      {
        "link": "https://www.linkedin.com/in/zhiwei-c-018298127?trk=public_profile_browsemap-profile",
        "name": "Zhiwei C.",
        "summary": "Software Engineer at Facebook",
        "location": "United States"
      },
      {
        "link": "https://www.linkedin.com/in/bhargav-krishna-yb?trk=public_profile_browsemap-profile",
        "name": "Bhargav Krishna yb",
        "summary": "",
        "location": "Palo Alto, CA"
      },
      {
        "link": "https://www.linkedin.com/in/shilpa-gupta-0519a919?trk=public_profile_browsemap-profile",
        "name": "Shilpa Gupta",
        "summary": "",
        "location": "San Francisco Bay Area"
      },
      {
        "link": "https://www.linkedin.com/in/yingxin-kang-872b59117?trk=public_profile_browsemap-profile",
        "name": "Yingxin Kang",
        "summary": "",
        "location": "Berkeley, CA"
      },
      {
        "link": "https://www.linkedin.com/in/karangoel16?trk=public_profile_browsemap-profile",
        "name": "Karan Goel",
        "summary": "",
        "location": "New York City Metropolitan Area"
      },
      {
        "link": "https://www.linkedin.com/in/ziyao-liu-0b995ba3?trk=public_profile_browsemap-profile",
        "name": "Ziyao Liu",
        "summary": "Software Engineer",
        "location": "San Francisco Bay Area"
      },
      {
        "link": "https://www.linkedin.com/in/yu-wangchanchopee?trk=public_profile_browsemap-profile",
        "name": "Yu Wang",
        "summary": "",
        "location": "Seattle, WA"
      },
      {
        "link": "https://www.linkedin.com/in/maitri-parikh?trk=public_profile_browsemap-profile",
        "name": "Maitri Parikh",
        "summary": "",
        "location": "Seattle, WA"
      },
      {
        "link": "https://www.linkedin.com/in/hiral-nagda?trk=public_profile_browsemap-profile",
        "name": "Hiral Nagda",
        "summary": "",
        "location": "Sunnyvale, CA"
      },
      {
        "link": "https://www.linkedin.com/in/atanu1991?trk=public_profile_browsemap-profile",
        "name": "Atanu Ghosh",
        "summary": "",
        "location": "Fremont, CA"
      },
      {
        "link": "https://www.linkedin.com/in/harsh-ranjan-8a30056b?trk=public_profile_browsemap-profile",
        "name": "Harsh Ranjan",
        "summary": "",
        "location": "Bellevue, WA"
      },
      {
        "link": "https://www.linkedin.com/in/tong-liu-080007127?trk=public_profile_browsemap-profile",
        "name": "Tong Liu",
        "summary": "",
        "location": "Pittsburgh, PA"
      },
      {
        "link": "https://www.linkedin.com/in/rui-ray-p-a121946a?trk=public_profile_browsemap-profile",
        "name": "Rui (Ray) P.",
        "summary": "",
        "location": "Redmond, WA"
      },
      {
        "link": "https://www.linkedin.com/in/maria-isabelle-dittamo-4b6175192?trk=public_profile_browsemap-profile",
        "name": "Maria-Isabelle Dittamo",
        "summary": "",
        "location": "San Francisco, CA"
      },
      {
        "link": "https://www.linkedin.com/in/wenjia-liu-04185b125?trk=public_profile_browsemap-profile",
        "name": "Wenjia Liu",
        "summary": "",
        "location": "San Francisco Bay Area"
      },
      {
        "link": "https://www.linkedin.com/in/esha-punjabi?trk=public_profile_browsemap-profile",
        "name": "Esha Punjabi",
        "summary": "",
        "location": "United States"
      },
      {
        "link": "https://www.linkedin.com/in/jayatiaggrwal?trk=public_profile_browsemap-profile",
        "name": "Jayati Aggarwal",
        "summary": "",
        "location": "Sunnyvale, CA"
      },
      {
        "link": "https://www.linkedin.com/in/chi-frank-zhang-757292120?trk=public_profile_browsemap-profile",
        "name": "Chi(Frank) Zhang",
        "summary": "",
        "location": "Bothell, WA"
      },
      {
        "link": "https://www.linkedin.com/in/rileypaik?trk=public_profile_browsemap-profile",
        "name": "Riley Paik",
        "summary": "",
        "location": "Greater Seattle Area"
      }
    ],
    "similar_profiles": [],
    "recommendations": [],
    "publications": [],
    "courses": [],
    "languages": [],
    "organizations": [],
    "projects": [],
    "awards": [
      {
        "name": "Neo Scholar",
        "organization": "-",
        "duration": "",
        "summary": ""
      }
    ],
    "score": []
  }
]