[
  {
    "fullName": "William Gao",
    "linkedin_internal_id": "184052671",
    "first_name": "William",
    "last_name": "Gao",
    "public_identifier": "chunjin-william-gao",
    "background_cover_image_url": "https://media.licdn.com/dms/image/v2/C5616AQGX0nH3BIAZpw/profile-displaybackgroundimage-shrink_200_800/profile-displaybackgroundimage-shrink_200_800/0/1529882560974?e=2147483647&v=beta&t=LjemDQm1SPdZXNr6pLouYzo4dHWK3oyEml52SjqbDO8",
    "profile_photo": "https://static.licdn.com/aero-v1/sc/h/9c8pery4andzj6ohjkjp54ma2",
    "headline": "",
    "location": "1K followers\n          \n              500+ connections",
    "followers": "Issued Mar 2023",
    "connections": "Issued Mar 2023",
    "about": "I am a goal-driven and task-oriented Data Analyst with skills in SQL, Python, Tableau\u2026",
    "experience": [],
    "education": [],
    "articles": [],
    "description": {
      "description1": "TikTok",
      "description1_link": "https://www.linkedin.com/company/tiktok?trk=public_profile_topcard-current-company",
      "description2": "University of California, Davis",
      "description2_link": "https://www.linkedin.com/school/uc-davis/?trk=public_profile_topcard-school",
      "description3": "Portfolio",
      "description3_link": "https://www.linkedin.com/redir/redirect?url=https%3A%2F%2Fgithub%2Ecom%2FBarneybean&urlhash=LEdj&trk=public_profile_topcard-website"
    },
    "activities": [
      {
        "link": "https://www.linkedin.com/posts/gnavvy_hiring-engineeringmanagers-machinelearning-activity-7277020161226764288-gZss",
        "image": "https://static.licdn.com/aero-v1/sc/h/53n89ecoxpr1qrki1do3alazb",
        "title": "\ud83c\udf1f Exciting Engineering Leadership Opportunities at Instagram Business \ud83d\ude80\n\nHappy Holidays all!\n\nWe\u2019re hiring Engineering Managers at the intersection\u2026",
        "activity": "Liked by William Gao"
      },
      {
        "link": "https://www.linkedin.com/posts/audreyutchen_newjob-lastday-asana-activity-7252004106121183234-K4Az",
        "image": "https://media.licdn.com/dms/image/v2/D5622AQEH_pQS6F6aKA/feedshare-shrink_800/feedshare-shrink_800/0/1729010790047?e=2147483647&v=beta&t=jfAYt_vzsIF7i45kR6xG2PFG3ey792cGbSGdFRaj4bc",
        "title": "Well \u2014 after 3.5 years, last week I hung up the ol\u2019 Asana hat!  It\u2019s such a special place with even more special people, and I\u2019m so grateful for the\u2026",
        "activity": "Liked by William Gao"
      },
      {
        "link": "https://www.linkedin.com/posts/sethdallaire_walmart-names-chief-growth-officer-to-drive-activity-7251610223684014081-TYST",
        "image": "https://media.licdn.com/dms/image/v2/D5610AQFSKWUxyATGSw/image-shrink_1280/image-shrink_1280/0/1728918605460?e=2147483647&v=beta&t=aukPWc5I_i3Ij2LZn-TBFnTo9L6R7xu_zv-jVbxfInE",
        "title": "I\u2019m incredibly honored to take on the new role of Chief Growth Officer for Walmart U.S. as we continue to accelerate our transformation into a fully\u2026",
        "activity": "Liked by William Gao"
      },
      {
        "link": "https://www.linkedin.com/posts/abjaine_instacart-lifesatisfaction-traveltheworld-activity-7242353179328180225-RsV1",
        "image": "https://media.licdn.com/dms/image/v2/D5622AQFa3JkDd-zDIQ/feedshare-shrink_2048_1536/feedshare-shrink_2048_1536/0/1726711553575?e=2147483647&v=beta&t=j2CjdxezHCmrF5cXmhlVkodjPatQlRvqKudhfm7QnE0",
        "title": "Just returned from a fulfilling month-long family vacation filled with travel adventures and quality family time together. We explored 7 European\u2026",
        "activity": "Liked by William Gao"
      },
      {
        "link": "https://www.linkedin.com/posts/nikitabali_instacart-and-the-trade-desk-partner-to-enhance-activity-7201385035545915392-YvE3",
        "image": "https://media.licdn.com/dms/image/sync/v2/D4E27AQGHDdwd2HbS6A/articleshare-shrink_800/articleshare-shrink_800/0/1738372004380?e=2147483647&v=beta&t=wb2dzhv0IM02lXEe442gHZknbjBStxv_7KqbNuH4evs",
        "title": "Last week marked my five-year anniversary at Instacart, and the excitement remains as fresh as it was on day one. This year, I've had the great\u2026",
        "activity": "Liked by William Gao"
      },
      {
        "link": "https://www.linkedin.com/posts/sydney-bickel_so-exciting-to-see-the-caper-cart-in-action-activity-7175913070794346496-C68N",
        "image": "https://static.licdn.com/aero-v1/sc/h/53n89ecoxpr1qrki1do3alazb",
        "title": "So exciting to see the Caper Cart in action!!",
        "activity": "Liked by William Gao"
      },
      {
        "link": "https://www.linkedin.com/posts/instacart_instacart-earns-media-rating-council-accreditation-activity-7175843844813393920-VpER",
        "image": "https://media.licdn.com/dms/image/v2/D4E05AQGf1PO6N8bhDg/videocover-high/videocover-high/0/1710854475969?e=2147483647&v=beta&t=i51PwbPvxLt7X9rlb8r_MBJOR1_SyJdzWhYQrI2bREk",
        "title": "We just announced that Instacart received its first accreditation from the Media Rating Council (MRC). This is a significant milestone as we continue\u2026",
        "activity": "Liked by William Gao"
      },
      {
        "link": "https://www.linkedin.com/posts/noahgift_global-devslam-2024-day-1-noah-gift-activity-7157038707215093760-L8b5",
        "image": "https://media.licdn.com/dms/image/sync/v2/D4E27AQF2vb2iJqoo2g/articleshare-shrink_800/articleshare-shrink_800/0/1711217639437?e=2147483647&v=beta&t=z01ELmc3mMNdoHS4yTM-1h7dzYRgUYpGhi0c8gmACuQ",
        "title": "Here is a recent talk I did in #pycon in #dubai.  One of the items I mention is \"No, stealing data for training without consent isn't ok\".\u2026",
        "activity": "Liked by William Gao"
      },
      {
        "link": "https://www.linkedin.com/posts/noahgift_maui-brazilian-jiujitsu-activity-7137852969886101505-6_jA",
        "image": "https://media.licdn.com/dms/image/v2/D4D22AQHYDdvphGA0mQ/feedshare-shrink_800/feedshare-shrink_800/0/1701796761583?e=2147483647&v=beta&t=4upLpySwIMq51xLqM2WH6I7sM5ceVKP5BdPt5M9Dcss",
        "title": "About 2016 after I left a startup I ran, I spent two month in #maui. While running up and down the Haleakal\u0101\u00a0and training #brazilian #jiujitsu I came\u2026",
        "activity": "Liked by William Gao"
      }
    ],
    "volunteering": [],
    "certification": [
      {
        "company_image": "https://media.licdn.com/dms/image/v2/C4E0BAQHnbnsnJlBiZg/company-logo_100_100/company-logo_100_100/0/1630601168515/university_of_pennsylvania_logo?e=2147483647&v=beta&t=9w3KaY6SppyKUjpXvRoCa4XIKJ0BftUsL17xWOsJx7s",
        "certification": "Introduction to Java and Object-Oriented Programming",
        "company_url": "https://www.linkedin.com/school/university-of-pennsylvania/?trk=public_profile_profile-section-card_image-click",
        "company_name": "University of Pennsylvania",
        "issue_date": "Issued Mar 2023",
        "credential_id": "Credential ID A64BMFGFY925",
        "credential_url": "https://www.coursera.org/account/accomplishments/certificate/A64BMFGFY925?trk=public_profile_see-credential"
      },
      {
        "company_image": "https://media.licdn.com/dms/image/v2/C560BAQHDGjY1IZJuog/company-logo_100_100/company-logo_100_100/0/1631309406468?e=2147483647&v=beta&t=xqmIquQcVwaLLhUPNVHno3nJ2AtyKRyOOpo5SBo39ao",
        "certification": "Computer Organization and Assembly Language Programming",
        "company_url": "https://www.linkedin.com/school/arizona-state-university/?trk=public_profile_profile-section-card_image-click",
        "company_name": "Arizona State University",
        "issue_date": "Issued Jan 2023",
        "credential_id": "See credential",
        "credential_url": "https://courses.cpe.asu.edu/certificates/computer-organization-and-assembly-language-programming-20552.pdf?trk=public_profile_see-credential"
      },
      {
        "company_image": "https://media.licdn.com/dms/image/v2/C560BAQHDGjY1IZJuog/company-logo_100_100/company-logo_100_100/0/1631309406468?e=2147483647&v=beta&t=xqmIquQcVwaLLhUPNVHno3nJ2AtyKRyOOpo5SBo39ao",
        "certification": "Data Structures and Algorithms",
        "company_url": "https://www.linkedin.com/school/arizona-state-university/?trk=public_profile_profile-section-card_image-click",
        "company_name": "Arizona State University",
        "issue_date": "Issued Jan 2023",
        "credential_id": "See credential",
        "credential_url": "https://courses.cpe.asu.edu/certificates/data-structures-and-algorithms-20555.pdf?trk=public_profile_see-credential"
      },
      {
        "company_image": "https://media.licdn.com/dms/image/v2/C560BAQGbNutqXFCq8g/company-logo_100_100/company-logo_100_100/0/1630636446931/tableau_software_logo?e=2147483647&v=beta&t=q5TBYI_d6k7C5c7uCTTO_HMLlix65zes9dPljHS4V_A",
        "certification": "Tableau Desktop Specialist",
        "company_url": "https://www.linkedin.com/company/tableau-software?trk=public_profile_profile-section-card_image-click",
        "company_name": "Tableau Software",
        "issue_date": "Issued Jun 2019",
        "credential_id": "See credential",
        "credential_url": "https://www.youracclaim.com/badges/27426b78-7cdf-445f-a342-5f0b235d5d91/linked_in_profile?trk=public_profile_see-credential"
      },
      {
        "company_image": "https://media.licdn.com/dms/image/v2/C4D0BAQHoE9F6A76mOQ/company-logo_100_100/company-logo_100_100/0/1630577190840/datacampinc_logo?e=2147483647&v=beta&t=lZ2lkgcSB1p0J20aPDjDR9HkADK9XEjQNjbvB3D5fbs",
        "certification": "Pandas Foundations",
        "company_url": "https://www.linkedin.com/school/datacampinc/?trk=public_profile_profile-section-card_image-click",
        "company_name": "DataCamp",
        "issue_date": "Issued Feb 2019",
        "credential_id": "Credential ID 8,247,764",
        "credential_url": "https://www.datacamp.com/statement-of-accomplishment/course/a03f7435b03189cec0fd80e053970f38a78e4d99?trk=public_profile_see-credential"
      },
      {
        "company_image": "https://media.licdn.com/dms/image/v2/D4E0BAQE0fp2sCqnVLg/company-logo_100_100/company-logo_100_100/0/1738855736997/amazon_web_services_logo?e=2147483647&v=beta&t=OZG6TFGHaiu0-IazkwLYMxAfZ4u_LGMAYSSlnyQp8bY",
        "certification": "AWS Certified Cloud Practitioner",
        "company_url": "https://www.linkedin.com/company/amazon-web-services?trk=public_profile_profile-section-card_image-click",
        "company_name": "Amazon Web Services",
        "issue_date": "Issued Jan 2019",
        "credential_id": "Credential ID 2H5Y5Z01CJBE1K3B",
        "credential_url": "http://aws.amazon.com/verification?trk=public_profile_see-credential"
      },
      {
        "company_image": "https://media.licdn.com/dms/image/v2/D4E0BAQH81kKlXtE0og/company-logo_100_100/company-logo_100_100/0/1720724787444/codecademy_logo?e=2147483647&v=beta&t=5Sq4eHuouqyT3E2XU3G-deE6A3Owvx0w66RiL_rwUxw",
        "certification": "Python-Intro to Data Analysis",
        "company_url": "https://www.linkedin.com/school/codecademy/?trk=public_profile_profile-section-card_image-click",
        "company_name": "Codecademy",
        "issue_date": "Issued Jun 2018",
        "credential_id": "Credential ID 11659427",
        "credential_url": "https://www.credential.net/bg3r0g4i?trk=public_profile_see-credential"
      },
      {
        "company_image": "https://media.licdn.com/dms/image/v2/C4D0BAQGexnfBxeEG-g/company-logo_100_100/company-logo_100_100/0/1630530042036/coursera_logo?e=2147483647&v=beta&t=aHl55JZmApxMr1IUyZ8nHvqhyeYIqBPC136YCXMufm0",
        "certification": "SQL for Data Science",
        "company_url": "https://www.linkedin.com/company/coursera?trk=public_profile_profile-section-card_image-click",
        "company_name": "Coursera",
        "issue_date": "Issued Jun 2018",
        "credential_id": "Credential ID  6SBDXCCKQBUM",
        "credential_url": "https://www.coursera.org/account/accomplishments/verify/6SBDXCCKQBUM?trk=public_profile_see-credential"
      },
      {
        "company_image": "https://static.licdn.com/aero-v1/sc/h/cs8pjfgyw96g44ln9r7tct85f",
        "certification": "Certified Public Accountant",
        "company_url": "https://cpaverify.org/?trk=public_profile_certification-title",
        "company_name": "Washington State Board of Accountancy",
        "issue_date": "Issued Jan 2016",
        "credential_id": "Credential ID 34603",
        "credential_url": "https://cpaverify.org/?trk=public_profile_see-credential"
      },
      {
        "company_image": "https://media.licdn.com/dms/image/v2/C560BAQGbNutqXFCq8g/company-logo_100_100/company-logo_100_100/0/1630636446931/tableau_software_logo?e=2147483647&v=beta&t=q5TBYI_d6k7C5c7uCTTO_HMLlix65zes9dPljHS4V_A",
        "certification": "Tableau Desktop Certified Associate",
        "company_url": "https://www.linkedin.com/company/tableau-software?trk=public_profile_profile-section-card_image-click",
        "company_name": "Tableau Software",
        "issue_date": "Issued Jun 2019\n                    \n                      \n                        Expires Jun 2021",
        "credential_id": "See credential",
        "credential_url": "https://www.youracclaim.com/badges/3280b380-e561-48b6-9d5e-7c793bd0da5d/linked_in_profile?trk=public_profile_see-credential"
      }
    ],
    "people_also_viewed": [
      {
        "link": "https://www.linkedin.com/in/saicmanne?trk=public_profile_browsemap-profile",
        "name": "Sai Chandra Manne",
        "summary": "",
        "location": "Atlanta, GA"
      },
      {
        "link": "https://www.linkedin.com/in/jinalbutani?trk=public_profile_browsemap-profile",
        "name": "Jinal Butani",
        "summary": "",
        "location": "Charlotte, NC"
      },
      {
        "link": "https://www.linkedin.com/in/yuchen-rong?trk=public_profile_browsemap-profile",
        "name": "Yuchen Rong",
        "summary": "",
        "location": "Seattle, WA"
      },
      {
        "link": "https://www.linkedin.com/in/pratham-bharadwaj-47664371?trk=public_profile_browsemap-profile",
        "name": "Pratham Bharadwaj",
        "summary": "",
        "location": "San Francisco Bay Area"
      },
      {
        "link": "https://www.linkedin.com/in/tejashosangadi?trk=public_profile_browsemap-profile",
        "name": "Tejas Hosangadi",
        "summary": "",
        "location": "San Francisco, CA"
      },
      {
        "link": "https://www.linkedin.com/in/rajmekala?trk=public_profile_browsemap-profile",
        "name": "Rajasekhar Mekala",
        "summary": "",
        "location": "United States"
      },
      {
        "link": "https://www.linkedin.com/in/havish-garimella?trk=public_profile_browsemap-profile",
        "name": "Havish Garimella",
        "summary": "",
        "location": "San Francisco Bay Area"
      },
      {
        "link": "https://www.linkedin.com/in/meng-guo?trk=public_profile_browsemap-profile",
        "name": "Meng Guo",
        "summary": "",
        "location": "Greater Seattle Area"
      },
      {
        "link": "https://www.linkedin.com/in/xin-li-lovedata?trk=public_profile_browsemap-profile",
        "name": "Lucy Xin Li",
        "summary": "",
        "location": "Greater Seattle Area"
      },
      {
        "link": "https://www.linkedin.com/in/akash-sangwan?trk=public_profile_browsemap-profile",
        "name": "Akash S.",
        "summary": "",
        "location": "Miami, FL"
      },
      {
        "link": "https://www.linkedin.com/in/chuchu-yuan?trk=public_profile_browsemap-profile",
        "name": "Chuchu Yuan",
        "summary": "",
        "location": "Seattle, WA"
      },
      {
        "link": "https://www.linkedin.com/in/alanpolyak?trk=public_profile_browsemap-profile",
        "name": "Alan Polyak",
        "summary": "",
        "location": "San Francisco, CA"
      },
      {
        "link": "https://www.linkedin.com/in/weiweiwang528?trk=public_profile_browsemap-profile",
        "name": "Weiwei Wang",
        "summary": "",
        "location": "San Francisco Bay Area"
      },
      {
        "link": "https://www.linkedin.com/in/saswat3348?trk=public_profile_browsemap-profile",
        "name": "Saswat Sahoo",
        "summary": "",
        "location": "Dallas, TX"
      },
      {
        "link": "https://www.linkedin.com/in/anchalgupta1990?trk=public_profile_browsemap-profile",
        "name": "Anchal Gupta",
        "summary": "",
        "location": "Bellevue, WA"
      },
      {
        "link": "https://www.linkedin.com/in/daniel-felbah-52ab4660?trk=public_profile_browsemap-profile",
        "name": "Daniel Felbah",
        "summary": "",
        "location": "Toledo, OH"
      },
      {
        "link": "https://www.linkedin.com/in/prashantsingh3009?trk=public_profile_browsemap-profile",
        "name": "Prashant Singh",
        "summary": "",
        "location": "Dallas, TX"
      },
      {
        "link": "https://in.linkedin.com/in/monisha-patel?trk=public_profile_browsemap-profile",
        "name": "Monisha Maheshwari",
        "summary": "",
        "location": "Delhi, India"
      },
      {
        "link": "https://www.linkedin.com/in/prasadshende?trk=public_profile_browsemap-profile",
        "name": "Prasad Shende",
        "summary": "",
        "location": "Seattle, WA"
      },
      {
        "link": "https://www.linkedin.com/in/ankita-agrawal-06?trk=public_profile_browsemap-profile",
        "name": "Ankita Agrawal",
        "summary": "",
        "location": "Greater Seattle Area"
      }
    ],
    "similar_profiles": [
      {
        "link": "https://www.linkedin.com/in/williamgaoharvard?trk=public_profile_samename-profile",
        "name": "William Gao",
        "summary": "B.A. Candidate in Mathematics at Harvard College",
        "location": "Cambridge, MA"
      },
      {
        "link": "https://www.linkedin.com/in/william-gao-ai?trk=public_profile_samename-profile",
        "name": "William Gao",
        "summary": "AI Research @ Heygen | CS + Finance @ UWaterloo",
        "location": "San Francisco, CA"
      },
      {
        "link": "https://www.linkedin.com/in/william-j-gao?trk=public_profile_samename-profile",
        "name": "William Gao",
        "summary": "CS + Physics/Econ @ Harvard | Regeneron STS Finalist '24",
        "location": "Washington DC-Baltimore Area"
      },
      {
        "link": "https://www.linkedin.com/in/william-gao-708b66121?trk=public_profile_samename-profile",
        "name": "William Gao",
        "summary": "Software Development Engineer in Test at Major League Baseball",
        "location": "New York, NY"
      },
      {
        "link": "https://www.linkedin.com/in/william-m-gao?trk=public_profile_samename-profile",
        "name": "William Gao",
        "summary": "",
        "location": "Chicago, IL"
      }
    ],
    "recommendations": [
      {
        "link": "https://www.linkedin.com/in/cjgregart?trk=public_profile_recommendations",
        "name": "CJ Gregart",
        "summary": "\u201cI collaborated with William on multiple projects over the course of a year.  He was one of those truly exceptional people that take your own abilities to another level by working with him.  He provided me so much insight, inspiration, and guidance on a particular data science project.  His technical coding abilities also helped greatly improve my own in working with him.  I also saw him mentor and collaborate with other colleagues we both worked with.  William is one of those rare people that elevates every team that he touches.\u201d"
      },
      {
        "name": "LinkedIn User",
        "summary": "\u201cWilliam is as great a team player as he was a team lead, and any team will be lucky to have him. William has a rare mix of productivity, ambitions, and intellect. He also possesses exceptional troubleshooting and coding skills. \u00a0He is always ready to put all his energy and time to get the job done. He has a unique management style, and I must admit, it worked pretty well within our team. For example, instead of assigning tasks to the team or forcing people to make some progress, he just used to say: \u201cI will be at room#123 from 11 am till 5 pm working on this and that, feel free to join me, as we have this and that in our backlog\u2026\u201d And we did join him, out of respect to him, out of a sense of responsibility, and more importantly, because we wanted to work all together in the same room.\u201d"
      }
    ],
    "publications": [],
    "courses": [
      {
        "name": "Big Data"
      },
      {
        "name": "Data Management"
      },
      {
        "name": "Data Visualization"
      },
      {
        "name": "ITS Practicum Project"
      },
      {
        "name": "Introduction to Business Analysis"
      },
      {
        "name": "Machine Learning"
      },
      {
        "name": "Problem Structuring"
      },
      {
        "name": "Statistic"
      }
    ],
    "languages": [
      {
        "name": "English",
        "level": "Full professional proficiency"
      },
      {
        "name": "Chinese and Fuzhou Dialect",
        "level": "Native or bilingual proficiency"
      }
    ],
    "organizations": [],
    "projects": [
      {
        "title": "2018 Adobe Analytics Challenge",
        "duration": "Oct 2018"
      },
      {
        "title": "Dent-Soft",
        "link": "https://github.com/mojib2014/dent-soft?trk=public_profile_project-title",
        "duration": "Jun 2018 - Present"
      }
    ],
    "awards": [],
    "score": []
  }
]