[
  {
    "fullName": "Kevin F.",
    "linkedin_internal_id": "677348874",
    "first_name": "Kevin",
    "last_name": "F.",
    "public_identifier": "hirekevinfang",
    "background_cover_image_url": "https://media.licdn.com/dms/image/v2/D4D16AQFQINfkjOXf1Q/profile-displaybackgroundimage-shrink_200_800/profile-displaybackgroundimage-shrink_200_800/0/1728018988987?e=2147483647&v=beta&t=o2wvflsPlx18DmosWGUEr_ayUCScS2KKR6P535LxrrU",
    "profile_photo": "https://static.licdn.com/aero-v1/sc/h/9c8pery4andzj6ohjkjp54ma2",
    "headline": "Product @ Replo (YC S21) | CMU T&E Lead",
    "location": "1K followers\n          \n          \n              500+ connections",
    "about": "Prev. led teams for NASA proposals. We built the smallest + lightest rover to reach space. Podcast host at Product Valley, Community Lead @ CMU Tech & Entrepreneurship (cmute.io).If we never met and you are requesting to connect, mention \"frog\" in the note so I know you aren't AI \ud83d\udc38Contact: me AT kevinfang.tech",
    "experience": [
      {
        "position": "Product",
        "company_url": "https://www.linkedin.com/company/replohq?trk=public_profile_experience-item_profile-section-card_subtitle-click",
        "company_image": "https://media.licdn.com/dms/image/v2/C560BAQHE8y4gEeckoA/company-logo_100_100/company-logo_100_100/0/1648164713957/replo_app_logo?e=2147483647&v=beta&t=ZQGP-cP_nFjs1y5MV-lQErWciqiWQ8_Ocp_NxXFi57E",
        "company_name": "Replo",
        "location": "San Francisco, California, United States",
        "summary": "",
        "starts_at": "May 2024",
        "ends_at": "Present",
        "duration": "11 months"
      },
      {
        "position": "Cloud & Digital",
        "company_url": "https://uk.linkedin.com/company/pwc?trk=public_profile_experience-item_profile-section-card_subtitle-click",
        "company_image": "https://media.licdn.com/dms/image/v2/D4E0BAQGnGELqq6HXHw/company-logo_100_100/company-logo_100_100/0/1720517867022/pwc_logo?e=2147483647&v=beta&t=2qp_dqB2-gjESyj7M_vppJ_sd-hyZlMLJAR1mHjVGvo",
        "company_name": "PwC",
        "location": "New York, New York, United States",
        "summary": "",
        "starts_at": "Jun 2023",
        "ends_at": "Aug 2023",
        "duration": "3 months"
      },
      {
        "position": "Product Growth",
        "company_url": "https://www.linkedin.com/company/expii-inc-?trk=public_profile_experience-item_profile-section-card_subtitle-click",
        "company_image": "https://media.licdn.com/dms/image/v2/C4D0BAQGRzetYLK_QJQ/company-logo_100_100/company-logo_100_100/0/1631372998777/expii_inc__logo?e=2147483647&v=beta&t=LtZcoZy5XOjghb6uLo9_yFO0J7ZjPO9pka4nzfYAIZY",
        "company_name": "Expii",
        "location": "Pittsburgh, Pennsylvania, United States",
        "summary": "",
        "starts_at": "May 2022",
        "ends_at": "May 2023",
        "duration": "1 year 1 month"
      },
      {
        "position": "Quantitative Analyst",
        "company_url": "https://www.linkedin.com/company/paratus-capital?trk=public_profile_experience-item_profile-section-card_subtitle-click",
        "company_image": "https://media.licdn.com/dms/image/v2/C4E0BAQEoxdrrxxAp_w/company-logo_100_100/company-logo_100_100/0/1634649856400/paratus_capital_logo?e=2147483647&v=beta&t=m7faUZqgNelf01zJ_JMKiL-WtIgnPGq4Bg7TQyomM2U",
        "company_name": "Paratus Capital",
        "location": "New York, New York, United States",
        "summary": "",
        "starts_at": "Nov 2021",
        "ends_at": "Apr 2022",
        "duration": "6 months"
      },
      {
        "position": "Product Manager",
        "company_url": "https://www.linkedin.com/company/stayflexi?trk=public_profile_experience-item_profile-section-card_subtitle-click",
        "company_image": "https://media.licdn.com/dms/image/v2/D560BAQFELsaVMT68EQ/company-logo_100_100/company-logo_100_100/0/1734282931890/stayflexi_logo?e=2147483647&v=beta&t=rLetN-1JnvC9gcAhwDTRWzMRhd6HwIZp77IEhBt-dTA",
        "company_name": "Stayflexi",
        "location": "San Francisco Bay Area",
        "summary": "",
        "starts_at": "Sep 2021",
        "ends_at": "Feb 2022",
        "duration": "6 months"
      },
      {
        "position": "Product Manager",
        "company_url": "https://www.linkedin.com/company/trueplan-io?trk=public_profile_experience-item_profile-section-card_subtitle-click",
        "company_image": "https://media.licdn.com/dms/image/v2/C560BAQEg_gYTpArPkQ/company-logo_100_100/company-logo_100_100/0/1630640346399/trueplan_io_logo?e=2147483647&v=beta&t=juBrrEgkCgdHdODxjmnwZCTaQGTYhBg4Qhxvxl8KEq4",
        "company_name": "TruePlan.io",
        "location": "San Francisco, California, United States",
        "summary": "",
        "starts_at": "May 2021",
        "ends_at": "Aug 2021",
        "duration": "4 months"
      },
      {
        "position": "Investment Analyst",
        "company_url": "https://www.linkedin.com/company/tartan-student-fund?trk=public_profile_experience-item_profile-section-card_subtitle-click",
        "company_image": "https://media.licdn.com/dms/image/v2/D560BAQGpsFbKvrwnuw/company-logo_100_100/B56ZVAARr6GoAQ-/0/1740535569966/tartan_student_fund_logo?e=2147483647&v=beta&t=AQrN1NeO1_LmQKL7KbyyoMtBjYqrj4C5qzKsmdGUI3g",
        "company_name": "Tartan Student Fund",
        "location": "Pittsburgh, Pennsylvania, United States",
        "summary": "",
        "starts_at": "Feb 2021",
        "ends_at": "Jul 2021",
        "duration": "6 months"
      }
    ],
    "education": [
      {
        "college_url": "https://www.linkedin.com/school/carnegie-mellon-university/?trk=public_profile_school_profile-section-card_image-click",
        "college_name": "Carnegie Mellon University",
        "college_image": "https://media.licdn.com/dms/image/v2/C560BAQH0rMqWuDcNzA/company-logo_100_100/company-logo_100_100/0/1656670432790/carnegie_mellon_university_logo?e=2147483647&v=beta&t=aPUYNrOY_aNQ_xYOLYuS6QMkoaAk4TILUhTj-qpZOTs",
        "college_degree": "Bachelor of Science - BS",
        "college_degree_field": "Majors: Computer Science, Business Administration",
        "college_duration": "2020 - 2024",
        "college_activity": "Graduated with HonorsDean\u2019s List 2x"
      },
      {
        "college_url": "https://www.linkedin.com/school/dougherty-valley-high-school-1/?trk=public_profile_school_profile-section-card_image-click",
        "college_name": "Dougherty Valley High School",
        "college_image": "https://media.licdn.com/dms/image/v2/C4D0BAQEpn-2k-VT9pA/company-logo_100_100/company-logo_100_100/0/1656441882273/dougherty_valley_high_school_1_logo?e=2147483647&v=beta&t=sfZMkzsuW6NQpDspRyKsSisLpJtjDFQQG4VQKngpvSQ",
        "college_degree": "",
        "college_degree_field": null,
        "college_duration": "2016 - 2020",
        "college_activity": "Graduated with Highest Honors"
      }
    ],
    "articles": [],
    "description": {
      "description1": "Replo",
      "description1_link": "https://www.linkedin.com/company/replohq?trk=public_profile_topcard-current-company",
      "description2": "Carnegie Mellon University",
      "description2_link": "https://www.linkedin.com/school/carnegie-mellon-university/?trk=public_profile_topcard-school",
      "description3": ""
    },
    "activities": [
      {
        "link": "https://www.linkedin.com/posts/michael-vandi_seo-is-dead-a-big-chunk-of-our-referrals-activity-7299095609909686273-7iu_",
        "image": "https://media.licdn.com/dms/image/v2/D5622AQFTvUBIynWY9Q/feedshare-shrink_800/B56ZUrKdfPGoAg-/0/1740185918115?e=2147483647&v=beta&t=DOESUrXMU97GXr_SczKAWt4Tw0Zkrq-yah3ijD1CJkk",
        "title": "SEO is dead. A big chunk of our referrals at Addy AI  now come from ChatGPT, Perplexity and even Microsoft Copilot.\n\nHow did we get here?\n\nWell first\u2026",
        "activity": "Liked by Kevin F."
      },
      {
        "link": "https://www.linkedin.com/posts/carnegie-mellon-university-swartz-center-for-entrepreneurship_cmualumni-venturebridge-maytheswartzbewithyou-activity-7296223753720479744-gR5K",
        "image": "https://media.licdn.com/dms/image/v2/D4E22AQFndaHOpS8fuQ/feedshare-shrink_2048_1536/B4EZUFk11cGYAo-/0/1739555299125?e=2147483647&v=beta&t=T_UgnPHIMqBPxJi5X09DFxgVopQ7QXR0tjS2jUY7k20",
        "title": "In today's Weekly Bulletin, we're celebrating Steven Guo, who is the newest Program Manager at the Swartz Center! Steven will be focused on\u2026",
        "activity": "Liked by Kevin F."
      },
      {
        "link": "https://www.linkedin.com/posts/kylejohnmorris_today-connie-li-and-i-are-coming-out-of-stealth-activity-7296247916938035200-w8IW",
        "image": "https://media.licdn.com/dms/image/v2/D4E22AQFaXrNdCGWA0Q/feedshare-shrink_800/B4EZUF6ycMGwAs-/0/1739561060599?e=2147483647&v=beta&t=_-tPNAR0MpUueRx7uidYqZAR-SxWY5v5JNwoc1uNbJQ",
        "title": "Today Connie Li and I are coming out of stealth\n\nAnnouncing... our marriage! \ud83d\udc98 Backed by Notion + AGIHouse.ai\n\nFrom hackathons -> dateme docs -> 1st\u2026",
        "activity": "Liked by Kevin F."
      },
      {
        "link": "https://www.linkedin.com/posts/michael-vandi_hackathon-ai-aimortgagelending-activity-7289205623890624512-smYi",
        "image": "https://media.licdn.com/dms/image/v2/D5605AQFXxXVX3ehyvw/videocover-high/B56ZSh10ALHsBs-/0/1737882039286?e=2147483647&v=beta&t=jJwJ-tHmwG7AnMTGGNLQsx0yDiHMlnJXut2VpmCxkVY",
        "title": "It\u2019s midnight of DAY 1 of the AI x Finance hackathon in San Francisco. AI engineers are building GenAI mortgage tools.\n\nAn interesting interaction\u2026",
        "activity": "Liked by Kevin F."
      },
      {
        "link": "https://www.linkedin.com/posts/wachindrabandara_ai-activity-7289765860808835074-bhl8",
        "image": "https://media.licdn.com/dms/image/v2/D5622AQFnOS7MuYc_3w/feedshare-shrink_800/B56ZSpzYB1GsAo-/0/1738015617243?e=2147483647&v=beta&t=gLlCqdwlbidaw-_fLTTVUq1pV3ToKD3OHZkur35c2fg",
        "title": "This was an amazing weekend! I had the privilege of spending two days at AGI House tackling complex problems in finance with an amazing group of\u2026",
        "activity": "Liked by Kevin F."
      },
      {
        "link": "https://www.linkedin.com/posts/kyle-poyar_ai-startup-serviceasasoftware-activity-7285294782287937536-b7Jb",
        "image": "https://media.licdn.com/dms/image/v2/D4E22AQFVOXmH5ImNbw/feedshare-shrink_2048_1536/B4EZRqQ.jmGgAo-/0/1736949623520?e=2147483647&v=beta&t=wsFqHgkZs3HRqOaC0cgzIy-yuyR3y8t3KJDLIbsGyCk",
        "title": "Software-as-a-service (SaaS) is quickly being become service-as-a-software. \n\nAnd Sequoia thinks this is creating a $10 Trillion market opportunity\u2026",
        "activity": "Liked by Kevin F."
      },
      {
        "link": "https://www.linkedin.com/posts/jdkaim_github-jdkaimhuskyswap-huskyswap-project-activity-7282609173316415488-1jdb",
        "image": "https://media.licdn.com/dms/image/sync/v2/D5627AQExQHaQFQpkag/articleshare-shrink_800/articleshare-shrink_800/0/1739938082405?e=2147483647&v=beta&t=bxZiCPBoYcTUEukmWTARXI5RQxrvCqYedwIhH4zLHJM",
        "title": "Welp, looks I might be getting expelled from the University of Washington.\n\u00a0\nAs many of you know, last quarter I built an initial version of\u2026",
        "activity": "Liked by Kevin F."
      },
      {
        "link": "https://www.linkedin.com/posts/sachi-shah1_just-a-few-years-ago-i-was-a-new-grad-figuring-activity-7272339007768788995-gLGP",
        "image": "https://media.licdn.com/dms/image/v2/D5622AQGcZb2l57qSxQ/feedshare-shrink_800/feedshare-shrink_800/0/1733860692753?e=2147483647&v=beta&t=s_IcrtQcx9fZUi2sH4SEJxr9aYb8e3K0by1106chaKo",
        "title": "Just a few years ago, I was a new grad figuring things out, so I\u2019m always warmed by opportunities to plug students into industry exposure (pay it\u2026",
        "activity": "Liked by Kevin F."
      },
      {
        "link": "https://www.linkedin.com/posts/yuxinzhu_been-working-on-this-one-for-a-while-coming-activity-7272181330816176129-FSAs",
        "image": "https://media.licdn.com/dms/image/v2/D5622AQGFyev84EJZ1w/feedshare-shrink_2048_1536/feedshare-shrink_2048_1536/0/1733823138820?e=2147483647&v=beta&t=gU8BXLd6G0eU_YoggUo6mLyVn9enzxJATs1qyUMJWvA",
        "title": "Been working on this one for a while. Coming soon to Replo \u2014\u00a0built-in metrics for all of your landing pages, right where you build them.\n\nWe're\u2026",
        "activity": "Liked by Kevin F."
      },
      {
        "link": "https://www.linkedin.com/posts/hirekevinfang_founders-happy-hour-with-hamatha-luma-activity-7259319367941689344-H4ax",
        "image": "https://static.licdn.com/aero-v1/sc/h/53n89ecoxpr1qrki1do3alazb",
        "title": "Drop by tomorrow! Especially if you'd otherwise be staying at home and constantly refreshing the election results \ud83d\ude09",
        "activity": "Shared by Kevin F."
      }
    ],
    "volunteering": [
      {
        "company_url": "https://www.linkedin.com/company/product-cmu?trk=public_profile_volunteering-position_profile-section-card_image-click",
        "company_position": "Podcast Producer & Host",
        "company_name": "Product@CMU",
        "company_duration": "",
        "starts_at": "Apr 2023",
        "ends_at": "Present"
      },
      {
        "company_url": "https://www.linkedin.com/company/cmute?trk=public_profile_volunteering-position_profile-section-card_image-click",
        "company_position": "Community Lead",
        "company_name": "CMU Tech & Entrepreneurship",
        "company_duration": "",
        "starts_at": "Aug 2022",
        "ends_at": "Present"
      },
      {
        "company_url": "https://www.linkedin.com/company/irisrover?trk=public_profile_volunteering-position_profile-section-card_image-click",
        "company_position": "Mission Operations",
        "company_name": "Iris Lunar Rover (by Carnegie Mellon University)",
        "company_duration": "",
        "starts_at": "Aug 2022",
        "ends_at": "Present"
      },
      {
        "company_url": "https://www.linkedin.com/company/moonranger?trk=public_profile_volunteering-position_profile-section-card_image-click",
        "company_position": "Mission Operations",
        "company_name": "MoonRanger",
        "company_duration": "",
        "starts_at": "May 2022",
        "ends_at": "Aug 2022"
      },
      {
        "company_url": "https://www.linkedin.com/school/carnegie-mellon-university/?trk=public_profile_volunteering-position_profile-section-card_image-click",
        "company_position": "Activities Board Finance Chair",
        "company_name": "Carnegie Mellon University",
        "company_duration": "",
        "starts_at": "May 2021",
        "ends_at": "May 2023"
      },
      {
        "company_url": "https://www.linkedin.com/company/the-triple-helix-cmu?trk=public_profile_volunteering-position_profile-section-card_image-click",
        "company_position": "President",
        "company_name": "The Triple Helix",
        "company_duration": "",
        "starts_at": "Aug 2020",
        "ends_at": "May 2023"
      },
      {
        "company_position": "Software Engineer",
        "company_name": "Voluntutors",
        "company_duration": "",
        "starts_at": "Jun 2020",
        "ends_at": "Oct 2020"
      },
      {
        "company_url": "https://www.linkedin.com/company/keyclub_international?trk=public_profile_volunteering-position_profile-section-card_image-click",
        "company_position": "Vice President of Dougherty Valley Key Club",
        "company_name": "Key Club International",
        "company_duration": "",
        "starts_at": "Nov 2016",
        "ends_at": "May 2019"
      }
    ],
    "certification": [],
    "people_also_viewed": [
      {
        "link": "https://www.linkedin.com/in/kelsey-fintech-finance-copywriter?trk=public_profile_browsemap-profile",
        "name": "Kelsey Ray",
        "summary": "",
        "location": "Memphis, TN"
      },
      {
        "link": "https://www.linkedin.com/in/lisafimberg?trk=public_profile_browsemap-profile",
        "name": "Lisa Fimberg",
        "summary": "",
        "location": "Los Angeles, CA"
      },
      {
        "link": "https://www.linkedin.com/in/jamesturner-63109490?trk=public_profile_browsemap-profile",
        "name": "James Turner",
        "summary": "",
        "location": "Boston, MA"
      },
      {
        "link": "https://www.linkedin.com/in/marshall-parise?trk=public_profile_browsemap-profile",
        "name": "Marshall P.",
        "summary": "",
        "location": "Houston, TX"
      },
      {
        "link": "https://www.linkedin.com/in/cebiriekwe?trk=public_profile_browsemap-profile",
        "name": "Chimezie Ebiriekwe",
        "summary": "",
        "location": "Los Angeles Metropolitan Area"
      },
      {
        "link": "https://www.linkedin.com/in/tierni-m-20a2279?trk=public_profile_browsemap-profile",
        "name": "Tierni M.",
        "summary": "Clinic coordinator in addiction services",
        "location": "Greater Minneapolis-St. Paul Area"
      },
      {
        "link": "https://www.linkedin.com/in/saumiljoshi?trk=public_profile_browsemap-profile",
        "name": "Saumil Joshi",
        "summary": "",
        "location": "New York City Metropolitan Area"
      },
      {
        "link": "https://www.linkedin.com/in/aaron-aj-eckstein?trk=public_profile_browsemap-profile",
        "name": "AJ Eckstein \ud83e\udde9",
        "summary": "",
        "location": "Austin, TX"
      },
      {
        "link": "https://www.linkedin.com/in/rogerareid?trk=public_profile_browsemap-profile",
        "name": "Roger Reid",
        "summary": "",
        "location": "Land O' Lakes, FL"
      },
      {
        "link": "https://www.linkedin.com/in/janicegassamphd?trk=public_profile_browsemap-profile",
        "name": "Janice Gassam Asare, Ph.D.",
        "summary": "I help build better workplaces through research-based interventions and bold conversations | Organizational Psychologist | 2x TEDx Speaker | LinkedIn Top Voice | AI Advocate | Jollof rice enthusiast",
        "location": "New York City Metropolitan Area"
      },
      {
        "link": "https://www.linkedin.com/in/amyzhou214?trk=public_profile_browsemap-profile",
        "name": "Amy Zhou",
        "summary": "",
        "location": "Los Angeles, CA"
      },
      {
        "link": "https://www.linkedin.com/in/wadethiel?trk=public_profile_browsemap-profile",
        "name": "Wade Thiel",
        "summary": "",
        "location": "Indianapolis, IN"
      },
      {
        "link": "https://www.linkedin.com/in/leannalynn?trk=public_profile_browsemap-profile",
        "name": "LeAnna Lynn",
        "summary": "",
        "location": "Atlanta, GA"
      },
      {
        "link": "https://www.linkedin.com/in/joshuaanton?trk=public_profile_browsemap-profile",
        "name": "Joshua Anton",
        "summary": "",
        "location": "Herndon, VA"
      },
      {
        "link": "https://www.linkedin.com/in/jazzminemarienolan?trk=public_profile_browsemap-profile",
        "name": "Jazzmine Nolan-Echols DBA, MPA",
        "summary": "Chief Operating Officer | Principal Consultant",
        "location": "Chesterfield, MO"
      },
      {
        "link": "https://www.linkedin.com/in/michelle-velasquez-8807ba131?trk=public_profile_browsemap-profile",
        "name": "Michelle Velasquez",
        "summary": "Consultant at The Dedham Group",
        "location": "Los Angeles, CA"
      },
      {
        "link": "https://www.linkedin.com/in/victorritaylor?trk=public_profile_browsemap-profile",
        "name": "Victorri Taylor, M.S.",
        "summary": "",
        "location": "Raleigh-Durham-Chapel Hill Area"
      },
      {
        "link": "https://www.linkedin.com/in/eduardo-de-las-cuevas-a8a53212a?trk=public_profile_browsemap-profile",
        "name": "Eduardo de las Cuevas",
        "summary": "CEO of Cavemen & Co.",
        "location": "Atlanta, GA"
      },
      {
        "link": "https://www.linkedin.com/in/emilyjbezak?trk=public_profile_browsemap-profile",
        "name": "Emily B.",
        "summary": "",
        "location": "Greater Pittsburgh Region"
      }
    ],
    "similar_profiles": [
      {
        "link": "https://www.linkedin.com/in/kevin-f-756815254?trk=public_profile_samename-profile",
        "name": "Kevin F.",
        "summary": "Strategic transformation and supply chain optimization expert | Senior project management and technology-driven innovation leader",
        "location": "United States"
      },
      {
        "link": "https://www.linkedin.com/in/kevinfiol?trk=public_profile_samename-profile",
        "name": "Kevin F.",
        "summary": "Software Engineer",
        "location": "Sunrise, FL"
      },
      {
        "link": "https://www.linkedin.com/in/kevin-f-watson?trk=public_profile_samename-profile",
        "name": "Kevin F. Watson",
        "summary": "",
        "location": "New York, NY"
      },
      {
        "link": "https://www.linkedin.com/in/kevin-patterson-223703a?trk=public_profile_samename-profile",
        "name": "Kevin Patterson",
        "summary": "",
        "location": "Colorado Springs, CO"
      },
      {
        "link": "https://www.linkedin.com/in/kevinofbonita?trk=public_profile_samename-profile",
        "name": "Kevin F.",
        "summary": "",
        "location": "Bonita Springs, FL"
      }
    ],
    "recommendations": [
      {
        "link": "https://www.linkedin.com/in/daniel-green-91a0611b?trk=public_profile_recommendations",
        "name": "Daniel Green",
        "summary": "\u201cKevin was our intern at TruePlan focusing on product. He joined as at an early stage and was a critical team member in helping us scale. Kevin is highly, motivated, curious and has cross-functional skills that allow him to be a key player across product and business. While with us, he helped rebuild our website, track and solve issues in out customers' usage patterns, and supported the sales team in communicating our platforms value to new leads.\n\nWhat stands out with Kevin is his ability to pick up context quickly and add value from day one. He is going to do great things with his career and if he wasn't going back to school, we would hire him right now!\u201d"
      }
    ],
    "publications": [],
    "courses": [],
    "languages": [
      {
        "name": "Chinese (Mandarin)",
        "level": "Native or bilingual proficiency"
      },
      {
        "name": "English",
        "level": "Native or bilingual proficiency"
      }
    ],
    "organizations": [],
    "projects": [],
    "awards": [
      {
        "name": "Dean's List",
        "organization": "-",
        "duration": "Jan 2021",
        "summary": ""
      },
      {
        "name": "National Merit Scholarship Award Finalist",
        "organization": "National Merit Scholarship Organization",
        "duration": "Mar 2020",
        "summary": ""
      },
      {
        "name": "FBLA National Champion",
        "organization": "Future Business Leaders of America",
        "duration": "Jun 2019",
        "summary": ""
      }
    ],
    "score": [
      {
        "name": "Blood Pressure",
        "score": "Score: 118/68",
        "duration": "Mar 2022",
        "summary": ""
      },
      {
        "name": "ACT",
        "score": "Score: 36",
        "duration": "Feb 2017",
        "summary": ""
      }
    ]
  }
]