{
  "title": "People",
  "meta_description": "",
  "main_content": "",
  "links": [
    {
      "url": "https://www.cs.cmu.edu/~leili/",
      "text": ""
    },
    {
      "url": "https://owaski.me",
      "text": ""
    },
    {
      "url": "https://cmuportugal.org/students/andre-duarte/",
      "text": ""
    },
    {
      "url": "https://dqwang122.github.io/",
      "text": ""
    },
    {
      "url": "https://zkx06111.github.io/",
      "text": ""
    },
    {
      "url": "https://xu1998hz.github.io/",
      "text": ""
    },
    {
      "url": "https://jocelynsong.github.io/",
      "text": ""
    },
    {
      "url": "https://leililab.github.io/people",
      "text": ""
    },
    {
      "url": "https://www.linkedin.com/in/xiwei-cheng-5a2064290/",
      "text": ""
    },
    {
      "url": "https://www.linkedin.com/in/yee-man-choi/",
      "text": ""
    },
    {
      "url": "https://www.linkedin.com/in/yixiao-jack-zeng-65948a183/",
      "text": ""
    },
    {
      "url": "https://leililab.github.io/people",
      "text": ""
    },
    {
      "url": "https://twelfth-star.github.io/",
      "text": ""
    },
    {
      "url": "https://jielin-qiu.github.io/",
      "text": ""
    },
    {
      "url": "https://xuandongzhao.github.io/",
      "text": ""
    },
    {
      "url": "https://ianguangleizhu.github.io/",
      "text": ""
    },
    {
      "url": "https://vihaanakshaay.github.io/#/",
      "text": ""
    },
    {
      "url": "https://www.linkedin.com/in/zihan-ma-01981a170/",
      "text": ""
    }
  ],
  "images": [
    {
      "src": "/assets/people/lilei-2019-small.jpg",
      "alt": "Lei Li - Featured Shot"
    },
    {
      "src": "/assets/people/siqi_ouyang.png",
      "alt": "Siqi Ouyang - Featured Shot"
    },
    {
      "src": "/assets/people/andre_duarte.jpg",
      "alt": "Andre Duarte - Featured Shot"
    },
    {
      "src": "/assets/people/danqing_wang.png",
      "alt": "Danqing Wang - Featured Shot"
    },
    {
      "src": "/assets/people/kexun_zhang.png",
      "alt": "Kexun Zhang - Featured Shot"
    },
    {
      "src": "/assets/people/wenda_xu.jpg",
      "alt": "Wenda Xu - Featured Shot"
    },
    {
      "src": "/assets/people/zhenqiao_song.jpeg",
      "alt": "Zhenqiao Song - Featured Shot"
    },
    {
      "src": "/assets/people/brain_tufts.jpeg",
      "alt": "Brain Tufts - Featured Shot"
    },
    {
      "src": "/assets/people/xiwei_cheng.jpeg",
      "alt": "Xiwei Cheng - Featured Shot"
    },
    {
      "src": "/assets/people/yee_man_choi.jpg",
      "alt": "Yee Man Choi - Featured Shot"
    },
    {
      "src": "/assets/people/yixiao_zeng.jpg",
      "alt": "Yixiao (Jack) Zeng - Featured Shot"
    },
    {
      "src": "/assets/people/daniel_kathein.jpg",
      "alt": "Daniel Kathein - Featured Shot"
    },
    {
      "src": "/assets/people/zhongmou_he.jpg",
      "alt": "Zhongmou He - Featured Shot"
    },
    {
      "src": "/assets/people/jielin_qiu.png",
      "alt": "Jielin Qiu - Featured Shot"
    },
    {
      "src": "/assets/people/xuandong_zhao.png",
      "alt": "Xuandong Zhao - Featured Shot"
    },
    {
      "src": "/assets/people/guanglei_zhu.png",
      "alt": "Guanglei Zhu - Featured Shot"
    },
    {
      "src": "/assets/people/vihaan_akshaay_rajendiran.png",
      "alt": "Vihaan Akshaay Rajendiran - Featured Shot"
    },
    {
      "src": "/assets/people/zihan_ma.png",
      "alt": "Zihan Ma - Featured Shot"
    }
  ]
}