{
  "title": "Liangze Li | OpenReview",
  "meta_description": "Promoting openness in scientific communication and the peer-review process",
  "main_content": "Names Liangze Li (Preferred) Suggest Name Emails ****@andrew.cmu.edu (Confirmed) , ****@llz.info (Confirmed) , ****@alumni.cmu.edu (Confirmed) , ****@google.com (Confirmed) Suggest Email Personal Links LinkedIn ACL Anthology Suggest URL Career & Education History Researcher Google DeepMind (google.com) 2024 \u2013 Present MS student School of Computer Science, Carnegie Mellon University (cs.cmu.edu) 2022 \u2013 2024 Undergrad student Carnegie Mellon University (cmu.edu) 2017 \u2013 2021 Suggest Position Advisors, Relations & Conflicts No relations added Suggest Relation Expertise No areas of expertise listed Suggest Expertise Publications Loading... Co-Authors Loading...",
  "links": [
    {
      "url": "https://www.linkedin.com/in/liangzel/",
      "text": "LinkedIn"
    },
    {
      "url": "https://aclanthology.org/people/l/liangze-li/",
      "text": "ACL Anthology"
    },
    {
      "url": "https://github.com/openreview/openreview/issues/new/choose",
      "text": "Report an issue"
    }
  ],
  "images": []
}