{
  "title": "\u202aLiangze Li\u202c - \u202aGoogle Scholar\u202c",
  "meta_description": "\u202aGoogle DeepMind\u202c - \u202a\u202aCited by 95\u202c\u202c",
  "main_content": "Loading... The system can't perform the operation now. Try again later. Citations per year Duplicate citations The following articles are merged in Scholar. Their combined citations are counted only for the first article. Merged citations This \"Cited by\" count includes citations to the following articles in Scholar. The ones marked * may be different from the article in the profile. Add co-authors Co-authors Follow New articles by this author New citations to this author New articles related to this author's research Email address for updates Done My profile My library Metrics Alerts Settings Sign in Sign in Get my own profile Cited by All Since 2020 Citations 95 95 h-index 2 2 i10-index 2 2 0 70 35 2022 2023 2024 2025 1 12 63 18 Follow Liangze Li Google DeepMind Verified email at google.com Articles Cited by Title Sort Sort by citations Sort by year Sort by title Cited by Cited by Year Gpt-sentinel: Distinguishing human and chatgpt generated content Y Chen, H Kang, V Zhai, L Li, R Singh, B Raj arXiv preprint arXiv:2305.07969 , 2023 71 2023 Token prediction as implicit classification to identify LLM-generated text Y Chen, H Kang, V Zhai, L Li, R Singh, B Raj arXiv preprint arXiv:2311.08723 , 2023 22 2023 Listener Model for the PhotoBook Referential Game with CLIPScores as Implicit Reference Chain SL Wu, YH Chou, L Li arXiv preprint arXiv:2306.09607 , 2023 1 2023 Tartan: an LLM Driven SocialBot L Li, Z Liu, LW Chen, TC Chi, AI Rudnicky Alexa Prize SocialBot Grand Challenge 5 , 0 1 The system can't perform the operation now. Try again later. Articles 1\u20134 Show more Privacy Terms Help About Scholar Search help",
  "links": [
    {
      "url": "/schhp?hl=en",
      "text": ""
    },
    {
      "url": "/citations?hl=en",
      "text": "My profile"
    },
    {
      "url": "/scholar?scilib=1&hl=en",
      "text": "My library"
    },
    {
      "url": "/citations?view_op=metrics_intro&hl=en",
      "text": "Metrics"
    },
    {
      "url": "/scholar_alerts?view_op=list_alerts&hl=en",
      "text": "Alerts"
    },
    {
      "url": "/scholar_settings?hl=en",
      "text": "Settings"
    },
    {
      "url": "https://accounts.google.com/Login?hl=en&continue=https://scholar.google.com/schhp%3Fhl%3Den",
      "text": "Sign in"
    },
    {
      "url": "/schhp?hl=en",
      "text": ""
    },
    {
      "url": "https://accounts.google.com/Login?hl=en&continue=https://scholar.google.com/schhp%3Fhl%3Den",
      "text": "Sign in"
    },
    {
      "url": "/citations?hl=en",
      "text": "Get my own profile"
    },
    {
      "url": "/citations?view_op=view_org&hl=en&org=6518679690484165796",
      "text": "Google"
    },
    {
      "url": "/citations?hl=en&user=Vt1yhosAAAAJ&view_op=list_works&sortby=title",
      "text": "Title"
    },
    {
      "url": "/citations?hl=en&user=Vt1yhosAAAAJ&view_op=list_works",
      "text": "Sort by citations"
    },
    {
      "url": "/citations?hl=en&user=Vt1yhosAAAAJ&view_op=list_works&sortby=pubdate",
      "text": "Sort by year"
    },
    {
      "url": "/citations?hl=en&user=Vt1yhosAAAAJ&view_op=list_works&sortby=title",
      "text": "Sort by title"
    },
    {
      "url": "/citations?hl=en&user=Vt1yhosAAAAJ&view_op=list_works&sortby=pubdate",
      "text": "Year"
    },
    {
      "url": "/citations?view_op=view_citation&hl=en&user=Vt1yhosAAAAJ&citation_for_view=Vt1yhosAAAAJ:u5HHmVD_uO8C",
      "text": "Gpt-sentinel: Distinguishing human and chatgpt generated content"
    },
    {
      "url": "https://scholar.google.com/scholar?oi=bibs&hl=en&cites=3305623893226230475",
      "text": "71"
    },
    {
      "url": "/citations?view_op=view_citation&hl=en&user=Vt1yhosAAAAJ&citation_for_view=Vt1yhosAAAAJ:u-x6o8ySG0sC",
      "text": "Token prediction as implicit classification to identify LLM-generated text"
    },
    {
      "url": "https://scholar.google.com/scholar?oi=bibs&hl=en&cites=9737205072123118251",
      "text": "22"
    },
    {
      "url": "/citations?view_op=view_citation&hl=en&user=Vt1yhosAAAAJ&citation_for_view=Vt1yhosAAAAJ:d1gkVwhDpl0C",
      "text": "Listener Model for the PhotoBook Referential Game with CLIPScores as Implicit Reference Chain"
    },
    {
      "url": "https://scholar.google.com/scholar?oi=bibs&hl=en&cites=10823586520359706146",
      "text": "1"
    },
    {
      "url": "/citations?view_op=view_citation&hl=en&user=Vt1yhosAAAAJ&citation_for_view=Vt1yhosAAAAJ:9yKSN-GCB0IC",
      "text": "Tartan: an LLM Driven SocialBot"
    },
    {
      "url": "https://scholar.google.com/scholar?oi=bibs&hl=en&cites=14190702361466333933",
      "text": "1"
    },
    {
      "url": "//www.google.com/intl/en/policies/privacy/",
      "text": "Privacy"
    },
    {
      "url": "//www.google.com/intl/en/policies/terms/",
      "text": "Terms"
    },
    {
      "url": "/intl/en/scholar/about.html",
      "text": "About Scholar"
    },
    {
      "url": "//support.google.com/websearch?p=scholar_dsa&hl=en",
      "text": "Search help"
    }
  ],
  "images": [
    {
      "src": "/citations/images/avatar_scholar_128.png",
      "alt": "Liangze Li"
    }
  ]
}