{
  "title": "Galen Xing | Center for Computational Biology",
  "meta_description": "",
  "main_content": "Galen Xing Job title: 2021 PhD Cohort Department: CCB PhD Student Bio/CV: Labs: Alex Marson , Aaron Streets Role: Graduate Students Contact galenxing@berkeley.edu",
  "links": [
    {
      "url": "https://ccb.berkeley.edu/people/alex-marson",
      "text": "Alex Marson"
    },
    {
      "url": "https://ccb.berkeley.edu/people/aaron-streets",
      "text": "Aaron Streets"
    },
    {
      "url": "/person-type/graduate-students",
      "text": "Graduate Students"
    },
    {
      "url": "mailto:galenxing@berkeley.edu",
      "text": "galenxing@berkeley.edu"
    }
  ],
  "images": [
    {
      "src": "https://ccb.berkeley.edu/sites/default/files/styles/openberkeley_brand_widgets_rectangle/public/galenxing_copy.png?itok=EcXnSE3H&timestamp=1721719442",
      "alt": ""
    }
  ]
}