{
  "title": "Directory Detail | Integrative Biology",
  "meta_description": "",
  "main_content": "Skip to main content Directory Detail Xing Wu Email Address: xingwu@berkeley.edu Job Title: Postdoc Lab Name: Exposito-Alonso Mailing Address: Exposito-Alonso Lab University of California, Berkeley Department of Integrative Biology 3040 Valley Life Sciences Building # 3140 Berkeley, CA 94720-3140 New Directory Search",
  "links": [
    {
      "url": "mailto:xingwu@berkeley.edu",
      "text": "xingwu@berkeley.edu"
    },
    {
      "url": "/people/directory/",
      "text": "New Directory Search"
    }
  ],
  "images": []
}