{
  "title": "Zifan Wang | OpenReview",
  "meta_description": "Promoting openness in scientific communication and the peer-review process",
  "main_content": "Names Zifan Wang (Preferred) Suggest Name Emails ****@andrew.cmu.edu (Confirmed) , ****@cmu.edu (Confirmed) , ****@safe.ai (Confirmed) , ****@gmail.com (Confirmed) , ****@gmail.com (Confirmed) , ****@scale.com (Confirmed) Suggest Email Personal Links Homepage Google Scholar LinkedIn Semantic Scholar Suggest URL Career & Education History Researcher Scale AI (scale.com) 2024 \u2013 Present Researcher Center for AI Safety (safe.ai) 2023 \u2013 2024 PhD student Carnegie Mellon University (cmu.edu) 2019 \u2013 2023 Suggest Position Advisors, Relations & Conflicts Coworker Summer Yue 2024 \u2013 Present PhD Advisor Anupam Datta 2018 \u2013 2023 PhD Advisor Matt Frederikson 2018 \u2013 2023 Suggest Relation Expertise Explainable Deep Learning Present Adversarial Robustness Present Suggest Expertise Publications Loading... Co-Authors Loading...",
  "links": [
    {
      "url": "https://www.zifanw.net",
      "text": "Homepage"
    },
    {
      "url": "https://scholar.google.com/citations?user=HJOP3wMAAAAJ&hl=en",
      "text": "Google Scholar"
    },
    {
      "url": "https://www.linkedin.com/in/zifan-wang-sail/",
      "text": "LinkedIn"
    },
    {
      "url": "https://www.semanticscholar.org/author/Zifan-Wang/50219096",
      "text": "Semantic Scholar"
    },
    {
      "url": "/profile?id=~Summer_Yue2",
      "text": "Summer Yue"
    },
    {
      "url": "/profile?id=~Anupam_Datta1",
      "text": "Anupam Datta"
    },
    {
      "url": "https://github.com/openreview/openreview/issues/new/choose",
      "text": "Report an issue"
    }
  ],
  "images": []
}