[
  {
    "fullName": "Arnav Adhikari",
    "linkedin_internal_id": "909330645",
    "first_name": "Arnav",
    "last_name": "Adhikari",
    "public_identifier": "arnavwad",
    "background_cover_image_url": "https://media.licdn.com/dms/image/v2/D5616AQH_4xg-QWRvZw/profile-displaybackgroundimage-shrink_200_800/profile-displaybackgroundimage-shrink_200_800/0/1726545566669?e=2147483647&v=beta&t=dPdAlha3Y1mRPhcxX8BcV6mO5kedWBXUMsvl0L48BKA",
    "profile_photo": "https://media.licdn.com/dms/image/v2/D5603AQEXbM27cAUEwQ/profile-displayphoto-shrink_200_200/profile-displayphoto-shrink_200_200/0/1714488562826?e=2147483647&v=beta&t=Jp3Vtx7-7LOT-737u5whGzu_29_3lsxwbBJWz4eszcE",
    "headline": "EECS + Finance @ MIT | 1st @ HackMIT 2024 | Prev @ BCM, Rice, Stanford AIMI, Harvard Med School",
    "location": "1K followers\n          \n          \n              500+ connections",
    "about": "19-year-old EECS student @ MIT into AI, startups, VC, and PM. Extensive interest and experience in fintech (payments, wealth management, AI analysts), robotics (collaboration and control), healthtech (LLM-aided care), and general QOL tools / productivity aids.Won HackMIT alongside my amazing teammates with our algorithmically-driven nicotine cessation patch. Also last found working on GenAI-driven Financial Operations advisors that map out strong, cost-efficient plans for data and cloud management solutions.Love learning and building fast. Reach out if you want to chat about anything interesting or groundbreaking!",
    "experience": [
      {
        "position": "Builder",
        "company_url": "https://www.linkedin.com/company/mit-csail?trk=public_profile_experience-item_profile-section-card_subtitle-click",
        "company_image": "https://media.licdn.com/dms/image/v2/C4E0BAQEGRPOLADdMtg/company-logo_100_100/company-logo_100_100/0/1640006078259/mit_csail_logo?e=2147483647&v=beta&t=3P0gPpC8J_9YLt8qthg0mLajFjwmPS_sw7nvkwnmJtk",
        "company_name": "MIT Computer Science and Artificial Intelligence Laboratory (CSAIL)",
        "location": null,
        "summary": "semantic operators",
        "starts_at": "Dec 2024",
        "ends_at": "Present",
        "duration": "4 months"
      },
      {
        "position": "Founder, CEO",
        "company_url": "https://www.linkedin.com/company/stealth-startup-careers?trk=public_profile_experience-item_profile-section-card_subtitle-click",
        "company_image": "https://media.licdn.com/dms/image/v2/D4D0BAQGUKsfjHB8RNQ/company-logo_100_100/company-logo_100_100/0/1735368022724/stealth_startup_51_logo?e=2147483647&v=beta&t=1i0dQhrw7PP6WXHh5KlNBZJnCIP8p9MZJyxISsOwvRs",
        "company_name": "Stealth Startup",
        "location": null,
        "summary": "",
        "starts_at": "Jan 2024",
        "ends_at": "Present",
        "duration": "1 year 3 months"
      },
      {
        "position": "HackMIT First Place Grand Prize Winner",
        "company_url": "https://www.linkedin.com/company/hackmit?trk=public_profile_experience-item_profile-section-card_subtitle-click",
        "company_image": "https://media.licdn.com/dms/image/v2/D4E0BAQGffnSyikL3iA/company-logo_100_100/company-logo_100_100/0/1687202609707/hackmit_logo?e=2147483647&v=beta&t=TabVwjgOGCBcejOnEyVgPtUIqWNGIppb-3Una3_Gwmo",
        "company_name": "HackMIT",
        "location": null,
        "summary": "",
        "starts_at": "Sep 2024",
        "ends_at": "Sep 2024",
        "duration": "1 month"
      }
    ],
    "education": [
      {
        "college_url": "https://www.linkedin.com/school/mit/?trk=public_profile_school_profile-section-card_image-click",
        "college_name": "Massachusetts Institute of Technology",
        "college_image": "https://media.licdn.com/dms/image/v2/D560BAQH-UXRfIDIKug/company-logo_100_100/company-logo_100_100/0/1689799729035/mit_logo?e=2147483647&v=beta&t=2BcyEkKb9m86JDvxtNLfDVfyept76unhOFNf5Wt_Vp4",
        "college_degree": "Bachelor's degree",
        "college_degree_field": "EECS + Finance",
        "college_duration": "2024 - 2028",
        "college_activity": ""
      },
      {
        "college_url": "https://www.linkedin.com/school/carnegie-vanguard-high-school/?trk=public_profile_school_profile-section-card_image-click",
        "college_name": "Carnegie Vanguard High School",
        "college_image": "https://media.licdn.com/dms/image/v2/C4E0BAQGxU8nTjBoW8w/company-logo_100_100/company-logo_100_100/0/1637204962004/carnegie_vanguard_high_school_logo?e=2147483647&v=beta&t=aeab0pF6GxS1IrItxv64maN-rwcz6juGbEcJ0xIkoWw",
        "college_degree": "High School Diploma",
        "college_degree_field": null,
        "college_duration": "2021 - 2024",
        "college_activity": ""
      },
      {
        "college_url": "https://www.linkedin.com/school/bellaire-high-school-34/?trk=public_profile_school_profile-section-card_image-click",
        "college_name": "Bellaire High School",
        "college_image": "https://media.licdn.com/dms/image/v2/C4E0BAQHdHf1Dwny_2Q/company-logo_100_100/company-logo_100_100/0/1630599344876?e=2147483647&v=beta&t=IWhJXxKePWmBC_BAlmZJixUjU8NyB_2l8v4Vak0fsUw",
        "college_degree": "High School Diploma",
        "college_degree_field": null,
        "college_duration": "2020 - 2021",
        "college_activity": ""
      }
    ],
    "articles": [],
    "description": {
      "description1": "MIT Computer Science and Artificial Intelligence Laboratory (CSAIL)",
      "description1_link": "https://www.linkedin.com/company/mit-csail?trk=public_profile_topcard-current-company",
      "description2": "Massachusetts Institute of Technology",
      "description2_link": "https://www.linkedin.com/school/mit/?trk=public_profile_topcard-school",
      "description3": ""
    },
    "activities": [
      {
        "link": "https://www.linkedin.com/posts/josericardoramos22_your-life-can-change-in-the-blink-of-an-eye-activity-7299967410269290496-BdJt",
        "image": "https://media.licdn.com/dms/image/v2/D4E22AQHfXxdYYh354g/feedshare-shrink_800/B4EZU6xrTDG0Ag-/0/1740447856551?e=2147483647&v=beta&t=TJBAQzhGTO8UI4qzbFk6qZk3FR9ouG_qbBbcL5kSSJU",
        "title": "Your life can change in the blink of an eye\u2026\n\n8 months ago, I was living at a hacker house in SF, waking up at 6am every day to trade options only to\u2026",
        "activity": "Liked by Arnav Adhikari"
      },
      {
        "link": "https://www.linkedin.com/posts/sanjithudupa_had-an-awesome-time-this-past-weekend-competing-activity-7297740379951353858-8z_e",
        "image": "https://media.licdn.com/dms/image/v2/D5622AQHhp4IIDaaACA/feedshare-shrink_2048_1536/B56ZUbILRdGoAo-/0/1739916887127?e=2147483647&v=beta&t=1kQ3Rn-EnGoTr-kmn_gwEctG-XpMIyN4zjPyVMsG-LY",
        "title": "Had an awesome time this past weekend competing at TreeHacks with my teammates Claire Wang, Sarah Su, and Kevin Zhu.\n\nWe built Mirror - a personal\u2026",
        "activity": "Liked by Arnav Adhikari"
      },
      {
        "link": "https://www.linkedin.com/posts/rohitdotmittal_i-had-a-call-with-a-yc-founder-building-a-activity-7297468526812876800-5kr5",
        "image": "https://static.licdn.com/aero-v1/sc/h/53n89ecoxpr1qrki1do3alazb",
        "title": "I had a call with a YC founder building a billion-dollar company in an AI-native way, and he phrased the new world pretty well.\n\nThe simplest path to\u2026",
        "activity": "Liked by Arnav Adhikari"
      },
      {
        "link": "https://www.linkedin.com/posts/myan_in-honor-of-valentines-day-heres-a-hinge-activity-7296256845374005248-zS2j",
        "image": "https://media.licdn.com/dms/image/v2/D5622AQHe8SxJlREhFg/feedshare-shrink_2048_1536/B56ZUGC8CDHQAo-/0/1739563188741?e=2147483647&v=beta&t=qnS1_8DLtcsSEF1A8GUbsO_hT0EjU-srTJ_oXYYRoDk",
        "title": "In honor of Valentine\u2019s Day, here's a Hinge experience I recently had:\n\nEven though things didn\u2019t work out, I had to reach out asking them to be a\u2026",
        "activity": "Liked by Arnav Adhikari"
      },
      {
        "link": "https://www.linkedin.com/posts/it-didnt-cost-8m-and-you-never-even-activity-7297657622185357312-LmGN",
        "image": "https://media.licdn.com/dms/image/v2/D5605AQFiJDfrq4A5Fw/videocover-high/B56ZUZ60bWGQBs-/0/1739896613141?e=2147483647&v=beta&t=yjdQxbga6ou6XYyiRfhaVg1JvZ6Qjwi_deMgUSy2M2g",
        "title": "\ud83c\udfc8 It didn\u2019t cost $8M. And you never even saw our \u201cSuper Bowl ad\u201d. But everyone's convinced they did... and it went viral anyways.\n\nOver the past\u2026",
        "activity": "Liked by Arnav Adhikari"
      },
      {
        "link": "https://www.linkedin.com/posts/arnavchakravarthy_i-am-stoked-to-share-that-we-won-the-grand-activity-7297653656697327616-TzKN",
        "image": "https://media.licdn.com/dms/image/v2/D5622AQHe_X973Oyk_w/feedshare-shrink_800/B56ZUYbkMMHQAg-/0/1739871636647?e=2147483647&v=beta&t=WDkxTuJIQxYnAnFouu--AIoIexZ48AwRaM7rD1HDH_U",
        "title": "I am stoked to share that we won the Grand Prize in Healthcare at TreeHacks 2025, the nation\u2019s largest collegiate (and my first) hackathon! We were\u2026",
        "activity": "Liked by Arnav Adhikari"
      },
      {
        "link": "https://www.linkedin.com/posts/y-combinator_woz-yc-w25-is-your-ai-technical-cofounder-activity-7297668714714316800-mpwh",
        "image": "https://media.licdn.com/dms/image/v2/D5605AQF89ScIaRVHXg/videocover-high/B56ZUZ3cBnGUBs-/0/1739895783272?e=2147483647&v=beta&t=Uh4n_XO0Nzt1BLxdC3EtzGJF00fFREyHLRt5OR2uo6c",
        "title": "Woz (YC W25) is your AI Technical Cofounder.\n\nWoz is an AI platform that empowers non-technical entrepreneurs to build and scale real software\u2026",
        "activity": "Liked by Arnav Adhikari"
      },
      {
        "link": "https://www.linkedin.com/posts/y-combinator_assistant-ui-is-an-open-source-typescript-activity-7297268577340928000-oZC9",
        "image": "https://media.licdn.com/dms/image/v2/D5605AQE8DMocQ8KkeA/videocover-high/B56ZUSv2OJGoBw-/0/1739776307153?e=2147483647&v=beta&t=S7qQ2RbBLry8pYJVCD8ls7mt_AYBPK_9dGwppFLt6Ls",
        "title": "assistant-ui is an open-source TypeScript/React library that brings a ChatGPT-like UX directly into your app.\n\nThe library handles essential chat\u2026",
        "activity": "Liked by Arnav Adhikari"
      },
      {
        "link": "https://www.linkedin.com/posts/eric-vyacheslav-156273169_this-is-incredible-researchers-placed-1000-activity-7296861097137946624-1Z3r",
        "image": "https://media.licdn.com/dms/image/v2/D5610AQH-CZt2PQeNlw/videocover-high/B56ZUOoX.6HoBA-/0/1739707224949?e=2147483647&v=beta&t=-KiAPoXgO2rVW_WBr47D2ET4LYt6BlM-kX3qwxJ6m7E",
        "title": "This is incredible. Researchers placed 1,000 AI agents in Minecraft, and they built their own world with government, politics, and economy. \n\nThe\u2026",
        "activity": "Liked by Arnav Adhikari"
      },
      {
        "link": "https://www.linkedin.com/posts/aayushg1414_leetcode-faang-chatgpt-activity-7296265034475704321-QZsJ",
        "image": "https://media.licdn.com/dms/image/v2/D5622AQH9PWWDRiDDsA/feedshare-shrink_2048_1536/B56ZUGKYmSHoAo-/0/1739565140812?e=2147483647&v=beta&t=2AkFHr-hi9jGSsodeXB_pXuVzBAVW8CwITZT5e9OHgI",
        "title": "she left me one year ago today.\n\ni was too busy grinding leetcode, trying to land a big tech job, and completely forgot about valentine\u2019s day. no\u2026",
        "activity": "Liked by Arnav Adhikari"
      },
      {
        "link": "https://www.linkedin.com/posts/robertkharrington_happy-valentines-day-from-the-the-cerulion-activity-7296224196194435073-K29K",
        "image": "https://media.licdn.com/dms/image/v2/D4E05AQG1cSSZQoeNSw/videocover-high/B4EZUFlM.cGYBs-/0/1739555397883?e=2147483647&v=beta&t=C4fo61xHQHlmkHwqa7ltlbogRkSs7lf1rVRWY_L0ydQ",
        "title": "Happy Valentine\u2019s Day from the the Cerulion Robot!",
        "activity": "Liked by Arnav Adhikari"
      },
      {
        "link": "https://www.linkedin.com/posts/satyamurthy-nageswaran-60a9267_my-uber-driver-went-to-stanford-at-16-earned-activity-7295714914944352256-Ycpk",
        "image": "https://media.licdn.com/dms/image/v2/D4D22AQEZ-6rba_gHPA/feedshare-shrink_800/B4DZT.WDSzG4Ak-/0/1739433981960?e=2147483647&v=beta&t=OIN08nKonNKN8D0edG_DfeiskACHbpTFoc1pB2wSKI8",
        "title": "My Uber driver went to Stanford at 16, earned his PhD in math and economics at 24, and then taught quantum physics at Berkeley for 40 years.\n\nNow\u2026",
        "activity": "Liked by Arnav Adhikari"
      },
      {
        "link": "https://www.linkedin.com/posts/y-combinator_candor-yc-w25-helps-defense-energy-and-activity-7294851803240611840-br3k",
        "image": "https://media.licdn.com/dms/image/v2/D5605AQGhRgXaVvQINg/videocover-high/B56ZTyEWJfHsBw-/0/1739228164926?e=2147483647&v=beta&t=PtfHBSXDgoFgZONDMGi_YTCCNI8WnGHXDsQz832BIyQ",
        "title": "Candor (YC W25) helps defense, energy, and biotech startups win tens of billions of dollars in US government funding. Their AI software auto-drafts\u2026",
        "activity": "Liked by Arnav Adhikari"
      },
      {
        "link": "https://www.linkedin.com/posts/clevy_whos-at-stanford-for-treehacks-hosting-activity-7294602289120493568-kJUf",
        "image": "https://media.licdn.com/dms/image/v2/D5605AQFOPFHAcdW84w/videocover-high/B56ZTuiHygHQBw-/0/1739168710929?e=2147483647&v=beta&t=X3wFKqx3AGz4VrdDaTjeqEtMRCo_IdKuSICrphAzUAk",
        "title": "who's at stanford for treehacks? \n\nhosting an unofficial event saturday night at Stanford for it. \n\ncomment if you want to come.\n\n(here's a video\u2026",
        "activity": "Liked by Arnav Adhikari"
      },
      {
        "link": "https://www.linkedin.com/posts/hsaxena2_yes-i-found-customers-on-omegle-today-while-activity-7275470080967090176-3qwM",
        "image": "https://media.licdn.com/dms/image/v2/D4D05AQEvHHRa1iwHHQ/videocover-high/B4DZPepWxuG0Bs-/0/1734607212762?e=2147483647&v=beta&t=Ea7KeoHHBK5bqlTwsoulr4Mq2QQgXQjNG6-xeSldveI",
        "title": "Yes, I found customers on Omegle\n\nToday while talking to Tathagat (our Product guy at DevDynamics) about our Developer Profile feature which helps\u2026",
        "activity": "Liked by Arnav Adhikari"
      },
      {
        "link": "https://www.linkedin.com/posts/y-combinator_were-excited-to-announce-ycs-first-ai-startup-activity-7293659805154455553-JDTt",
        "image": "https://media.licdn.com/dms/image/v2/D5622AQHaJZNh_FdD8w/feedshare-shrink_800/B56ZThEp1aGoAg-/0/1738942881731?e=2147483647&v=beta&t=G3oJ7BHyXIgcqoZXmxUedaRGs1sXPuZygsWBv1l3QcA",
        "title": "We\u2019re excited to announce YC's first AI Startup School\u2014 June 16 and 17th in San Francisco. It's a totally free conference bringing together the next\u2026",
        "activity": "Liked by Arnav Adhikari"
      },
      {
        "link": "https://www.linkedin.com/posts/alexander-l-li_mit-hackathon-webdev-activity-7293015229884477441-bOmj",
        "image": "https://media.licdn.com/dms/image/v2/D4E22AQENfUdXmVYeWg/feedshare-shrink_800/B4EZTX.sMtHMAw-/0/1738790326444?e=2147483647&v=beta&t=usdtFEsK9AfBIz2QL2pXRnh-0YTiFiUsTHePZ1TkIoM",
        "title": "IAP (Independent Activities Period) @ MIT has finally come to an end and I\u2019ve got some exciting news to share!\u00a0Last week, Catherine Tu, Sean Wilson\u2026",
        "activity": "Liked by Arnav Adhikari"
      },
      {
        "link": "https://www.linkedin.com/posts/naderlikeladder_brevdev-was-acquired-by-nvidia-exa-raised-activity-7288675023916089345-HEgg",
        "image": "https://media.licdn.com/dms/image/v2/D5605AQF1frY-30yNKw/videocover-high/B56ZSaTPRvHEBs-/0/1737755525972?e=2147483647&v=beta&t=NbdzxEeS_fqpMbX4lOTbKb3ZjSIsr3Gez6iy1O8r2LI",
        "title": "Brev.dev was acquired by NVIDIA\nExa raised $22M\nSan Francisco Compute Company raised $12M\nRoboflow raised $60M\n\nAll lived in this house in San\u2026",
        "activity": "Liked by Arnav Adhikari"
      },
      {
        "link": "https://www.linkedin.com/posts/connorling_life-update-ive-moved-to-sf-declined-my-activity-7287641314353971201-8GYt",
        "image": "https://media.licdn.com/dms/image/v2/D4E22AQFxxEFH-RnzlQ/feedshare-shrink_800/B4EZSLnKLYGcAg-/0/1737509086200?e=2147483647&v=beta&t=YfVmE6opcdBuOY1ah0AhDC9rq1rS-JaPM7mVxtpBcMc",
        "title": "Life update: I\u2019ve moved to SF, declined my offer to Stanford University Graduate School of Business, and joined Neo as an investor! Before getting\u2026",
        "activity": "Liked by Arnav Adhikari"
      }
    ],
    "volunteering": [],
    "certification": [],
    "people_also_viewed": [],
    "similar_profiles": [
      {
        "link": "https://www.linkedin.com/in/arnav-adhikari-88583ab8?trk=public_profile_samename-profile",
        "name": "Arnav Adhikari",
        "summary": "PhD Student at Brown University",
        "location": "Providence, RI"
      },
      {
        "link": "https://in.linkedin.com/in/arnav-adhikari-994984288?trk=public_profile_samename-profile",
        "name": "Arnav Adhikari",
        "summary": "Student | MITWPU",
        "location": "Pune"
      },
      {
        "link": "https://www.linkedin.com/in/arnav-adhikari-736717302?trk=public_profile_samename-profile",
        "name": "Arnav Adhikari",
        "summary": "--",
        "location": "Fairfax, VA"
      },
      {
        "link": "https://np.linkedin.com/in/arnav-adhikari-2275ba2a1?trk=public_profile_samename-profile",
        "name": "Arnav Adhikari",
        "summary": "Attended Rato bangala school",
        "location": "Kathmandu"
      }
    ],
    "recommendations": [],
    "publications": [],
    "courses": [],
    "languages": [],
    "organizations": [],
    "projects": [],
    "awards": [],
    "score": []
  }
]