{
  "title": "AI + Human Intelligence | SF Tech Events - GarysGuide | The #1 Resource for SF Tech",
  "meta_description": "",
  "main_content": "NYC SF SXSW 2025 Events Deals Jobs Add Add New Event Add New Job Sign in SF Tech Events Weekly Newsletter! * Select Region NYC SF AI + Human Intelligence Demos by OpenSphere.ai, Solo, OWOW, Yeyzer. Venue , To Be Announced, San Francisco Oct 24 (Thu) @ 06:00 PM FREE Register Export Google Yahoo Apple iCal Outlook DETAILS In this event we will be discussing whether AI will replace HI ( Human Intelligence) from the human emotion interpretation perspective in the near future, & how to think about AI as an enhancer & enabler to improve the human experience around socializing in real-life en masse! Agenda: 6-7 pm: Network 7-7:15 pm: Opening, hosts intro 7:15-7:45 pm: Panel (20-30 mins) TBD 7:45-8 pm: Startup pitches (60 seconds each) 8-9pm: Network more! Tonight's hosts: Atal Agarwal, Founder, OpenSphere.ai The go-to platform for immigrants, immigration lawyers & employers that hire international employees. https://opensphere.ai/ Dhruv Diddi- Founder @Solo Solo is a revolutionary platform that brings the power of AI directly to your device, ensuring your data stays private, your experience is personalized, & your AI is always within reach. https://getsolo.tech/ Gangesh Pathak- Founder @OWOW We're building an AI powered tech platform to Recruit, Hire & Manage talents anywhere on earth. https://owowtalents.com/ Sarah Hajipour- Founder @Yeyzer Your first Social AI platform, fighting loneliness for professionals through connections IRL, one-on-one. https://www.yeyzer.com/ \u00a9 2025 GarysGuide About Feedback Press Terms",
  "links": [
    {
      "url": "https://www.garysguide.com/events?region=sf",
      "text": ""
    },
    {
      "url": "https://www.garysguide.com/events?region=nyc",
      "text": "NYC"
    },
    {
      "url": "https://www.garysguide.com/events?region=sf",
      "text": "SF"
    },
    {
      "url": "https://www.garysguide.com/events/lists/sxsw",
      "text": "SXSW 2025"
    },
    {
      "url": "https://www.garysguide.com/events?region=sf",
      "text": "Events"
    },
    {
      "url": "https://www.garysguide.com/deals",
      "text": "Deals"
    },
    {
      "url": "https://www.garysguide.com/jobs?region=sf",
      "text": "Jobs"
    },
    {
      "url": "https://www.garysguide.com/users/sign_in?ref=https://www.garysguide.com/events/bop1f0b/AI-Human-Intelligence",
      "text": "Sign in"
    },
    {
      "url": "http://gary.to/lu1wu9x",
      "text": ""
    },
    {
      "url": "http://gary.to/8upza8q",
      "text": ""
    },
    {
      "url": "http://gary.to/yl4tz9k",
      "text": ""
    },
    {
      "url": "http://gary.to/lr1npun",
      "text": ""
    },
    {
      "url": "http://gary.to/hibf6ga",
      "text": ""
    },
    {
      "url": "/events/bop1f0b/AI-Human-Intelligence",
      "text": "AI + Human Intelligence"
    },
    {
      "url": "http://gary.to/r4ek3vr",
      "text": "Register"
    },
    {
      "url": "https://www.google.com/calendar/event?action=TEMPLATE&text=AI+++Human+Intelligence&dates=20241024T180000/20241024T180000&location=Venue&details=&trp=false&sprop=http://gary.to/bop1f0b&sprop=name:",
      "text": "Google"
    },
    {
      "url": "https://calendar.yahoo.com/?v=60&TITLE=AI+++Human+Intelligence&TYPE=20&URL=http://gary.to/bop1f0b&ST=20241024T180000&DUR=000&REND=&RPAT=1dy&in_loc=&in_st=&in_csz=&in_ph=",
      "text": "Yahoo"
    },
    {
      "url": "https://www.garysguide.com/events/bop1f0b/calendar",
      "text": "Apple iCal"
    },
    {
      "url": "https://www.garysguide.com/events/bop1f0b/calendar",
      "text": "Outlook"
    },
    {
      "url": "https://www.garysguide.com/about",
      "text": "About"
    },
    {
      "url": "https://www.garysguide.com/feedback",
      "text": "Feedback"
    },
    {
      "url": "https://www.garysguide.com/press",
      "text": "Press"
    },
    {
      "url": "https://www.garysguide.com/terms",
      "text": "Terms"
    }
  ],
  "images": [
    {
      "src": "https://s3.amazonaws.com/garysguide_images/gg_logo_sf.png",
      "alt": ""
    },
    {
      "src": "https://s3.amazonaws.com/garysguide_images/gary_navbar.jpg",
      "alt": ""
    },
    {
      "src": "https://s3.amazonaws.com/garysguide/857eabcda56c41039017aae94ff4104boriginal.jpg",
      "alt": ""
    },
    {
      "src": "https://s3.amazonaws.com/garysguide/ec0cb9441fd4416e8c576114a68f972doriginal.jpg",
      "alt": ""
    },
    {
      "src": "https://s3.amazonaws.com/garysguide/0f9960a1c5a54823ab4e532cf9777626original.jpg",
      "alt": ""
    },
    {
      "src": "https://s3.amazonaws.com/garysguide/7a37ce54303e4e138bee8e7b2a8471e0original.jpg",
      "alt": ""
    },
    {
      "src": "https://s3.amazonaws.com/garysguide/f35ca1215dbc405d86bff4f323af9bf6original.jpeg",
      "alt": ""
    },
    {
      "src": "https://s3.amazonaws.com/garysguide_images/blue_star.png",
      "alt": "Popular Event"
    }
  ]
}