[
  {
    "fullName": "Soham Vasanawala",
    "linkedin_internal_id": "1004605399",
    "first_name": "Soham",
    "last_name": "Vasanawala",
    "public_identifier": "sohvasa",
    "background_cover_image_url": "https://static.licdn.com/aero-v1/sc/h/5q92mjc5c51bjlwaj3rs9aa82",
    "profile_photo": "https://media.licdn.com/dms/image/v2/D5603AQEXyl3g-sHJ1w/profile-displayphoto-shrink_200_200/profile-displayphoto-shrink_200_200/0/1702666283417?e=2147483647&v=beta&t=lWQE841Q89GD6tm4CSE01oM28SAOLdtfJ-H5irJaXrw",
    "headline": "Math at Stanford",
    "location": "1K followers\n          \n          \n              500+ connections",
    "about": "Interested in data science and the biotech space",
    "experience": [
      {
        "position": "Co-Founder",
        "company_url": "https://www.linkedin.com/company/intratalent-ai?trk=public_profile_experience-item_profile-section-card_subtitle-click",
        "company_image": "https://media.licdn.com/dms/image/v2/D4E0BAQHt6bLrSM3FQA/company-logo_100_100/company-logo_100_100/0/1731315065215?e=2147483647&v=beta&t=5DSWQWh_UDAeDvkn1HX9txKgmbuapk2_o8-5zYspoJc",
        "company_name": "Intratalent AI",
        "location": null,
        "summary": "",
        "starts_at": "Nov 2024",
        "ends_at": "Present",
        "duration": "5 months"
      },
      {
        "position": "Co-Founder",
        "company_url": "https://www.linkedin.com/company/gains-coach-llc?trk=public_profile_experience-item_profile-section-card_subtitle-click",
        "company_image": "https://media.licdn.com/dms/image/v2/D560BAQEAtX1qbdO1NA/company-logo_100_100/company-logo_100_100/0/1704131204876?e=2147483647&v=beta&t=Y6KJCkItk28nvhg8O5S_83zGyTZeG-maq_xPpmKlzcw",
        "company_name": "Gains Coach LLC",
        "location": null,
        "summary": "Developing a real-time, AI-powered coaching platform for sharing a wide range of physical movements (physiotherapy, sports, fitness, dance, etc.)",
        "starts_at": "Dec 2021",
        "ends_at": "Present",
        "duration": "3 years 4 months"
      },
      {
        "position": "Summer Research Intern",
        "company_url": "https://www.linkedin.com/school/stanford-university-school-of-medicine/?trk=public_profile_experience-item_profile-section-card_subtitle-click",
        "company_image": "https://media.licdn.com/dms/image/v2/C560BAQH74V3iDB5G5Q/company-logo_100_100/company-logo_100_100/0/1630632331199/stanford_university_school_of_medicine_logo?e=2147483647&v=beta&t=4AUMlEKUL9FzfS7gBiK7486AAqDCUwHEZAxLoqLWotY",
        "company_name": "Stanford University School of Medicine",
        "location": "Stanford, California, United States",
        "summary": "Incubator for Medical Mixed and Extended Reality at StanfordDeveloped a real-time augmented-reality visualization of knee motion from MRI data for the HoloLens2",
        "starts_at": "Jun 2023",
        "ends_at": "Aug 2023",
        "duration": "3 months"
      },
      {
        "position": "Software Engineer",
        "company_url": "https://www.linkedin.com/company/turboprop-ai?trk=public_profile_experience-item_profile-section-card_subtitle-click",
        "company_image": "https://media.licdn.com/dms/image/v2/D4E0BAQHNc5I84u9XYg/company-logo_100_100/company-logo_100_100/0/1690839448757/turboprop_ai_logo?e=2147483647&v=beta&t=F8sEcxzH1csU24kMcAaexUtrM5FGlmDPO-XnpW62V2w",
        "company_name": "Turboprop",
        "location": "Menlo Park, California, United States",
        "summary": "Fintech startup",
        "starts_at": "Jun 2022",
        "ends_at": "Aug 2022",
        "duration": "3 months"
      },
      {
        "position": "Research Intern",
        "company_url": "https://www.linkedin.com/school/stanford-university-school-of-engineering/?trk=public_profile_experience-item_profile-section-card_subtitle-click",
        "company_image": "https://media.licdn.com/dms/image/v2/C4E0BAQGBk9nVkNx7og/company-logo_100_100/company-logo_100_100/0/1631342355719?e=2147483647&v=beta&t=xDGTKnsIl77IlBekd8ejVVlcPmKtnYaxa9f1sSTZzIc",
        "company_name": "Stanford University School of Engineering",
        "location": "Stanford, California, United States",
        "summary": "Designed and conducted research, and developed a time-saving algorithm for a medical procedure. Presented at Stanford BioX 2022 and ISMRM 2023.Constructed circuits.",
        "starts_at": "Jun 2021",
        "ends_at": "Aug 2022",
        "duration": "1 year 3 months"
      }
    ],
    "education": [
      {
        "college_url": "https://www.linkedin.com/school/stanford-university/?trk=public_profile_school_profile-section-card_image-click",
        "college_name": "Stanford University",
        "college_image": "https://media.licdn.com/dms/image/v2/C560BAQHr9suxyJBXMw/company-logo_100_100/company-logo_100_100/0/1635534378870/stanford_university_logo?e=2147483647&v=beta&t=ZvB25L95o9w4q9drvsWxGcM49tX66Cf5LsLAxYp8rSs",
        "college_degree": "Bachelor of Science - BS",
        "college_degree_field": "4.0",
        "college_duration": "2023 - 2027",
        "college_activity": ""
      },
      {
        "college_url": "https://www.linkedin.com/school/gunn-high-school/?trk=public_profile_school_profile-section-card_image-click",
        "college_name": "Henry M. Gunn High School",
        "college_image": "https://static.licdn.com/aero-v1/sc/h/6qpnald1ddva78jx4bnnl3vw",
        "college_degree": "4.6 (W) and 4.0 (UW)",
        "college_degree_field": null,
        "college_duration": "2019 - 2023",
        "college_activity": ""
      }
    ],
    "articles": [],
    "description": {
      "description1": "Intratalent AI",
      "description1_link": "https://www.linkedin.com/company/intratalent-ai?trk=public_profile_topcard-current-company",
      "description2": "Stanford University",
      "description2_link": "https://www.linkedin.com/school/stanford-university/?trk=public_profile_topcard-school",
      "description3": ""
    },
    "activities": [
      {
        "link": "https://www.linkedin.com/posts/rishi-sadanandan_thank-you-so-much-berkeley-this-investment-activity-7235014150140170241-edZX",
        "image": "https://static.licdn.com/aero-v1/sc/h/53n89ecoxpr1qrki1do3alazb",
        "title": "Thank you so much, Berkeley! This investment truly means the world to me, and I\u2019m excited to use it to make a positive impact!\n\nSign up to beta test\u2026",
        "activity": "Liked by Soham Vasanawala"
      },
      {
        "link": "https://www.linkedin.com/posts/palo-alto-unified-school-district_pausd-teamusa-pausdpromise-activity-7239283440624246784-Awnd",
        "image": "https://media.licdn.com/dms/image/v2/D5622AQGVqU_aBRspPg/feedshare-shrink_2048_1536/feedshare-shrink_2048_1536/0/1725979669895?e=2147483647&v=beta&t=A7kS-UwAC7k56Z5OT_Fs28HpwhxDX1Ci2OtkorjwKgI",
        "title": "We are so proud of Gunn HS student, Agastya Goel and Team USA at the International Olympiad in Informatics 2024! \ud83c\uddfa\ud83c\uddf8\ud83c\udfc6\n\nFor the second year running,\u2026",
        "activity": "Liked by Soham Vasanawala"
      },
      {
        "link": "https://www.linkedin.com/posts/alex-bloom-568044285_a-new-coai-project-with-stanford-analyzed-activity-7147662770962849792-gbhV",
        "image": "https://media.licdn.com/dms/image/v2/D5622AQELUKuag-tACg/feedshare-shrink_800/feedshare-shrink_800/0/1704076088944?e=2147483647&v=beta&t=Njj4nI7lD2bQQrs-bIjA6EC33pYl-mwrmxrH10gj8DI",
        "title": "A new CO/AI project with Stanford analyzed over 600,000 media articles over the last 10 years from sources including the New York Times, CNN, Fox\u2026",
        "activity": "Liked by Soham Vasanawala"
      }
    ],
    "volunteering": [],
    "certification": [],
    "people_also_viewed": [],
    "similar_profiles": [],
    "recommendations": [],
    "publications": [
      {
        "name": "Essays and Interviews with Bay Area Entrepreneurs",
        "sub_title": "Amazon",
        "summary": "",
        "date": "September 29, 2022",
        "link": "https://www.linkedin.com/redir/redirect?url=https%3A%2F%2Fwww%2Eamazon%2Ecom%2FEntrepreneurial-Insights-Essays-Interviews-Entrepreneurs%2Fdp%2FB0BGQ87BRX%2F&urlhash=nWNd&trk=public_profile_publication-title"
      }
    ],
    "courses": [],
    "languages": [
      {
        "name": "French",
        "level": "Limited working proficiency"
      },
      {
        "name": "English",
        "level": "Native or bilingual proficiency"
      }
    ],
    "organizations": [
      {
        "name": "The International Society for Magnetic Resonance in Medicine",
        "position": "Member"
      }
    ],
    "projects": [],
    "awards": [],
    "score": []
  }
]