{
  "title": "Edward Yang - IMDb",
  "meta_description": "Edward Yang. Writer: Yi Yi. Born on November 6, 1947 in Shanghai, China, Edward Yang has become one of the most talented international filmmakers of his generation. Along with Hou Hsiao-Hsien and Tsai Ming-Liang, Yang ranks among the leading artists of the Taiwanese New Wave, and one of the world's most brilliant auteurs. Growing up in Taipei, Taiwan, he was very interested in Japanese Manga/Comic Books, which led to the...",
  "main_content": "Biography Awards Trivia IMDbPro All topics Edward Yang (1947-2007) Writer Director Actor IMDbPro Starmeter See rank Born on November 6, 1947 in Shanghai, China, Edward Yang has become one of the most talented international filmmakers of his generation. Along with Hou Hsiao-Hsien and Tsai Ming-Liang, Yang ranks among the leading artists of the Taiwanese New Wave, and one of the world's most brilliant auteurs. Growing up in Taipei, Taiwan, he was very interested in Japanese Manga/Comic Books, which led to the writing of his own screenplays. After studying engineering in Taiwan, he enrolled in the Electrical Engineering program at The University of Florida, receiving his Masters degree in 1974 while doing work with The Center for Informatics Research. Yang did not pursue a PhD and instead attended USC Film School briefly, but dropped out after feeling disenchanted by the program's commerce-and-business focus and his own misgivings of pursuing a Film Career. Upon working in Seattle with microcomputers and Defense software, an encounter with a piece by Werner Herzog (Aguirre, Wrath of God) gave him inspiration to observe classics in world cinema and reignited his interest in Film. He eventually wrote the script and served as a production aide on the Hong Kong TV movie, The Winter of 1905 (1981). Although he returned to Taiwan to direct a number of television shows, his break came in 1982 with the direction and writing of the film short, Desires (1982), in the seminal Taiwanese New Wave collaboration In Our Time(1982). While Hou Hsiao-Hsien's movies dealt primarily with history or Taiwan's countryside, Yang created films analyzing and revealing the many themes of city and urban life. His first major piece was That Day On The Beach (1983), a modernist narrative reflecting on couples and family. He followed with the urban films Taipei Story (1984), a reflection on urban-Taiwan through a couple - where he cast fellow auteur Hou Hsiao Hsien as the lead - and The Terrorizer (1986), a complex multi-narrative tale. In Yang's brilliant A Brighter Summer Day (1991), a sprawling examination of teen gangs, societal clashes, the influence of American pop-culture and youth, his first authentic masterpiece was crafted. He has followed with the satires A Confucian Confusion (1995), and Mahjong (1996), films that looked at the struggle between the modern and the traditional, the relationship between business and art, and how capitalistic greed may corrupt, influence, or effect art. It is, however, his most recent film, Yi Yi (2000), that is considered his magnum opus, an epic story about the Jian family seen through their different perspectives. The three-hour masterwork begins with a wedding, ends with a funeral, and examines all areas of human life in a variety of interesting, artistic ways. He has also collaborated with fellow auteur, novelist, and screenwriter Nien-Jen Wu on the piece, casting him as one of the leads, NJ. Yang's filmmaking style looks at the uncertain future of modernizing Taiwan in an enlightening manner, and his vision is one of the most original operating in world cinema today. Born November 6, 1947 Died June 29, 2007 (59) Born November 6, 1947 Died June 29, 2007 (59) IMDbPro Starmeter See rank Add to list Awards 27 wins & 24 nominations total Known for Yi Yi 8.1 Movie Writer 2000 A Brighter Summer Day 8.2 Movie Writer 1991 The Terrorizers 7.7 Movie Writer 1986 Mahjong 7.4 Movie Writer 1996 Credits Edit Writer 13 Director 12 Actor 4 Composer 2 Additional Crew 2 Producer 1 Production Designer 1 Sound Department 1 Self 5 Archive Footage 1 IMDbPro Expand below All credits Writer Previous 13 The Wind 7.2 Short Writer 2007 Yi Yi 8.1 written by 2000 Mahjong 7.4 Writer 1996 A Confucian Confusion 7.5 Writer 1994 Growth Period Video Writer 1993 Likely Consequence 6.7 Video Writer 1992 A Brighter Summer Day 8.2 dialogue script 1991 The Terrorizers 7.7 Writer 1986 Taipei Story 7.6 Writer 1985 That Day, on the Beach 7.6 writer 1983 The Winter of 1905 4.8 Writer 1982 In Our Time 6.9 Writer 1982 Duckweed 6.7 TV Movie adaptation 1981 Director Previous 12 The Wind 7.2 Short Director 2007 Yi Yi 8.1 Director 2000 Mahjong 7.4 Director 1996 A Confucian Confusion 7.5 Director 1994 Growth Period Video Director 1993 Likely Consequence 6.7 Video Director 1992 A Brighter Summer Day 8.2 Director 1991 The Terrorizers 7.7 Director 1986 Taipei Story 7.6 Director 1985 That Day, on the Beach 7.6 Director 1983 In Our Time 6.9 Director 1982 Duckweed 6.7 TV Movie Director 1981 Actor Previous 4 Yi Yi 8.1 Pianist (uncredited) 2000 First Love Unlimited 6.6 Tap's Stepfather 1997 A Summer at Grandpa's 7.6 1984 The Winter of 1905 4.8 Lieutenant Tanaka 1982 Personal details Edit Alternative name Yang Dechang Born November 6 , 1947 Shanghai, China Died June 29 , 2007 Beverly Hills, California, USA (colon cancer) Spouses Chin Tsai May 1985 - August 5, 1995 (divorced) Publicity listings 1 Print Biography 4 Articles Did you know Edit Trivia Michelangelo Antonioni is one of his favorite directors. Trademarks Most all of his films deal with urban Taiwan Related news Contribute to this page Suggest an edit or add missing content Learn more about contributing Edit page More to explore",
  "links": [
    {
      "url": "/name/nm0945981/bio/?ref_=nm_ov_ql_1",
      "text": "Biography"
    },
    {
      "url": "/name/nm0945981/awards/?ref_=nm_ov_ql_2",
      "text": "Awards"
    },
    {
      "url": "/name/nm0945981/trivia/?ref_=nm_ov_ql_3",
      "text": "Trivia"
    },
    {
      "url": "https://pro.imdb.com/name/nm0945981/?rf=cons_nm_ov_hdr&ref_=cons_nm_ov_hdr",
      "text": "IMDbPro"
    },
    {
      "url": "https://pro.imdb.com/name/nm0945981/?rf=cons_nm_meter&ref_=cons_nm_meter",
      "text": "IMDbProStarmeter"
    },
    {
      "url": "https://pro.imdb.com/name/nm0945981/?rf=cons_nm_meter&ref_=cons_nm_meter",
      "text": "See rank"
    },
    {
      "url": "/name/nm0945981/mediaviewer/rm4118085632/?ref_=nm_ov_ph",
      "text": ""
    },
    {
      "url": "/name/nm0945981/bio/?ref_=nm_ov_bio_sm",
      "text": ""
    },
    {
      "url": "https://pro.imdb.com/name/nm0945981/?rf=cons_nm_meter&ref_=cons_nm_meter",
      "text": "IMDbProStarmeter"
    },
    {
      "url": "https://pro.imdb.com/name/nm0945981/?rf=cons_nm_meter&ref_=cons_nm_meter",
      "text": "See rank"
    },
    {
      "url": "/name/nm0945981/awards/?ref_=nm_awd",
      "text": "Awards"
    },
    {
      "url": "/name/nm0945981/awards/?ref_=nm_awd",
      "text": ""
    },
    {
      "url": "/title/tt0244316/?ref_=nm_knf_i_1",
      "text": ""
    },
    {
      "url": "/title/tt0244316/?ref_=nm_knf_t_1",
      "text": "Yi Yi"
    },
    {
      "url": "/title/tt0244316/?ref_=nm_knf_c_1",
      "text": ""
    },
    {
      "url": "/title/tt0101985/?ref_=nm_knf_i_2",
      "text": ""
    },
    {
      "url": "/title/tt0101985/?ref_=nm_knf_t_2",
      "text": "A Brighter Summer Day"
    },
    {
      "url": "/title/tt0101985/?ref_=nm_knf_c_2",
      "text": ""
    },
    {
      "url": "/title/tt0091355/?ref_=nm_knf_i_3",
      "text": ""
    },
    {
      "url": "/title/tt0091355/?ref_=nm_knf_t_3",
      "text": "The Terrorizers"
    },
    {
      "url": "/title/tt0091355/?ref_=nm_knf_c_3",
      "text": ""
    },
    {
      "url": "/title/tt0116962/?ref_=nm_knf_i_4",
      "text": ""
    },
    {
      "url": "/title/tt0116962/?ref_=nm_knf_t_4",
      "text": "Mahjong"
    },
    {
      "url": "/title/tt0116962/?ref_=nm_knf_c_4",
      "text": ""
    },
    {
      "url": "https://contribute.imdb.com/updates?edit=nm0945981/filmography&ref_=nm_flmg_edt",
      "text": "Edit"
    },
    {
      "url": "https://pro.imdb.com/name/nm0945981/?ref_=cons_nm_filmo&rf=cons_nm_filmo",
      "text": "IMDbPro"
    },
    {
      "url": "/title/tt12735230/?ref_=nm_flmg_job_1_cdt_img",
      "text": ""
    },
    {
      "url": "/title/tt12735230/?ref_=nm_flmg_job_1_cdt_t_1",
      "text": "The Wind"
    },
    {
      "url": "/title/tt12735230/?ref_=nm_flmg_job_1_cdt_c_1",
      "text": ""
    },
    {
      "url": "/title/tt0244316/?ref_=nm_flmg_job_1_cdt_img_1",
      "text": ""
    },
    {
      "url": "/title/tt0244316/?ref_=nm_flmg_job_1_cdt_t_2",
      "text": "Yi Yi"
    },
    {
      "url": "/title/tt0244316/?ref_=nm_flmg_job_1_cdt_c_2",
      "text": ""
    },
    {
      "url": "/title/tt0116962/?ref_=nm_flmg_job_1_cdt_img_2",
      "text": ""
    },
    {
      "url": "/title/tt0116962/?ref_=nm_flmg_job_1_cdt_t_3",
      "text": "Mahjong"
    },
    {
      "url": "/title/tt0116962/?ref_=nm_flmg_job_1_cdt_c_3",
      "text": ""
    },
    {
      "url": "/title/tt0109685/?ref_=nm_flmg_job_1_cdt_img_3",
      "text": ""
    },
    {
      "url": "/title/tt0109685/?ref_=nm_flmg_job_1_cdt_t_4",
      "text": "A Confucian Confusion"
    },
    {
      "url": "/title/tt0109685/?ref_=nm_flmg_job_1_cdt_c_4",
      "text": ""
    },
    {
      "url": "/title/tt29613113/?ref_=nm_flmg_job_1_cdt_img_4",
      "text": ""
    },
    {
      "url": "/title/tt29613113/?ref_=nm_flmg_job_1_cdt_t_5",
      "text": "Growth Period"
    },
    {
      "url": "/title/tt29613113/?ref_=nm_flmg_job_1_cdt_c_5",
      "text": ""
    },
    {
      "url": "/title/tt5873604/?ref_=nm_flmg_job_1_cdt_img_5",
      "text": ""
    },
    {
      "url": "/title/tt5873604/?ref_=nm_flmg_job_1_cdt_t_6",
      "text": "Likely Consequence"
    },
    {
      "url": "/title/tt5873604/?ref_=nm_flmg_job_1_cdt_c_6",
      "text": ""
    },
    {
      "url": "/title/tt0101985/?ref_=nm_flmg_job_1_cdt_img_6",
      "text": ""
    },
    {
      "url": "/title/tt0101985/?ref_=nm_flmg_job_1_cdt_t_7",
      "text": "A Brighter Summer Day"
    },
    {
      "url": "/title/tt0101985/?ref_=nm_flmg_job_1_cdt_c_7",
      "text": ""
    },
    {
      "url": "/title/tt0091355/?ref_=nm_flmg_job_1_cdt_img_7",
      "text": ""
    },
    {
      "url": "/title/tt0091355/?ref_=nm_flmg_job_1_cdt_t_8",
      "text": "The Terrorizers"
    },
    {
      "url": "/title/tt0091355/?ref_=nm_flmg_job_1_cdt_c_8",
      "text": ""
    },
    {
      "url": "/title/tt0089866/?ref_=nm_flmg_job_1_cdt_img_8",
      "text": ""
    },
    {
      "url": "/title/tt0089866/?ref_=nm_flmg_job_1_cdt_t_9",
      "text": "Taipei Story"
    },
    {
      "url": "/title/tt0089866/?ref_=nm_flmg_job_1_cdt_c_9",
      "text": ""
    },
    {
      "url": "/title/tt0085635/?ref_=nm_flmg_job_1_cdt_img_9",
      "text": ""
    },
    {
      "url": "/title/tt0085635/?ref_=nm_flmg_job_1_cdt_t_10",
      "text": "That Day, on the Beach"
    },
    {
      "url": "/title/tt0085635/?ref_=nm_flmg_job_1_cdt_c_10",
      "text": ""
    },
    {
      "url": "/title/tt2592058/?ref_=nm_flmg_job_1_cdt_img_10",
      "text": ""
    },
    {
      "url": "/title/tt2592058/?ref_=nm_flmg_job_1_cdt_t_11",
      "text": "The Winter of 1905"
    },
    {
      "url": "/title/tt2592058/?ref_=nm_flmg_job_1_cdt_c_11",
      "text": ""
    },
    {
      "url": "/title/tt0085626/?ref_=nm_flmg_job_1_cdt_img_11",
      "text": ""
    },
    {
      "url": "/title/tt0085626/?ref_=nm_flmg_job_1_cdt_t_12",
      "text": "In Our Time"
    },
    {
      "url": "/title/tt0085626/?ref_=nm_flmg_job_1_cdt_c_12",
      "text": ""
    },
    {
      "url": "/title/tt14846048/?ref_=nm_flmg_job_1_cdt_img_12",
      "text": ""
    },
    {
      "url": "/title/tt14846048/?ref_=nm_flmg_job_1_cdt_t_13",
      "text": "Duckweed"
    },
    {
      "url": "/title/tt14846048/?ref_=nm_flmg_job_1_cdt_c_13",
      "text": ""
    },
    {
      "url": "/title/tt12735230/?ref_=nm_flmg_job_2_cdt_img",
      "text": ""
    },
    {
      "url": "/title/tt12735230/?ref_=nm_flmg_job_2_cdt_t_1",
      "text": "The Wind"
    },
    {
      "url": "/title/tt12735230/?ref_=nm_flmg_job_2_cdt_c_1",
      "text": ""
    },
    {
      "url": "/title/tt0244316/?ref_=nm_flmg_job_2_cdt_img_1",
      "text": ""
    },
    {
      "url": "/title/tt0244316/?ref_=nm_flmg_job_2_cdt_t_2",
      "text": "Yi Yi"
    },
    {
      "url": "/title/tt0244316/?ref_=nm_flmg_job_2_cdt_c_2",
      "text": ""
    },
    {
      "url": "/title/tt0116962/?ref_=nm_flmg_job_2_cdt_img_2",
      "text": ""
    },
    {
      "url": "/title/tt0116962/?ref_=nm_flmg_job_2_cdt_t_3",
      "text": "Mahjong"
    },
    {
      "url": "/title/tt0116962/?ref_=nm_flmg_job_2_cdt_c_3",
      "text": ""
    },
    {
      "url": "/title/tt0109685/?ref_=nm_flmg_job_2_cdt_img_3",
      "text": ""
    },
    {
      "url": "/title/tt0109685/?ref_=nm_flmg_job_2_cdt_t_4",
      "text": "A Confucian Confusion"
    },
    {
      "url": "/title/tt0109685/?ref_=nm_flmg_job_2_cdt_c_4",
      "text": ""
    },
    {
      "url": "/title/tt29613113/?ref_=nm_flmg_job_2_cdt_img_4",
      "text": ""
    },
    {
      "url": "/title/tt29613113/?ref_=nm_flmg_job_2_cdt_t_5",
      "text": "Growth Period"
    },
    {
      "url": "/title/tt29613113/?ref_=nm_flmg_job_2_cdt_c_5",
      "text": ""
    },
    {
      "url": "/title/tt5873604/?ref_=nm_flmg_job_2_cdt_img_5",
      "text": ""
    },
    {
      "url": "/title/tt5873604/?ref_=nm_flmg_job_2_cdt_t_6",
      "text": "Likely Consequence"
    },
    {
      "url": "/title/tt5873604/?ref_=nm_flmg_job_2_cdt_c_6",
      "text": ""
    },
    {
      "url": "/title/tt0101985/?ref_=nm_flmg_job_2_cdt_img_6",
      "text": ""
    },
    {
      "url": "/title/tt0101985/?ref_=nm_flmg_job_2_cdt_t_7",
      "text": "A Brighter Summer Day"
    },
    {
      "url": "/title/tt0101985/?ref_=nm_flmg_job_2_cdt_c_7",
      "text": ""
    },
    {
      "url": "/title/tt0091355/?ref_=nm_flmg_job_2_cdt_img_7",
      "text": ""
    },
    {
      "url": "/title/tt0091355/?ref_=nm_flmg_job_2_cdt_t_8",
      "text": "The Terrorizers"
    },
    {
      "url": "/title/tt0091355/?ref_=nm_flmg_job_2_cdt_c_8",
      "text": ""
    },
    {
      "url": "/title/tt0089866/?ref_=nm_flmg_job_2_cdt_img_8",
      "text": ""
    },
    {
      "url": "/title/tt0089866/?ref_=nm_flmg_job_2_cdt_t_9",
      "text": "Taipei Story"
    },
    {
      "url": "/title/tt0089866/?ref_=nm_flmg_job_2_cdt_c_9",
      "text": ""
    },
    {
      "url": "/title/tt0085635/?ref_=nm_flmg_job_2_cdt_img_9",
      "text": ""
    },
    {
      "url": "/title/tt0085635/?ref_=nm_flmg_job_2_cdt_t_10",
      "text": "That Day, on the Beach"
    },
    {
      "url": "/title/tt0085635/?ref_=nm_flmg_job_2_cdt_c_10",
      "text": ""
    },
    {
      "url": "/title/tt0085626/?ref_=nm_flmg_job_2_cdt_img_10",
      "text": ""
    },
    {
      "url": "/title/tt0085626/?ref_=nm_flmg_job_2_cdt_t_11",
      "text": "In Our Time"
    },
    {
      "url": "/title/tt0085626/?ref_=nm_flmg_job_2_cdt_c_11",
      "text": ""
    },
    {
      "url": "/title/tt14846048/?ref_=nm_flmg_job_2_cdt_img_11",
      "text": ""
    },
    {
      "url": "/title/tt14846048/?ref_=nm_flmg_job_2_cdt_t_12",
      "text": "Duckweed"
    },
    {
      "url": "/title/tt14846048/?ref_=nm_flmg_job_2_cdt_c_12",
      "text": ""
    },
    {
      "url": "/title/tt0244316/?ref_=nm_flmg_job_3_cdt_img",
      "text": ""
    },
    {
      "url": "/title/tt0244316/?ref_=nm_flmg_job_3_cdt_t_1",
      "text": "Yi Yi"
    },
    {
      "url": "/title/tt0244316/?ref_=nm_flmg_job_3_cdt_c_1",
      "text": ""
    },
    {
      "url": "/title/tt0184341/?ref_=nm_flmg_job_3_cdt_img_1",
      "text": ""
    },
    {
      "url": "/title/tt0184341/?ref_=nm_flmg_job_3_cdt_t_2",
      "text": "First Love Unlimited"
    },
    {
      "url": "/title/tt0184341/?ref_=nm_flmg_job_3_cdt_c_2",
      "text": ""
    },
    {
      "url": "/title/tt0087164/?ref_=nm_flmg_job_3_cdt_img_2",
      "text": ""
    },
    {
      "url": "/title/tt0087164/?ref_=nm_flmg_job_3_cdt_t_3",
      "text": "A Summer at Grandpa's"
    },
    {
      "url": "/title/tt0087164/?ref_=nm_flmg_job_3_cdt_c_3",
      "text": ""
    },
    {
      "url": "/title/tt2592058/?ref_=nm_flmg_job_3_cdt_img_3",
      "text": ""
    },
    {
      "url": "/title/tt2592058/?ref_=nm_flmg_job_3_cdt_t_4",
      "text": "The Winter of 1905"
    },
    {
      "url": "/title/tt2592058/?ref_=nm_flmg_job_3_cdt_c_4",
      "text": ""
    },
    {
      "url": "https://contribute.imdb.com/updates?edit=nm0945981/details&ref_=nm_pdt_edt",
      "text": "Edit"
    },
    {
      "url": "/search/name/?birth_monthday=11-6&refine=birth_monthday&ref_=nm_pdt_bth_md",
      "text": "November 6"
    },
    {
      "url": "/search/name/?birth_year=1947&ref_=nm_pdt_bth_yr",
      "text": "1947"
    },
    {
      "url": "/search/name/?birth_place=Shanghai%40%40%40%20China&ref_=nm_pdt_bth_loc",
      "text": "Shanghai, China"
    },
    {
      "url": "/search/name/?death_date=2007-6-29&refine=death_monthday&ref_=nm_pdt_dth_md",
      "text": "June 29"
    },
    {
      "url": "/search/name/?death_date=2007&ref_=nm_pdt_dth_yr",
      "text": "2007"
    },
    {
      "url": "/search/name/?death_place=Beverly%20Hills%40%40%40%20California%40%40%40%20USA&ref_=nm_pdt_dth_loc",
      "text": "Beverly Hills, California, USA"
    },
    {
      "url": "/name/nm0157797/?ref_=nm_pdt_sp",
      "text": "Chin Tsai"
    },
    {
      "url": "/name/nm0945981/publicity/?ref_=nm_pdt_pub",
      "text": "Publicity listings"
    },
    {
      "url": "/name/nm0945981/publicity/?ref_=nm_pdt_pub#printBio",
      "text": "1 Print Biography"
    },
    {
      "url": "/name/nm0945981/publicity/?ref_=nm_pdt_pub#article",
      "text": "4 Articles"
    },
    {
      "url": "/name/nm0945981/publicity/?ref_=nm_pdt_pub",
      "text": ""
    },
    {
      "url": "https://contribute.imdb.com/updates?edit=nm0945981/fun-facts&ref_=nm_dyk_edt",
      "text": "Edit"
    },
    {
      "url": "/name/nm0945981/trivia/?ref_=nm_dyk_trv",
      "text": "Trivia"
    },
    {
      "url": "/name/nm0000774/?nm_dyk_trv",
      "text": "Michelangelo Antonioni"
    },
    {
      "url": "/name/nm0945981/trivia/?ref_=nm_dyk_trv",
      "text": ""
    },
    {
      "url": "/name/nm0945981/news/?ref_=nm_nwr_sm",
      "text": "Related news"
    },
    {
      "url": "https://contribute.imdb.com/updates?ref_=nm_cn_edt&edit=legacy%2Fname%2Fnm0945981%2F",
      "text": "Contribute to this page"
    },
    {
      "url": "https://contribute.imdb.com/czone?ref_=nm_cn_cz",
      "text": "Learn more about contributing"
    },
    {
      "url": "https://contribute.imdb.com/czone?ref_=nm_cn_cz",
      "text": ""
    },
    {
      "url": "https://contribute.imdb.com/updates?ref_=nm_cn_edt&edit=legacy%2Fname%2Fnm0945981%2F",
      "text": "Edit page"
    }
  ],
  "images": [
    {
      "src": "//fls-na.amazon.com/1/batch/1/OP/A1EVAM02EL8SFB:130-0568529-9302204:4E5J4MF5M7QR4KD6HF1K$uedata=s:%2Fuedata%2Fuedata%3Fstaticb%26id%3D4E5J4MF5M7QR4KD6HF1K:0",
      "alt": ""
    },
    {
      "src": "https://m.media-amazon.com/images/M/MV5BZjIzZGRjYTItZTYxMy00YzE0LTljN2QtOGMzMTAyM2QxMjc1XkEyXkFqcGc@._V1_QL75_UX140_CR0,5,140,207_.jpg",
      "alt": "Edward Yang"
    },
    {
      "src": "https://m.media-amazon.com/images/M/MV5BNTAyMDQ5Y2MtZDk0NC00N2IyLWE5OTgtZjJkZWNlMDBhMDhlXkEyXkFqcGc@._V1_QL75_UY133_CR2,0,90,133_.jpg",
      "alt": "Yi Yi (2000)"
    },
    {
      "src": "https://m.media-amazon.com/images/M/MV5BMGRkNGQwOTktNWQxOS00ZDRjLThmODktNWY4NThjNDU2MjM5XkEyXkFqcGc@._V1_QL75_UY133_CR5,0,90,133_.jpg",
      "alt": "A Brighter Summer Day (1991)"
    },
    {
      "src": "https://m.media-amazon.com/images/M/MV5BNTBiNzQxZWYtNWRmMi00MjA1LWE0MjgtZjgzNTAzNmM4NWFhXkEyXkFqcGc@._V1_QL75_UX90_CR0,1,90,133_.jpg",
      "alt": "The Terrorizers (1986)"
    },
    {
      "src": "https://m.media-amazon.com/images/M/MV5BNzBmZmUyMTYtNTk0ZS00Y2Q2LTlmZmQtZGE3MGUwNzBiM2YzXkEyXkFqcGc@._V1_QL75_UY133_CR2,0,90,133_.jpg",
      "alt": "Mahjong (1996)"
    },
    {
      "src": "https://m.media-amazon.com/images/M/MV5BMTE2ZjlhZjMtYzE4Ni00ZjQ2LWIyYjUtNDQxMzY0ODVkZDk4XkEyXkFqcGc@._V1_QL75_UY133_CR3,0,90,133_.jpg",
      "alt": "The Wind (2007)"
    },
    {
      "src": "https://m.media-amazon.com/images/M/MV5BNTAyMDQ5Y2MtZDk0NC00N2IyLWE5OTgtZjJkZWNlMDBhMDhlXkEyXkFqcGc@._V1_QL75_UY133_CR2,0,90,133_.jpg",
      "alt": "Yi Yi (2000)"
    },
    {
      "src": "https://m.media-amazon.com/images/M/MV5BNzBmZmUyMTYtNTk0ZS00Y2Q2LTlmZmQtZGE3MGUwNzBiM2YzXkEyXkFqcGc@._V1_QL75_UY133_CR2,0,90,133_.jpg",
      "alt": "Mahjong (1996)"
    },
    {
      "src": "https://m.media-amazon.com/images/M/MV5BYmZmZjVmZDUtZGExNS00NzZlLTlkOWYtMTg5YmQzMzM1Y2E3XkEyXkFqcGc@._V1_QL75_UY133_CR4,0,90,133_.jpg",
      "alt": "A Confucian Confusion (1994)"
    },
    {
      "src": "https://m.media-amazon.com/images/M/MV5BZjllOThlNmItNzc4Mi00Y2ZmLWFkODQtYTQ4ZjVmODQxZDcxXkEyXkFqcGc@._V1_QL75_UY133_CR73,0,90,133_.jpg",
      "alt": "Likely Consequence (1992)"
    },
    {
      "src": "https://m.media-amazon.com/images/M/MV5BMGRkNGQwOTktNWQxOS00ZDRjLThmODktNWY4NThjNDU2MjM5XkEyXkFqcGc@._V1_QL75_UY133_CR5,0,90,133_.jpg",
      "alt": "A Brighter Summer Day (1991)"
    },
    {
      "src": "https://m.media-amazon.com/images/M/MV5BNTBiNzQxZWYtNWRmMi00MjA1LWE0MjgtZjgzNTAzNmM4NWFhXkEyXkFqcGc@._V1_QL75_UX90_CR0,1,90,133_.jpg",
      "alt": "The Terrorizers (1986)"
    },
    {
      "src": "https://m.media-amazon.com/images/M/MV5BMjAwMGMyMTItODdlYS00MzI4LWFjZDYtOGRlZmYxNGJlZDVkXkEyXkFqcGc@._V1_QL75_UY133_CR1,0,90,133_.jpg",
      "alt": "Taipei Story (1985)"
    },
    {
      "src": "https://m.media-amazon.com/images/M/MV5BNWM2ZmRiZjgtODIwMC00YmY5LTllNzYtMWVjMDk0NmI3NjNlXkEyXkFqcGc@._V1_QL75_UY133_CR1,0,90,133_.jpg",
      "alt": "Sylvia Chang in That Day, on the Beach (1983)"
    },
    {
      "src": "https://m.media-amazon.com/images/M/MV5BNWU2YjdlZTctMGI4Yy00OTZkLWFiYzctNWM2YjFlZjJhZTNhXkEyXkFqcGc@._V1_QL75_UY133_CR58,0,90,133_.jpg",
      "alt": "The Winter of 1905 (1982)"
    },
    {
      "src": "https://m.media-amazon.com/images/M/MV5BNjk0MzFiYjktNGExMy00YmViLTg2OWQtOThlNjlmNDdlODViXkEyXkFqcGc@._V1_QL75_UY133_CR8,0,90,133_.jpg",
      "alt": "In Our Time (1982)"
    },
    {
      "src": "https://m.media-amazon.com/images/M/MV5BMTk3Y2JiNDAtODYzNC00YjBlLTljMWYtZjc1MTJhNDE2MTU3XkEyXkFqcGc@._V1_QL75_UY133_CR8,0,90,133_.jpg",
      "alt": "Duckweed (1981)"
    },
    {
      "src": "https://m.media-amazon.com/images/M/MV5BMTE2ZjlhZjMtYzE4Ni00ZjQ2LWIyYjUtNDQxMzY0ODVkZDk4XkEyXkFqcGc@._V1_QL75_UY133_CR3,0,90,133_.jpg",
      "alt": "The Wind (2007)"
    },
    {
      "src": "https://m.media-amazon.com/images/M/MV5BNTAyMDQ5Y2MtZDk0NC00N2IyLWE5OTgtZjJkZWNlMDBhMDhlXkEyXkFqcGc@._V1_QL75_UY133_CR2,0,90,133_.jpg",
      "alt": "Yi Yi (2000)"
    },
    {
      "src": "https://m.media-amazon.com/images/M/MV5BNzBmZmUyMTYtNTk0ZS00Y2Q2LTlmZmQtZGE3MGUwNzBiM2YzXkEyXkFqcGc@._V1_QL75_UY133_CR2,0,90,133_.jpg",
      "alt": "Mahjong (1996)"
    },
    {
      "src": "https://m.media-amazon.com/images/M/MV5BYmZmZjVmZDUtZGExNS00NzZlLTlkOWYtMTg5YmQzMzM1Y2E3XkEyXkFqcGc@._V1_QL75_UY133_CR4,0,90,133_.jpg",
      "alt": "A Confucian Confusion (1994)"
    },
    {
      "src": "https://m.media-amazon.com/images/M/MV5BZjllOThlNmItNzc4Mi00Y2ZmLWFkODQtYTQ4ZjVmODQxZDcxXkEyXkFqcGc@._V1_QL75_UY133_CR73,0,90,133_.jpg",
      "alt": "Likely Consequence (1992)"
    },
    {
      "src": "https://m.media-amazon.com/images/M/MV5BMGRkNGQwOTktNWQxOS00ZDRjLThmODktNWY4NThjNDU2MjM5XkEyXkFqcGc@._V1_QL75_UY133_CR5,0,90,133_.jpg",
      "alt": "A Brighter Summer Day (1991)"
    },
    {
      "src": "https://m.media-amazon.com/images/M/MV5BNTBiNzQxZWYtNWRmMi00MjA1LWE0MjgtZjgzNTAzNmM4NWFhXkEyXkFqcGc@._V1_QL75_UX90_CR0,1,90,133_.jpg",
      "alt": "The Terrorizers (1986)"
    },
    {
      "src": "https://m.media-amazon.com/images/M/MV5BMjAwMGMyMTItODdlYS00MzI4LWFjZDYtOGRlZmYxNGJlZDVkXkEyXkFqcGc@._V1_QL75_UY133_CR1,0,90,133_.jpg",
      "alt": "Taipei Story (1985)"
    },
    {
      "src": "https://m.media-amazon.com/images/M/MV5BNWM2ZmRiZjgtODIwMC00YmY5LTllNzYtMWVjMDk0NmI3NjNlXkEyXkFqcGc@._V1_QL75_UY133_CR1,0,90,133_.jpg",
      "alt": "Sylvia Chang in That Day, on the Beach (1983)"
    },
    {
      "src": "https://m.media-amazon.com/images/M/MV5BNjk0MzFiYjktNGExMy00YmViLTg2OWQtOThlNjlmNDdlODViXkEyXkFqcGc@._V1_QL75_UY133_CR8,0,90,133_.jpg",
      "alt": "In Our Time (1982)"
    },
    {
      "src": "https://m.media-amazon.com/images/M/MV5BMTk3Y2JiNDAtODYzNC00YjBlLTljMWYtZjc1MTJhNDE2MTU3XkEyXkFqcGc@._V1_QL75_UY133_CR8,0,90,133_.jpg",
      "alt": "Duckweed (1981)"
    },
    {
      "src": "https://m.media-amazon.com/images/M/MV5BNTAyMDQ5Y2MtZDk0NC00N2IyLWE5OTgtZjJkZWNlMDBhMDhlXkEyXkFqcGc@._V1_QL75_UY133_CR2,0,90,133_.jpg",
      "alt": "Yi Yi (2000)"
    },
    {
      "src": "https://m.media-amazon.com/images/M/MV5BYTFlYmUwNjUtMTdhNS00NGYwLTgzYTktYzVhNGQ1MDRjMTViXkEyXkFqcGc@._V1_QL75_UX90_CR0,1,90,133_.jpg",
      "alt": "First Love Unlimited (1997)"
    },
    {
      "src": "https://m.media-amazon.com/images/M/MV5BYThmNDc5ZTktMWNlMS00NTA3LTkwMGMtNzUwMDQxNzUyMDhiXkEyXkFqcGc@._V1_QL75_UX90_CR0,1,90,133_.jpg",
      "alt": "A Summer at Grandpa's (1984)"
    },
    {
      "src": "https://m.media-amazon.com/images/M/MV5BNWU2YjdlZTctMGI4Yy00OTZkLWFiYzctNWM2YjFlZjJhZTNhXkEyXkFqcGc@._V1_QL75_UY133_CR58,0,90,133_.jpg",
      "alt": "The Winter of 1905 (1982)"
    },
    {
      "src": "//fls-na.amazon.com/1/batch/1/OP/A1EVAM02EL8SFB:130-0568529-9302204:4E5J4MF5M7QR4KD6HF1K$uedata=s:%2Fuedata%2Fuedata%3Fnoscript%26id%3D4E5J4MF5M7QR4KD6HF1K:0",
      "alt": ""
    }
  ]
}