{
  "title": "The Films of Edward Yang",
  "meta_description": "",
  "main_content": "The Films of Edward Yang April 1-18, 2024 Step into the mesmerizing world of acclaimed director Edward Yang with our series celebrating five of his masterpieces, including 4K restorations of four. With a keen eye for detail and a profound understanding of human nature, Yang's films transcend cultural boundaries, resonating with audiences globally. From his exploration of youth and rebellion in A Brighter Summer Day to the introspective family drama of Yi Yi , Yang's oeuvre captures the essence of life in Taiwan with unparalleled depth and nuance. Join SIFF as we honor Yang's films, as we dive into the depths of emotion, intellect, and the profound beauty of everyday existence, as we pay tribute to one of cinema's most visionary auteurs. The Films of Edward Yang: A Confucian Confusion Taiwan | 1994 | 125 min. | Edward Yang April 1 - 18, 2024 SIFF Cinema Egyptian After firing a colleague, the head of a PR company begins to question her lifestyle and values. New 4K restoration. More Details The Films of Edward Yang: Taipei Story Taiwan | 1985 | 110 min. | Edward Yang April 1 - 18, 2024 SIFF Cinema Egyptian A former national Little League team player finds solace by hanging out with hedonistic youths. New 4K restoration. More Details The Films of Edward Yang: A Brighter Summer Day Taiwan | 1991 | 237 min. | Edward Yang April 2 - 14, 2024 SIFF Cinema Egyptian A young boy experiences his first love, his friendships and life's injustices when growing up in 1960s Taiwan. New 4K restoration. More Details The Films of Edward Yang: Mahjong (1996) Taiwan | 1996 | 121 min. | Edward Yang April 3 - 15, 2024 SIFF Cinema Egyptian When a well known businessman goes missing, owing $100m to Taipei's underworld, two hoods decide to follow his son, the leader of a youth gang. New 4K restoration. More Details The Films of Edward Yang: Yi Yi Taiwan | 2000 | 173 min. | Edward Yang April 3 - 14, 2024 SIFF Cinema Egyptian Each member of a middle-class Taipei family seeks to reconcile past and present relationships within their daily lives. More Details",
  "links": [
    {
      "url": "/programs-and-events/the-films-of-edward-yang/a-brighter-summer-day",
      "text": "A Brighter Summer Day"
    },
    {
      "url": "/programs-and-events/the-films-of-edward-yang/yi-yi",
      "text": "Yi Yi"
    },
    {
      "url": "/programs-and-events/the-films-of-edward-yang/a-confucian-confusion",
      "text": ""
    },
    {
      "url": "/programs-and-events/the-films-of-edward-yang/a-confucian-confusion",
      "text": "The Films of Edward Yang: A Confucian Confusion"
    },
    {
      "url": "/cinema/cinema-venues/siff-cinema-egyptian",
      "text": "SIFF Cinema Egyptian"
    },
    {
      "url": "/programs-and-events/the-films-of-edward-yang/a-confucian-confusion",
      "text": "More Details"
    },
    {
      "url": "/programs-and-events/the-films-of-edward-yang/taipei-story",
      "text": ""
    },
    {
      "url": "/programs-and-events/the-films-of-edward-yang/taipei-story",
      "text": "The Films of Edward Yang: Taipei Story"
    },
    {
      "url": "/cinema/cinema-venues/siff-cinema-egyptian",
      "text": "SIFF Cinema Egyptian"
    },
    {
      "url": "/programs-and-events/the-films-of-edward-yang/taipei-story",
      "text": "More Details"
    },
    {
      "url": "/programs-and-events/the-films-of-edward-yang/a-brighter-summer-day",
      "text": ""
    },
    {
      "url": "/programs-and-events/the-films-of-edward-yang/a-brighter-summer-day",
      "text": "The Films of Edward Yang: A Brighter Summer Day"
    },
    {
      "url": "/cinema/cinema-venues/siff-cinema-egyptian",
      "text": "SIFF Cinema Egyptian"
    },
    {
      "url": "/programs-and-events/the-films-of-edward-yang/a-brighter-summer-day",
      "text": "More Details"
    },
    {
      "url": "/programs-and-events/the-films-of-edward-yang/mahjong",
      "text": ""
    },
    {
      "url": "/programs-and-events/the-films-of-edward-yang/mahjong",
      "text": "The Films of Edward Yang: Mahjong (1996)"
    },
    {
      "url": "/cinema/cinema-venues/siff-cinema-egyptian",
      "text": "SIFF Cinema Egyptian"
    },
    {
      "url": "/programs-and-events/the-films-of-edward-yang/mahjong",
      "text": "More Details"
    },
    {
      "url": "/programs-and-events/the-films-of-edward-yang/yi-yi",
      "text": ""
    },
    {
      "url": "/programs-and-events/the-films-of-edward-yang/yi-yi",
      "text": "The Films of Edward Yang: Yi Yi"
    },
    {
      "url": "/cinema/cinema-venues/siff-cinema-egyptian",
      "text": "SIFF Cinema Egyptian"
    },
    {
      "url": "/programs-and-events/the-films-of-edward-yang/yi-yi",
      "text": "More Details"
    },
    {
      "url": "https://english.moc.gov.tw/",
      "text": ""
    },
    {
      "url": "https://www.delta.com/",
      "text": ""
    }
  ],
  "images": [
    {
      "src": "https://www.facebook.com/tr?id=1114600565625787&ev=PageView&noscript=1",
      "alt": ""
    },
    {
      "src": "/images/CINEMA/2024/Films%20Jan-May/Edward%20Yang/CIN_FilmsofEdwardYang_1600x9000.jpg",
      "alt": "The Films of Edward Yang"
    },
    {
      "src": "/images/CINEMA/2024/Films%20Jan-May/Edward%20Yang/CIN_EdwardYang-ConfucianConfusion_1600x900.jpg",
      "alt": ""
    },
    {
      "src": "/images/CINEMA/2024/Films%20Jan-May/Edward%20Yang/CIN_EdwardYang-TaipeiStory_1600x900.jpg",
      "alt": ""
    },
    {
      "src": "/images/CINEMA/2024/Films%20Jan-May/Edward%20Yang/CIN_EdwardYang-BrighterSummerDay_1600x900.jpg",
      "alt": ""
    },
    {
      "src": "/images/CINEMA/2024/Films%20Jan-May/Edward%20Yang/CIN_EdwardYang-Mahjon_1600x900.jpg",
      "alt": ""
    },
    {
      "src": "/images/CINEMA/2024/Films%20Jan-May/Edward%20Yang/CIN_EdwardYang-YiYi_1600x900.jpg",
      "alt": ""
    },
    {
      "src": "/images/DEVELOPMENT/2019/Components/DEV_TaiwanAcademy_MinistryofCulture_SponsorComponent_258x98.jpg",
      "alt": "Ministry of Culture Taiwan"
    },
    {
      "src": "/images/DEVELOPMENT/2024/Components/DEV_Delta_SponsComp_258x98.png",
      "alt": "Delta Airlines"
    }
  ]
}