{
  "title": "Quantitative Team \u2014 Smith Investment Fund",
  "meta_description": "",
  "main_content": "Meet Our Team James Zhang Co-President LinkedIn Ravi Panguluri Senior Quantitative Analyst LinkedIn Vikas Thoti Reddy Senior Infrastructure Engineer LinkedIn Aditya Ranjan Senior Quantitative Analyst LinkedIn Rajat Baldawa Quantitative Analyst LinkedIn Eckart Shneider Infrastructure Engineer LinkedIn Raymond Yang Quantitative Analyst LinkedIn Ocarina Lin Co-President LinkedIn Richard Zha Senior Quantitative Analyst LinkedIn Aaquib Syed Senior Quantitative Analyst LinkedIn Omkar Pathak Senior Quantitative Analyst LinkedIn Eileen Chen Infrastructure Engineer LinkedIn Krisha Chheda Quantitative Analyst LinkedIn Phoebe Dainer Quantitative Analyst LinkedIn Sumit Nawathe Senior Leadership Advsior LinkedIn Sanjeev Devarajan Senior Infrastructure Engineer LinkedIn Darius Kianersi Senior Quantitative Analyst LinkedIn Vijaykaarti Sundarapandiyan Senior Quantitative Analyst LinkedIn Ankit Nakhawa Quantitative Analyst LinkedIn Lawrence Zhang Quantitative Analyst LinkedIn Shrinav Loka Quantitative Analyst LinkedIn Sam Galita Head of Education LinkedIn Phillip Guo Senior Quantitative Analyst LinkedIn Julia Chen Senior Infrastructure Engineer LinkedIn Elizabeth Qiu Quantitative Analyst LinkedIn Anning Cui Quantitative Analyst LinkedIn Parth Kocheta Quantitative Analyst LinkedIn Sonok Mahapatra Quantitative Analyst LinkedIn",
  "links": [
    {
      "url": "/cart",
      "text": "0"
    },
    {
      "url": "https://www.linkedin.com/in/jamesyzhang/",
      "text": "LinkedIn"
    },
    {
      "url": "https://www.linkedin.com/in/ravi-panguluri/",
      "text": "LinkedIn"
    },
    {
      "url": "https://www.linkedin.com/in/vikas-thoti-reddy/",
      "text": "LinkedIn"
    },
    {
      "url": "https://www.linkedin.com/in/aditya-ranjan-56a0531b2/",
      "text": "LinkedIn"
    },
    {
      "url": "https://www.linkedin.com/in/rajatbaldawa/",
      "text": "LinkedIn"
    },
    {
      "url": "https://www.linkedin.com/in/eckshn/",
      "text": "LinkedIn"
    },
    {
      "url": "https://www.linkedin.com/in/raymondxuyang/",
      "text": "LinkedIn"
    },
    {
      "url": "https://www.linkedin.com/in/ocarina-lin/",
      "text": "LinkedIn"
    },
    {
      "url": "https://www.linkedin.com/in/richard-zha-b83546222/",
      "text": "LinkedIn"
    },
    {
      "url": "https://www.linkedin.com/in/aaquib-syed/",
      "text": "LinkedIn"
    },
    {
      "url": "https://www.linkedin.com/in/omkarp0706/",
      "text": "LinkedIn"
    },
    {
      "url": "https://www.linkedin.com/in/eileendc/",
      "text": "LinkedIn"
    },
    {
      "url": "https://www.linkedin.com/in/krisha-chheda/",
      "text": "LinkedIn"
    },
    {
      "url": "https://www.linkedin.com/in/phoebe-dainer/",
      "text": "LinkedIn"
    },
    {
      "url": "https://www.linkedin.com/in/urolyi/",
      "text": "LinkedIn"
    },
    {
      "url": "https://www.linkedin.com/in/sanjeevdevarajan/",
      "text": "LinkedIn"
    },
    {
      "url": "https://www.linkedin.com/in/dariuskianersi/",
      "text": "LinkedIn"
    },
    {
      "url": "https://www.linkedin.com/in/vijay-sundarapandiyan/",
      "text": "LinkedIn"
    },
    {
      "url": "https://www.linkedin.com/in/ankitnakhawa/",
      "text": "LinkedIn"
    },
    {
      "url": "https://www.linkedin.com/in/lawrencezhang001/",
      "text": "LinkedIn"
    },
    {
      "url": "https://www.linkedin.com/in/shrinavloka/",
      "text": "LinkedIn"
    },
    {
      "url": "https://www.linkedin.com/in/samuel-galita-7498a5225/",
      "text": "LinkedIn"
    },
    {
      "url": "https://www.linkedin.com/in/phillip-guo/",
      "text": "LinkedIn"
    },
    {
      "url": "https://www.linkedin.com/in/julia-z-chen/",
      "text": "LinkedIn"
    },
    {
      "url": "https://www.linkedin.com/in/elizqiu/",
      "text": "LinkedIn"
    },
    {
      "url": "https://www.linkedin.com/in/anning-c-2b3630186/",
      "text": "LinkedIn"
    },
    {
      "url": "https://www.linkedin.com/in/parth-kocheta/",
      "text": "LinkedIn"
    },
    {
      "url": "https://www.linkedin.com/in/sonok-mahapatra-80aa4b217/",
      "text": "LinkedIn"
    }
  ],
  "images": [
    {
      "src": "https://images.squarespace-cdn.com/content/v1/5eb2c11998fcbd048420afd6/f199c5c2-b126-42a1-b5b0-d2b3d6330741/quant_team.jpg",
      "alt": ""
    },
    {
      "src": "https://images.squarespace-cdn.com/content/v1/5eb2c11998fcbd048420afd6/edd77cf0-880f-4344-8a37-f6d2f77d729b/James+Zhang+Square.png",
      "alt": ""
    },
    {
      "src": "https://images.squarespace-cdn.com/content/v1/5eb2c11998fcbd048420afd6/fb47db8e-d958-4ce6-9680-d975012bac3c/Ravi+Panguluri+Square.png",
      "alt": ""
    },
    {
      "src": "https://images.squarespace-cdn.com/content/v1/5eb2c11998fcbd048420afd6/74b4799f-2c92-4fcb-99bf-62074f64376a/Screenshot+2023-09-01+161930.png",
      "alt": ""
    },
    {
      "src": "https://images.squarespace-cdn.com/content/v1/5eb2c11998fcbd048420afd6/99f06129-b3bf-48b5-abaf-616aa3bf4812/aditya-compressed.jpeg",
      "alt": ""
    },
    {
      "src": "https://images.squarespace-cdn.com/content/v1/5eb2c11998fcbd048420afd6/e331f7ef-333a-4cde-b732-452f598c441b/Rajat+Square.png",
      "alt": ""
    },
    {
      "src": "https://images.squarespace-cdn.com/content/v1/5eb2c11998fcbd048420afd6/6e2b9470-eddd-4745-be41-d028dccd759b/Eckart+Square.png",
      "alt": ""
    },
    {
      "src": "https://images.squarespace-cdn.com/content/v1/5eb2c11998fcbd048420afd6/77166bcc-b846-4901-9d0d-a8d2130efc75/Raymond+Square.png",
      "alt": ""
    },
    {
      "src": "https://images.squarespace-cdn.com/content/v1/5eb2c11998fcbd048420afd6/a43c50ed-cce9-4a96-a541-94617f0fc324/Ocarina+Lin+Square.png",
      "alt": ""
    },
    {
      "src": "https://images.squarespace-cdn.com/content/v1/5eb2c11998fcbd048420afd6/e8b3a372-e7e6-4c95-9930-ace05a0a27f9/member-fallback-user-image.png",
      "alt": ""
    },
    {
      "src": "https://images.squarespace-cdn.com/content/v1/5eb2c11998fcbd048420afd6/4c1d4730-f754-4d74-b2f2-96cf32bbec81/Aaquib+Square.png",
      "alt": ""
    },
    {
      "src": "https://images.squarespace-cdn.com/content/v1/5eb2c11998fcbd048420afd6/febda5f2-0076-4104-a4bb-31bf5112300c/Omkar+Square.png",
      "alt": ""
    },
    {
      "src": "https://images.squarespace-cdn.com/content/v1/5eb2c11998fcbd048420afd6/0f1f104e-9b4d-47c7-8240-c61c34fb1868/Eileen+Square.png",
      "alt": ""
    },
    {
      "src": "https://images.squarespace-cdn.com/content/v1/5eb2c11998fcbd048420afd6/283fe4d2-79e0-42e2-9b3d-870ecc86acaa/Krisha+Square.png",
      "alt": ""
    },
    {
      "src": "https://images.squarespace-cdn.com/content/v1/5eb2c11998fcbd048420afd6/1579abfd-22fd-4975-a3ff-4dcb96cc1d09/Phoebe+Square.png",
      "alt": ""
    },
    {
      "src": "https://images.squarespace-cdn.com/content/v1/5eb2c11998fcbd048420afd6/8d464ddf-7a2d-4943-b12e-62d81ce1b46a/Sumit+Nawathe+Square.png",
      "alt": ""
    },
    {
      "src": "https://images.squarespace-cdn.com/content/v1/5eb2c11998fcbd048420afd6/71c299f9-57c3-42c1-a742-48d9856b6fe0/Sanjeev+Square.png",
      "alt": ""
    },
    {
      "src": "https://images.squarespace-cdn.com/content/v1/5eb2c11998fcbd048420afd6/65b1f483-aa53-4902-97bc-a30146bba474/Darius+Square.png",
      "alt": ""
    },
    {
      "src": "https://images.squarespace-cdn.com/content/v1/5eb2c11998fcbd048420afd6/3b0825f0-3520-4ca2-9400-c8abe1ed2582/vijay_compressed.jpg",
      "alt": ""
    },
    {
      "src": "https://images.squarespace-cdn.com/content/v1/5eb2c11998fcbd048420afd6/43fac7ba-44fc-4262-ae5c-b9f07b2f8498/Ankit+Square.png",
      "alt": ""
    },
    {
      "src": "https://images.squarespace-cdn.com/content/v1/5eb2c11998fcbd048420afd6/479c3281-6fd9-419b-ad36-6712d7cf0c09/Lawrence+Square.png",
      "alt": ""
    },
    {
      "src": "https://images.squarespace-cdn.com/content/v1/5eb2c11998fcbd048420afd6/dd91733c-7a32-41e9-995a-6b7b467af75a/Shrinav+Square.png",
      "alt": ""
    },
    {
      "src": "https://images.squarespace-cdn.com/content/v1/5eb2c11998fcbd048420afd6/1b9d3d95-4a19-41bb-8267-07520b315a54/Sam+Square.png",
      "alt": ""
    },
    {
      "src": "https://images.squarespace-cdn.com/content/v1/5eb2c11998fcbd048420afd6/9284fb31-77a8-4cd9-b06c-69bcf574677b/Phillip+Square.png",
      "alt": ""
    },
    {
      "src": "https://images.squarespace-cdn.com/content/v1/5eb2c11998fcbd048420afd6/bbe674c0-8ce5-430f-8b44-b3fde839a887/Julia+Square.png",
      "alt": ""
    },
    {
      "src": "https://images.squarespace-cdn.com/content/v1/5eb2c11998fcbd048420afd6/f9ac1a66-9679-4a87-817f-6fa07836f24a/member-fallback-user-image.png",
      "alt": ""
    },
    {
      "src": "https://images.squarespace-cdn.com/content/v1/5eb2c11998fcbd048420afd6/e45c0832-4e12-4801-a20c-410c02f784bc/Anning+Square.png",
      "alt": ""
    },
    {
      "src": "https://images.squarespace-cdn.com/content/v1/5eb2c11998fcbd048420afd6/66725ac6-96ec-40df-b643-6acf0d310403/Parth+Square.png",
      "alt": ""
    },
    {
      "src": "https://images.squarespace-cdn.com/content/v1/5eb2c11998fcbd048420afd6/770c9b19-2c84-4c9f-b211-44672243db4c/Sonok+Square.png",
      "alt": ""
    }
  ]
}