{
  "title": "Home - Harvard Undergraduate Quantitative Traders | Harvard College",
  "meta_description": "",
  "main_content": "Harvard Undergraduate Quantitative Traders Become part of our vibrant community. JOIN About Us The mission of the Harvard Undergraduate Quantitative Traders (HUQT) is to foster an educational and supportive community which, through mentorship and projects, prepares students for careers in quantitative finance. HUQT is comprised of 50 of Harvard\u2019s brightest statistics, math, and computer science students. Our members are selected through a rigorous interview process and go on to intern and work full-time at the world\u2019s leading quantitative hedge funds and market-makers, including Jane Street, Two Sigma, Citadel, HRT, Jump Trading, SIG, Optiver, IMC Trading, and more. 11 Officers 20 Members 3 Events 1 Emails/Newsletters Upcoming Events [CONTENT-EVENTS_MONTH_FEATURED] [CONTENT-EVENTS_DAY_FEATURED] | [CONTENT-EVENTS_TIME_FEATURED] [CONTENT-EVENTS_NAME_FEATURED] There are no upcoming events. Discover more events Members Benefits Membership benefits include (define your member benefits under group settings) Events & Activities Be the first to know about what we have planned and add our group calendar to your schedule. Exclusive Resources Get our newsletter and stay in the loop. Connnections Meeting new students with shared interest Our Team Neil Shephard Advisor Lillian Sun Ethan Wang Kevin Matthew Liu Maxwell Zen Alice Liu Kevin Cong Jerry Liang Justin Ji Officer Andrew Zhang Treasurer Andrew Gu Officer Join our group and make an impact in your campus community. Become a member and find out more! join Please fill in all fields correctly. Thanks for your enquiry, we'll be in touch shortly. E: P: Harvard Undergraduate Quantitative Traders Cambridge Massachusetts United States Your Name: Email Address: Message:",
  "links": [
    {
      "url": "http://soco.college.harvard.edu/84502/",
      "text": ""
    },
    {
      "url": "/84502/club_signup",
      "text": "JOIN"
    },
    {
      "url": "[CONTENT-EVENTS_LINK_FEATURED]",
      "text": ""
    },
    {
      "url": "[CONTENT-EVENTS_LINK_FEATURED]",
      "text": "[CONTENT-EVENTS_NAME_FEATURED]"
    },
    {
      "url": "/events",
      "text": "Discover more events"
    },
    {
      "url": "/84502/club_signup",
      "text": "join"
    },
    {
      "url": "mailto:",
      "text": ""
    },
    {
      "url": "https://www.facebook.com/161692710550935",
      "text": ""
    },
    {
      "url": "https://twitter.com/ReadyEducation",
      "text": ""
    }
  ],
  "images": [
    {
      "src": "/upload/harvard/2022/image_upload_2380267_Harvard_College_Signature_Horizontal_Large_CMYKjpg_728103518.jpeg",
      "alt": "logo"
    },
    {
      "src": "/upload/harvard/2022/image_upload_2380267_Harvard_College_Signature_Horizontal_Large_CMYKjpg_728103518.jpeg",
      "alt": "logo"
    },
    {
      "src": "[CONTENT-EVENTS_PHOTO_FEATURED]",
      "alt": "Image"
    },
    {
      "src": "/images/ico/male_user_large.png",
      "alt": "Neil Shephard Profile"
    },
    {
      "src": "/images/ico/female_user_large.png",
      "alt": "Lillian Sun Profile"
    },
    {
      "src": "/images/ico/male_user_large.png",
      "alt": "Ethan Wang Profile"
    },
    {
      "src": "/upload/harvard/2023/s3_image_2395465_A447D20D142C4075BB7BF3E5CBA57F42_68ec9730-1243-4781-89d0-9f7e4b4617bc_89201430.jpeg",
      "alt": "Kevin Matthew Liu Profile"
    },
    {
      "src": "/images/ico/male_user_large.png",
      "alt": "Maxwell Zen Profile"
    },
    {
      "src": "/upload/harvard/2023/s3_image_upload_2392334_Alice_Liu_NY_Picture_2JPG_329223556.jpeg",
      "alt": "Alice Liu Profile"
    },
    {
      "src": "/images/ico/male_user_large.png",
      "alt": "Kevin Cong Profile"
    },
    {
      "src": "/images/ico/male_user_large.png",
      "alt": "Jerry Liang Profile"
    },
    {
      "src": "/upload/harvard/2022/s3_image_upload_2392336_Chipotle_PFP_91513912.png",
      "alt": "Justin Ji Profile"
    },
    {
      "src": "/images/ico/male_user_large.png",
      "alt": "Andrew Zhang Profile"
    },
    {
      "src": "/images/ico/male_user_large.png",
      "alt": "Andrew Gu Profile"
    }
  ]
}