{
  "title": "Past Leaders",
  "meta_description": "",
  "main_content": "Search this site Embedded Files Skip to main content Skip to navigation About Us Home Our Mission About Us Join Us Locations Testimonials Contact Us Online Sessions Awards Calendar Past Leadership Team Bruce Qiu Online Director Orange Lutheran High School, 12th Grade ( more about me ) Jiajian (Ken) Wen Online Director ( more about me ) William Park Online Director ( more about me ) Johnny Wu Co-President Boston College ( more about me ) Saara Engineer Vice President of Marketing ( more about me ) Christopher Li Online Director University of California, Irvine ( more about me ) Sharon Chen Online Director University of California, Los Angeles ( more about me ) Grace Cho Online Director ( more about me ) Arjun Dabir Online Director ( more about me ) Steve Wu Online Director Boston University ( more about me ) Shirley Li Online Director Carnegie Mellon University ( more about me ) Jenny Zhang Online Director University of California, Berkeley ( more about me ) Yuyang (Sunny) Zhang Director of Social Media ( more about me ) Peter Xu Online Director ( more about me ) Ashely Kwon Online Director ( more about me ) Joanna Rhim Online Director University of California, Los Angeles ( more about me ) Jiyoung (Amy) An Online Director University of California, Irvine ( more about me ) Cara Chan Online Director ( more about me ) Aditya Vemuri Online Director ( more about me ) David Hu El Toro Library and Online Director New York University ( more about me ) Howard Zhang Katie Wheeler Library and Online Director University of California, Los Angeles ( more about me ) Sushanth Sathish Kumar El Toro Library and Online Director University of California, Berkely ( more about me ) Justin Ji Whitney High School Middle School Branch and Online Director Harvard College ( more about me ) Henry Liu Foothill Ranch Library and Online Director University of California, Los Angeles ( more about me ) Jack Gao El Toro Library and Online Director Johns Hopkins University ( more about me ) AZ Li President; Vice President of Operations New York University ( more about me ) Grace Shao Vice President of Education Northwestern University ( more about me ) Eric Zhang Vice President of Training Boston University ( more about me ) Google Sites Report abuse Page details Page updated Google Sites Report abuse",
  "links": [
    {
      "url": "https://www.mathmatters4all.org/home",
      "text": "Home"
    },
    {
      "url": "https://www.mathmatters4all.org/home/our-mission",
      "text": "Our Mission"
    },
    {
      "url": "https://www.mathmatters4all.org/home/about-us",
      "text": "About Us"
    },
    {
      "url": "https://www.mathmatters4all.org/home/join-us",
      "text": "Join Us"
    },
    {
      "url": "https://www.mathmatters4all.org/home/locations",
      "text": "Locations"
    },
    {
      "url": "https://www.mathmatters4all.org/home/testimonials",
      "text": "Testimonials"
    },
    {
      "url": "https://www.mathmatters4all.org/home/contact-us",
      "text": "Contact Us"
    },
    {
      "url": "https://www.mathmatters4all.org/home/online-sessions",
      "text": "Online Sessions"
    },
    {
      "url": "https://www.mathmatters4all.org/home/awards",
      "text": "Awards"
    },
    {
      "url": "/home/calendar",
      "text": "Calendar"
    },
    {
      "url": "https://www.mathmatters4all.org/home/bruceq",
      "text": "more about me"
    },
    {
      "url": "https://www.mathmatters4all.org/home/jiaw",
      "text": "more about me"
    },
    {
      "url": "https://www.mathmatters4all.org/home/willp",
      "text": "more about me"
    },
    {
      "url": "https://www.mathmatters4all.org/home/johnnyw",
      "text": "more about me"
    },
    {
      "url": "https://www.mathmatters4all.org/home/saen",
      "text": "more about me"
    },
    {
      "url": "https://www.mathmatters4all.org/home/chrisli",
      "text": "more about me"
    },
    {
      "url": "https://www.mathmatters4all.org/home/sharonc",
      "text": "more about me"
    },
    {
      "url": "/home/gracec",
      "text": "more about me"
    },
    {
      "url": "/home/arjund",
      "text": "more about me"
    },
    {
      "url": "/home/stevew",
      "text": "more about me"
    },
    {
      "url": "/home/shirleyl",
      "text": "more about me"
    },
    {
      "url": "/home/jennyz",
      "text": "more about me"
    },
    {
      "url": "/home/sunnyz",
      "text": "more about me"
    },
    {
      "url": "/home/peterx",
      "text": "more about me"
    },
    {
      "url": "/home/ashleykw",
      "text": "more about me"
    },
    {
      "url": "/home/joannarh",
      "text": "more about me"
    },
    {
      "url": "/home/amyan",
      "text": "more about me"
    },
    {
      "url": "/home/carach",
      "text": "more about me"
    },
    {
      "url": "/home/aditya",
      "text": "more about me"
    },
    {
      "url": "https://www.mathmatters4all.org/home/davidh",
      "text": "more about me"
    },
    {
      "url": "https://www.mathmatters4all.org/home/howardz",
      "text": "more about me"
    },
    {
      "url": "https://www.mathmatters4all.org/home/sushanthsk",
      "text": "more about me"
    },
    {
      "url": "https://www.mathmatters4all.org/home/justinj",
      "text": "more about me"
    },
    {
      "url": "https://www.mathmatters4all.org/home/henryl",
      "text": "more about me"
    },
    {
      "url": "https://www.mathmatters4all.org/home/jackg",
      "text": "more about me"
    },
    {
      "url": "https://www.mathmatters4all.org/home/azl",
      "text": "more about me"
    },
    {
      "url": "https://www.mathmatters4all.org/home/graces",
      "text": "more about me"
    },
    {
      "url": "https://www.mathmatters4all.org/home/ericz",
      "text": "more about me"
    }
  ],
  "images": [
    {
      "src": "https://lh4.googleusercontent.com/PHKzrf5aG3VXBhSuHLaEX-pW_TLy_Lp6M5Y0mhv65J6i1vFrzv5qdCX081Ru-brvYJiD1AVPN5Vri0KVpbZO9YR8XE0szVqYDUppxCOulSf6V-Xqnm7_m4k5cdNl1ou6tQ=w1280",
      "alt": ""
    },
    {
      "src": "https://lh6.googleusercontent.com/lhjQYSB_-KVq_JDy113KyurX2ckEPXIp4Bzc6mWzvB2KjNj7Iswjfei6vmiN3E918hYDhJkazTBVooShvUEHEziohMVgzrtWZOO3lsq_AxAwaVOLWcdDu9ukRHB4E8hJoQ=w1280",
      "alt": ""
    },
    {
      "src": "https://lh3.googleusercontent.com/Y-vF3Ew3_j4mGEtoh29E4o-uJWywjR8uO7-gsrU7LjJNX4Q7e6xsJVSqjD5LOlJZ1XMeO_Zr-Ul5blUZC7IxpHtlq7NaeNe1syXZ0vVKR1W4QAfkfnKkGxjeTMh8I4Noeg=w1280",
      "alt": ""
    },
    {
      "src": "https://lh3.googleusercontent.com/s39ORGH-Evtd8xOQxUzpfyfeRaZxmxIqujWhjDmgPTIwINzGl3uvZDpvfjVlvMDNsCegJgwkZD2ABPcIEUFIFsC02t1qp8zbuGSxsQ6f6ibXnKF2=w1280",
      "alt": ""
    },
    {
      "src": "https://lh5.googleusercontent.com/dl0SRRi9oQ3yzSSXi5522c-zNPP95k9eTckuZOhPnG4jlCUW7tSqiw-vA-LZftImZQ-3vOWqfgt8JCA6F4r--Dpiq33w6yvwGgnqa9uzjV9p_V_-an8SG6WMFSc8wamGNQ=w1280",
      "alt": ""
    },
    {
      "src": "https://lh5.googleusercontent.com/JrtFcX4LOXUAkRDEOpGw-mvoFi2Q9zb9XbYs0GTD7f9JbmydCAYCPPS3G_bRWdxnHNcjPJWAfKY-00o3UFT6yDE7jCdDIiQtOmt2qxJI7anG9_9s=w1280",
      "alt": ""
    },
    {
      "src": "https://lh3.googleusercontent.com/KPsRTw8dOYPAaY31s4WTQuiVxAHrPTfiwd-tHGxQvp7Bhyjc7PAaTiLwpI-8d6P3soubqlqsDnB4qnj_IpGf_jIr2cGo3mXOY6vdP5OZjbjs3Poe9wfsqq45ucQ3YFKl9A=w1280",
      "alt": ""
    },
    {
      "src": "https://lh4.googleusercontent.com/1iELHkHYbjASw0ONae4-3w2tDXbhNlq6CPARSZ-tTo5CkkZH9EddpyMU4x1VbKxbzUXxVOqs9TSl_DIAX_s50T-hhr-EwNudRFodPGWm__IWT-GVMDnhTP-dETcLC7dUng=w1280",
      "alt": ""
    },
    {
      "src": "https://lh3.googleusercontent.com/eXfxti9vZp3W2WcbfvACFAGyreRNS7IdbNGFat3GftafHN53iWJ0_9UR2d8haI7ii0YpccxL79g6qGxQMNzDu5GKyN36mwfybjT2wkWsWhlAUnOaAwTLmTT_WaX3Ap5LNQ=w1280",
      "alt": ""
    },
    {
      "src": "https://lh3.googleusercontent.com/WVcl4W2X0ILEMY74vBYql9JEbd7ayGMTczuw35l6uSSQNiHA0uuGdy1HyVk9HvsLMKB5f3bsahzAcryD-zBpNeaBiJDfTSp_quNSLNOg2qGuvilbFOV9xNUta8a_wEOT1A=w1280",
      "alt": ""
    },
    {
      "src": "https://lh6.googleusercontent.com/AYaMp9JGZMqVWgzEdfus8dSJB7rdpli0O6b5pYMhZIODhUXU4e2oCbin91M-g6RZe8NDOxYagJFWTctvruAIjlmyuMhLt0CzjHyEI-6cvd-y79HUgvO2chphkP4tg_MhXQ=w1280",
      "alt": ""
    },
    {
      "src": "https://lh5.googleusercontent.com/cnlHL_HFtVzmm0bmbqLoWL8mAkSRlH3vwlsLF44MU1ybXa9yRRo-Mar73O5n2cltMHOSFi-dDrRggUDMsQJ9hzJKw6rxH8B_WCRZKC2oPlgGwm9xsFz0HL8W9Cx92coEPA=w1280",
      "alt": ""
    },
    {
      "src": "https://lh6.googleusercontent.com/oOeqgZocW6UMzzU9sB9a1MgWaAYSSCcSfUsPJwLxewgcOyag3Au7gBh8ZBBTTIeNddsxxZgTPm-T6z5Lq5CXG8DF4dFuEI6S2aL51jEhYkGsAvRWj0GFkOSaiGvCgHY65A=w1280",
      "alt": ""
    },
    {
      "src": "https://lh6.googleusercontent.com/v_y-xbGWPIYe2_ZG0lFT9LaxrPF5HpB7ToylE97NY_KC-d_ADaLQ_Km02GMZ_Njwtm45WLA10AT_nqddsk01zzcDnWGYV0RRU0QVwXNYH5MdT7JgSQ9wuuLXp8nDDQrxOg=w1280",
      "alt": ""
    },
    {
      "src": "https://lh3.googleusercontent.com/PhRRvhMJYhBfUSlN_s0imPYNeYUZZlLPqAQoOILI4XvFW9Ws1OUxjU9A9D9FpWrLnAK1FQnDxe76ibNKlv4IBvd4bEs6mZKJ0wTD7drgwUdKjt8tMbOz3ddQZOYxglSUCA=w1280",
      "alt": ""
    },
    {
      "src": "https://lh6.googleusercontent.com/fdughrbE8y2KnSf1jaXU1CiQq4BcJ-R4xEk_DWuQMcYZRntM7-jcWwlhkya58jq5Bppi3JlqEHhmoIRrKJGdk2SJ5gcT-GM4I3aWMWx1tRCbw_PKmJYXhRYR7Rp5h-x6fw=w1280",
      "alt": ""
    },
    {
      "src": "https://lh5.googleusercontent.com/B1CVHWZReMh9H-NCKuHs6Y3iepfgBnsNg8w_628ybbvgmFawXhIrihCLE_3it_3RcWk-A2A2TYz94SptAGpkXCwwuMY64mp0Q-pc8Tta6hxBrJgsGPn9CtTUW-Gbq4fFuw=w1280",
      "alt": ""
    },
    {
      "src": "https://lh3.googleusercontent.com/48WeylGVaMxcu0KigMLkCfkcpPgzoM3IKTB_J21gYQP_7HCtBw2SDS4QR19qWoc9T_8sP-6OJ8_w9vUwM6QQ5HK8HMy9nyWCy-gZhNnrmlYTK9MDeb6G0P5yEWmtinOa5w=w1280",
      "alt": ""
    },
    {
      "src": "https://lh4.googleusercontent.com/9dV0vCL4yEke3n8eSNTa35Id2cpiR340b7ItDCQgw41kYBUdDwZQh3Q3AE0yvigw8Vh4t7pj0GJHEQZvx58g9gVjWgWxp6nqVdlm5MwpkSRyTQmC5cIQXHPlUULkX_95hA=w1280",
      "alt": ""
    },
    {
      "src": "https://lh5.googleusercontent.com/Xx5Xtahn2U7yhor3CEYjounHYUsa73RGOM3bIc3mi9vXVrcZnttQqnfx-bWFD7VYdC0MuTI9Uzyqx4n7p2YH_qmEc1qivd-BWBoKXKyN9Yh9ldPo=w1280",
      "alt": ""
    },
    {
      "src": "https://lh6.googleusercontent.com/jx1p_3QDykdxrQ2dYuBlA6Y7xFhJCaX9ivOloxj5yNRfgp4FUDLWIhtpzRY8EBVBFenkSg9IbVliRDj-gm-xcO0bKnwfRhsK-Ls4A4-48ht60ipG=w1280",
      "alt": ""
    },
    {
      "src": "https://lh5.googleusercontent.com/VveAuwOH8Xbwqz3bDdGBdjW5R-b-zu4_fJ_XhSRvs57YHStHqPN3A4CLBb3wCfirv0BjAxL3xVacKDdl1xCOkDC0NBJ7Bgw-x8SfBAzYOOXQgRgx=w1280",
      "alt": ""
    },
    {
      "src": "https://lh5.googleusercontent.com/e0CNRvZExJdCeJJKmV7iCkiFwNxY0XB-qVfPnBzDFGd0T272UHQJKQSmXgxggx61U5qp8APmdEh13ub8QAl3fTpFcyYAPdYOPNKwK7IFNNkrSsXB=w1280",
      "alt": ""
    },
    {
      "src": "https://lh4.googleusercontent.com/ziTKVq1jiaxNGBPc2ZRpj1Iv1zODjvhJsxB66WLP88ydpv5i3BjM0BMd7BL9-gcb1xIdDylYu2zRdJ7a9EvfV-JuSswNC_tT4u5ew6LWk5u-OLG9=w1280",
      "alt": ""
    },
    {
      "src": "https://lh6.googleusercontent.com/uYNEl12CyKB5DYEdBhXzmb5Kny6oss7AMDPdIsuBpgw0esWUnuMC4RpMFinoUZpJypNqPd3JkcKOaabhwcsosNbB2LRmXWAHv3wLJNVRK3G0-Vgc=w1280",
      "alt": ""
    },
    {
      "src": "https://lh3.googleusercontent.com/vXcGdJLZFEPnTy2Hvyc1itflM8J87kgllos9-WC-4mkJY8LxrYb5HSHn2iouo1SwIatwia01c4MfHeexhLr0Vq5tDVuvczNuJ0FyypvK0EaOixRA=w1280",
      "alt": ""
    },
    {
      "src": "https://lh6.googleusercontent.com/73YJ82QCkPa-vVL-TnZdiU07vAZLiub0cdaOyeR3BwXrghMaoSF-SDS_sblVW1v5BNQAFZTQ_pDaDIytCHZmcVvQgkTK5tY1xuz9wVaD7OUlmbou4e5QeAOVYZOhMgh9vQ=w1280",
      "alt": ""
    },
    {
      "src": "https://lh6.googleusercontent.com/OKmVws-gvuaiunra-EM470vz87LNhZFJaLHDzR427Ydn1qpEwKG5hWU44BX8Wpgcioe--ZvS5VXEDvGBpMony05p2wigFO880GSDTaU35pvOy35iARBDh5gM46O8GgwHYg=w1280",
      "alt": ""
    }
  ]
}