[
  {
    "fullName": "Thomaz Felipe Bonato",
    "linkedin_internal_id": "990376152",
    "first_name": "Thomaz",
    "last_name": "Felipe Bonato",
    "public_identifier": "thobonato",
    "background_cover_image_url": "https://media.licdn.com/dms/image/v2/D4E16AQEoFebbLbkhRQ/profile-displaybackgroundimage-shrink_200_800/profile-displaybackgroundimage-shrink_200_800/0/1694056421894?e=2147483647&v=beta&t=t9RUvr_uIxcw4iAtYRhn6bPZz-Fgd4hAJgk8QeYpPuI",
    "profile_photo": "https://media.licdn.com/dms/image/v2/D5603AQGAwfxl7o_QYg/profile-displayphoto-shrink_200_200/profile-displayphoto-shrink_200_200/0/1698446882804?e=2147483647&v=beta&t=LO0xP9xZTd6S98I5e34TIKKHDF9S82q1CKJeKWiyghs",
    "headline": "AI @ USC || Trustee Scholar",
    "location": "862 followers\n          \n          \n              500+ connections",
    "followers": "Issued Jul 2024",
    "connections": "Issued Jul 2024",
    "about": "Passionate engineer, researcher, and lifelong learner from Brazil.",
    "experience": [
      {
        "position": "Data Science Intern",
        "company_url": "https://www.linkedin.com/company/mytrudycom?trk=public_profile_experience-item_profile-section-card_subtitle-click",
        "company_image": "https://media.licdn.com/dms/image/v2/D560BAQFIzKVC50D1Jg/company-logo_100_100/company-logo_100_100/0/1733241899574/mytrudycom_logo?e=2147483647&v=beta&t=7UXim6xuq0l6-h2qCZ9_lTw_4sclchvCUzw2GJaOWZI",
        "company_name": "Trudy",
        "location": null,
        "summary": "",
        "starts_at": "Feb 2025",
        "ends_at": "Present",
        "duration": "2 months"
      },
      {
        "position": "Growth Strategist",
        "company_url": "https://www.linkedin.com/company/mercor-ai?trk=public_profile_experience-item_profile-section-card_subtitle-click",
        "company_image": "https://media.licdn.com/dms/image/v2/D4E0BAQH9Gn3NF9HQTQ/company-logo_100_100/company-logo_100_100/0/1698629074329/mercor_io_logo?e=2147483647&v=beta&t=cpUXGkaxCmU_aMXDBhGHPvUQNQ5X6fjwL35Xx2sFTo0",
        "company_name": "Mercor",
        "location": null,
        "summary": "",
        "starts_at": "Jan 2025",
        "ends_at": "Present",
        "duration": "3 months"
      },
      {
        "position": "Artificial Intelligence Research Assistant",
        "company_url": "https://www.linkedin.com/school/uscmarshallschoolofbusiness/?trk=public_profile_experience-item_profile-section-card_subtitle-click",
        "company_image": "https://media.licdn.com/dms/image/v2/C560BAQEWE8FtzzstkQ/company-logo_100_100/company-logo_100_100/0/1660595846913/uscmarshallschoolofbusiness_logo?e=2147483647&v=beta&t=kGUiD0FSsYNZQiW62zdwAHqN3GuJnbnTo8uV0knTVJU",
        "company_name": "USC Marshall School of Business",
        "location": "Los Angeles, California, United States",
        "summary": "Explored AI in education. Now exploring LLMs & cluster-based probing.",
        "starts_at": "Dec 2023",
        "ends_at": "Present",
        "duration": "1 year 4 months"
      },
      {
        "position": "Director of Founder's Education",
        "company_url": "https://www.linkedin.com/company/uscsep?trk=public_profile_experience-item_profile-section-card_subtitle-click",
        "company_image": "https://media.licdn.com/dms/image/v2/D560BAQEeAdLk6VvSMA/company-logo_100_100/company-logo_100_100/0/1730488426056?e=2147483647&v=beta&t=6pCzlNiN9KMIYrc0nnbOBXv2xxWPAXV2jd8Nk1NbYi8",
        "company_name": "SEP at USC",
        "location": null,
        "summary": "",
        "starts_at": "May 2024",
        "ends_at": "Dec 2024",
        "duration": "8 months"
      },
      {
        "position": "Student Founder",
        "company_url": "https://www.linkedin.com/company/uscsep?trk=public_profile_experience-item_profile-section-card_subtitle-click",
        "company_image": "https://media.licdn.com/dms/image/v2/D560BAQEeAdLk6VvSMA/company-logo_100_100/company-logo_100_100/0/1730488426056?e=2147483647&v=beta&t=6pCzlNiN9KMIYrc0nnbOBXv2xxWPAXV2jd8Nk1NbYi8",
        "company_name": "SEP at USC",
        "location": null,
        "summary": "",
        "starts_at": "Jan 2024",
        "ends_at": "Jul 2024",
        "duration": "7 months"
      },
      {
        "position": "Data Science Intern",
        "company_url": "https://www.linkedin.com/company/decanaria?trk=public_profile_experience-item_profile-section-card_subtitle-click",
        "company_image": "https://media.licdn.com/dms/image/v2/D4E0BAQE9ZC_rPme8Wg/company-logo_100_100/company-logo_100_100/0/1721251736852/decanaria_logo?e=2147483647&v=beta&t=SglIR7ZEv3hUMsw1j-TO3rNM_HSyoXuLbQ_GhePRxjA",
        "company_name": "Canaria",
        "location": null,
        "summary": "",
        "starts_at": "Jul 2024",
        "ends_at": "Oct 2024",
        "duration": "4 months"
      },
      {
        "position": "Founder",
        "company_url": "https://www.linkedin.com/company/stealth-startup-careers?trk=public_profile_experience-item_profile-section-card_subtitle-click",
        "company_image": "https://media.licdn.com/dms/image/v2/D4D0BAQGUKsfjHB8RNQ/company-logo_100_100/company-logo_100_100/0/1735368022724/stealth_startup_51_logo?e=2147483647&v=beta&t=1i0dQhrw7PP6WXHh5KlNBZJnCIP8p9MZJyxISsOwvRs",
        "company_name": "Stealth Startup",
        "location": "Los Angeles, California, United States",
        "summary": "AI for law firms.",
        "starts_at": "Jan 2024",
        "ends_at": "Jul 2024",
        "duration": "7 months"
      },
      {
        "position": "Director of External Relations",
        "company_url": "https://www.linkedin.com/company/business-tech-group?trk=public_profile_experience-item_profile-section-card_subtitle-click",
        "company_image": "https://media.licdn.com/dms/image/v2/C560BAQFmrzUDZ-TLkw/company-logo_100_100/company-logo_100_100/0/1630667487131/business_tech_group_logo?e=2147483647&v=beta&t=L24WcHKeu2A4QhSTVq4SJsjaix3wVeHdljcDZhmo1es",
        "company_name": "USC Business Technology Group",
        "location": "Los Angeles, California, United States",
        "summary": "",
        "starts_at": "Dec 2023",
        "ends_at": "May 2024",
        "duration": "6 months"
      },
      {
        "position": "Strategy Consultant",
        "company_url": "https://www.linkedin.com/company/business-tech-group?trk=public_profile_experience-item_profile-section-card_subtitle-click",
        "company_image": "https://media.licdn.com/dms/image/v2/C560BAQFmrzUDZ-TLkw/company-logo_100_100/company-logo_100_100/0/1630667487131/business_tech_group_logo?e=2147483647&v=beta&t=L24WcHKeu2A4QhSTVq4SJsjaix3wVeHdljcDZhmo1es",
        "company_name": "USC Business Technology Group",
        "location": "Los Angeles, California, United States",
        "summary": "",
        "starts_at": "Sep 2023",
        "ends_at": "Dec 2023",
        "duration": "4 months"
      },
      {
        "position": "Apps Developer",
        "company_url": "https://www.linkedin.com/company/hyiqbasketball?trk=public_profile_experience-item_profile-section-card_subtitle-click",
        "company_image": "https://media.licdn.com/dms/image/v2/C560BAQGPdF0oA_QEug/company-logo_100_100/company-logo_100_100/0/1647546173602/hyiqbasketball_logo?e=2147483647&v=beta&t=isT1cgt75TsErL8S3RHFfsYWfoycRdHoUK2009QoaqY",
        "company_name": "HyIQ Basketball",
        "location": "West Chester, PA",
        "summary": "",
        "starts_at": "Jun 2021",
        "ends_at": "Aug 2021",
        "duration": "3 months"
      }
    ],
    "education": [
      {
        "college_url": "https://www.linkedin.com/school/university-of-southern-california/?trk=public_profile_school_profile-section-card_image-click",
        "college_name": "University of Southern California",
        "college_image": "https://media.licdn.com/dms/image/v2/C4E0BAQHatTfEv4Af6w/company-logo_100_100/company-logo_100_100/0/1631312619853?e=2147483647&v=beta&t=uv2J12HEewxyizWMwIblg7CO1XROk-nsuuljqXSZdb0",
        "college_degree": "Bachelor of Science in Artificial Intelligence for Business",
        "college_degree_field": "A.I. for Business",
        "college_duration": "2023 - 2023",
        "college_activity": ""
      },
      {
        "college_url": "https://www.linkedin.com/school/unionville-high-school/?trk=public_profile_school_profile-section-card_image-click",
        "college_name": "Unionville High School",
        "college_image": "https://media.licdn.com/dms/image/v2/C560BAQFxUCiTlzs_Kw/company-logo_100_100/company-logo_100_100/0/1630641333602/unionville_high_school_logo?e=2147483647&v=beta&t=Go-q_2M64_iQnZHq_-DizVUC2Vr_eo8GB9xau_rIaGo",
        "college_degree": "",
        "college_degree_field": null,
        "college_duration": "2019 - 2023",
        "college_activity": ""
      }
    ],
    "articles": [],
    "description": {
      "description1": "Trudy",
      "description1_link": "https://www.linkedin.com/company/mytrudycom?trk=public_profile_topcard-current-company",
      "description2": "University of Southern California",
      "description2_link": "https://www.linkedin.com/school/university-of-southern-california/?trk=public_profile_topcard-school",
      "description3": ""
    },
    "activities": [
      {
        "link": "https://www.linkedin.com/posts/calix-huang_were-creating-more-jobs-for-everyone-while-activity-7298392967109623808-1BQD",
        "image": "https://static.licdn.com/aero-v1/sc/h/53n89ecoxpr1qrki1do3alazb",
        "title": "we're creating more jobs for everyone, while pushing forward the frontier of intelligent models\n\nthe future of recruiting and model capability will\u2026",
        "activity": "Liked by Thomaz Felipe Bonato"
      },
      {
        "link": "https://www.linkedin.com/posts/adaimpert_im-super-excited-to-announce-that-i-have-activity-7296966580981125120-TQkj",
        "image": "https://media.licdn.com/dms/image/v2/D4E22AQEk81U7y3ID7w/feedshare-shrink_800/B4EZUQAPi_HMAg-/0/1739730254649?e=2147483647&v=beta&t=Cr-HQD5t4KzshD1j9Rm1qABhmIacCiWoaaqhbt_hUuc",
        "title": "I'm super excited to announce that I have accepted an offer to join Citi as a 2026 Investment Banking Summer Analyst in San Francisco. Special thanks\u2026",
        "activity": "Liked by Thomaz Felipe Bonato"
      },
      {
        "link": "https://www.linkedin.com/posts/jared-lizama-095667289_im-excited-to-share-that-im-starting-a-activity-7294614973031292928-yrm8",
        "image": "https://media.licdn.com/dms/image/v2/D5622AQF50Gz2ShquPQ/feedshare-shrink_800/B56ZTutqdkHoAk-/0/1739171735658?e=2147483647&v=beta&t=Uhrmmn60h-H-SWAMZJBbO-HHH-napU0TVW4aFWgvaos",
        "title": "I\u2019m excited to share that I\u2019m starting a new position as a Research Intern in Artificial Intelligence through USC, supported by Google! In this role,\u2026",
        "activity": "Liked by Thomaz Felipe Bonato"
      },
      {
        "link": "https://www.linkedin.com/posts/jack-barrickman-2492a92b2_i-am-excited-to-share-that-i-have-been-accepted-activity-7293729109682089987-TEOA",
        "image": "https://media.licdn.com/dms/image/v2/D4D22AQEUrrnPSSaS-g/feedshare-shrink_800/B4DZTiH9rXHYAg-/0/1738960529789?e=2147483647&v=beta&t=D3P5ldXOCq8-0TAHr1I1ZeXLhXKF40ALM77SBUGWHAw",
        "title": "I am excited to share that I have been accepted into Buckeye Capital Investors at The Ohio State University. I look forward to refining my investment\u2026",
        "activity": "Liked by Thomaz Felipe Bonato"
      },
      {
        "link": "https://www.linkedin.com/posts/alec-coleman-usc_i-am-absolutely-thrilled-to-share-that-i-activity-7292976865235894273-UgL1",
        "image": "https://media.licdn.com/dms/image/v2/D4D22AQEAL9eNQZ6Otw/feedshare-shrink_1280/B4DZTXb0GbGkA0-/0/1738781180694?e=2147483647&v=beta&t=zuoXqETKFO22PG-dXHinxW-PbFdVCi1m8kHuKPY1RTQ",
        "title": "I am absolutely thrilled to share that I have accepted an offer to join J.P. Morgan as a 2026 Investment Banking Summer Analyst in New York.\n\nI would\u2026",
        "activity": "Liked by Thomaz Felipe Bonato"
      },
      {
        "link": "https://www.linkedin.com/posts/rkamalakantha_meet-calix-he-sold-a-company-while-in-high-activity-7284893041214078976-sTBW",
        "image": "https://media.licdn.com/dms/image/v2/D5622AQFP7TctsntnzA/feedshare-shrink_800/B56ZRkjmV2HwAg-/0/1736853846643?e=2147483647&v=beta&t=FBdnv35xL5kxe33NR2ZM2rRr2yAFiGGNoTkBbzBIKSk",
        "title": "Meet Calix.\n\nHe sold a company while in high school. Dropped out of his freshman year in college to found a YC company. Was one of the youngest\u2026",
        "activity": "Liked by Thomaz Felipe Bonato"
      },
      {
        "link": "https://www.linkedin.com/posts/robgiani_attended-nexuss-speaker-event-where-pear-activity-7291209880831410176-hxj3",
        "image": "https://media.licdn.com/dms/image/v2/D5622AQGM1_sdAG3_AQ/feedshare-shrink_800/B56ZS.Uu9EHwAg-/0/1738359899062?e=2147483647&v=beta&t=Jh9UXXq3MbmTcyIMXzy8c3hQY7J52k-5ul0ypYII28E",
        "title": "Attended  Nexus's speaker event where Pear VC's Dorm partner Khalil Fuller shared his experience as a founder turned VC in a great discussion\u2026",
        "activity": "Liked by Thomaz Felipe Bonato"
      },
      {
        "link": "https://www.linkedin.com/posts/dannyhym_so-proud-of-our-team-to-win-our-track-at-activity-7290147049352663042-QKcl",
        "image": "https://static.licdn.com/aero-v1/sc/h/53n89ecoxpr1qrki1do3alazb",
        "title": "So proud of our team to win our track at MIT Reality Hack 25!\u270cAs our team's developer, it feels magical getting our MR experience to work dynamically\u2026",
        "activity": "Liked by Thomaz Felipe Bonato"
      }
    ],
    "volunteering": [],
    "certification": [
      {
        "company_image": "https://media.licdn.com/dms/image/v2/C560BAQEHKffoI8RwIQ/company-logo_100_100/company-logo_100_100/0/1630672537710/deeplearningai_logo?e=2147483647&v=beta&t=xL90sNVi5ij9a9ncxXfrqKBsOrWaEKRBncad-R92olM",
        "certification": "Linear Algebra for Machine Learning",
        "company_url": "https://www.linkedin.com/company/deeplearningai?trk=public_profile_profile-section-card_image-click",
        "company_name": "DeepLearning.AI",
        "issue_date": "Issued Jul 2024",
        "credential_id": ""
      },
      {
        "company_image": "https://media.licdn.com/dms/image/v2/C560BAQEHKffoI8RwIQ/company-logo_100_100/company-logo_100_100/0/1630672537710/deeplearningai_logo?e=2147483647&v=beta&t=xL90sNVi5ij9a9ncxXfrqKBsOrWaEKRBncad-R92olM",
        "certification": "Neural Networks and Deep Learning",
        "company_url": "https://www.linkedin.com/company/deeplearningai?trk=public_profile_profile-section-card_image-click",
        "company_name": "DeepLearning.AI",
        "issue_date": "Issued Jun 2024",
        "credential_id": "See credential",
        "credential_url": "https://coursera.org/verify/PSLKUWLJMAA9?trk=public_profile_see-credential"
      },
      {
        "company_image": "https://media.licdn.com/dms/image/v2/C560BAQHaVYd13rRz3A/company-logo_100_100/company-logo_100_100/0/1638831590218/linkedin_logo?e=2147483647&v=beta&t=_PvUQac1LcQjfzQ33gtxFqjvIxBbtsM9ZqIxLs5QcFI",
        "certification": "Figma for UX Design",
        "company_url": "https://www.linkedin.com/company/linkedin?trk=public_profile_profile-section-card_image-click",
        "company_name": "LinkedIn",
        "issue_date": "Issued Oct 2023",
        "credential_id": "See credential",
        "credential_url": "https://www.linkedin.com/learning/certificates/4e6ef3910828dbd565914239212b55cebe00f1b33036bc306e277fa84802c31c?trk=public_profile_see-credential"
      }
    ],
    "people_also_viewed": [],
    "similar_profiles": [],
    "recommendations": [],
    "publications": [
      {
        "name": "A Blueprint for Greece's AI Transformation",
        "sub_title": "Special Secretariat for Foresight, Presidency of the Government, Hellenic Republic",
        "summary": "",
        "date": "November 25, 2024",
        "link": "https://www.linkedin.com/redir/redirect?url=https%3A%2F%2Fforesight%2Egov%2Egr%2Fwp-content%2Fuploads%2F2024%2F11%2FBlueprint_GREECES_AI_TRANSFORMATION%2Epdf&urlhash=HD2s&trk=public_profile_publication-title"
      }
    ],
    "courses": [],
    "languages": [
      {
        "name": "Spanish",
        "level": "Professional working proficiency"
      },
      {
        "name": "English",
        "level": "Native or bilingual proficiency"
      },
      {
        "name": "Portuguese",
        "level": "Native or bilingual proficiency"
      }
    ],
    "organizations": [
      {
        "name": "Management Leadership Tomorrow (MLT)",
        "position": "MLT Fellow"
      }
    ],
    "projects": [
      {
        "title": "Cypress MFA | PennApps 2024 (2nd Place: Security & Privacy)",
        "link": "https://www.linkedin.com/in/joshua-vallabhaneni?trk=public_profile_project_contributor-image",
        "duration": "Sep 2024 - Sep 2024"
      },
      {
        "title": "",
        "link": "https://www.linkedin.com/in/joshua-vallabhaneni?trk=public_profile_project_contributor-image",
        "duration": ""
      },
      {
        "title": "",
        "link": "https://www.linkedin.com/in/akmet?trk=public_profile_project_contributor-image",
        "duration": ""
      },
      {
        "title": "PalmLabs | HackMIT 2024 (1st Place: Education)",
        "link": "https://www.linkedin.com/in/vishnu-swarup-kadaba?trk=public_profile_project_contributor-image",
        "duration": "Sep 2024 - Sep 2024"
      },
      {
        "title": "",
        "link": "https://www.linkedin.com/in/vishnu-swarup-kadaba?trk=public_profile_project_contributor-image",
        "duration": ""
      },
      {
        "title": "",
        "link": "https://www.linkedin.com/in/grace-li51?trk=public_profile_project_contributor-image",
        "duration": ""
      },
      {
        "title": "US Summer Invitational Terminal",
        "link": "https://www.linkedin.com/in/david-bai?trk=public_profile_project_contributor-image",
        "duration": "Aug 2024 - Aug 2024"
      },
      {
        "title": "",
        "link": "https://www.linkedin.com/in/david-bai?trk=public_profile_project_contributor-image",
        "duration": ""
      },
      {
        "title": "",
        "link": "https://www.linkedin.com/in/isaac-kiniti-3732a31a7?trk=public_profile_project_contributor-image",
        "duration": ""
      },
      {
        "title": "Azalea: Eco-Friendly AI Model Selector (1st Place)",
        "link": "https://www.linkedin.com/in/ryanchang29?trk=public_profile_project_contributor-image",
        "duration": "Jun 2024 - Jun 2024"
      },
      {
        "title": "",
        "link": "https://www.linkedin.com/in/ryanchang29?trk=public_profile_project_contributor-image",
        "duration": ""
      },
      {
        "title": "",
        "link": "https://www.linkedin.com/in/joshua-vallabhaneni?trk=public_profile_project_contributor-image",
        "duration": ""
      },
      {
        "title": "Data Analysis for Leading Non-Profit (NDA)",
        "duration": "Dec 2023 - Dec 2023"
      },
      {
        "title": "Clevr - Peer Tutoring LMS",
        "link": "https://www.linkedin.com/in/joshua-vallabhaneni?trk=public_profile_project_contributor-image",
        "duration": "May 2019 - Jun 2023"
      },
      {
        "title": "",
        "link": "https://www.linkedin.com/in/joshua-vallabhaneni?trk=public_profile_project_contributor-image",
        "duration": ""
      }
    ],
    "awards": [
      {
        "name": "HackMIT 2024 1st Place Winner",
        "organization": "HackMIT",
        "duration": "Sep 2024",
        "summary": ""
      },
      {
        "name": "PennApps 2024 2nd Place Winner",
        "organization": "PennApps",
        "duration": "Sep 2024",
        "summary": ""
      },
      {
        "name": "Trustee Scholar Full-Tuition",
        "organization": "University of Southern California",
        "duration": "Mar 2023",
        "summary": ""
      },
      {
        "name": "National Merit Finalist",
        "organization": "National Merit Scholarship Corporation",
        "duration": "Feb 2023",
        "summary": ""
      }
    ],
    "score": []
  }
]