{
  "title": "William GAO | Harvard University, Cambridge | Harvard | Department of Molecular and Cell Biology | Research profile",
  "meta_description": "William GAO | Cited by 10 | of Harvard University, Cambridge (Harvard) | Read 1 publication | Contact William GAO",
  "main_content": "Home Harvard University Department of Molecular and Cell Biology William Gao William Gao Harvard University | Harvard \u00b7 Department of Molecular and Cell Biology Contact Connect with experts in your field Join ResearchGate to contact this researcher and connect with your scientific community. Join for free Log in Contact Connect with experts in your field Join ResearchGate to contact this researcher and connect with your scientific community. Join for free Log in About 1 Publication 69 Reads How we measure 'reads' A 'read' is counted each time someone views a publication summary (such as the title, abstract, and list of authors), clicks on a figure, or views or downloads the full-text. Learn more 10 Citations Publications Publication (1) Beta vulgaris mitovirus 1 in diverse cultivars of beet and chard Article Mar 2019 Minh Vong Austin Manny Kathryn L. Smith [...] Max Nibert Recent results indicate that mitoviruses, which replicate persistently in host mitochondria, are not restricted to fungi, but instead are found also in plants. Beta vulgaris mitovirus 1 (BevuMV1) is an example first discovered in sugar beet cultivars. For the current study, complete coding sequences of 42 BevuMV1 strains were newly determined, deri... View Network Cited View All Arndt von Haeseler University of Vienna Daniela Holtgr\u00e4we Bielefeld University Bernd Weisshaar Bielefeld University John Navazio Washington State University Thomas Kraft Forestry Research Institute of Sweden Cited By View All Susheel Kumar Sharma ICAR Research Complex for NEH region, Manipur Centre, Imphal Wenxing Xu Huazhong Agricultural University Fernando Lucas Melo University of Bras\u00edlia Leticia Botella Mendel University in Brno Henrik H De Fine Licht University of Copenhagen Current institution Harvard University Department of Molecular and Cell Biology Cambridge, United States Co-authors Top co-authors Austin Manny Harvard Medical School Max Nibert Harvard Medical School Minh Vong Kathryn L. Smith Advertisement Join ResearchGate to find the people and research you need to help your work 25+ million members 160+ million publication pages 2.3+ billion citations Join for free",
  "links": [
    {
      "url": "https://www.researchgate.net/",
      "text": "Home"
    },
    {
      "url": "https://www.researchgate.net/institution/Harvard_University",
      "text": "Harvard University"
    },
    {
      "url": "https://www.researchgate.net/institution/Harvard_University",
      "text": "Harvard University | Harvard\u00a0\u00b7\u00a0Department of Molecular and Cell Biology"
    },
    {
      "url": "signup.SignUp.html",
      "text": "Join for free"
    },
    {
      "url": "https://www.researchgate.net/login?_sg=RS40WSMTEE6t8Kk3v9PqC3UgsW3pJF_GfmQ4PRW8Rafw2SpFYFvVQg2oNAsYpo3Gqqj6UpxXP4xbIA",
      "text": "Log in"
    },
    {
      "url": "signup.SignUp.html",
      "text": "Join for free"
    },
    {
      "url": "https://www.researchgate.net/login?_sg=RS40WSMTEE6t8Kk3v9PqC3UgsW3pJF_GfmQ4PRW8Rafw2SpFYFvVQg2oNAsYpo3Gqqj6UpxXP4xbIA",
      "text": "Log in"
    },
    {
      "url": "https://explore.researchgate.net/display/support/Reads",
      "text": "Learn more"
    },
    {
      "url": "https://www.researchgate.net/publication/331591241_Beta_vulgaris_mitovirus_1_in_diverse_cultivars_of_beet_and_chard",
      "text": "Beta vulgaris mitovirus 1 in diverse cultivars of beet and chard"
    },
    {
      "url": "https://www.researchgate.net/scientific-contributions/Minh-Vong-2103040074",
      "text": "Minh Vong"
    },
    {
      "url": "https://www.researchgate.net/profile/Austin-Manny",
      "text": "Austin Manny"
    },
    {
      "url": "https://www.researchgate.net/scientific-contributions/Kathryn-L-Smith-2154478901",
      "text": "Kathryn L. Smith"
    },
    {
      "url": "https://www.researchgate.net/profile/Max-Nibert-2",
      "text": "Max Nibert"
    },
    {
      "url": "https://www.researchgate.net/publication/331591241_Beta_vulgaris_mitovirus_1_in_diverse_cultivars_of_beet_and_chard",
      "text": "View"
    },
    {
      "url": "profile/Arndt-Von-Haeseler",
      "text": ""
    },
    {
      "url": "profile/Arndt-Von-Haeseler",
      "text": "Arndt von Haeseler"
    },
    {
      "url": "profile/Daniela-Holtgraewe",
      "text": ""
    },
    {
      "url": "profile/Daniela-Holtgraewe",
      "text": "Daniela Holtgr\u00e4we"
    },
    {
      "url": "profile/Bernd-Weisshaar",
      "text": ""
    },
    {
      "url": "profile/Bernd-Weisshaar",
      "text": "Bernd Weisshaar"
    },
    {
      "url": "profile/John-Navazio",
      "text": ""
    },
    {
      "url": "profile/John-Navazio",
      "text": "John Navazio"
    },
    {
      "url": "profile/Thomas-Kraft-7",
      "text": ""
    },
    {
      "url": "profile/Thomas-Kraft-7",
      "text": "Thomas Kraft"
    },
    {
      "url": "profile/Susheel-Sharma-2",
      "text": ""
    },
    {
      "url": "profile/Susheel-Sharma-2",
      "text": "Susheel Kumar Sharma"
    },
    {
      "url": "profile/Wenxing-Xu",
      "text": ""
    },
    {
      "url": "profile/Wenxing-Xu",
      "text": "Wenxing Xu"
    },
    {
      "url": "profile/Fernando-Melo-3",
      "text": ""
    },
    {
      "url": "profile/Fernando-Melo-3",
      "text": "Fernando Lucas Melo"
    },
    {
      "url": "profile/Leticia-Botella",
      "text": ""
    },
    {
      "url": "profile/Leticia-Botella",
      "text": "Leticia Botella"
    },
    {
      "url": "profile/Henrik-De-Fine-Licht",
      "text": ""
    },
    {
      "url": "profile/Henrik-De-Fine-Licht",
      "text": "Henrik H De Fine Licht"
    },
    {
      "url": "https://www.researchgate.net/institution/Harvard_University",
      "text": ""
    },
    {
      "url": "https://www.researchgate.net/institution/Harvard_University",
      "text": "Harvard University"
    },
    {
      "url": "profile/Austin-Manny",
      "text": ""
    },
    {
      "url": "profile/Austin-Manny",
      "text": "Austin Manny"
    },
    {
      "url": "profile/Max-Nibert-2",
      "text": ""
    },
    {
      "url": "profile/Max-Nibert-2",
      "text": "Max Nibert"
    },
    {
      "url": "scientific-contributions/Minh-Vong-2103040074",
      "text": ""
    },
    {
      "url": "scientific-contributions/Minh-Vong-2103040074",
      "text": "Minh Vong"
    },
    {
      "url": "scientific-contributions/Kathryn-L-Smith-2154478901",
      "text": ""
    },
    {
      "url": "scientific-contributions/Kathryn-L-Smith-2154478901",
      "text": "Kathryn L. Smith"
    },
    {
      "url": "signup.SignUp.html",
      "text": "Join for free"
    },
    {
      "url": "login?urlAfterLogin=profile%2FWilliam-Gao-4%3FsendMessage%3D1&_sg=EmaQ6A4qz-7CQPvKEHEDoDiuV4No-ilmYA_97ZPCRpWVnl5qz71nh7I2pG3N3e3c6ZiwWzA5nqjAnQ",
      "text": "Log in"
    },
    {
      "url": "login?urlAfterLogin=profile%2FWilliam-Gao-4%3FsendMessage%3D1&_sg=EmaQ6A4qz-7CQPvKEHEDoDiuV4No-ilmYA_97ZPCRpWVnl5qz71nh7I2pG3N3e3c6ZiwWzA5nqjAnQ",
      "text": "Log in"
    },
    {
      "url": "signup.SignUp.html?ev=su_profileMessage&_sg=K_zCZzNY9NuasrxnImauqSGpF-AMP30XTQzWynLdOddnVRJBgRiPMwEoigFCcykfkLbOb5FDQv5XbcoC1GzbrIo-VzY",
      "text": "Join for free"
    }
  ],
  "images": [
    {
      "src": "https://c5.rgstatic.net/m/437738464651637/images/template/default/profile/profile_default_l.jpg",
      "alt": "William Gao"
    },
    {
      "src": "data:image/png;base64,iVBORw0KGgoAAAANSUhEUgAAAAEAAAABCAYAAAAfFcSJAAAADUlEQVR42mN89OjNfwAJDwOxHEacwgAAAABJRU5ErkJggg==",
      "alt": "Minh Vong"
    },
    {
      "src": "data:image/png;base64,iVBORw0KGgoAAAANSUhEUgAAAAEAAAABCAYAAAAfFcSJAAAADUlEQVR42mN89OjNfwAJDwOxHEacwgAAAABJRU5ErkJggg==",
      "alt": "Austin Manny"
    },
    {
      "src": "data:image/png;base64,iVBORw0KGgoAAAANSUhEUgAAAAEAAAABCAYAAAAfFcSJAAAADUlEQVR42mN89OjNfwAJDwOxHEacwgAAAABJRU5ErkJggg==",
      "alt": "Kathryn L. Smith"
    },
    {
      "src": "data:image/png;base64,iVBORw0KGgoAAAANSUhEUgAAAAEAAAABCAYAAAAfFcSJAAAADUlEQVR42mN89OjNfwAJDwOxHEacwgAAAABJRU5ErkJggg==",
      "alt": "Max Nibert"
    },
    {
      "src": "data:image/png;base64,iVBORw0KGgoAAAANSUhEUgAAAAEAAAABCAYAAAAfFcSJAAAADUlEQVR42mN89OjNfwAJDwOxHEacwgAAAABJRU5ErkJggg==",
      "alt": "Arndt von Haeseler"
    },
    {
      "src": "data:image/png;base64,iVBORw0KGgoAAAANSUhEUgAAAAEAAAABCAYAAAAfFcSJAAAADUlEQVR42mN89OjNfwAJDwOxHEacwgAAAABJRU5ErkJggg==",
      "alt": "Daniela Holtgr\u00e4we"
    },
    {
      "src": "data:image/png;base64,iVBORw0KGgoAAAANSUhEUgAAAAEAAAABCAYAAAAfFcSJAAAADUlEQVR42mN89OjNfwAJDwOxHEacwgAAAABJRU5ErkJggg==",
      "alt": "Bernd Weisshaar"
    },
    {
      "src": "data:image/png;base64,iVBORw0KGgoAAAANSUhEUgAAAAEAAAABCAYAAAAfFcSJAAAADUlEQVR42mN89OjNfwAJDwOxHEacwgAAAABJRU5ErkJggg==",
      "alt": "John Navazio"
    },
    {
      "src": "data:image/png;base64,iVBORw0KGgoAAAANSUhEUgAAAAEAAAABCAYAAAAfFcSJAAAADUlEQVR42mN89OjNfwAJDwOxHEacwgAAAABJRU5ErkJggg==",
      "alt": "Thomas Kraft"
    },
    {
      "src": "data:image/png;base64,iVBORw0KGgoAAAANSUhEUgAAAAEAAAABCAYAAAAfFcSJAAAADUlEQVR42mN89OjNfwAJDwOxHEacwgAAAABJRU5ErkJggg==",
      "alt": "Susheel Kumar Sharma"
    },
    {
      "src": "data:image/png;base64,iVBORw0KGgoAAAANSUhEUgAAAAEAAAABCAYAAAAfFcSJAAAADUlEQVR42mN89OjNfwAJDwOxHEacwgAAAABJRU5ErkJggg==",
      "alt": "Wenxing Xu"
    },
    {
      "src": "data:image/png;base64,iVBORw0KGgoAAAANSUhEUgAAAAEAAAABCAYAAAAfFcSJAAAADUlEQVR42mN89OjNfwAJDwOxHEacwgAAAABJRU5ErkJggg==",
      "alt": "Fernando Lucas Melo"
    },
    {
      "src": "data:image/png;base64,iVBORw0KGgoAAAANSUhEUgAAAAEAAAABCAYAAAAfFcSJAAAADUlEQVR42mN89OjNfwAJDwOxHEacwgAAAABJRU5ErkJggg==",
      "alt": "Leticia Botella"
    },
    {
      "src": "data:image/png;base64,iVBORw0KGgoAAAANSUhEUgAAAAEAAAABCAYAAAAfFcSJAAAADUlEQVR42mN89OjNfwAJDwOxHEacwgAAAABJRU5ErkJggg==",
      "alt": "Henrik H De Fine Licht"
    },
    {
      "src": "https://i1.rgstatic.net/ii/institution.image/AS%3A11431281184392530%401693317608615_m",
      "alt": "Harvard University"
    },
    {
      "src": "data:image/png;base64,iVBORw0KGgoAAAANSUhEUgAAAAEAAAABCAYAAAAfFcSJAAAADUlEQVR42mN89OjNfwAJDwOxHEacwgAAAABJRU5ErkJggg==",
      "alt": "Austin Manny"
    },
    {
      "src": "data:image/png;base64,iVBORw0KGgoAAAANSUhEUgAAAAEAAAABCAYAAAAfFcSJAAAADUlEQVR42mN89OjNfwAJDwOxHEacwgAAAABJRU5ErkJggg==",
      "alt": "Max Nibert"
    },
    {
      "src": "data:image/png;base64,iVBORw0KGgoAAAANSUhEUgAAAAEAAAABCAYAAAAfFcSJAAAADUlEQVR42mN89OjNfwAJDwOxHEacwgAAAABJRU5ErkJggg==",
      "alt": "Minh Vong"
    },
    {
      "src": "data:image/png;base64,iVBORw0KGgoAAAANSUhEUgAAAAEAAAABCAYAAAAfFcSJAAAADUlEQVR42mN89OjNfwAJDwOxHEacwgAAAABJRU5ErkJggg==",
      "alt": "Kathryn L. Smith"
    },
    {
      "src": "https://c5.rgstatic.net/m/420699284191573/images/symbols/svg/classification-academic.svg",
      "alt": ""
    },
    {
      "src": "https://c5.rgstatic.net/m/415447567661256/images/symbols/svg/classification-corporate.svg",
      "alt": ""
    },
    {
      "src": "https://c5.rgstatic.net/m/44240833271040/images/symbols/svg/classification-medical.svg",
      "alt": ""
    },
    {
      "src": "https://c5.rgstatic.net/m/41625716582999/images/symbols/svg/classification-notresearcher.svg",
      "alt": ""
    }
  ]
}