{
  "title": "\u202aNeil Movva\u202c - \u202aGoogle Scholar\u202c",
  "meta_description": "\u202aStanford University, Department of Electrical Engineering\u202c - \u202a\u202aCited by 1\u202c\u202c - \u202aComputational imaging\u202c - \u202acomputer vision\u202c - \u202adeep learning\u202c - \u202acomputer architecture\u202c",
  "main_content": "Loading... The system can't perform the operation now. Try again later. Citations per year Duplicate citations The following articles are merged in Scholar. Their combined citations are counted only for the first article. Merged citations This \"Cited by\" count includes citations to the following articles in Scholar. The ones marked * may be different from the article in the profile. Add co-authors Co-authors Follow New articles by this author New citations to this author New articles related to this author's research Email address for updates Done My profile My library Metrics Alerts Settings Sign in Sign in Get my own profile Cited by All Since 2020 Citations 1 1 h-index 1 1 i10-index 0 0 Follow Neil Movva Stanford University , Department of Electrical Engineering Verified email at stanford.edu Computational imaging computer vision deep learning computer architecture Articles Cited by Title Sort Sort by citations Sort by year Sort by title Cited by Cited by Year Dynamic Field of View in a Tomographic Light Field Display J Ginsberg, N Movva SMPTE Motion Imaging Journal 128 (1), 55-60 , 2019 1 2019 The system can't perform the operation now. Try again later. Show more Privacy Terms Help About Scholar Search help",
  "links": [
    {
      "url": "/schhp?hl=en",
      "text": ""
    },
    {
      "url": "/citations?hl=en",
      "text": "My profile"
    },
    {
      "url": "/scholar?scilib=1&hl=en",
      "text": "My library"
    },
    {
      "url": "/citations?view_op=metrics_intro&hl=en",
      "text": "Metrics"
    },
    {
      "url": "/scholar_alerts?view_op=list_alerts&hl=en",
      "text": "Alerts"
    },
    {
      "url": "/scholar_settings?hl=en",
      "text": "Settings"
    },
    {
      "url": "https://accounts.google.com/Login?hl=en&continue=https://scholar.google.com/schhp%3Fhl%3Den",
      "text": "Sign in"
    },
    {
      "url": "/schhp?hl=en",
      "text": ""
    },
    {
      "url": "https://accounts.google.com/Login?hl=en&continue=https://scholar.google.com/schhp%3Fhl%3Den",
      "text": "Sign in"
    },
    {
      "url": "/citations?hl=en",
      "text": "Get my own profile"
    },
    {
      "url": "/citations?view_op=view_org&hl=en&org=8539678734835078480",
      "text": "Stanford University"
    },
    {
      "url": "/citations?view_op=search_authors&hl=en&mauthors=label:computational_imaging",
      "text": "Computational imaging"
    },
    {
      "url": "/citations?view_op=search_authors&hl=en&mauthors=label:computer_vision",
      "text": "computer vision"
    },
    {
      "url": "/citations?view_op=search_authors&hl=en&mauthors=label:deep_learning",
      "text": "deep learning"
    },
    {
      "url": "/citations?view_op=search_authors&hl=en&mauthors=label:computer_architecture",
      "text": "computer architecture"
    },
    {
      "url": "/citations?hl=en&user=IWm0M1oAAAAJ&view_op=list_works&sortby=title",
      "text": "Title"
    },
    {
      "url": "/citations?hl=en&user=IWm0M1oAAAAJ&view_op=list_works",
      "text": "Sort by citations"
    },
    {
      "url": "/citations?hl=en&user=IWm0M1oAAAAJ&view_op=list_works&sortby=pubdate",
      "text": "Sort by year"
    },
    {
      "url": "/citations?hl=en&user=IWm0M1oAAAAJ&view_op=list_works&sortby=title",
      "text": "Sort by title"
    },
    {
      "url": "/citations?hl=en&user=IWm0M1oAAAAJ&view_op=list_works&sortby=pubdate",
      "text": "Year"
    },
    {
      "url": "/citations?view_op=view_citation&hl=en&user=IWm0M1oAAAAJ&citation_for_view=IWm0M1oAAAAJ:u5HHmVD_uO8C",
      "text": "Dynamic Field of View in a Tomographic Light Field Display"
    },
    {
      "url": "https://scholar.google.com/scholar?oi=bibs&hl=en&cites=7140827796373631790",
      "text": "1"
    },
    {
      "url": "//www.google.com/intl/en/policies/privacy/",
      "text": "Privacy"
    },
    {
      "url": "//www.google.com/intl/en/policies/terms/",
      "text": "Terms"
    },
    {
      "url": "/intl/en/scholar/about.html",
      "text": "About Scholar"
    },
    {
      "url": "//support.google.com/websearch?p=scholar_dsa&hl=en",
      "text": "Search help"
    }
  ],
  "images": [
    {
      "src": "/citations/images/avatar_scholar_128.png",
      "alt": "Neil Movva"
    }
  ]
}