{
  "title": "MIT ESP - Uzay Girit",
  "meta_description": "",
  "main_content": "ESP Biography UZAY GIRIT, ESP Teacher Major: Not available. College/Employer: MIT Year of Graduation: 2026 Brief Biographical Sketch: Not Available. Past Classes (Clicking a class title will bring you to the course's section of the corresponding course catalog) M15766: Groups with grapes in Splash 2023 (Nov. 18 - 19, 2023) Speed through the intuitions and framework of basic group theory. Dive into the nature of symmetry to learn about why these objects are ubiquitous in the world of math, relating things you wouldn't expect to be related. There will be fun with groups, with grapes, and with you! M15412: Game theory in Splash 2022 (Nov. 19 - 20, 2022) How do games work? What in life can be formalized as a mathematical \"game\"? An interactive class relating the language of mathematics, rationality and game theory.",
  "links": [
    {
      "url": "/",
      "text": ""
    },
    {
      "url": "/teach/Splash/index.html",
      "text": "SPLASH"
    },
    {
      "url": "/teach/HSSP/index.html",
      "text": "HSSP"
    },
    {
      "url": "/teach/Cascade/index.html",
      "text": "CASCADE"
    },
    {
      "url": "/teach/logistics/index.html",
      "text": "LOGISTICS"
    },
    {
      "url": "/manage/programs/",
      "text": "MANAGE"
    },
    {
      "url": "/myesp/switchback/",
      "text": "UNMORPH"
    },
    {
      "url": "/teach/index.html",
      "text": ""
    },
    {
      "url": "/teach/index.html",
      "text": "Teach"
    },
    {
      "url": "/learn/index.html",
      "text": ""
    },
    {
      "url": "/learn/index.html",
      "text": "Learn"
    },
    {
      "url": "/volunteer/index.html",
      "text": ""
    },
    {
      "url": "/volunteer/index.html",
      "text": "Volunteer"
    },
    {
      "url": "mailto:esp@mit.edu",
      "text": "esp@mit.edu"
    },
    {
      "url": "/faq.html",
      "text": "FAQ"
    },
    {
      "url": "/contact.html",
      "text": "contact us"
    },
    {
      "url": "/about/donate.html",
      "text": "donate"
    },
    {
      "url": "https://www.instagram.com/mit_esp/",
      "text": "instagram"
    },
    {
      "url": "/myesp/register",
      "text": "Sign up"
    },
    {
      "url": "/myesp/loginhelp.html",
      "text": "need help?"
    },
    {
      "url": "/myesp/signout/",
      "text": "Logout"
    },
    {
      "url": "/myesp/accountmanage.html",
      "text": "My Profile"
    },
    {
      "url": "/learn/Splash/2023/catalog#class_15766",
      "text": "M15766: Groups with grapes"
    },
    {
      "url": "/learn/Splash/2022/catalog#class_15412",
      "text": "M15412: Game theory"
    },
    {
      "url": "/privacy-policy.html",
      "text": "Privacy Policy"
    }
  ],
  "images": [
    {
      "src": "/media/images/theme/logo.png",
      "alt": "home"
    },
    {
      "src": "/media/images/not-available.jpg",
      "alt": "Picture of Uzay Girit"
    },
    {
      "src": "http://esp-piwik.mit.edu/piwik.php?idsite=1",
      "alt": ""
    }
  ]
}