{
  "title": "Uzay Girit | OpenReview",
  "meta_description": "Promoting openness in scientific communication and the peer-review process",
  "main_content": "Names Uzay Girit (Preferred) Suggest Name Emails ****@gmail.com (Confirmed) Suggest Email Personal Links Homepage Google Scholar DBLP LinkedIn Suggest URL Career & Education History Undergrad student Massachusetts Institute of Technology (mit.edu) 2022 \u2013 2026 Suggest Position Advisors, Relations & Conflicts No relations added Suggest Relation Expertise theory of deep learning, interpretability Present Suggest Expertise Publications Loading... Co-Authors Loading...",
  "links": [
    {
      "url": "https://uzpg.me",
      "text": "Homepage"
    },
    {
      "url": "https://scholar.google.com/citations?user=qvZ_Q_IAAAAJ&hl=en&authuser=1",
      "text": "Google Scholar"
    },
    {
      "url": "https://dblp.org/pid/344/2052",
      "text": "DBLP"
    },
    {
      "url": "https://www.linkedin.com/in/uzay-girit-a208161a2/",
      "text": "LinkedIn"
    },
    {
      "url": "https://github.com/openreview/openreview/issues/new/choose",
      "text": "Report an issue"
    }
  ],
  "images": []
}