{
  "title": "INTERVIEW: High leverage a deterrent to rate cuts, says YES Bank's Nambiar",
  "meta_description": "",
  "main_content": "INTERVIEW: High leverage a deterrent to rate cuts, says YES Bank's Nambiar Back INTERVIEW High leverage a deterrent to rate cuts, says YES Bank's Nambiar That India's interest rate cut cycle is likely to be shallow is almost a consensus view by now, premised on the stickiness of inflation. YES Bank's head of trading Sudarshan Nambiar adds another dimension to the discussion: the Monetary Policy Committee would be cautious in easing monetary conditions due to the high leverage in the economy. Register to read Share this Story: More Stories FOCUS: MPC's Apr repo rate decision clear as Oct-Dec growth far from robust Soaring High: India's economy on verge of crossing $4 tln mark in FY25, says CEA Sales Growth: Maruti Suzuki Feb despatches growth lowest since Aug, up 1% YoY Data Alert: GDP growth rose to 6.2% Oct-Dec on better mfg, farm sector show India Apr-Jan fiscal deficit jumps to 74.5% of revised FY25 aim Trade Talks: India, EU asked respective teams to close FTA talks this year, says PM Modi India Stocks Review: Market down 2% amid sell-off in IT cos on US growth concerns Exclusive: Coal India may miss output target for 8th straight month in Feb, say sources Status Quo: EPFO central board recommends retaining interest rate for FY25 at 8.25% Growth Outlook: India needs faster reforms to become high-income nation by 2047: World Bank Terms of Services Privacy Policy @2025 Informist Media All Rights Reserved",
  "links": [
    {
      "url": "https://www.informistmedia.com/Home",
      "text": ""
    },
    {
      "url": "http://www.facebook.com/sharer.php?u=https://www.informistmedia.com/CommodityWire/INTERVIEW--High-leverage-a-deterrent-to-rate-cuts--says-YES-Bank-s-Nambiar",
      "text": ""
    },
    {
      "url": "http://twitter.com/share?text=INTERVIEW%3A+High+leverage+a+deterrent+to+rate+cuts%2C+says+YES+Bank%27s+Nambiar&url=https://www.informistmedia.com/CommodityWire/INTERVIEW--High-leverage-a-deterrent-to-rate-cuts--says-YES-Bank-s-Nambiar",
      "text": ""
    },
    {
      "url": "https://www.linkedin.com/shareArticle?mini=true&url=https://www.informistmedia.com/CommodityWire/INTERVIEW--High-leverage-a-deterrent-to-rate-cuts--says-YES-Bank-s-Nambiar&title=INTERVIEW: High leverage a deterrent to rate cuts, says YES Bank's Nambiar",
      "text": ""
    },
    {
      "url": "https://api.whatsapp.com/send?text=https://www.informistmedia.com/CommodityWire/INTERVIEW--High-leverage-a-deterrent-to-rate-cuts--says-YES-Bank-s-Nambiar",
      "text": ""
    },
    {
      "url": "https://www.informistmedia.com/Home/MPC-s-Apr-repo-rate-decision-clear-as-Oct-Dec-growth-far-from-robust",
      "text": "FOCUS: MPC's Apr repo rate decision clear as Oct-Dec growth far from robust"
    },
    {
      "url": "https://www.informistmedia.com/Home/Soaring-High--India-s-economy-on-verge-of-crossing--4-tln-mark-in-FY25--says-CEA",
      "text": "Soaring High: India's economy on verge of crossing $4 tln mark in FY25, says CEA"
    },
    {
      "url": "https://www.informistmedia.com/Home/Sales-Growth--Maruti-Suzuki-Feb-despatches-growth-lowest-since-Aug--up-1--37--YoY",
      "text": "Sales Growth: Maruti Suzuki Feb despatches growth lowest since Aug, up 1% YoY"
    },
    {
      "url": "https://www.informistmedia.com/Home/GDP-growth-rose-to-6-2--37--Oct-Dec-on-better-mfg--farm-sector-show",
      "text": "Data Alert: GDP growth rose to 6.2% Oct-Dec on better mfg, farm sector show"
    },
    {
      "url": "https://www.informistmedia.com/Home/India-Apr-Jan-fiscal-deficit-jumps-to-74-5--37--of-revised-FY25-aim",
      "text": "India Apr-Jan fiscal deficit jumps to 74.5% of revised FY25 aim"
    },
    {
      "url": "https://www.informistmedia.com/Home/Trade-Talks--India--EU-asked-respective-teams-to-close-FTA-talks-this-year--says-PM-Modi",
      "text": "Trade Talks: India, EU asked respective teams to close FTA talks this year, says PM Modi"
    },
    {
      "url": "https://www.informistmedia.com/Home/India-Stocks-Review--Market-down-2--37--amid-sell-off-in-IT-cos-on-US-growth-concerns",
      "text": "India Stocks Review: Market down 2% amid sell-off in IT cos on US growth concerns"
    },
    {
      "url": "https://www.informistmedia.com/Home/Exclusive--Coal-India-may-miss-output-target-for-8th-straight-month-in-Feb--say-sources",
      "text": "Exclusive: Coal India may miss output target for 8th straight month in Feb, say sources"
    },
    {
      "url": "https://www.informistmedia.com/Home/Status-Quo--EPFO-central-board-recommends-retaining-interest-rate-for-FY25-at-8-25--37-",
      "text": "Status Quo: EPFO central board recommends retaining interest rate for FY25 at 8.25%"
    },
    {
      "url": "https://www.informistmedia.com/Home/Growth-Outlook--India-needs-faster-reforms-to-become-high-income-nation-by-2047--World-Bank",
      "text": "Growth Outlook: India needs faster reforms to become high-income nation by 2047: World Bank"
    },
    {
      "url": "https://www.informistmedia.com/terms_of_services",
      "text": "Terms of Services"
    },
    {
      "url": "https://www.informistmedia.com/privacy_policy",
      "text": "Privacy Policy"
    },
    {
      "url": "https://twitter.com/informistmedia?s=11",
      "text": ""
    },
    {
      "url": "https://www.linkedin.com/company/informist-mediapvt-ltd/",
      "text": ""
    }
  ],
  "images": [
    {
      "src": "https://www.informistmedia.com/assets/img/logo.png",
      "alt": ""
    },
    {
      "src": "https://www.informistmedia.com/assets/uploads/66d1cd3581b6c_Yes_Bank_Nambiyar__Custom__jpeg",
      "alt": ""
    },
    {
      "src": "https://www.informistmedia.com/assets/img/twitter.png",
      "alt": ""
    }
  ]
}