[
  {
    "fullName": "Nicole Ma",
    "linkedin_internal_id": "825222069",
    "first_name": "Nicole",
    "last_name": "Ma",
    "public_identifier": "ma06nicole",
    "background_cover_image_url": "https://media.licdn.com/dms/image/v2/D4D16AQGmXlaqZpuE0A/profile-displaybackgroundimage-shrink_200_800/profile-displaybackgroundimage-shrink_200_800/0/1681792875710?e=2147483647&v=beta&t=vCjtp46nVv-J0JnsQ46ndh632E4Nseyv8kx9fcfMyDo",
    "profile_photo": "https://media.licdn.com/dms/image/v2/D5603AQERna6N0lKvzw/profile-displayphoto-shrink_200_200/profile-displayphoto-shrink_200_200/0/1705121223153?e=2147483647&v=beta&t=UfOGPL27vgJxlLYQ6R40uwn14_zJP357em02loWVLl8",
    "headline": "CS + Math @ Stanford",
    "location": "532 followers\n          \n          \n              500+ connections",
    "about": "Interested in tech entrepreneurshipmanicole [at] stanford [dot] edu",
    "experience": [
      {
        "position": "Research Fellow, Simons Summer Research Program",
        "company_url": "https://www.linkedin.com/school/stonybrookuniversity/?trk=public_profile_experience-item_profile-section-card_subtitle-click",
        "company_image": "https://media.licdn.com/dms/image/v2/C4E0BAQHOeNb0KmKXYQ/company-logo_100_100/company-logo_100_100/0/1630647027307/stony_brook_university_logo?e=2147483647&v=beta&t=ugcw8ZgUsjEHY_Nyg68U_WAfcbYYLLRnbIuDqaAI_a0",
        "company_name": "Stony Brook University",
        "location": "Stony Brook University, New York, United States",
        "summary": "",
        "starts_at": "Jun 2023",
        "ends_at": "Present",
        "duration": "1 year 10 months"
      },
      {
        "position": "WiSE Program",
        "company_url": "https://www.linkedin.com/company/jane-street-global?trk=public_profile_experience-item_profile-section-card_subtitle-click",
        "company_image": "https://media.licdn.com/dms/image/v2/D4E0BAQGDwkF0pxTSjg/company-logo_100_100/company-logo_100_100/0/1700507376786/jane_street_global_logo?e=2147483647&v=beta&t=eyFaBH-a-t5Vq833fZdXpmwlgy-c5614-tH0NvnA19c",
        "company_name": "Jane Street",
        "location": "New York, New York, United States",
        "summary": "",
        "starts_at": "Jul 2024",
        "ends_at": "Jul 2024",
        "duration": "1 month"
      },
      {
        "position": "Research Intern",
        "company_url": "https://www.linkedin.com/company/jet-propulsion-laboratory?trk=public_profile_experience-item_profile-section-card_subtitle-click",
        "company_image": "https://media.licdn.com/dms/image/v2/C4E0BAQFru17MYnHlaQ/company-logo_100_100/company-logo_100_100/0/1631325414149?e=2147483647&v=beta&t=nnKva72yFGqpDxgMpykB7enPvmer0q6KmuslzIDChxA",
        "company_name": "NASA Jet Propulsion Laboratory",
        "location": "Pasadena, California, United States",
        "summary": "",
        "starts_at": "Aug 2021",
        "ends_at": "Aug 2023",
        "duration": "2 years 1 month"
      },
      {
        "position": "Research Intern",
        "company_url": "https://www.linkedin.com/school/cal-poly-pomona/?trk=public_profile_experience-item_profile-section-card_subtitle-click",
        "company_image": "https://media.licdn.com/dms/image/v2/D560BAQFFO12NE2lOVw/company-logo_100_100/company-logo_100_100/0/1737999459363/cal_poly_pomona_logo?e=2147483647&v=beta&t=UGe7Ox5jfa2hmDNhJUod0D4gz8XGUPMaynfmhp7G98s",
        "company_name": "California State Polytechnic University-Pomona",
        "location": null,
        "summary": "",
        "starts_at": "Nov 2021",
        "ends_at": "Jan 2023",
        "duration": "1 year 3 months"
      }
    ],
    "education": [
      {
        "college_url": "https://www.linkedin.com/school/stanford-university/?trk=public_profile_school_profile-section-card_image-click",
        "college_name": "Stanford University",
        "college_image": "https://media.licdn.com/dms/image/v2/C560BAQHr9suxyJBXMw/company-logo_100_100/company-logo_100_100/0/1635534378870/stanford_university_logo?e=2147483647&v=beta&t=ZvB25L95o9w4q9drvsWxGcM49tX66Cf5LsLAxYp8rSs",
        "college_degree": "Bachelor of Science - BS",
        "college_degree_field": "Computer Science, Mathematics",
        "college_duration": "2024 - 2028",
        "college_activity": ""
      },
      {
        "college_url": "https://www.linkedin.com/school/sage-hill-school/?trk=public_profile_school_profile-section-card_image-click",
        "college_name": "Sage Hill School",
        "college_image": "https://media.licdn.com/dms/image/v2/C510BAQEWyT57ZDAQtw/company-logo_100_100/company-logo_100_100/0/1631334530938?e=2147483647&v=beta&t=UM1tdRf8WKAekSY5GJTJiw9xcanAxBgGIhQC1WuRt7o",
        "college_degree": "",
        "college_degree_field": null,
        "college_duration": "2020 - 2024",
        "college_activity": ""
      }
    ],
    "articles": [],
    "description": {
      "description1": "Stony Brook University",
      "description1_link": "https://www.linkedin.com/school/stonybrookuniversity/?trk=public_profile_topcard-current-company",
      "description2": "Stanford University",
      "description2_link": "https://www.linkedin.com/school/stanford-university/?trk=public_profile_topcard-school",
      "description3": ""
    },
    "activities": [],
    "volunteering": [],
    "certification": [],
    "people_also_viewed": [
      {
        "link": "https://www.linkedin.com/in/avora4?trk=public_profile_browsemap-profile",
        "name": "Ankur Vora",
        "summary": "",
        "location": "Santa Clara, CA"
      },
      {
        "link": "https://www.linkedin.com/in/dharma-teja-762780b4?trk=public_profile_browsemap-profile",
        "name": "Dharma Teja",
        "summary": "Technical Recruiter",
        "location": "Herndon, VA"
      },
      {
        "link": "https://jp.linkedin.com/in/zora-liu?trk=public_profile_browsemap-profile",
        "name": "Zora Liu",
        "summary": "",
        "location": "Tokyo, Japan"
      },
      {
        "link": "https://br.linkedin.com/in/brunogabrich?trk=public_profile_browsemap-profile",
        "name": "Bruno G.",
        "summary": "Robotics, Synthetic Data, AI | UPenn Alum | Antler Alum",
        "location": "Brazil"
      },
      {
        "link": "https://www.linkedin.com/in/oianchevksa?trk=public_profile_browsemap-profile",
        "name": "Oleksandra Ianchevska",
        "summary": "Data Conversion Specialist",
        "location": "Raleigh-Durham-Chapel Hill Area"
      },
      {
        "link": "https://www.linkedin.com/in/aleksandar-atanasov?trk=public_profile_browsemap-profile",
        "name": "Aleksandar Atanasov",
        "summary": "",
        "location": "San Francisco Bay Area"
      },
      {
        "link": "https://www.linkedin.com/in/alexander-russo-454303119?trk=public_profile_browsemap-profile",
        "name": "Alexander Russo",
        "summary": "",
        "location": "Memphis, TN"
      },
      {
        "link": "https://www.linkedin.com/in/shitao-liu?trk=public_profile_browsemap-profile",
        "name": "Christina Liu",
        "summary": "",
        "location": "New York, NY"
      },
      {
        "link": "https://www.linkedin.com/in/yadi-yang-ab9161a7?trk=public_profile_browsemap-profile",
        "name": "Yadi Yang",
        "summary": "",
        "location": "Greater Seattle Area"
      }
    ],
    "similar_profiles": [
      {
        "link": "https://www.linkedin.com/in/nicole-ma-137139bb?trk=public_profile_samename-profile",
        "name": "Nicole Ma",
        "summary": "",
        "location": "New York City Metropolitan Area"
      },
      {
        "link": "https://www.linkedin.com/in/nicole-ma?trk=public_profile_samename-profile",
        "name": "Nicole Ma",
        "summary": "",
        "location": "Washington DC-Baltimore Area"
      },
      {
        "link": "https://www.linkedin.com/in/nicole-ma-a67892316?trk=public_profile_samename-profile",
        "name": "Nicole Ma",
        "summary": "Aspiring Nurse | Dedicated to Making a Difference in Healthcare",
        "location": "Quincy, MA"
      },
      {
        "link": "https://www.linkedin.com/in/nicole-l-ma?trk=public_profile_samename-profile",
        "name": "Nicole Ma",
        "summary": "Dual Master\u2019s Student at Duke University",
        "location": "Durham, NC"
      }
    ],
    "recommendations": [],
    "publications": [
      {
        "name": "21st Century Global and Regional Surface Temperature Projections",
        "sub_title": "Earth and Space Science",
        "summary": "ABSTRACT: Many countries and regions across the globe broke their surface temperature records in recent years. Recent crippling heat waves swept across the Earth, further sparking concerns about the impending arrival of \u201ctipping points\u201d later in the 21st century. This study analyzes observed global surface temperature trends in three target latitudinal regions: the Arctic Circle, Tropics, and the Antarctic Circle. We show that global warming is accelerating unevenly across the planet, with the\u2026\n            \n\n    \n    \n\n    \n        Show more",
        "date": "December 7, 2022",
        "link": "https://www.linkedin.com/redir/redirect?url=https%3A%2F%2Fdoi%2Eorg%2F10%2E1029%2F2022EA002662&urlhash=Qo72&trk=public_profile_publication-title"
      }
    ],
    "courses": [],
    "languages": [
      {
        "name": "English",
        "level": "Native or bilingual proficiency"
      },
      {
        "name": "Mandarin",
        "level": "Native or bilingual proficiency"
      }
    ],
    "organizations": [
      {
        "name": "Climate Justice Global Alliance",
        "position": "President"
      }
    ],
    "projects": [
      {
        "title": "Constructing a Novel Multidirectional Stochastic Process Model to Simulate the Latitude of the North Atlantic Jet Stream",
        "duration": "-"
      },
      {
        "title": "Using Machine Learning to Improve Offshore Wind Resource Assessment and Forecasting",
        "duration": "-"
      }
    ],
    "awards": [
      {
        "name": "Hackathon/Programming/Science Fair Awards",
        "organization": "-",
        "duration": "May 2024",
        "summary": "\u2022 One Percenter Award, Project Euler\u2022 1st Place, 2022 igniteCS Programming Expo\u2022 1st Place, 2021 GameGala\u2022 Best Use of EchoAR, 2021 LightHouse Hacks\u2022 3rd Place in Environmental Engineering, California Science and Engineering Fair (CSEF)\u2022 Orange County Science and Engineering Fair (OCSEF) Awards: 1st Place in Energy Conversion/Alternate Energy, Association of Women in Water, Energy, and Environment Award, NASA Earth System Science Award, the Energy Coalition First Place Award"
      },
      {
        "name": "National Merit Scholarship Finalist",
        "organization": "-",
        "duration": "Feb 2024",
        "summary": "1520/1520 PSAT"
      },
      {
        "name": "2023 CESASC JHJ Prize for Fundamental Science (Physics)",
        "organization": "CESASC",
        "duration": "Apr 2023",
        "summary": "The JHJ Prize is an annual award given to a maximum of three research papers authored by researchers under the age of 26 in any field of fundamental science. Candidates must have published a lead-authored paper in a reputable international journal. I received this award for my paper \"21st Century Global and Regional Surface Temperature Projections.\""
      },
      {
        "name": "Finalist and Oral Presenter, 61st National Junior Science and Humanities Symposium (NJSHS)",
        "organization": "Junior Science and Humanities Symposium",
        "duration": "Apr 2023",
        "summary": "~3% of 8000+ participants in regional symposiums are invited to the national JSHS. I placed 1st in the virtual region and was 1 of 22 students nationwide chosen to give an oral presentation in the Mathematics and Computer Science category."
      },
      {
        "name": "American Invitational Mathematics Examination (AIME) Qualifier",
        "organization": "-",
        "duration": "Feb 2023",
        "summary": ""
      },
      {
        "name": "President's Volunteer Service Award (Gold)",
        "organization": "-",
        "duration": "2023",
        "summary": "250+ annual volunteer hours"
      },
      {
        "name": "Harvard Women Engineers Code Distinguished Initiative Award",
        "organization": "-",
        "duration": "Nov 2021",
        "summary": ""
      }
    ],
    "score": []
  }
]