{
  "title": "Counter-Currents Radio Podcast No. 289 Sam Dickson",
  "meta_description": "169 words / 2:04:33 To listen in a player, click here. To download the mp3, right-click here and choose \u201csave link as\u201d or \u201csave target as.\u201d Greg Johnson talks to Sam Dickson, a pro-white lawyer, writer, and speaker, about current events, demographics, and your questions. Topics include: 00:00:00 What will make people wake up? 00:08:30 [\u2026]",
  "main_content": "Log in",
  "links": [
    {
      "url": "https://counter-currents.com/2020/09/counter-currents-radio-podcast-no-289-sam-dickson/print",
      "text": "Print"
    },
    {
      "url": "https://counter-currents.com/2020/09/counter-currents-radio-podcast-no-289-sam-dickson/#comments",
      "text": "16 \n\t\t\t\t\t\t\t\t\t\t\t\t\t\t\t\t\t\t\tcomments"
    },
    {
      "url": "https://counter-currents.com/author/ccradio/",
      "text": "Counter-Currents Radio"
    },
    {
      "url": "https://counter-currents.com/radio/Sam Dickson.mp3",
      "text": "here"
    },
    {
      "url": "https://counter-currents.com/radio/Sam Dickson.mp3",
      "text": "here"
    },
    {
      "url": "https://entropystream.live/countercurrents",
      "text": "our Entropy page"
    },
    {
      "url": "https://counter-currents.com/2020/05/sign-up-for-our-new-newsletter/",
      "text": "sign up"
    },
    {
      "url": "https://twitter.com/intent/tweet?text=https://counter-currents.com/2020/09/counter-currents-radio-podcast-no-289-sam-dickson/",
      "text": ""
    },
    {
      "url": "https://gab.com/compose?url=https://counter-currents.com/2020/09/counter-currents-radio-podcast-no-289-sam-dickson/&text=Counter-Currents%2520Radio%2520Podcast%2520No.%2520289%2520Sam%2520Dickson%0D%0A%0D%0A",
      "text": "Gab"
    },
    {
      "url": "/cdn-cgi/l/email-protection#310e4244535b5452450c725e445f4554431c72444343545f4542114d110d4241505f114245485d540c",
      "text": "Counter-Currents Radio Podcast No. 289 Sam Dickson &body=%0D%0A%0D%0A%0D%0A%0D%0A%0D%0A%0D%0Ahttps://counter-currents.com/2020/09/counter-currents-radio-podcast-no-289-sam-dickson/%0D%0A%0D%0A%0D%0A%0D%0A\">"
    },
    {
      "url": "https://counter-currents.com/2025/02/counter-currents-radio-podcast-no-627-christian-secor/",
      "text": "Counter-Currents Radio Podcast No. 627 \u2013 Christian Secor"
    },
    {
      "url": "https://counter-currents.com/2025/02/counter-currents-radio-podcast-no-626/",
      "text": "Counter-Currents Radio Podcast No. 626"
    },
    {
      "url": "https://counter-currents.com/2025/02/counter-currents-radio-podcast-no-626-leonarda-jonie/",
      "text": "Counter-Currents Radio Podcast No. 626 Leonarda Jonie"
    },
    {
      "url": "https://counter-currents.com/2025/02/counter-currents-radio-podcast-no-625-canada-edition/",
      "text": "Counter-Currents Radio Podcast No. 625 \u2013 Canada Edition"
    },
    {
      "url": "https://counter-currents.com/2025/01/counter-currents-radio-podcast-no-624/",
      "text": "Counter-Currents Radio Podcast No. 624"
    },
    {
      "url": "https://counter-currents.com/2025/01/counter-currents-radio-podcast-no-623/",
      "text": "Counter-Currents Radio Podcast No. 623"
    },
    {
      "url": "https://counter-currents.com/2025/01/counter-currents-radio-podcast-no-622-morgoth-and-millennial-woes-on-britains-rape-gang-scandal/",
      "text": "Counter-Currents Radio Podcast No. 622: Morgoth and Millennial Woes on Britain\u2019s Rape Gang Scandal"
    },
    {
      "url": "https://counter-currents.com/2025/01/counter-currents-radio-podcast-no-621/",
      "text": "Counter-Currents Radio Podcast No. 622"
    },
    {
      "url": "https://counter-currents.com/tag/counter-currents-radio/",
      "text": "Counter-Currents Radio"
    },
    {
      "url": "https://counter-currents.com/tag/podcasts/",
      "text": "Podcasts"
    },
    {
      "url": "https://counter-currents.com/tag/sam-dickson/",
      "text": "Sam Dickson"
    },
    {
      "url": "https://counter-currents.com/2025/02/a-puzzling-situation-or-the-story-of-a-young-man/",
      "text": "Next\n\n\u00bb\n\t\t\t\t\t\t\t\tA Puzzling Situation   or  The Story of a Young Man"
    },
    {
      "url": "https://counter-currents.com/2020/09/counter-currents-radio-podcast-no-289-sam-dickson/#comment-1648602",
      "text": "September 8, 2020 at 12:35 pm"
    },
    {
      "url": "https://counter-currents.com/2020/09/counter-currents-radio-podcast-no-289-sam-dickson/#comment-1648622",
      "text": "September 8, 2020 at 1:50 pm"
    },
    {
      "url": "https://counter-currents.com/2020/09/counter-currents-radio-podcast-no-289-sam-dickson/#comment-1648673",
      "text": "September 8, 2020 at 5:07 pm"
    },
    {
      "url": "./top-100-commenters",
      "text": ""
    },
    {
      "url": "https://counter-currents.com/2020/09/counter-currents-radio-podcast-no-289-sam-dickson/#comment-1648832",
      "text": "September 8, 2020 at 10:17 pm"
    },
    {
      "url": "https://counter-currents.com/2020/09/counter-currents-radio-podcast-no-289-sam-dickson/#comment-1648901",
      "text": "September 9, 2020 at 12:50 am"
    },
    {
      "url": "https://counter-currents.com/2020/09/counter-currents-radio-podcast-no-289-sam-dickson/#comment-1649020",
      "text": "September 9, 2020 at 6:21 am"
    },
    {
      "url": "https://counter-currents.com/2020/09/counter-currents-radio-podcast-no-289-sam-dickson/#comment-1649040",
      "text": "September 9, 2020 at 7:39 am"
    },
    {
      "url": "https://counter-currents.com/2020/09/counter-currents-radio-podcast-no-289-sam-dickson/#comment-1649227",
      "text": "September 9, 2020 at 4:40 pm"
    },
    {
      "url": "https://counter-currents.com/2020/09/counter-currents-radio-podcast-no-289-sam-dickson/#comment-1649251",
      "text": "September 9, 2020 at 5:50 pm"
    },
    {
      "url": "./top-100-commenters",
      "text": ""
    },
    {
      "url": "https://counter-currents.com/2020/09/counter-currents-radio-podcast-no-289-sam-dickson/#comment-1649438",
      "text": "September 9, 2020 at 11:18 pm"
    },
    {
      "url": "https://counter-currents.com/2020/09/counter-currents-radio-podcast-no-289-sam-dickson/#comment-1649446",
      "text": "September 9, 2020 at 11:53 pm"
    },
    {
      "url": "https://counter-currents.com/2020/09/counter-currents-radio-podcast-no-289-sam-dickson/#comment-1649699",
      "text": "September 10, 2020 at 1:13 pm"
    },
    {
      "url": "https://counter-currents.com/2020/09/counter-currents-radio-podcast-no-289-sam-dickson/#comment-1650330",
      "text": "September 11, 2020 at 8:00 pm"
    },
    {
      "url": "https://counter-currents.com/2020/09/counter-currents-radio-podcast-no-289-sam-dickson/#comment-1650588",
      "text": "September 12, 2020 at 12:42 pm"
    },
    {
      "url": "https://counter-currents.com/2020/09/counter-currents-radio-podcast-no-289-sam-dickson/#comment-1702752",
      "text": "January 19, 2021 at 3:53 pm"
    },
    {
      "url": "https://counter-currents.com/2020/09/counter-currents-radio-podcast-no-289-sam-dickson/#comment-1703865",
      "text": "January 21, 2021 at 2:28 pm"
    },
    {
      "url": "https://counter-currents.com/product/paywall-subscription/",
      "text": "Subscriber access"
    },
    {
      "url": "https://counter-currents.com/2025/02/editors-update-42/",
      "text": "Editor\u2019s Update\nTwo Saturday Livestreams: Edward Dutton on Jonathan Bowden (at a Special Time) & Josh Neal on Conspiracy Theories (at Our Regular Time)\n\nGreg Johnson"
    },
    {
      "url": "https://counter-currents.com/2025/02/a-puzzling-situation-or-the-story-of-a-young-man/",
      "text": "A Puzzling Situation\nor The Story of a Young Man\n\nF. Roger Devlin\n\n\t\t\t\t\t\t\t\t\t\t14"
    },
    {
      "url": "https://counter-currents.com/2025/02/177168/",
      "text": "When Harry Became Sally\n\nMark Gullick\n\n\t\t\t\t\t\t\t\t\t\t3"
    },
    {
      "url": "https://counter-currents.com/2025/02/heidegger-hegel-and-the-completion-of-western-metaphysics/",
      "text": "Heidegger, Hegel, & the Completion of Western Metaphysics\nPart 1\n\nCollin Cleary\n\n\t\t\t\t\t\t\t\t\t\t1"
    },
    {
      "url": "https://counter-currents.com/2025/02/the-alienation-argument-for-white-nationalism/",
      "text": "The Alienation Argument for White Nationalism\n\nJohn Miller\n\n\t\t\t\t\t\t\t\t\t\t18"
    },
    {
      "url": "https://counter-currents.com/2025/02/the-godfather-part-ii/",
      "text": "Paroled from the Paywall\nThe Godfather Part II\n\nTrevor Lynch\n\n\t\t\t\t\t\t\t\t\t\t22"
    },
    {
      "url": "https://counter-currents.com/2025/02/counter-currents-radio-podcast-no-627-christian-secor/",
      "text": "Counter-Currents Radio Podcast No. 627\nChristian Secor\n\nCounter-Currents Radio\n\n\t\t\t\t\t\t\t\t\t\t4"
    },
    {
      "url": "https://counter-currents.com/2025/02/the-union-jackal-february-2025/",
      "text": "The Union Jackal\nFebruary 2025\n\nMark Gullick\n\n\t\t\t\t\t\t\t\t\t\t19"
    },
    {
      "url": "https://counter-currents.com/2025/02/neither-elon-musk-nor-doge-will-save-white-america/",
      "text": "Neither Elon Musk Nor DOGE Will Save White America\n\nMorris van de Camp\n\n\t\t\t\t\t\t\t\t\t\t38"
    },
    {
      "url": "https://counter-currents.com/2025/02/same-procedure-as-every-year/",
      "text": "Same Procedure as Every Year\n\nClarissa Schnabel\n\n\t\t\t\t\t\t\t\t\t\t33"
    },
    {
      "url": "https://counter-currents.com/2025/02/wyndham-lewis-and-the-future-of-art/",
      "text": "Wyndham Lewis & the Future of Art\n\nFrank Lyons\n\n\t\t\t\t\t\t\t\t\t\t4"
    },
    {
      "url": "https://counter-currents.com/2025/02/the-conservative-who-called-out-treason/",
      "text": "Paroled from the Paywall\nThe Conservative Who Called Out Treason\n\nMorris van de Camp\n\n\t\t\t\t\t\t\t\t\t\t29"
    },
    {
      "url": "https://counter-currents.com/2025/02/trevor-lynch-interviewed-by-ondrej-mann/",
      "text": "Trevor Lynch Interviewed by Ondrej Mann\n\nOndrej Mann\n\n\t\t\t\t\t\t\t\t\t\t35"
    },
    {
      "url": "https://counter-currents.com/2025/02/the-godfather-part-iii/",
      "text": "The Godfather Part III\n\nTrevor Lynch\n\n\t\t\t\t\t\t\t\t\t\t14"
    },
    {
      "url": "https://counter-currents.com/2025/02/is-there-a-high-tech-solution-to-the-great-replacement/",
      "text": "Is There a High-Tech Solution to the Great Replacement?\n\nJason Kessler\n\n\t\t\t\t\t\t\t\t\t\t23"
    },
    {
      "url": "https://counter-currents.com/2025/02/the-obama-presidential-center-a-monument-of-self-glorification/",
      "text": "The Obama Presidential Center\nA Monument of Self-Glorification\n\nStephen Paul Foster\n\n\t\t\t\t\t\t\t\t\t\t6"
    },
    {
      "url": "https://counter-currents.com/2025/02/editors-update-41/",
      "text": "Editor\u2019s Update\nChristian Secor on CPAC 2025 on Saturday\u2019s Counter-Currents Radio\n\nGreg Johnson"
    },
    {
      "url": "https://counter-currents.com/2025/02/spreading-the-word-2/",
      "text": "Spreading the Word\nPart 2\n\u00a0\n\nDave Chambers\n\n\t\t\t\t\t\t\t\t\t\t14"
    },
    {
      "url": "https://counter-currents.com/2025/02/immigration-and-economic-growth-obfuscation-and-lies/",
      "text": "Immigration & Economic Growth: Obfuscation & Lies\n\nLipton Matthews\n\n\t\t\t\t\t\t\t\t\t\t8"
    },
    {
      "url": "https://counter-currents.com/2025/02/doge-against-the-machine/",
      "text": "DOGE Against the Machine\n\nMark Gullick\n\n\t\t\t\t\t\t\t\t\t\t15"
    },
    {
      "url": "https://counter-currents.com/2025/02/havens-in-a-heartless-world/",
      "text": "Havens in a Heartless World\n\nGreg Johnson\n\n\t\t\t\t\t\t\t\t\t\t7"
    },
    {
      "url": "https://counter-currents.com/2025/02/remigration-conference-in-spain/",
      "text": "Remigration Conference in Spain\n\nDavid M. Zsutty\n\n\t\t\t\t\t\t\t\t\t\t3"
    },
    {
      "url": "https://counter-currents.com/2025/02/the-big-lebowski/",
      "text": "The Big Lebowski\n\nSpencer J. Quinn\n\n\t\t\t\t\t\t\t\t\t\t81"
    },
    {
      "url": "https://counter-currents.com/2025/02/the-two-1960s-social-revolutions-in-illinois/",
      "text": "The Two 1960s Social Revolutions in Illinois\n\nMorris van de Camp\n\n\t\t\t\t\t\t\t\t\t\t9"
    },
    {
      "url": "https://counter-currents.com/2025/02/postmodern-pranksters/",
      "text": "Postmodern Pranksters\n\nMark Gullick\n\n\t\t\t\t\t\t\t\t\t\t18"
    },
    {
      "url": "https://counter-currents.com/2025/02/an-obama-moment-for-black-history-month/",
      "text": "An Obama-Moment for Black History Month\n\nStephen Paul Foster\n\n\t\t\t\t\t\t\t\t\t\t10"
    },
    {
      "url": "https://counter-currents.com/2025/02/the-key-to-all-mythologies/",
      "text": "The Key to All Mythologies\n\nFrank Lyons\n\n\t\t\t\t\t\t\t\t\t\t5"
    },
    {
      "url": "https://counter-currents.com/2025/02/leftist-rhetoric-unoriginal-and-repetitive/",
      "text": "Leftist Rhetoric: Unoriginal & Repetitive\n\nBeau Albrecht\n\n\t\t\t\t\t\t\t\t\t\t16"
    },
    {
      "url": "https://counter-currents.com/2025/02/counter-currents-radio-podcast-no-626/",
      "text": "Counter-Currents Radio Podcast No. 626 \u2013 Part 2\nAsk Me Anything\n\nCounter-Currents Radio\n\n\t\t\t\t\t\t\t\t\t\t21"
    },
    {
      "url": "https://counter-currents.com/2025/02/ashley-i/",
      "text": "Ashley & I\n\nTravis LeBlanc\n\n\t\t\t\t\t\t\t\t\t\t37"
    },
    {
      "url": "https://counter-currents.com/2025/02/a-white-nationalist-novel-from-1902-thomas-dixons-the-leopards-spots/",
      "text": "Paroled from the Paywall\nA White Nationalist Novel from 1902\nThomas Dixon\u2019s The Leopard\u2019s Spots\n\nDave Chambers\n\n\t\t\t\t\t\t\t\t\t\t9"
    },
    {
      "url": "https://counter-currents.com/2025/02/counter-currents-radio-podcast-no-626-leonarda-jonie/",
      "text": "Counter-Currents Radio Podcast No. 626\nLeonarda Jonie\n\nCounter-Currents Radio\n\n\t\t\t\t\t\t\t\t\t\t7"
    },
    {
      "url": "https://counter-currents.com/2025/02/meritocracy-entitlement-and-competition/",
      "text": "Meritocracy, Entitlement, & Competition\n\nGreg Johnson\n\n\t\t\t\t\t\t\t\t\t\t44"
    },
    {
      "url": "https://counter-currents.com/2025/02/blame-canada/",
      "text": "Blame Canada\n\nGunnar Alfredsson\n\n\t\t\t\t\t\t\t\t\t\t13"
    },
    {
      "url": "https://counter-currents.com/2025/02/israel-israel-israel-trump-derangement-on-the-right/",
      "text": "Israel, Israel, Israel: Trump Derangement on the Right\n\nJason Kessler\n\n\t\t\t\t\t\t\t\t\t\t23"
    },
    {
      "url": "https://counter-currents.com/2025/02/editors-update-40/",
      "text": "Editor\u2019s Update\nComedienne Leonarda Jonie on Saturday\u2019s Counter-Currents Radio\n\nGreg Johnson\n\n\t\t\t\t\t\t\t\t\t\t19"
    },
    {
      "url": "https://counter-currents.com/2025/02/empowering-bounty-hunters-a-moral-imperative-in-reversing-the-illegal-immigration-crisis/",
      "text": "Empowering Bounty Hunters: A Moral Imperative in Reversing the Illegal Immigration Crisis\n\nJames Dunphy\n\n\t\t\t\t\t\t\t\t\t\t13"
    },
    {
      "url": "https://counter-currents.com/2025/02/the-wonderful-world-of-fake-black-inventions/",
      "text": "The Wonderful World of Fake Black Inventions\n\nLipton Matthews\n\n\t\t\t\t\t\t\t\t\t\t5"
    },
    {
      "url": "https://counter-currents.com/2025/02/the-state-vs-the-nation/",
      "text": "The State vs the Nation\n\nWolf Stoner\n\n\t\t\t\t\t\t\t\t\t\t27"
    },
    {
      "url": "https://counter-currents.com/2025/02/trcanje-pred-rudo-o-zabludama-desnicarskoga-trecesvjetastva/",
      "text": "Tr\u010danje pred rudo: O zabludama desni\u010darskoga tre\u0107esvjeta\u0161tva\n\nJaros\u0142aw Ostrogniew"
    },
    {
      "url": "https://counter-currents.com/2025/02/176964/",
      "text": "What Is Horror?\nA Serbian Film vs Happiness\n\u00a0\n\nMark Gullick\n\n\t\t\t\t\t\t\t\t\t\t9"
    },
    {
      "url": "https://counter-currents.com/2025/02/a-french-view-of-the-empire-of-nothing-in-2002/",
      "text": "A French View of the Empire of Nothing in 2002\n\nMorris van de Camp\n\n\t\t\t\t\t\t\t\t\t\t13"
    },
    {
      "url": "https://counter-currents.com/2025/02/on-trump-and-south-africa/",
      "text": "On Trump & South Africa\n\nSpencer J. Quinn\n\n\t\t\t\t\t\t\t\t\t\t34"
    },
    {
      "url": "https://counter-currents.com/2025/02/growing-oldhead-gracefully/",
      "text": "Growing Oldhead Gracefully\n\nTravis LeBlanc\n\n\t\t\t\t\t\t\t\t\t\t25"
    },
    {
      "url": "https://counter-currents.com/2025/02/the-book-they-dare-not-name/",
      "text": "The Book They Dare Not Name\n\nGreg Johnson\n\n\t\t\t\t\t\t\t\t\t\t39"
    },
    {
      "url": "https://counter-currents.com/2025/02/counter-currents-radio-podcast-no-625-canada-edition/",
      "text": "Counter-Currents Radio Podcast No. 625\nCanada Edition\n\nCounter-Currents Radio\n\n\t\t\t\t\t\t\t\t\t\t4"
    },
    {
      "url": "https://counter-currents.com/2025/02/political-eschatology/",
      "text": "Political Eschatology\n\nDavid M. Zsutty\n\n\t\t\t\t\t\t\t\t\t\t5"
    },
    {
      "url": "https://counter-currents.com/2025/02/religion-and-the-right-part-2-the-merits-and-futility-of-paganism/",
      "text": "Religion & the Right\nThe Merits & Futility of Paganism\n\nChristian Secor\n\n\t\t\t\t\t\t\t\t\t\t17"
    },
    {
      "url": "https://counter-currents.com/2025/02/telenovela-nationalism-gen-z-and-the-rise-of-the-off-white-right/",
      "text": "Telenovela Nationalism: Gen Z & the Rise of the Off-White Right\n\nAlex Graham\n\n\t\t\t\t\t\t\t\t\t\t52"
    },
    {
      "url": "https://counter-currents.com/2025/02/a-jealous-god/",
      "text": "A Jealous God\nUK Blasphemy Laws?\n\nMark Gullick\n\n\t\t\t\t\t\t\t\t\t\t12"
    },
    {
      "url": "https://counter-currents.com/2010/10/aviation-geography-and-race/",
      "text": "Aviation, Geography, & Race\nCharles Lindbergh\n\n\t\t\t\t\t\t\t\t\t\t2"
    },
    {
      "url": "https://counter-currents.com/2015/12/some-thoughts-on-yule/",
      "text": "Some Thoughts on Yule\nCollin Cleary\n\n\t\t\t\t\t\t\t\t\t\t4"
    },
    {
      "url": "https://counter-currents.com/2020/12/living-in-truth-a-yuletide-homily-5/",
      "text": "Living in Truth: A Yuletide Homily\nJef Costello\n\n\t\t\t\t\t\t\t\t\t\t7"
    },
    {
      "url": "https://counter-currents.com/2024/11/john-kennedy-tooles-a-confederacy-of-dunces/",
      "text": "John Kennedy Toole\u2019s A Confederacy of Dunces\n\nGreg Johnson\n\n\t\t\t\t\t\t\t\t\t\t20"
    },
    {
      "url": "https://counter-currents.com/2019/10/on-aleksandr-solzhenitsyns-warning-to-the-west/",
      "text": "On Aleksandr Solzhenitsyn\u2019s Warning to the West\nSpencer J. Quinn\n\n\t\t\t\t\t\t\t\t\t\t7"
    },
    {
      "url": "https://counter-currents.com/2014/08/elitism-british-modernism-and-wyndham-lewis/",
      "text": "Elitism, British Modernism, & Wyndham Lewis\nJonathan Bowden\n\n\t\t\t\t\t\t\t\t\t\t7"
    },
    {
      "url": "https://counter-currents.com/2014/04/philip-k-dicks-do-androids-dream-of-electric-sheep-as-anti-semiticchristian-gnostic-allegory/",
      "text": "Philip K. Dick\u2019s Do Androids Dream of Electric Sheep? as Anti-Semitic/Christian-Gnostic Allegory\nGreg Johnson\n\n\t\t\t\t\t\t\t\t\t\t18"
    },
    {
      "url": "https://counter-currents.com/2013/11/conspiracy-theory-or-conspiracy/",
      "text": "\u201cConspiracy Theory\u201d or Conspiracy?\nAndrew Hamilton\n\n\t\t\t\t\t\t\t\t\t\t18"
    },
    {
      "url": "https://counter-currents.com/2024/08/remembering-h-p-lovecraft-12/",
      "text": "Remembering H. P. Lovecraft (August 20, 1890\u2013March 15, 1937)\nGreg Johnson\n\n\t\t\t\t\t\t\t\t\t\t3"
    },
    {
      "url": "https://counter-currents.com/2016/03/nordics-aryans-and-whites/",
      "text": "Who Are We? Nordics, Aryans, & Whites\nGreg Johnson\n\n\t\t\t\t\t\t\t\t\t\t71"
    },
    {
      "url": "https://counter-currents.com/2023/07/remembering-william-gayley-simpson/",
      "text": "Remembering William Gayley Simpson\n(July 23, 1892\u2013December 31, 1990)\nA Pleasant Afternoon with Harriet & Bill Simpson\n\nMargot Metroland\n\n\t\t\t\t\t\t\t\t\t\t17"
    },
    {
      "url": "https://counter-currents.com/2021/07/remembering-ian-curtis/",
      "text": "Here are the Young Men\nRemembering Ian Curtis\n(July 15, 1956\u2013May 18, 1980)\n\nMark Gullick\n\n\t\t\t\t\t\t\t\t\t\t18"
    },
    {
      "url": "https://counter-currents.com/2017/12/percy-grainger-artist-of-the-right/",
      "text": "Percy Grainger\nArtist of the Right\n\nAlex Graham\n\n\t\t\t\t\t\t\t\t\t\t7"
    },
    {
      "url": "https://counter-currents.com/2022/07/remembering-revilo-oliver-7/",
      "text": "Remembering Revilo Oliver\n(July 7, 1908\u2013August 20, 1994)\n\nGreg Johnson\n\n\t\t\t\t\t\t\t\t\t\t18"
    },
    {
      "url": "https://counter-currents.com/2014/07/the-meaning-of-july-4th-for-the-white-man/",
      "text": "The Meaning of July 4th for the White Man\nGregory Hood\n\n\t\t\t\t\t\t\t\t\t\t13"
    },
    {
      "url": "https://counter-currents.com/2017/09/the-front-nationals-evolution/",
      "text": "The Front National\u2019s Evolution\nBruno M\u00e9gret"
    },
    {
      "url": "https://counter-currents.com/2014/08/george-orwells-nineteen-eighty-four-2/",
      "text": "George Orwell\u2019s Nineteen Eighty-Four\n\nJonathan Bowden\n\n\t\t\t\t\t\t\t\t\t\t8"
    },
    {
      "url": "https://counter-currents.com/2021/01/merwin-k-hart/",
      "text": "Merwin K. Hart\nForgotten American Hero & Man of the Right\n\nMorris van de Camp\n\n\t\t\t\t\t\t\t\t\t\t10"
    },
    {
      "url": "https://counter-currents.com/2021/10/carleton-s-coon-scientist-reluctant-white-advocate/",
      "text": "Carleton S. Coon\nScientist & Reluctant White Advocate\n\nMorris van de Camp\n\n\t\t\t\t\t\t\t\t\t\t3"
    },
    {
      "url": "https://counter-currents.com/2022/01/the-kwanzaa-absurdity-will-be-dwarfed-by-juneteenth/",
      "text": "The Kwanzaa Absurdity Will Be Dwarfed by Juneteenth\nRobert Hampton\n\n\t\t\t\t\t\t\t\t\t\t10"
    },
    {
      "url": "https://counter-currents.com/2018/06/stravinsky/",
      "text": "Stravinsky\nAlex Graham\n\n\t\t\t\t\t\t\t\t\t\t7"
    },
    {
      "url": "https://counter-currents.com/2023/06/like-the-roman-remembering-enoch-powell/",
      "text": "Like the Roman:\nRemembering Enoch Powell (1912-1998)\n\nMark Gullick\n\n\t\t\t\t\t\t\t\t\t\t23"
    },
    {
      "url": "https://counter-currents.com/2015/02/yeats-pagan-second-coming/",
      "text": "Yeats\u2019 Pagan Second Coming\nGreg Johnson\n\n\t\t\t\t\t\t\t\t\t\t10"
    },
    {
      "url": "https://counter-currents.com/2010/06/the-christian-question-in-white-nationalism/",
      "text": "The Christian Question in White Nationalism\nGreg Johnson\n\n\t\t\t\t\t\t\t\t\t\t4"
    },
    {
      "url": "https://counter-currents.com/2019/07/cargo-cult-sociology/",
      "text": "Cargo-Cult Sociology\nAshley Jardina\u2019s White Identity Politics\n\nMargot Metroland\n\n\t\t\t\t\t\t\t\t\t\t3"
    },
    {
      "url": "https://counter-currents.com/2018/01/ten-questions-for-jason-kessler/",
      "text": "Ten Questions for Jason Kessler\nAlan Smithee\n\n\t\t\t\t\t\t\t\t\t\t4"
    },
    {
      "url": "https://counter-currents.com/2016/10/american-ethnic-identity/",
      "text": "Now in Audio Version!\nAmerican Ethnic Identity\n\nGreg Johnson\n\n\t\t\t\t\t\t\t\t\t\t29"
    },
    {
      "url": "https://counter-currents.com/2013/05/the-may-26-protests-and-heidegger/",
      "text": "The May 26 Protests & Heidegger\n\nDominique Venner\n\n\t\t\t\t\t\t\t\t\t\t14"
    },
    {
      "url": "https://counter-currents.com/2013/05/the-reasons-for-a-voluntary-death/",
      "text": "The Reasons for a Voluntary Death\nDominique Venner\n\n\t\t\t\t\t\t\t\t\t\t57"
    },
    {
      "url": "https://counter-currents.com/2015/09/white-genocide/",
      "text": "White Genocide\nGreg Johnson\n\n\t\t\t\t\t\t\t\t\t\t54"
    },
    {
      "url": "https://counter-currents.com/2025/02/the-godfather-part-ii/",
      "text": "Paroled from the Paywall\nThe Godfather Part II\n\nTrevor Lynch\n\n\t\t\t\t\t\t\t\t\t\t22"
    },
    {
      "url": "https://counter-currents.com/2025/02/the-conservative-who-called-out-treason/",
      "text": "Paroled from the Paywall\nThe Conservative Who Called Out Treason\n\nMorris van de Camp\n\n\t\t\t\t\t\t\t\t\t\t29"
    },
    {
      "url": "https://counter-currents.com/2025/02/a-white-nationalist-novel-from-1902-thomas-dixons-the-leopards-spots/",
      "text": "Paroled from the Paywall\nA White Nationalist Novel from 1902\nThomas Dixon\u2019s The Leopard\u2019s Spots\n\nDave Chambers\n\n\t\t\t\t\t\t\t\t\t\t9"
    },
    {
      "url": "https://counter-currents.com/2025/02/the-end-of-american-democracy/",
      "text": "Paroled from the Paywall\nThe End of American\u00a0Democracy\n\nGreg Johnson\n\n\t\t\t\t\t\t\t\t\t\t8"
    },
    {
      "url": "https://counter-currents.com/2025/01/what-minds-what-we-matter/",
      "text": "What Minds What We Matter?\n\u00a0\n\nMichael Walker\n\n\t\t\t\t\t\t\t\t\t\t8"
    },
    {
      "url": "https://counter-currents.com/2025/01/pondering-pardons/",
      "text": "Pondering Pardons\n\nDavid M. Zsutty\n\n\t\t\t\t\t\t\t\t\t\t5"
    },
    {
      "url": "https://counter-currents.com/2025/01/high-stakes-scorseses-casino-at-30/",
      "text": "High Stakes\nScorsese\u2019s Casino at 30\n\nMark Gullick\n\n\t\t\t\t\t\t\t\t\t\t4"
    },
    {
      "url": "https://counter-currents.com/2025/01/anyone-at-home-house-of-leaves-25/",
      "text": "Anyone at Home?\nHouse of Leaves at 25\n\u00a0\n\nMark Gullick\n\n\t\t\t\t\t\t\t\t\t\t5"
    },
    {
      "url": "https://counter-currents.com/2025/01/who-is-donald-trump/",
      "text": "Who Is Donald Trump?\n\nStephen Paul Foster\n\n\t\t\t\t\t\t\t\t\t\t13"
    },
    {
      "url": "https://counter-currents.com/2025/01/race-reform-and-ravitch/",
      "text": "Race, Reform, & Ravitch\n\nFrancis Rockwell\n\n\t\t\t\t\t\t\t\t\t\t10"
    },
    {
      "url": "https://counter-currents.com/2025/01/the-gilded-age-social-climbing-class-sniping-and-showdowns-in-the-wild-wild-east/",
      "text": "The Gilded Age\nSocial Climbing, Class Sniping, & Showdowns in the Wild, Wild East\n\nSteven Clark\n\n\t\t\t\t\t\t\t\t\t\t5"
    },
    {
      "url": "https://counter-currents.com/2025/01/resurrecting-blood-and-honour/",
      "text": "Resurrecting Blood & Honour\n\nMark Gullick\n\n\t\t\t\t\t\t\t\t\t\t7"
    },
    {
      "url": "https://counter-currents.com/2025/01/dont-join-trumps-greenland-adventure/",
      "text": "Don\u2019t Join Trump\u2019s Greenland Adventure\n\nMorris van de Camp\n\n\t\t\t\t\t\t\t\t\t\t5"
    },
    {
      "url": "https://counter-currents.com/2025/01/the-baader-meinhof-complex-2/",
      "text": "The Baader-Meinhof Complex\n\nMark Gullick\n\n\t\t\t\t\t\t\t\t\t\t5"
    },
    {
      "url": "https://counter-currents.com/2025/01/an-inventory-of-the-past/",
      "text": "An Inventory of the Past\n\nClarissa Schnabel\n\n\t\t\t\t\t\t\t\t\t\t5"
    },
    {
      "url": "https://counter-currents.com/2025/01/aj-ayers-language-truth-logic/",
      "text": "AJ Ayer\u2019s Language, Truth, & Logic\n\nMark Gullick\n\n\t\t\t\t\t\t\t\t\t\t7"
    },
    {
      "url": "https://counter-currents.com/2024/12/heil-to-the-chief-cabaret/",
      "text": "Cabaret\nHeil to the Chief\n\nMark Gullick\n\n\t\t\t\t\t\t\t\t\t\t15"
    },
    {
      "url": "https://counter-currents.com/2024/12/fun-with-hate-speech-or-academic-freedom-for-me-but-not-for-thee/",
      "text": "Fun with Hate Speech, Or Academic Freedom for Me but Not for Thee\n\nDerek Stark\n\n\t\t\t\t\t\t\t\t\t\t16"
    },
    {
      "url": "https://counter-currents.com/2024/12/joker-folie-a-deux-the-great-white-nope/",
      "text": "Joker: Folie \u00e0 Deux\nThe Great White Nope\n\nBeau Albrecht\n\n\t\t\t\t\t\t\t\t\t\t5"
    },
    {
      "url": "https://counter-currents.com/2024/12/steptoe-slade-and-santa/",
      "text": "Steptoe, Slade, & Santa\nA 1970s English Christmas\n\u00a0\n\nMark Gullick\n\n\t\t\t\t\t\t\t\t\t\t2"
    },
    {
      "url": "https://counter-currents.com/2024/12/fantastic-lies/",
      "text": "Fantastic Lies\nA Documentary on the Duke Lacrosse Scandal\n\nDave Chambers\n\n\t\t\t\t\t\t\t\t\t\t3"
    },
    {
      "url": "https://counter-currents.com/2024/12/the-cold-war-the-farm-crisis-the-end-of-history-the-career-of-white-advocate-richard-kelly-hoskins/",
      "text": "The Cold War, the Farm Crisis, & the End of History\nThe Career of White Advocate Richard Kelly Hoskins\n\nMorris van de Camp\n\n\t\t\t\t\t\t\t\t\t\t1"
    },
    {
      "url": "https://counter-currents.com/2024/12/hidden-in-plain-sight-agenda-2030/",
      "text": "Agenda 2030\nHidden In Plain Sight?\n\nMark Gullick\n\n\t\t\t\t\t\t\t\t\t\t2"
    },
    {
      "url": "https://counter-currents.com/2024/12/art-death-phenomenology/",
      "text": "Art, Death, & Phenomology:\u00a0I Shot Andy Warhol\n\nMark Gullick\n\n\t\t\t\t\t\t\t\t\t\t3"
    },
    {
      "url": "https://counter-currents.com/2024/12/the-origins-of-critical-theory/",
      "text": "The Origins of Critical Theory\n\nMorris van de Camp\n\n\t\t\t\t\t\t\t\t\t\t4"
    },
    {
      "url": "https://counter-currents.com/2024/12/corruption-archeology-arthur-vandenberg-a-case-study/",
      "text": "Corruption-Archeology: Arthur Vandenberg, a Case Study\n\nStephen Paul Foster\n\n\t\t\t\t\t\t\t\t\t\t4"
    },
    {
      "url": "https://counter-currents.com/2024/12/kingmaker-or-king-farages-next-move/",
      "text": "Kingmaker or King? Farage\u2019s Next Move\n\nMark Gullick\n\n\t\t\t\t\t\t\t\t\t\t1"
    },
    {
      "url": "https://counter-currents.com/2024/12/i-wish-theyd-stop-talking-to-white-people-about-race/",
      "text": "Why I Wish They\u2019d Stop Talking to White People About Race\n\nBeau Albrecht\n\n\t\t\t\t\t\t\t\t\t\t8"
    },
    {
      "url": "https://counter-currents.com/2024/12/lucky-for-some-john-carpenters-assault-on-precinct-13/",
      "text": "Lucky for Some: John Carpenter\u2019s Assault on Precinct 13\n\nMark Gullick\n\n\t\t\t\t\t\t\t\t\t\t11"
    },
    {
      "url": "https://counter-currents.com/2024/12/the-unbelievable-world-of-american-theater/",
      "text": "The Unbelievable World of American Theater\n\nSteven Clark\n\n\t\t\t\t\t\t\t\t\t\t5"
    },
    {
      "url": "https://counter-currents.com/2025/02/177168/#comment-1849089",
      "text": "Joe Gould\t\t\t\t\t\t\t\n\n\n\n\t\t\t\t\t\t\tIt is good to see Counter-Currents on the side of nature and moral rightness against feminism and..."
    },
    {
      "url": "https://counter-currents.com/2025/02/a-puzzling-situation-or-the-story-of-a-young-man/#comment-1849082",
      "text": "DarkPlato\t\t\t\t\t\t\t\n\nA Puzzling Situation   or  The Story of a Young Man\n\n\t\t\t\t\t\t\tFirst, I would have to see his picture to tell if he is really in her league or not. The way he..."
    },
    {
      "url": "https://counter-currents.com/2025/02/177168/#comment-1849081",
      "text": "Beau Albrecht\t\t\t\t\t\t\t\n\n\n\n\t\t\t\t\t\t\tI remember a British article from the mid-1990s, titled \"A new way to be mad\", about the phenomenon..."
    },
    {
      "url": "https://counter-currents.com/2025/02/the-alienation-argument-for-white-nationalism/#comment-1849075",
      "text": "Crux Cismarina\t\t\t\t\t\t\t\n\nThe Alienation Argument for White Nationalism\n\n\t\t\t\t\t\t\tI recently spent some time in Tokyo and I concur. Though they are not white, I felt a sense of peace..."
    },
    {
      "url": "https://counter-currents.com/2025/02/the-union-jackal-february-2025/#comment-1849073",
      "text": "Fionn McCool\t\t\t\t\t\t\t\n\nThe Union Jackal February 2025\n\n\t\t\t\t\t\t\tI take it back, don't randomly confront solo blax, you might still get shot. Stay safe and have..."
    },
    {
      "url": "https://counter-currents.com/2025/02/the-union-jackal-february-2025/#comment-1849072",
      "text": "Fionn McCool\t\t\t\t\t\t\t\n\nThe Union Jackal February 2025\n\n\t\t\t\t\t\t\tI think it's pretty funny that Flukey's murdered 28 year old son was known as \"The Wimp.\" Laughing..."
    },
    {
      "url": "https://counter-currents.com/2025/02/the-union-jackal-february-2025/#comment-1849071",
      "text": "Fionn McCool\t\t\t\t\t\t\t\n\nThe Union Jackal February 2025\n\n\t\t\t\t\t\t\tI don't think Gullick obsessively hates Jews as much as you do"
    },
    {
      "url": "https://counter-currents.com/2025/02/a-puzzling-situation-or-the-story-of-a-young-man/#comment-1849069",
      "text": "Fionn McCool\t\t\t\t\t\t\t\n\nA Puzzling Situation   or  The Story of a Young Man\n\n\t\t\t\t\t\t\tLaughing my [censored for the prudes] head off. OK Roger let's just admit what you're doing. Some of..."
    },
    {
      "url": "https://counter-currents.com/2025/02/a-puzzling-situation-or-the-story-of-a-young-man/#comment-1849068",
      "text": "F. Roger Devlin\t\t\t\t\t\t\t\n\nA Puzzling Situation   or  The Story of a Young Man\n\n\t\t\t\t\t\t\tThank you, Peter. Satire is clearly dead, for reality has moved beyond it."
    },
    {
      "url": "https://counter-currents.com/2025/02/a-puzzling-situation-or-the-story-of-a-young-man/#comment-1849067",
      "text": "Peter Quint\t\t\t\t\t\t\t\n\nA Puzzling Situation   or  The Story of a Young Man\n\n\t\t\t\t\t\t\tThe theme in this little fable is that young men are becoming so neurotic and fearful of \u00a0being..."
    },
    {
      "url": "https://counter-currents.com/2025/02/a-puzzling-situation-or-the-story-of-a-young-man/#comment-1849066",
      "text": "Fionn McCool\t\t\t\t\t\t\t\n\nA Puzzling Situation   or  The Story of a Young Man\n\n\t\t\t\t\t\t\tThis story is fictitious.\n\nThat said, my advice to young people is that \"love's young dream\" doesn..."
    },
    {
      "url": "https://counter-currents.com/2025/02/the-alienation-argument-for-white-nationalism/#comment-1849065",
      "text": "Peter Quint\t\t\t\t\t\t\t\n\nThe Alienation Argument for White Nationalism\n\n\t\t\t\t\t\t\tThese white people who don\u2019t feel alienated are deluding themselves. Right now non-whites are..."
    },
    {
      "url": "https://counter-currents.com/2025/02/a-puzzling-situation-or-the-story-of-a-young-man/#comment-1849058",
      "text": "Peter Quint\t\t\t\t\t\t\t\n\nA Puzzling Situation   or  The Story of a Young Man\n\n\t\t\t\t\t\t\tI don\u2019t believe the young man and woman are real; if you wanted to do an article on how college..."
    },
    {
      "url": "https://counter-currents.com/2025/02/heidegger-hegel-and-the-completion-of-western-metaphysics/#comment-1849057",
      "text": "\u00dcbermensch\t\t\t\t\t\t\t\n\nHeidegger, Hegel, and the Completion of Western Metaphysics\n\n\t\t\t\t\t\t\tOne of the important ideas, with regard to Persian thought, is the notion of progress. Unlike the..."
    },
    {
      "url": "https://counter-currents.com/2025/02/the-alienation-argument-for-white-nationalism/#comment-1849055",
      "text": "Sikh American\t\t\t\t\t\t\t\n\nThe Alienation Argument for White Nationalism\n\n\t\t\t\t\t\t\tAny large numbers of non-whites is problematic, but a small amount of law-abiding, tax-paying non-..."
    },
    {
      "url": "https://counter-currents.com/2025/02/the-union-jackal-february-2025/#comment-1849052",
      "text": "Uncle Semantic\t\t\t\t\t\t\t\n\nThe Union Jackal February 2025\n\n\t\t\t\t\t\t\tflukey stokes and related trash. Not so much respect but fear, truly fear, brutal violence ready for..."
    },
    {
      "url": "https://counter-currents.com/2025/02/the-union-jackal-february-2025/#comment-1849051",
      "text": "Uncle Semantic\t\t\t\t\t\t\t\n\nThe Union Jackal February 2025\n\n\t\t\t\t\t\t\tThe names are more failed anagrams like omotolo akimmnuoyele or nneah djibuwale whose afrowifi..."
    },
    {
      "url": "https://counter-currents.com/2025/02/a-puzzling-situation-or-the-story-of-a-young-man/#comment-1849050",
      "text": "F. Roger Devlin\t\t\t\t\t\t\t\n\nA Puzzling Situation   or  The Story of a Young Man\n\n\t\t\t\t\t\t\tThanks: that brought back memories! Yes, Waldo was almost as much a romantic as my young friend."
    },
    {
      "url": "https://counter-currents.com/2025/02/a-puzzling-situation-or-the-story-of-a-young-man/#comment-1849049",
      "text": "AdamMil\t\t\t\t\t\t\t\n\nA Puzzling Situation   or  The Story of a Young Man\n\n\t\t\t\t\t\t\t\"This young man sounds more than a little bit unhinged.\"\n\nTo me he sounds more than a little bit..."
    },
    {
      "url": "https://counter-currents.com/2025/02/177168/#comment-1849047",
      "text": "AdamMil\t\t\t\t\t\t\t\n\n\n\n\t\t\t\t\t\t\tThis is another excellent article by Mark Gullick. I remember watching a documentary on the BBC or..."
    },
    {
      "url": "https://counter-currents.com/author/gjohnson",
      "text": "Greg Johnson, Ph.D."
    },
    {
      "url": "https://counter-currents.com/author/balbrecht",
      "text": "Beau Albrecht"
    },
    {
      "url": "https://counter-currents.com/author/galfredsson/",
      "text": "Gunnar Alfredsson"
    },
    {
      "url": "https://counter-currents.com/author/ccleary",
      "text": "Collin Cleary, Ph.D."
    },
    {
      "url": "https://counter-currents.com/author/jcostello",
      "text": "Jef Costello"
    },
    {
      "url": "https://counter-currents.com/author/mvdecamp",
      "text": "Morris V. de Camp"
    },
    {
      "url": "https://counter-currents.com/author/frdevlin",
      "text": "F. Roger Devlin, Ph.D."
    },
    {
      "url": "https://counter-currents.com/author/stephen-paul-foster/",
      "text": "Stephen Paul Foster, Ph.D."
    },
    {
      "url": "https://counter-currents.com/author/jgoad",
      "text": "Jim Goad"
    },
    {
      "url": "https://counter-currents.com/author/agraham/",
      "text": "Alex Graham"
    },
    {
      "url": "https://counter-currents.com/author/mgullick/",
      "text": "Mark Gullick, Ph.D."
    },
    {
      "url": "https://counter-currents.com/author/gjohnson",
      "text": "Greg Johnson, Ph.D."
    },
    {
      "url": "https://counter-currents.com/author/tleblanc/",
      "text": "Travis LeBlanc"
    },
    {
      "url": "https://counter-currents.com/author/tlynch",
      "text": "Trevor Lynch"
    },
    {
      "url": "https://counter-currents.com/author/mmetroland",
      "text": "Margot Metroland"
    },
    {
      "url": "https://counter-currents.com/author/jjomeara",
      "text": "James J. O\u2019Meara"
    },
    {
      "url": "https://counter-currents.com/author/pox-populi/",
      "text": "Angelo Plume"
    },
    {
      "url": "https://counter-currents.com/author/squinn",
      "text": "Spencer J. Quinn"
    },
    {
      "url": "https://counter-currents.com/author/fred-reed/",
      "text": "Fred Reed"
    },
    {
      "url": "https://counter-currents.com/author/clarissa-schnabel/",
      "text": "Clarissa Schnabel"
    },
    {
      "url": "https://counter-currents.com/author/mwalker",
      "text": "Michael Walker"
    },
    {
      "url": "https://counter-currents.com/author/dzsutty/",
      "text": "David M. Zsutty"
    },
    {
      "url": "https://counter-currents.com/author/asier-abadroa/",
      "text": "Asier Abadroa"
    },
    {
      "url": "https://counter-currents.com/author/aquilonius/",
      "text": "Aquilonius"
    },
    {
      "url": "https://counter-currents.com/author/abavaria/",
      "text": "Anthony Bavaria"
    },
    {
      "url": "https://counter-currents.com/author/adebenoist",
      "text": "Alain de Benoist"
    },
    {
      "url": "https://counter-currents.com/author/kbolton",
      "text": "Kerry Bolton, Ph.D."
    },
    {
      "url": "https://counter-currents.com/author/dave-chambers/",
      "text": "Dave Chambers"
    },
    {
      "url": "https://counter-currents.com/author/sclark/",
      "text": "Steven Clark"
    },
    {
      "url": "https://counter-currents.com/author/jdunphy/",
      "text": "James Dunphy"
    },
    {
      "url": "https://counter-currents.com/author/endeavour/",
      "text": "Endeavour"
    },
    {
      "url": "https://counter-currents.com/author/rhouck",
      "text": "Richard Houck"
    },
    {
      "url": "https://counter-currents.com/author/jason-kessler/",
      "text": "Jason Kessler"
    },
    {
      "url": "https://counter-currents.com/author/titus-livius/",
      "text": "Titus Livius"
    },
    {
      "url": "https://counter-currents.com/author/omann",
      "text": "Ondrej Mann"
    },
    {
      "url": "https://counter-currents.com/author/lmatthews/",
      "text": "Lipton Matthews"
    },
    {
      "url": "https://counter-currents.com/author/mark-mazari/",
      "text": "Mark Mazari"
    },
    {
      "url": "https://counter-currents.com/author/jmorgan",
      "text": "John Morgan"
    },
    {
      "url": "https://counter-currents.com/author/jostrogniew/",
      "text": "Jaroslav Ostrogniew"
    },
    {
      "url": "https://counter-currents.com/author/kathryns",
      "text": "Kathryn S."
    },
    {
      "url": "https://counter-currents.com/author/christian-secor/",
      "text": "Christian Secor"
    },
    {
      "url": "https://counter-currents.com/author/anne-wilson-smith/",
      "text": "Anne Wilson Smith"
    },
    {
      "url": "https://counter-currents.com/author/thomas-steuben/",
      "text": "Thomas Steuben"
    },
    {
      "url": "https://counter-currents.com/author/william-de-vere/",
      "text": "William De Vere"
    },
    {
      "url": "https://counter-currents.com/author/kvinther/",
      "text": "Kenneth Vinther"
    },
    {
      "url": "https://counter-currents.com/author/max-west/",
      "text": "Max West"
    },
    {
      "url": "https://counter-currents.com/author/mbardeche",
      "text": "Maurice Bard\u00e8che"
    },
    {
      "url": "https://counter-currents.com/author/jbowden",
      "text": "Jonathan Bowden"
    },
    {
      "url": "https://counter-currents.com/author/jevola",
      "text": "Julius Evola"
    },
    {
      "url": "https://counter-currents.com/author/gfaye",
      "text": "Guillaume Faye"
    },
    {
      "url": "https://counter-currents.com/author/ejunger",
      "text": "Ernst J\u00fcnger"
    },
    {
      "url": "https://counter-currents.com/author/kmacdonald",
      "text": "Kevin MacDonald, Ph.D."
    },
    {
      "url": "https://counter-currents.com/author/dhlawrence",
      "text": "D. H. Lawrence"
    },
    {
      "url": "https://counter-currents.com/author/clindbergh",
      "text": "Charles Lindbergh"
    },
    {
      "url": "https://counter-currents.com/author/jlondon",
      "text": "Jack London"
    },
    {
      "url": "https://counter-currents.com/author/hplovecraft",
      "text": "H. P. Lovecraft"
    },
    {
      "url": "https://counter-currents.com/author/amludovici",
      "text": "Anthony M. Ludovici"
    },
    {
      "url": "https://counter-currents.com/author/omosley",
      "text": "Sir Oswald Mosley"
    },
    {
      "url": "https://counter-currents.com/author/nvanguard",
      "text": "National Vanguard"
    },
    {
      "url": "https://counter-currents.com/author/fnietzsche",
      "text": "Friedrich Nietzsche"
    },
    {
      "url": "https://counter-currents.com/author/roliver",
      "text": "Revilo Oliver"
    },
    {
      "url": "https://counter-currents.com/author/wpierce",
      "text": "William Pierce"
    },
    {
      "url": "https://counter-currents.com/author/epound",
      "text": "Ezra Pound"
    },
    {
      "url": "https://counter-currents.com/author/saint-loup",
      "text": "Saint-Loup"
    },
    {
      "url": "https://counter-currents.com/author/savitri",
      "text": "Savitri Devi"
    },
    {
      "url": "https://counter-currents.com/author/cschmitt",
      "text": "Carl Schmitt"
    },
    {
      "url": "https://counter-currents.com/author/mserrano",
      "text": "Miguel Serrano"
    },
    {
      "url": "https://counter-currents.com/author/ospengler",
      "text": "Oswald Spengler"
    },
    {
      "url": "https://counter-currents.com/author/prstephensen",
      "text": "P. R. Stephensen"
    },
    {
      "url": "https://counter-currents.com/author/jthiriart",
      "text": "Jean Thiriart"
    },
    {
      "url": "https://counter-currents.com/author/jtyndall",
      "text": "John Tyndall"
    },
    {
      "url": "https://counter-currents.com/author/dvenner",
      "text": "Dominique Venner"
    },
    {
      "url": "https://counter-currents.com/author/lyankevich",
      "text": "Leo Yankevich"
    },
    {
      "url": "https://counter-currents.com/author/fpyockey",
      "text": "Francis Parker Yockey"
    },
    {
      "url": "https://counter-currents.com/author/habbotthiss/",
      "text": "Howe Abbott-Hiss"
    },
    {
      "url": "https://counter-currents.com/author/mbell",
      "text": "Michael Bell"
    },
    {
      "url": "https://counter-currents.com/author/buttercupdew",
      "text": "Buttercup Dew"
    },
    {
      "url": "https://counter-currents.com/author/giles-corey",
      "text": "Giles Corey"
    },
    {
      "url": "https://counter-currents.com/author/bdewitt",
      "text": "Bain Dewitt"
    },
    {
      "url": "https://counter-currents.com/author/jdonovan",
      "text": "Jack Donovan"
    },
    {
      "url": "https://counter-currents.com/author/rduchesne",
      "text": "Richardo Duchesne, Ph.D."
    },
    {
      "url": "https://counter-currents.com/author/edurand",
      "text": "Emile Durand"
    },
    {
      "url": "https://counter-currents.com/tag/guillaume-durocher",
      "text": "Guillaume Durocher"
    },
    {
      "url": "https://counter-currents.com/tag/mark-dyal",
      "text": "Mark Dyal"
    },
    {
      "url": "https://counter-currents.com/author/fancestry",
      "text": "Fullmoon Ancestry"
    },
    {
      "url": "https://counter-currents.com/author/tgoodrich",
      "text": "Tom Goodroch"
    },
    {
      "url": "https://counter-currents.com/author/ahamilton",
      "text": "Andrew Hamilton"
    },
    {
      "url": "https://counter-currents.com/author/rhampton",
      "text": "Robert Hampton"
    },
    {
      "url": "https://counter-currents.com/author/hhaverstock",
      "text": "Huntley Haverstock"
    },
    {
      "url": "https://counter-currents.com/author/dhawthorne",
      "text": "Derek Hawthorne"
    },
    {
      "url": "https://counter-currents.com/author/ghood",
      "text": "Gregory Hood"
    },
    {
      "url": "https://counter-currents.com/author/jhobson",
      "text": "Juleigh Howard-Hobson"
    },
    {
      "url": "https://counter-currents.com/author/ajacob/",
      "text": "Alexander Jacob"
    },
    {
      "url": "https://counter-currents.com/author/nrjeelvy",
      "text": "Nicholas Jeelvy"
    },
    {
      "url": "https://counter-currents.com/author/rkaalep",
      "text": "Ruuben Kaalep"
    },
    {
      "url": "https://counter-currents.com/author/tlangdon/",
      "text": "Tobias Langdon"
    },
    {
      "url": "https://counter-currents.com/author/jlangness",
      "text": "Julian Langness"
    },
    {
      "url": "https://counter-currents.com/author/plebrub",
      "text": "Patrick Le Brun"
    },
    {
      "url": "https://counter-currents.com/author/gmalvicini",
      "text": "G A Malvicini"
    },
    {
      "url": "https://counter-currents.com/author/jmmccloughlin",
      "text": "John Michael McCloughlin"
    },
    {
      "url": "https://counter-currents.com/author/mwoes",
      "text": "Millennial Woes"
    },
    {
      "url": "https://counter-currents.com/author/momeara",
      "text": "Michael O\u2019Meara"
    },
    {
      "url": "https://counter-currents.com/author/cpankhurst",
      "text": "Christopher Pankhurst"
    },
    {
      "url": "https://counter-currents.com/author/mpolign",
      "text": "Michael Polignano"
    },
    {
      "url": "https://counter-currents.com/author/jjprzybylski",
      "text": "J. J. Przybylski"
    },
    {
      "url": "https://counter-currents.com/author/quintilian",
      "text": "Quintilian"
    },
    {
      "url": "https://counter-currents.com/author/erix",
      "text": "Edouard Rix"
    },
    {
      "url": "https://counter-currents.com/author/cbrobertson",
      "text": "C. B. Robertson"
    },
    {
      "url": "https://counter-currents.com/author/cfrobinson",
      "text": "C. F. Robinson"
    },
    {
      "url": "https://counter-currents.com/author/hryssen",
      "text": "Herve Ryssen"
    },
    {
      "url": "https://counter-currents.com/author/acassiel",
      "text": "Alan Smithee"
    },
    {
      "url": "https://counter-currents.com/author/fsolere/",
      "text": "Fenek Solere"
    },
    {
      "url": "https://counter-currents.com/author/asterzinger",
      "text": "Ann Sterzinger"
    },
    {
      "url": "https://counter-currents.com/author/rsteuckers",
      "text": "Robert Steuckers"
    },
    {
      "url": "https://counter-currents.com/author/tsunic",
      "text": "Tomislav Sunic"
    },
    {
      "url": "https://counter-currents.com/author/dthoresen",
      "text": "Donald Thoresen"
    },
    {
      "url": "https://counter-currents.com/author/mvancourt",
      "text": "Marian Van Court"
    },
    {
      "url": "https://counter-currents.com/author/ivinson",
      "text": "Irmin Vinson"
    },
    {
      "url": "https://counter-currents.com/author/awedgwood/",
      "text": "Aylmer Wedgwood"
    },
    {
      "url": "https://counter-currents.com/author/scott-weisswald/",
      "text": "Scott Weisswald"
    },
    {
      "url": "https://counter-currents.com/tag/book-reviews/",
      "text": "Book Reviews"
    },
    {
      "url": "https://counter-currents.com/tag/movie-reviews/",
      "text": "Movie Reviews"
    },
    {
      "url": "https://counter-currents.com/tag/tv-reviews/",
      "text": "TV Reviews"
    },
    {
      "url": "https://counter-currents.com/tag/music-reviews/",
      "text": "Music Reviews"
    },
    {
      "url": "https://counter-currents.com/tag/art-criticism/",
      "text": "Art Criticism"
    },
    {
      "url": "https://counter-currents.com/tag/graphic-novels-and-comics/",
      "text": "Graphic Novels & Comics"
    },
    {
      "url": "https://counter-currents.com/tag/video-game-reviews/",
      "text": "Video Game Reviews"
    },
    {
      "url": "https://counter-currents.com/tag/fiction/",
      "text": "Fiction"
    },
    {
      "url": "https://counter-currents.com/tag/poems/",
      "text": "Poems"
    },
    {
      "url": "https://counter-currents.com/tag/interviews/",
      "text": "Interviews"
    },
    {
      "url": "https://counter-currents.com/tag/video-of-the-day/",
      "text": "Videos"
    },
    {
      "url": "https://counter-currents.com/tag/translations/",
      "text": "English Translations"
    },
    {
      "url": "https://counter-currents.com/tag/in-translation/",
      "text": "Other Languages"
    },
    {
      "url": "https://counter-currents.com/tag/in-arabic/",
      "text": "Arabic"
    },
    {
      "url": "https://counter-currents.com/tag/in-bulgarian/",
      "text": "Bulgarian"
    },
    {
      "url": "https://counter-currents.com/tag/in-croatian/",
      "text": "Croatian"
    },
    {
      "url": "https://counter-currents.com/tag/in-czech/",
      "text": "Czech"
    },
    {
      "url": "https://counter-currents.com/tag/in-danish/",
      "text": "Danish"
    },
    {
      "url": "https://counter-currents.com/tag/in-dutch/",
      "text": "Dutch"
    },
    {
      "url": "https://counter-currents.com/tag/in-estonian/",
      "text": "Estonian"
    },
    {
      "url": "https://counter-currents.com/tag/in-finnish/",
      "text": "Finnish"
    },
    {
      "url": "https://counter-currents.com/tag/in-french/",
      "text": "French"
    },
    {
      "url": "https://counter-currents.com/tag/in-german/",
      "text": "German"
    },
    {
      "url": "https://counter-currents.com/tag/in-greek/",
      "text": "Greek"
    },
    {
      "url": "https://counter-currents.com/tag/in-hungarian/",
      "text": "Hungarian"
    },
    {
      "url": "https://counter-currents.com/tag/in-italian/",
      "text": "Italian"
    },
    {
      "url": "https://counter-currents.com/tag/in-lithuanian/",
      "text": "Lithuanian"
    },
    {
      "url": "https://counter-currents.com/tag/in-norwegian/",
      "text": "Norwegian"
    },
    {
      "url": "https://counter-currents.com/tag/in-polish/",
      "text": "Polish"
    },
    {
      "url": "https://counter-currents.com/tag/in-portuguese/",
      "text": "Portuguese"
    },
    {
      "url": "https://counter-currents.com/tag/in-romanian/",
      "text": "Romanian"
    },
    {
      "url": "https://counter-currents.com/tag/in-russian/",
      "text": "Russian"
    },
    {
      "url": "https://counter-currents.com/tag/in-slovak/",
      "text": "Slovak"
    },
    {
      "url": "https://counter-currents.com/tag/in-spanish/",
      "text": "Spanish"
    },
    {
      "url": "https://counter-currents.com/tag/in-swedish/",
      "text": "Swedish"
    },
    {
      "url": "https://counter-currents.com/tag/in-ukrainian/",
      "text": "Ukrainian"
    },
    {
      "url": "https://counter-currents.com/tag/commemorations/",
      "text": "Commemorations"
    },
    {
      "url": "https://counter-currents.com/tag/why-we-write/",
      "text": "Why We Write"
    },
    {
      "url": "https://abovetimecoffee.com/",
      "text": ""
    },
    {
      "url": "https://antelopehillpublishing.com/?utm_source=countercurrents&utm_medium=site&utm_campaign=ad",
      "text": ""
    },
    {
      "url": "https://gumroad.com/a/642754483/oyqmc",
      "text": ""
    },
    {
      "url": "https://zgreviews.com/hwite",
      "text": ""
    },
    {
      "url": "https://ihr-store.com/ihrstore/",
      "text": ""
    },
    {
      "url": "https://www.spencerjquinn.com/",
      "text": ""
    },
    {
      "url": "https://www.amren.com/",
      "text": ""
    },
    {
      "url": "https://jimgoad.net",
      "text": ""
    },
    {
      "url": "https://www.theoccidentalobserver.net/",
      "text": ""
    },
    {
      "url": "./donate/",
      "text": "Donate Now"
    },
    {
      "url": "./mailing-list/",
      "text": "Mailing list"
    },
    {
      "url": "https://counter-currents.com/shop/books/",
      "text": "Books for sale"
    },
    {
      "url": "https://counter-currents.com/product/the-best-of-trevor-lynch/",
      "text": ""
    },
    {
      "url": "https://counter-currents.com/product/novel-takes/",
      "text": ""
    },
    {
      "url": "https://counter-currents.com/product/solum-ipsum/",
      "text": ""
    },
    {
      "url": "https://counter-currents.com/product/critical-daze/",
      "text": ""
    },
    {
      "url": "https://counter-currents.com/product/against-liberalism/",
      "text": ""
    },
    {
      "url": "https://dissident.press/books/#new_tab",
      "text": ""
    },
    {
      "url": "https://counter-currents.com/product/imperium/",
      "text": ""
    },
    {
      "url": "https://counter-currents.com/product/being-and-the-birds/",
      "text": ""
    },
    {
      "url": "https://counter-currents.com/product/nowej-prawicy-przeciw-starej-prawicy/",
      "text": ""
    },
    {
      "url": "https://counter-currents.com/product/nueva-derecha-vs-vieja-derecha/",
      "text": ""
    },
    {
      "url": "https://counter-currents.com/product/against-imperialism/",
      "text": ""
    },
    {
      "url": "https://counter-currents.com/product/the-new-austerities-2/",
      "text": ""
    },
    {
      "url": "https://counter-currents.com/product/the-cultured-thug/",
      "text": ""
    },
    {
      "url": "https://counter-currents.com/product/opportunities-in-alabama-agriculture/",
      "text": ""
    },
    {
      "url": "https://counter-currents.com/product/toward-a-new-nationalism-2/",
      "text": ""
    },
    {
      "url": "https://counter-currents.com/product/the-trial-of-socrates/",
      "text": ""
    },
    {
      "url": "https://counter-currents.com/product/fields-of-asphodel/",
      "text": ""
    },
    {
      "url": "https://counter-currents.com/product/el-manifiesto-nacionalista-blanco/",
      "text": ""
    },
    {
      "url": "https://counter-currents.com/product/an-artist-of-the-right/",
      "text": ""
    },
    {
      "url": "https://counter-currents.com/product/ernst-junger/",
      "text": ""
    },
    {
      "url": "https://counter-currents.com/product/reuben-2/",
      "text": ""
    },
    {
      "url": "https://counter-currents.com/product/the-partisan/",
      "text": ""
    },
    {
      "url": "https://counter-currents.com/product/trevor-lynchs-classics-of-right-wing-cinema/",
      "text": ""
    },
    {
      "url": "https://counter-currents.com/product/the-enemy-of-europe/",
      "text": ""
    },
    {
      "url": "https://counter-currents.com/product/reactionary-modernism/",
      "text": ""
    },
    {
      "url": "https://counter-currents.com/product/manifesto-del-nazionalismo-bianco/",
      "text": ""
    },
    {
      "url": "https://counter-currents.com/product/o-manifesto-nacionalista-branco/",
      "text": ""
    },
    {
      "url": "https://counter-currents.com/product/vade-mecum/",
      "text": ""
    },
    {
      "url": "https://jimgoad.net/#new_tab",
      "text": ""
    },
    {
      "url": "https://www.amazon.com/Space-Vixen-Trek-Episode-17/dp/B09M5KYDV6/#new_tab",
      "text": ""
    },
    {
      "url": "https://counter-currents.com/product/the-year-america-died/",
      "text": ""
    },
    {
      "url": "https://counter-currents.com/product/passing-the-buck/",
      "text": ""
    },
    {
      "url": "https://counter-currents.com/product/mysticism-after-modernism/",
      "text": ""
    },
    {
      "url": "https://counter-currents.com/product/gold-in-the-furnace/",
      "text": ""
    },
    {
      "url": "https://counter-currents.com/product/defiance/",
      "text": ""
    },
    {
      "url": "https://counter-currents.com/product/forever-ever/",
      "text": ""
    },
    {
      "url": "https://counter-currents.com/product/wagners-ring-the-germanic-tradition/",
      "text": ""
    },
    {
      "url": "https://counter-currents.com/product/resistance/",
      "text": ""
    },
    {
      "url": "https://counter-currents.com/product/materials-for-all-future-historians/",
      "text": ""
    },
    {
      "url": "https://counter-currents.com/product/love-song-of-the-australopiths/",
      "text": ""
    },
    {
      "url": "https://counter-currents.com/product/white-identity-politics/",
      "text": ""
    },
    {
      "url": "https://counter-currents.com/product/heres-the-thing/",
      "text": ""
    },
    {
      "url": "https://counter-currents.com/product/trevor-lynch-part-four-of-the-trilogy/",
      "text": ""
    },
    {
      "url": "https://counter-currents.com/product/graduate-school-with-heidegger/",
      "text": ""
    },
    {
      "url": "https://counter-currents.com/product/its-okay-to-be-white/",
      "text": ""
    },
    {
      "url": "https://counter-currents.com/product/the-world-in-flames/",
      "text": ""
    },
    {
      "url": "https://counter-currents.com/product/the-white-nationalist-manifesto/",
      "text": ""
    },
    {
      "url": "https://counter-currents.com/product/from-plato-to-postmodernism/",
      "text": ""
    },
    {
      "url": "https://counter-currents.com/product/the-gizmo/",
      "text": ""
    },
    {
      "url": "https://counter-currents.com/product/return-of-the-son-of-trevor-lynchs-censored-guide-to-the-movies/",
      "text": ""
    },
    {
      "url": "https://counter-currents.com/product/toward-a-new-nationalism-2/",
      "text": ""
    },
    {
      "url": "https://counter-currents.com/product/the-smut-book/",
      "text": ""
    },
    {
      "url": "https://counter-currents.com/product/the-alternative-right/",
      "text": ""
    },
    {
      "url": "https://counter-currents.com/product/my-nationalist-pony/",
      "text": ""
    },
    {
      "url": "https://counter-currents.com/product/dark-right-batman-viewed-from-the-right/",
      "text": ""
    },
    {
      "url": "https://counter-currents.com/product/the-philatelist/",
      "text": ""
    },
    {
      "url": "https://counter-currents.com/product/confessions-of-an-anti-feminist/",
      "text": ""
    },
    {
      "url": "https://counter-currents.com/product/east-and-west/",
      "text": ""
    },
    {
      "url": "https://counter-currents.com/product/though-we-be-dead-yet-our-day-will-come/",
      "text": ""
    },
    {
      "url": "https://counter-currents.com/product/white-like-you/",
      "text": ""
    },
    {
      "url": "https://counter-currents.com/product/numinous-machines/",
      "text": ""
    },
    {
      "url": "https://counter-currents.com/product/venus-and-her-thugs/",
      "text": ""
    },
    {
      "url": "https://counter-currents.com/product/cynosura/",
      "text": ""
    },
    {
      "url": "https://counter-currents.com/product/north-american-new-right-vol-2/",
      "text": ""
    },
    {
      "url": "https://counter-currents.com/product/you-asked-for-it/",
      "text": ""
    },
    {
      "url": "https://counter-currents.com/product/more-artists-of-the-right/",
      "text": ""
    },
    {
      "url": "https://counter-currents.com/product/extremists-studies-in-metapolitics/",
      "text": ""
    },
    {
      "url": "https://counter-currents.com/product/the-homo-the-negro/",
      "text": ""
    },
    {
      "url": "https://counter-currents.com/product/rising/",
      "text": ""
    },
    {
      "url": "https://counter-currents.com/product/the-importance-of-james-bond/",
      "text": ""
    },
    {
      "url": "https://counter-currents.com/product/in-defense-of-prejudice/",
      "text": ""
    },
    {
      "url": "https://counter-currents.com/product/confessions-of-a-reluctant-hater-2nd-ed/",
      "text": ""
    },
    {
      "url": "https://counter-currents.com/product/the-hypocrisies-of-heaven/",
      "text": ""
    },
    {
      "url": "https://counter-currents.com/product/waking-up-from-the-american-dream/",
      "text": ""
    },
    {
      "url": "https://counter-currents.com/product/green-nazis-in-space/",
      "text": ""
    },
    {
      "url": "https://counter-currents.com/product/truth-justice-and-a-nice-white-country/",
      "text": ""
    },
    {
      "url": "https://counter-currents.com/product/heidegger-in-chicago/",
      "text": ""
    },
    {
      "url": "https://counter-currents.com/product/end-of-an-era/",
      "text": ""
    },
    {
      "url": "https://counter-currents.com/product/sexual-utopia-in-power/",
      "text": ""
    },
    {
      "url": "https://counter-currents.com/product/what-is-a-rune-other-essays/",
      "text": ""
    },
    {
      "url": "https://counter-currents.com/product/son-of-trevor-lynchs-white-nationalist-guide-to-the-movies/",
      "text": ""
    },
    {
      "url": "https://counter-currents.com/product/the-lightning-the-sun/",
      "text": ""
    },
    {
      "url": "https://counter-currents.com/product/the-eldritch-evola/",
      "text": ""
    },
    {
      "url": "https://counter-currents.com/product/western-civilization-bites-back/",
      "text": ""
    },
    {
      "url": "https://counter-currents.com/product/new-right-vs-old-right/",
      "text": ""
    },
    {
      "url": "https://counter-currents.com/product/journey-late-at-night-poems-and-translations/",
      "text": ""
    },
    {
      "url": "https://counter-currents.com/product/the-non-hindu-indians-indian-unity/",
      "text": ""
    },
    {
      "url": "https://counter-currents.com/product/i-do-not-belong-to-the-baader-meinhof-group/",
      "text": ""
    },
    {
      "url": "https://counter-currents.com/product/pulp-fascism/",
      "text": ""
    },
    {
      "url": "https://counter-currents.com/product/the-lost-philosopher-second-expanded-edition/",
      "text": ""
    },
    {
      "url": "https://counter-currents.com/product/trevor-lynchs-a-white-nationalist-guide-to-the-movies/",
      "text": ""
    },
    {
      "url": "https://counter-currents.com/product/and-time-rolls-on/",
      "text": ""
    },
    {
      "url": "https://counter-currents.com/product/artists-of-the-right-resisting-decadence/",
      "text": ""
    },
    {
      "url": "https://counter-currents.com/product/north-american-new-right-vol-1/",
      "text": ""
    },
    {
      "url": "https://counter-currents.com/product/some-thoughts-on-hitler/",
      "text": ""
    },
    {
      "url": "https://counter-currents.com/product/tikkun-olam-and-other-poems/",
      "text": ""
    },
    {
      "url": "https://counter-currents.com/product/summoning-the-gods/",
      "text": ""
    },
    {
      "url": "https://counter-currents.com/product/taking-our-own-side/",
      "text": ""
    },
    {
      "url": "https://counter-currents.com/product/reuben/",
      "text": ""
    },
    {
      "url": "https://counter-currents.com/product/the-node/",
      "text": ""
    },
    {
      "url": "https://counter-currents.com/product/the-new-austerities/",
      "text": ""
    },
    {
      "url": "https://counter-currents.com/product/morning-crafts/",
      "text": ""
    },
    {
      "url": "https://counter-currents.com/product/the-passing-of-a-profit-other-forgotten-stories/",
      "text": ""
    },
    {
      "url": "https://counter-currents.com/wp-login.php?action=lostpassword",
      "text": "Lost your password?"
    }
  ],
  "images": [
    {
      "src": "https://counter-currents.com/wp-content/uploads/2020/09/samdickson-260x260.png",
      "alt": ""
    },
    {
      "src": "https://counter-currents.com/wp-content/uploads/2022/10/ATC-ad.jpg",
      "alt": "Above Time Coffee"
    },
    {
      "src": "https://counter-currents.com/wp-content/uploads/2022/05/AH-CC-Ad_1.jpg",
      "alt": "Antelope Hill Publishing"
    },
    {
      "src": "https://counter-currents.com/wp-content/uploads/2022/06/2592A4BB-1866-42AB-B8CD-61050EBA4CFC.jpg",
      "alt": "Paul Waggener"
    },
    {
      "src": "https://counter-currents.com/wp-content/uploads/2024/01/Zeitgeist-Reviews.jpg",
      "alt": "Zeitgeist "
    },
    {
      "src": "https://counter-currents.com/wp-content/uploads/2024/05/ihr_store_logo_ad_03-400x106.jpg",
      "alt": "IHR-Store"
    },
    {
      "src": "https://counter-currents.com/wp-content/uploads/2023/08/12d1931e6805a6c461e01b185944e8a6d93325d11efa2593aaecf95bf964d51c.jpg",
      "alt": "Spencer J. Quinn"
    },
    {
      "src": "https://counter-currents.com/wp-content/uploads/2022/03/amren.jpg",
      "alt": "American Renaissance"
    },
    {
      "src": "https://counter-currents.com/wp-content/uploads/2023/01/goadbanner.jpg",
      "alt": "Jim Goad"
    },
    {
      "src": "https://counter-currents.com/wp-content/uploads/2022/03/theoccidentalobserver.jpg",
      "alt": "The Occidental Observer"
    },
    {
      "src": "https://counter-currents.com/wp-content/uploads/2025/02/BestOfLynchFrontMedium-1-199x300.jpg",
      "alt": "The Best of Trevor Lynch"
    },
    {
      "src": "https://counter-currents.com/wp-content/uploads/2024/12/photo_2024-12-16_16-27-31-194x300.jpg",
      "alt": "Novel Takes"
    },
    {
      "src": "https://counter-currents.com/wp-content/uploads/2024/12/SolumIpsum-192x300.jpg",
      "alt": "Solum Ipsum"
    },
    {
      "src": "https://counter-currents.com/wp-content/uploads/2024/11/CriticalDazeMEDIUM-190x300.jpg",
      "alt": "Critical Daze"
    },
    {
      "src": "https://counter-currents.com/wp-content/uploads/2024/11/AgainstLiberalism2-200x300.jpg",
      "alt": "Against Liberalism"
    },
    {
      "src": "https://counter-currents.com/wp-content/uploads/2024/08/kesslerbook.jpeg",
      "alt": "Charlottesville & the Death of Free Speech"
    },
    {
      "src": "https://counter-currents.com/wp-content/uploads/2021/03/Imperium-Concept-2-198x300.jpg",
      "alt": "Imperium"
    },
    {
      "src": "https://counter-currents.com/wp-content/uploads/2024/04/Derek-Hawthorne-Being-The-Birds-200x300.jpg",
      "alt": "Being & The Birds"
    },
    {
      "src": "https://counter-currents.com/wp-content/uploads/2024/04/NewRightOldRighEbookvariant-200x300.jpg",
      "alt": "Nowej Prawicy przeciw Starej Prawicy"
    },
    {
      "src": "https://counter-currents.com/wp-content/uploads/2024/04/Johnson-Nueva-Derecha-versus-Vieja-Derecha-200x300.jpg",
      "alt": "Nueva Derecha vs. Vieja Derecha"
    },
    {
      "src": "https://counter-currents.com/wp-content/uploads/2023/12/Against-Inperialism-ebook-194x300.png",
      "alt": "Against Imperialism"
    },
    {
      "src": "https://counter-currents.com/wp-content/uploads/2023/12/New-Austerities-EBOOK-196x300.png",
      "alt": "The New Austerities"
    },
    {
      "src": "https://counter-currents.com/wp-content/uploads/2023/11/CulturedThugFrontCoverMedium-200x300.jpg",
      "alt": "The Cultured Thug"
    },
    {
      "src": "https://counter-currents.com/wp-content/uploads/2023/10/OpportunitiesFrontMedium-192x300.jpg",
      "alt": "Opportunities in Alabama Agriculture"
    },
    {
      "src": "https://counter-currents.com/wp-content/uploads/2023/10/TNNFrontMedium-192x300.jpg",
      "alt": "Toward a New Nationalism"
    },
    {
      "src": "https://counter-currents.com/wp-content/uploads/2023/05/photo_2023-05-25_14-06-08-201x300.jpg",
      "alt": "The Trial of Socrates"
    },
    {
      "src": "https://counter-currents.com/wp-content/uploads/2023/05/FieldsCoverMedium-198x300.jpg",
      "alt": "Fields of Asphodel"
    },
    {
      "src": "https://counter-currents.com/wp-content/uploads/2022/12/Blanco-ebook-188x300.jpg",
      "alt": "El Manifiesto Nacionalista Blanco"
    },
    {
      "src": "https://counter-currents.com/wp-content/uploads/2022/09/KrafttArtist-199x300.jpg",
      "alt": "An Artist of the Right"
    },
    {
      "src": "https://counter-currents.com/wp-content/uploads/2022/09/BenoistJungerCoverMedium-194x300.jpg",
      "alt": "Ernst J\u00fcnger"
    },
    {
      "src": "https://counter-currents.com/wp-content/uploads/2022/09/photo_2022-07-01_15-41-00-2-194x300.jpg",
      "alt": "Reuben"
    },
    {
      "src": "https://counter-currents.com/wp-content/uploads/2022/09/ThePartisanCover-196x300.jpg",
      "alt": "The Partisan"
    },
    {
      "src": "https://counter-currents.com/wp-content/uploads/2022/05/Lynch5coverMedium-202x300.jpg",
      "alt": "Trevor Lynch\u2019s Classics of Right-Wing Cinema"
    },
    {
      "src": "https://counter-currents.com/wp-content/uploads/2022/04/EnemyOfEuropeFrontMedium-196x300.jpg",
      "alt": "The Enemy of Europe"
    },
    {
      "src": "https://counter-currents.com/wp-content/uploads/2021/04/Bowden-ReactionaryModernism-200x300.jpg",
      "alt": "Reactionary Modernism"
    },
    {
      "src": "https://counter-currents.com/wp-content/uploads/2022/05/NazionalismoBianco-web-188x300.jpg",
      "alt": "Manifesto del Nazionalismo Bianco"
    },
    {
      "src": "https://counter-currents.com/wp-content/uploads/2022/05/Branco-web-188x300.jpg",
      "alt": "O Manifesto Nacionalista Branco"
    },
    {
      "src": "https://counter-currents.com/wp-content/uploads/2022/05/VadeCoverMedium-187x300.jpg",
      "alt": "Vade Mecum"
    },
    {
      "src": "https://counter-currents.com/wp-content/uploads/2021/01/whiteness-the-original-sin-book-cover-184x300.jpg",
      "alt": "Whiteness: The Original Sin"
    },
    {
      "src": "https://counter-currents.com/wp-content/uploads/2022/05/411xDuhPQYL._SX333_BO1204203200_-201x300.jpg",
      "alt": "Space Vixen Trek Episode 17: Tomorrow the Stars"
    },
    {
      "src": "https://counter-currents.com/wp-content/uploads/2021/03/CC-TheYearAmericaDied-Johnson-200x300.jpg",
      "alt": "The Year America Died"
    },
    {
      "src": "https://counter-currents.com/wp-content/uploads/2021/11/passing-the-buck-202x300.jpg",
      "alt": "Passing the Buck"
    },
    {
      "src": "https://counter-currents.com/wp-content/uploads/2021/11/mysticism-after-modernism-198x300.jpg",
      "alt": "Mysticism After Modernism"
    },
    {
      "src": "https://counter-currents.com/wp-content/uploads/2021/05/GoldintheFurnace4thFrontMedium-198x300.jpg",
      "alt": "Gold in the Furnace"
    },
    {
      "src": "https://counter-currents.com/wp-content/uploads/2021/06/DefianceThirdEdFrontMedium-212x300.jpg",
      "alt": "Defiance"
    },
    {
      "src": "https://counter-currents.com/wp-content/uploads/2021/05/SavitriDeviForeverAndEver-199x300.jpg",
      "alt": "Forever & Ever"
    },
    {
      "src": "https://counter-currents.com/wp-content/uploads/2021/07/CollinCleary-WagnersRing-204x300.jpg",
      "alt": "Wagner\u2019s Ring & the Germanic Tradition"
    },
    {
      "src": "https://counter-currents.com/wp-content/uploads/2021/07/FenelSolere-Resistance-204x300.jpg",
      "alt": "Resistance"
    },
    {
      "src": "https://counter-currents.com/wp-content/uploads/2021/06/PerdueMaterialsFrontMedium-198x300.jpg",
      "alt": "Materials for All Future Historians"
    },
    {
      "src": "https://counter-currents.com/wp-content/uploads/2021/06/LoveSongFrontMedium-195x300.jpg",
      "alt": "Love Song of the Australopiths"
    },
    {
      "src": "https://counter-currents.com/wp-content/uploads/2020/06/WhiteIdPol-GregJohnson-1-207x300.jpg",
      "alt": "White Identity Politics"
    },
    {
      "src": "https://counter-currents.com/wp-content/uploads/2020/10/HERES-THE-THING-scaled-208x300.jpg",
      "alt": "Here\u2019s the Thing"
    },
    {
      "src": "https://counter-currents.com/wp-content/uploads/2021/03/Trevor_Lynch-2-202x300.jpg",
      "alt": "Trevor Lynch: Part Four of the Trilogy"
    },
    {
      "src": "https://counter-currents.com/wp-content/uploads/2020/08/GradSchoolwithHeideggerFrontLarge-199x300.jpg",
      "alt": "Graduate School with Heidegger"
    },
    {
      "src": "https://counter-currents.com/wp-content/uploads/2020/07/ItsOkayCover-200x300.jpg",
      "alt": "It\u2019s Okay to Be White"
    },
    {
      "src": "https://counter-currents.com/wp-content/uploads/2020/05/YockeyWIFmedium-203x300.jpg",
      "alt": "The World in Flames"
    },
    {
      "src": "https://counter-currents.com/wp-content/uploads/2018/08/SecondEdCoverLarge-190x300.jpg",
      "alt": "The White Nationalist Manifesto"
    },
    {
      "src": "https://counter-currents.com/wp-content/uploads/2019/08/FPTPFrontMedium-199x300.jpg",
      "alt": "From Plato to Postmodernism"
    },
    {
      "src": "https://counter-currents.com/wp-content/uploads/2019/08/GizmoConcept1-212x300.png",
      "alt": "The Gizmo"
    },
    {
      "src": "https://counter-currents.com/wp-content/uploads/2021/03/ReturnOfSonOf-Paperback-Censored-2-198x300.jpg",
      "alt": "Return of the Son of Trevor Lynch\u2019s CENSORED Guide to the Movies"
    },
    {
      "src": "https://counter-currents.com/wp-content/uploads/2019/05/TowardANewNationalismCOVERmedium-199x300.jpg",
      "alt": "Toward a New Nationalism"
    },
    {
      "src": "https://counter-currents.com/wp-content/uploads/2021/03/SmutBookMedium-2-191x300.jpg",
      "alt": "The Smut Book"
    },
    {
      "src": "https://counter-currents.com/wp-content/uploads/2018/10/AltRightMockupRedLeather-200x300.jpg",
      "alt": "The Alternative Right"
    },
    {
      "src": "https://counter-currents.com/wp-content/uploads/2021/03/MyNatPo-2-193x300.jpg",
      "alt": "My Nationalist Pony"
    },
    {
      "src": "https://counter-currents.com/wp-content/uploads/2018/06/DarkRIghtFrontMedium-216x300.jpg",
      "alt": "Dark Right: Batman Viewed From the Right"
    },
    {
      "src": "https://counter-currents.com/wp-content/uploads/2021/03/TitoPerdue-ThePhilatelist-204x300.jpg",
      "alt": "The Philatelist"
    },
    {
      "src": "https://counter-currents.com/wp-content/uploads/2021/03/AntiFeminist-2-200x300.jpg",
      "alt": "Confessions of an Anti-Feminist"
    },
    {
      "src": "https://counter-currents.com/wp-content/uploads/2021/03/EastWest-1-199x300.jpg",
      "alt": "East and West"
    },
    {
      "src": "https://counter-currents.com/wp-content/uploads/2019/11/ThoughWeBeDeadCover-194x300.jpg",
      "alt": "Though We Be Dead, Yet Our Day Will Come"
    },
    {
      "src": "https://counter-currents.com/wp-content/uploads/2021/03/WhiteLikeYou-197x300.jpg",
      "alt": "White Like You"
    },
    {
      "src": "https://counter-currents.com/wp-content/uploads/2017/12/NuminousCropMedium-201x300.gif",
      "alt": "Numinous Machines"
    },
    {
      "src": "https://counter-currents.com/wp-content/uploads/2021/03/Venus-2-200x300.jpg",
      "alt": "Venus and Her Thugs"
    },
    {
      "src": "https://counter-currents.com/wp-content/uploads/2017/11/9781940933863-Perfect-working-15-194x300.png",
      "alt": "Cynosura"
    },
    {
      "src": "https://counter-currents.com/wp-content/uploads/2017/11/NANR2-199x300.jpg",
      "alt": "North American New Right, vol. 2"
    },
    {
      "src": "https://counter-currents.com/wp-content/uploads/2017/09/YAFIMedusaMed-201x300.jpg",
      "alt": "You Asked For It"
    },
    {
      "src": "https://counter-currents.com/wp-content/uploads/2017/08/BoltonMoreCvrMedium-203x300.jpg",
      "alt": "More Artists of the Right"
    },
    {
      "src": "https://counter-currents.com/wp-content/uploads/2021/03/BowdenExtremists-1-212x300.jpg",
      "alt": "Extremists: Studies in Metapolitics"
    },
    {
      "src": "https://counter-currents.com/wp-content/uploads/2021/03/HomoNegro-198x300.jpg",
      "alt": "The Homo & the Negro"
    },
    {
      "src": "https://counter-currents.com/wp-content/uploads/2021/03/SolereFrontCropMedium-1-199x300.gif",
      "alt": "Rising"
    },
    {
      "src": "https://counter-currents.com/wp-content/uploads/2017/05/BondCropSmall-199x300.jpg",
      "alt": "The Importance of James Bond"
    },
    {
      "src": "https://counter-currents.com/wp-content/uploads/2017/03/PrejudiceCropSmall-198x300.jpg",
      "alt": "In Defense of Prejudice"
    },
    {
      "src": "https://counter-currents.com/wp-content/uploads/2016/09/ConfessionsSecondEdSmall-1-204x300.gif",
      "alt": "Confessions of a Reluctant Hater (2nd ed.)"
    },
    {
      "src": "https://counter-currents.com/wp-content/uploads/2021/03/HypocrisiesCoverCropMedium-192x300.jpg",
      "alt": "The Hypocrisies of Heaven"
    },
    {
      "src": "https://counter-currents.com/wp-content/uploads/2021/03/HoodAmericanDream-1-195x300.jpg",
      "alt": "Waking Up from the American Dream"
    },
    {
      "src": "https://counter-currents.com/wp-content/uploads/2015/12/SpaceNazis-CoverWorking-FinalCover-200x300.jpg",
      "alt": "Green Nazis in Space!"
    },
    {
      "src": "https://counter-currents.com/wp-content/uploads/2015/12/NiceWhiteCountryCover-205x300.jpg",
      "alt": "Truth, Justice, and a Nice White Country"
    },
    {
      "src": "https://counter-currents.com/wp-content/uploads/2015/12/HeideggerinChicagoCrop-199x300.jpg",
      "alt": "Heidegger in Chicago"
    },
    {
      "src": "https://counter-currents.com/wp-content/uploads/2015/08/EndOfAnEra-OMeara-194x300.jpg",
      "alt": "End of an Era: Mad Men & the Ordeal of Civility"
    },
    {
      "src": "https://counter-currents.com/wp-content/uploads/2015/07/SexualUtopiaCoverMedium-195x300.jpg",
      "alt": "Sexual Utopia in Power"
    },
    {
      "src": "https://counter-currents.com/wp-content/uploads/2015/02/WhatIsARuneCropMedium2-197x300.jpg",
      "alt": "What is a Rune? & Other Essays"
    },
    {
      "src": "https://counter-currents.com/wp-content/uploads/2015/02/Lynch2coverMedium-200x300.jpg",
      "alt": "Son of Trevor Lynch\u2019s White Nationalist Guide to the Movies"
    },
    {
      "src": "https://counter-currents.com/wp-content/uploads/2017/10/LightningAndTheSun1-212x300.jpg",
      "alt": "The Lightning & the Sun"
    },
    {
      "src": "https://counter-currents.com/wp-content/uploads/2014/04/EldritchEvola-KindleCoverB-200x300.jpg",
      "alt": "The Eldritch Evola"
    },
    {
      "src": "https://counter-currents.com/wp-content/uploads/2021/03/Bowden-West-Cover-medium-e1397245147546-1-200x300.jpg",
      "alt": "Western Civilization Bites Back"
    },
    {
      "src": "https://counter-currents.com/wp-content/uploads/2014/01/NewRightOldRight1crop1-203x300.jpg",
      "alt": "New Right vs. Old Right"
    },
    {
      "src": "https://counter-currents.com/wp-content/uploads/2021/03/Journey-1-201x300.jpg",
      "alt": "Journey Late at Night: Poems and Translations"
    },
    {
      "src": "https://counter-currents.com/wp-content/uploads/2013/11/TipusTomb2-204x300.jpg",
      "alt": "The Non-Hindu Indians & Indian Unity"
    },
    {
      "src": "https://counter-currents.com/wp-content/uploads/2013/07/HobsonFrontCrop-194x300.jpg",
      "alt": "I do not belong to the Baader-Meinhof Group"
    },
    {
      "src": "https://counter-currents.com/wp-content/uploads/2013/04/PulpFacism-Bowden-200x300.jpg",
      "alt": "Pulp Fascism"
    },
    {
      "src": "https://counter-currents.com/wp-content/uploads/2013/02/LudoKindleCover-225x300.jpg",
      "alt": "The Lost Philosopher"
    },
    {
      "src": "https://counter-currents.com/wp-content/uploads/2013/01/LynchCover2-200x300.jpg",
      "alt": "Trevor Lynch\u2019s A White Nationalist Guide to the Movies"
    },
    {
      "src": "https://counter-currents.com/wp-content/uploads/2021/03/SavitriDevi-ATRO2-225x300.jpg",
      "alt": "And Time Rolls On"
    },
    {
      "src": "https://counter-currents.com/wp-content/uploads/2012/06/Artist-Web-197x300.jpg",
      "alt": "Artists of the Right: Resisting Decadence"
    },
    {
      "src": "https://counter-currents.com/wp-content/uploads/2012/05/NANRVol1-200x300.jpg",
      "alt": "North American New Right, Vol. 1"
    },
    {
      "src": "https://counter-currents.com/wp-content/uploads/2012/01/SomeThoughtsonHitlerCover-199x300.jpg",
      "alt": "Some Thoughts on Hitler"
    },
    {
      "src": "https://counter-currents.com/wp-content/uploads/2011/12/TikkunOlamFull-195x300.jpg",
      "alt": "Tikkun Olam and Other Poems"
    },
    {
      "src": "https://counter-currents.com/wp-content/uploads/2011/06/clearycover-207x300.jpg",
      "alt": "Summoning the Gods"
    },
    {
      "src": "https://counter-currents.com/wp-content/uploads/2011/12/polignanokindlecover-225x300.jpg",
      "alt": "Taking Our Own Side"
    },
    {
      "src": "https://counter-currents.com/wp-content/uploads/2015/03/ReubenLarge-200x300.jpg",
      "alt": "Reuben"
    },
    {
      "src": "https://counter-currents.com/wp-content/uploads/2021/03/TitoPerdue-TheNode-189x300.jpg",
      "alt": "The Node"
    },
    {
      "src": "https://counter-currents.com/wp-content/uploads/2021/03/TitoPerdue-TheNewAusterities-189x300.jpg",
      "alt": "The New Austerities"
    },
    {
      "src": "https://counter-currents.com/wp-content/uploads/2021/03/TitoPerdue-MorningCrafts-182x300.jpg",
      "alt": "Morning Crafts"
    },
    {
      "src": "https://counter-currents.com/wp-content/uploads/2012/04/MenckenCoverSm-200x300.jpg",
      "alt": "The Passing of a Profit & Other Forgotten Stories"
    }
  ]
}