[
  {
    "fullName": "Aaquib Syed",
    "linkedin_internal_id": "666118811",
    "first_name": "Aaquib",
    "last_name": "Syed",
    "public_identifier": "aaquib-syed",
    "background_cover_image_url": "https://media.licdn.com/dms/image/v2/C4E16AQEyxcgp1JOLmA/profile-displaybackgroundimage-shrink_200_800/profile-displaybackgroundimage-shrink_200_800/0/1659541198299?e=2147483647&v=beta&t=uJz1G3RCl_tegq4CHWTcfztn879bWTPp5x3hKpxS_L4",
    "profile_photo": "https://media.licdn.com/dms/image/v2/D4E03AQF6WA6SN7AFbg/profile-displayphoto-shrink_200_200/profile-displayphoto-shrink_200_200/0/1694543181540?e=2147483647&v=beta&t=w0cAWKTW20MPdZGvXbgMAXcxYTSWUaDR9GV9o5xBgfU",
    "headline": "",
    "location": "1K followers\n          \n              500+ connections",
    "about": "Hi! I like thinking about and solving problems in AI/ML and finance---my current interest\u2026",
    "experience": [],
    "education": [],
    "articles": [],
    "description": {
      "description1": "Google",
      "description1_link": "https://www.linkedin.com/company/google?trk=public_profile_topcard-current-company",
      "description2": "University of Maryland",
      "description2_link": "https://www.linkedin.com/school/university-of-maryland/?trk=public_profile_topcard-school",
      "description3": "Portfolio",
      "description3_link": "https://www.linkedin.com/redir/redirect?url=https%3A%2F%2Fwww%2Egithub%2Ecom%2FAaquib111&urlhash=1OsH&trk=public_profile_topcard-website"
    },
    "activities": [
      {
        "link": "https://www.linkedin.com/posts/ftrumeza_rumoogle-activity-7283120359233503232-H_08",
        "image": "https://media.licdn.com/dms/image/sync/v2/D5627AQGvjJC-zaSK2Q/articleshare-shrink_800/articleshare-shrink_800/0/1736369988834?e=2147483647&v=beta&t=qCa3ZHw749888n0oahrej2tDKtrRbUmtP12ZLN6pwFk",
        "title": "Rejected from Google  so I just made my own\n\nrumeza.ca\n\n\ud83d\udeab FAANG  \u2705 FAANR\n\nHiring for 2025 \n\n#FAANG2025",
        "activity": "Liked by Aaquib Syed"
      },
      {
        "link": "https://www.linkedin.com/posts/zihui-georgia-lin-5b7600187_give-me-a-menu-and-i-will-show-you-what-the-activity-7274197946651361280-FIib",
        "image": "https://media.licdn.com/dms/image/v2/D4E05AQEWKKNCqq3-Hw/videocover-high/videocover-high/0/1734303896491?e=2147483647&v=beta&t=uaT_mrOapq4ftyEHjbtyJ8XGTZ5n_9Y0g4gqXUGvVM8",
        "title": "Give me a menu and I will show you what the food looks like\n\nEver felt lost reading a fancy menu? We are launching SeeFood, an app that helps you see\u2026",
        "activity": "Liked by Aaquib Syed"
      },
      {
        "link": "https://www.linkedin.com/posts/dhruvbindra_we-sold-styl-ai-as-i-look-back-on-the-activity-7273023990837710848-QPSD",
        "image": "https://media.licdn.com/dms/image/v2/D5622AQFYf0OyKGjzhw/feedshare-shrink_2048_1536/B56ZO74xLqG8Ao-/0/1734024045013?e=2147483647&v=beta&t=vJCWsygX8WKB8pHiL5P0_MGoFkeJD032QMJhp4ZxCqE",
        "title": "We sold Styl AI :)\n\nAs I look back on the last 2 years, I can\u2019t believe how blessed we\u2019ve been.\n\nEven though Rahul Bhandari and I never ended up\u2026",
        "activity": "Liked by Aaquib Syed"
      },
      {
        "link": "https://www.linkedin.com/posts/dariuskianersi_we-raised-a-27m-seed-has-been-a-complete-activity-7273013312009691136-x8Lu",
        "image": "https://media.licdn.com/dms/image/v2/D5610AQG-Millr6yFeQ/image-shrink_800/image-shrink_800/0/1734021005987?e=2147483647&v=beta&t=kJ-t3M3yHA2xbl9CNRVqGWhER16is8_ejMSATXDvNLs",
        "title": "We raised a $27M seed! Has been a complete blast working with this insanely talented team on real-time intelligence. If you\u2019re interested in making\u2026",
        "activity": "Liked by Aaquib Syed"
      },
      {
        "link": "https://www.linkedin.com/posts/debarghyadas_we-just-solved-a-hard-open-math-problem-activity-7270825861203783680-YAvX",
        "image": "https://media.licdn.com/dms/image/v2/D5610AQEVtCDSmLcYqQ/videocover-high/videocover-high/0/1733499969000?e=2147483647&v=beta&t=HW10vPAj7H13QknPrSagJ77K4tvwlNaxFyhVBpm7Lwo",
        "title": "We JUST solved a hard open math problem\u2014 the moving sofa problem!\n\n\"What is the area of the largest shape that can be manuevered through an L corner\u2026",
        "activity": "Liked by Aaquib Syed"
      },
      {
        "link": "https://www.linkedin.com/posts/rehan-mian-a74aa3270_this-past-weekend-i-traveled-to-schuyler-activity-7262306406924537857-95qL",
        "image": "https://media.licdn.com/dms/image/v2/D4E22AQGmBT3ugHwZ8A/feedshare-shrink_800/feedshare-shrink_800/0/1731468772633?e=2147483647&v=beta&t=bY-u8oDNCGyHgnVLUie6P80Gm-UI5Zc657G7QZsopHg",
        "title": "This past weekend, I traveled to Schuyler Hall in Manhattan to give a presentation, \u201cImportance of Cytogenomics in Medicine, Part III,\u201d along with my\u2026",
        "activity": "Liked by Aaquib Syed"
      },
      {
        "link": "https://www.linkedin.com/posts/anuva-wardah_this-past-weekend-i-was-thrilled-to-attend-activity-7256348748610433024-qX3B",
        "image": "https://media.licdn.com/dms/image/v2/D4E22AQH6jeZwLeJDvQ/feedshare-shrink_800/feedshare-shrink_800/0/1730047915933?e=2147483647&v=beta&t=tlbvDbRaui1TgDTkQGSSp77Y2Y2PtyfmX9HVewjhOkE",
        "title": "This past weekend, I was thrilled to attend the Fort\u00e9 Undergraduate Women of Color Leadership Symposium in Atlanta, GA!\n\nThe symposium was a\u2026",
        "activity": "Liked by Aaquib Syed"
      },
      {
        "link": "https://www.linkedin.com/posts/jacobalpert_in-2019-when-i-was-in-8th-grade-my-two-activity-7255930516045008896-ZTtr",
        "image": "https://media.licdn.com/dms/image/v2/D4E22AQHCbP5Ky1ZWJA/feedshare-shrink_2048_1536/feedshare-shrink_2048_1536/0/1729948641569?e=2147483647&v=beta&t=zR9PYhSQh9WC5DiEuv0FPNbhsMVrVnh44Pk5zgAeFMk",
        "title": "In 2019, when I was in 8th grade, my two biggest passions were Star Wars and rocket ships\u2014which, let's be honest, are pretty much the same thing\u2026",
        "activity": "Liked by Aaquib Syed"
      },
      {
        "link": "https://www.linkedin.com/posts/anuva-wardah_i-am-thrilled-to-announce-the-completion-activity-7212990352478121984-u9_5",
        "image": "https://media.licdn.com/dms/image/v2/D4E22AQGgvQaGlPrPBg/feedshare-shrink_800/feedshare-shrink_800/0/1719709949487?e=2147483647&v=beta&t=VsWECttRUoMIpxg5W8LtSDCSHSO6RiLaulmLX2rlbNQ",
        "title": "I am thrilled to announce the completion of my journey at the New York Law School Pipeline Program, an amazing 4-week intensive course preparing\u2026",
        "activity": "Liked by Aaquib Syed"
      },
      {
        "link": "https://www.linkedin.com/posts/philip-k-building_startups-coming-out-of-easya-are-now-worth-activity-7209199904924016640-ddUb",
        "image": "https://media.licdn.com/dms/image/v2/D4E22AQHrdavFDfeNyw/feedshare-shrink_2048_1536/feedshare-shrink_2048_1536/0/1718807196299?e=2147483647&v=beta&t=glMQq7edaTOaj-whObxSVnIwJhJ9dhvv-M8qig_D-TM",
        "title": "Startups coming out of EasyA are now worth a massive over $2.5 BILLION. \n\nAnd that number\u2019s growing every single month. We\u2019re on a journey to find\u2026",
        "activity": "Liked by Aaquib Syed"
      },
      {
        "link": "https://www.linkedin.com/posts/parsa-sedghi_i-am-thrilled-to-announce-that-i-have-started-activity-7204209639922483201-avL8",
        "image": "https://media.licdn.com/dms/image/v2/D4E22AQELgwJGVrXS-Q/feedshare-shrink_800/feedshare-shrink_800/0/1719182216169?e=2147483647&v=beta&t=PZksXxYAjdF8aSfmJmf6ZXnO2ipf9vZG7qDwcpBdPno",
        "title": "I am thrilled to announce that I have started my Summer 2024 internship at BlackRock! This week marks the beginning of an exciting chapter as a\u2026",
        "activity": "Liked by Aaquib Syed"
      },
      {
        "link": "https://www.linkedin.com/posts/simone-luca-montandon_last-saturday-i-graduated-magna-cum-laude-activity-7198660893646221313-ZCrJ",
        "image": "https://media.licdn.com/dms/image/v2/D4E22AQHXlgfj5hyZWw/feedshare-shrink_800/feedshare-shrink_800/0/1716294501057?e=2147483647&v=beta&t=qx1hjSDMVbsPYCJcsALif3s-WI1-80HDZ08B0wkzztQ",
        "title": "Last Saturday, I graduated Magna Cum Laude with a Bachelor of Science in Foreign Service from Georgetown University. I am very thankful for all that\u2026",
        "activity": "Liked by Aaquib Syed"
      }
    ],
    "volunteering": [],
    "certification": [],
    "people_also_viewed": [],
    "similar_profiles": [
      {
        "link": "https://au.linkedin.com/in/aaquib-s-885340146?trk=public_profile_samename-profile",
        "name": "Aaquib S.",
        "summary": "Senior Business Analyst",
        "location": "Greater Melbourne Area"
      },
      {
        "link": "https://www.linkedin.com/in/aaquib-syed-4a5a16251?trk=public_profile_samename-profile",
        "name": "AAQUIB SYED",
        "summary": "owner of the metro cafe",
        "location": "United States"
      },
      {
        "link": "https://in.linkedin.com/in/mohammad-aaquib-syed-ab6983120?trk=public_profile_samename-profile",
        "name": "Mohammad Aaquib Syed",
        "summary": "Senior Associate",
        "location": "Kanpur Nagar"
      },
      {
        "link": "https://in.linkedin.com/in/aaquib-syed-38a23a341?trk=public_profile_samename-profile",
        "name": "aaquib syed",
        "summary": "Administrative Executive at IBM",
        "location": "Pune"
      }
    ],
    "recommendations": [],
    "publications": [
      {
        "name": "Refusal in Language Models Is Mediated by a Single Direction",
        "sub_title": "In Review at NeurIPS",
        "summary": "Conversational large language models are fine-tuned for both instruction-following and safety, resulting in models that obey benign requests but refuse harmful ones. While this refusal behavior is widespread across chat models, its underlying mechanisms remain poorly understood. In this work, we show that refusal is mediated by a one-dimensional subspace, across 13 popular open-source chat models up to 72B parameters in size. Specifically, for each model, we find a single direction such that\u2026\n            \n\n    \n    \n\n    \n        Show more",
        "date": "June 22, 2024",
        "link": "https://www.linkedin.com/redir/redirect?url=https%3A%2F%2Farxiv%2Eorg%2Fabs%2F2406%2E11717&urlhash=bZtk&trk=public_profile_publication-title"
      },
      {
        "name": "Attribution Patching Outperforms Automated Circuit Discovery",
        "sub_title": "NeurIPS (ATTRIB Workshop)",
        "summary": "Automated interpretability research has recently attracted attention as a potential research direction that could scale explanations of neural network behavior to large models. Existing automated circuit discovery work applies activation patching to identify subnetworks responsible for solving specific tasks (circuits). In this work, we show that a simple method based on attribution patching outperforms all existing methods while requiring just two forward passes and a backward pass. We apply a\u2026\n            \n\n    \n    \n\n    \n        Show more",
        "date": "October 27, 2023",
        "link": "https://www.linkedin.com/redir/redirect?url=https%3A%2F%2Fopenreview%2Enet%2Fforum%3Fid%3DtiLbFR4bJW&urlhash=ZhGG&trk=public_profile_publication-title"
      },
      {
        "name": "Prune and Tune: Improving Efficient Pruning Techniques for Massive Language Models",
        "sub_title": "Top 6% @ ICLR (TinyPapers Workshop)",
        "summary": "Massive language models with billions of parameters have significant compute expenses and thus can benefit from pruning. Pruning techniques for massive models are typically iterative and require extensive weight retraining after pruning. SparseGPT, a recently introduced one-shot technique for pruning such models, enables pruning without retraining. We improve upon SparseGPT by fine-tuning during pruning with minimal training steps, and we perform experiments against magnitude pruning and find\u2026\n            \n\n    \n    \n\n    \n        Show more",
        "date": "March 1, 2023",
        "link": "https://www.linkedin.com/redir/redirect?url=https%3A%2F%2Fopenreview%2Enet%2Fforum%3Fid%3DcKlgcx7nSZ&urlhash=7H9O&trk=public_profile_publication-title"
      },
      {
        "name": "Machine learning with textural analysis of longitudinal multiparametric MRI and molecular subtypes accurately predicts pathologic complete response in patients with invasive breast cancer",
        "sub_title": "PLOS ONE",
        "summary": "PurposeTo predict pathological complete response (pCR) after neoadjuvant chemotherapy usingextreme gradient boosting (XGBoost) with MRI and non-imaging data at multiple treatmenttimepoints.Material and methodsThis retrospective study included breast cancer patients (n = 117) who underwent neoadju\u0002vant chemotherapy. Data types used included tumor ADC values, diffusion-weighted anddynamic-contrast-enhanced MRI at three treatment timepoints, and patient demographicsand\u2026\n            \n\n    \n    \n\n    \n        Show more",
        "date": "January 17, 2023",
        "link": "https://www.linkedin.com/redir/redirect?url=https%3A%2F%2Fjournals%2Eplos%2Eorg%2Fplosone%2Farticle%3Fid%3D10%2E1371%2Fjournal%2Epone%2E0280320&urlhash=qtex&trk=public_profile_publication-title"
      }
    ],
    "courses": [],
    "languages": [],
    "organizations": [],
    "projects": [
      {
        "title": "Personal Distance Monitor",
        "link": "https://github.com/Aaquib111/personal-distance-monitor?trk=public_profile_project-title",
        "duration": "2021 - 2022"
      },
      {
        "title": "Stress Level Manager",
        "link": "https://github.com/Aaquib111/asd-stress-level-management?trk=public_profile_project-title",
        "duration": "2020 - 2022"
      },
      {
        "title": "FRCS: FIRST Robotics Competition Scouting",
        "link": "https://github.com/team810/FRCS?trk=public_profile_project-title",
        "duration": "2019 - 2021"
      }
    ],
    "awards": [
      {
        "name": "USA Computing Olympiad Gold",
        "organization": "USACO",
        "duration": "Sep 2022",
        "summary": "Gold rank in the USA Computing Olympiad Competition"
      },
      {
        "name": "Banneker-Key Scholarship",
        "organization": "University of Maryland",
        "duration": "Aug 2022",
        "summary": "4 year full merit scholarship given to the top 0.5% of incoming class"
      },
      {
        "name": "National Merit Scholarship",
        "organization": "National Merit Scholarship Corporation",
        "duration": "May 2022",
        "summary": "One of 8000 recipients selected out of 4.5 million nationally for performance in the Preliminary SAT/National Merit Scholarship Qualifying Test."
      },
      {
        "name": "Long Island Science & Engineering Fair, 2nd Place",
        "organization": "-",
        "duration": "2022",
        "summary": "2nd place out of 32 projects in the \"Computational Biology\" Category"
      },
      {
        "name": "Newsday Extraordinary Senior",
        "organization": "Newsday",
        "duration": "2022",
        "summary": "One of 12 high schoolers selected by Newsday from all high schools across Long Island to be considered an \"extraordinary senior\"."
      },
      {
        "name": "Suffolk County Youth Community Service",
        "organization": "Suffolk County Legislature",
        "duration": "May 2021",
        "summary": "Awarded for 200+ hours of community service in Suffolk County, NY."
      },
      {
        "name": "Long Island Science Congress, Best of Category",
        "organization": "-",
        "duration": "2021",
        "summary": "\"Best of Category Award\" amongst projects all over Long Island"
      }
    ],
    "score": []
  }
]