{
  "title": "[2502.19959] The canonical differential equations of the one-loop-like integrals",
  "meta_description": "Abstract page for arXiv paper 2502.19959: The canonical differential equations of the one-loop-like integrals",
  "main_content": "High Energy Physics - Phenomenology arXiv:2502.19959 (hep-ph) [Submitted on 27 Feb 2025] Title: The canonical differential equations of the one-loop-like integrals Authors: Jiaqi Chen , Bo Feng , Liang Zhang View a PDF of the paper titled The canonical differential equations of the one-loop-like integrals, by Jiaqi Chen and 2 other authors View PDF HTML (experimental) Abstract: Recently, a new approach for high loop integrals has been proposed in \\cite{Huang:2024nij}, where the whole parameter integration has been divided into two parts: a one-loop-like integration and the remaining parameter integration. In this paper, we systematically study the one-loop-like integrals. We establish the IBP relations for the integral family and show how to complete the reduction. We find the canonical master integrals and write down the corresponding canonical differential equations. Comments: 28 pages Subjects: High Energy Physics - Phenomenology (hep-ph) Cite as: arXiv:2502.19959 [hep-ph] (or arXiv:2502.19959v1 [hep-ph] for this version) https://doi.org/10.48550/arXiv.2502.19959 Focus to learn more arXiv-issued DOI via DataCite (pending registration) Submission history From: Zhang Liang [ view email ] [v1] Thu, 27 Feb 2025 10:34:31 UTC (31 KB) Full-text links: Access Paper: View a PDF of the paper titled The canonical differential equations of the one-loop-like integrals, by Jiaqi Chen and 2 other authors View PDF HTML (experimental) TeX Source Other Formats view license Current browse context: hep-ph < prev | next > new | recent | 2025-02 References & Citations INSPIRE HEP NASA ADS Google Scholar Semantic Scholar a export BibTeX citation Loading... BibTeX formatted citation \u00d7 loading... Data provided by: Bookmark Bibliographic Tools Bibliographic and Citation Tools Bibliographic Explorer Toggle Bibliographic Explorer ( What is the Explorer? ) Connected Papers Toggle Connected Papers ( What is Connected Papers? ) Litmaps Toggle Litmaps ( What is Litmaps? ) scite.ai Toggle scite Smart Citations ( What are Smart Citations? ) Code, Data, Media Code, Data and Media Associated with this Article alphaXiv Toggle alphaXiv ( What is alphaXiv? ) Links to Code Toggle CatalyzeX Code Finder for Papers ( What is CatalyzeX? ) DagsHub Toggle DagsHub ( What is DagsHub? ) GotitPub Toggle Gotit.pub ( What is GotitPub? ) Huggingface Toggle Hugging Face ( What is Huggingface? ) Links to Code Toggle Papers with Code ( What is Papers with Code? ) ScienceCast Toggle ScienceCast ( What is ScienceCast? ) Demos Demos Replicate Toggle Replicate ( What is Replicate? ) Spaces Toggle Hugging Face Spaces ( What is Spaces? ) Spaces Toggle TXYZ.AI ( What is TXYZ.AI? ) Related Papers Recommenders and Search Tools Link to Influence Flower Influence Flower ( What are Influence Flowers? ) Core recommender toggle CORE Recommender ( What is CORE? ) IArxiv recommender toggle IArxiv Recommender ( What is IArxiv? ) Author Venue Institution Topic About arXivLabs arXivLabs: experimental projects with community collaborators arXivLabs is a framework that allows collaborators to develop and share new arXiv features directly on our website. Both individuals and organizations that work with arXivLabs have embraced and accepted our values of openness, community, excellence, and user data privacy. arXiv is committed to these values and only works with partners that adhere to them. Have an idea for a project that will add value for arXiv's community? Learn more about arXivLabs . Which authors of this paper are endorsers? | Disable MathJax ( What is MathJax? )",
  "links": [
    {
      "url": "https://arxiv.org/search/hep-ph?searchtype=author&query=Chen,+J",
      "text": "Jiaqi Chen"
    },
    {
      "url": "https://arxiv.org/search/hep-ph?searchtype=author&query=Feng,+B",
      "text": "Bo Feng"
    },
    {
      "url": "https://arxiv.org/search/hep-ph?searchtype=author&query=Zhang,+L",
      "text": "Liang Zhang"
    },
    {
      "url": "/pdf/2502.19959",
      "text": "View PDF"
    },
    {
      "url": "https://arxiv.org/html/2502.19959v1",
      "text": "HTML (experimental)"
    },
    {
      "url": "https://arxiv.org/abs/2502.19959",
      "text": "arXiv:2502.19959"
    },
    {
      "url": "https://arxiv.org/abs/2502.19959v1",
      "text": "arXiv:2502.19959v1"
    },
    {
      "url": "https://doi.org/10.48550/arXiv.2502.19959",
      "text": "https://doi.org/10.48550/arXiv.2502.19959"
    },
    {
      "url": "/show-email/9541db4d/2502.19959",
      "text": "view email"
    },
    {
      "url": "/pdf/2502.19959",
      "text": "View PDF"
    },
    {
      "url": "https://arxiv.org/html/2502.19959v1",
      "text": "HTML (experimental)"
    },
    {
      "url": "/src/2502.19959",
      "text": "TeX Source"
    },
    {
      "url": "/format/2502.19959",
      "text": "Other Formats"
    },
    {
      "url": "http://arxiv.org/licenses/nonexclusive-distrib/1.0/",
      "text": "view license"
    },
    {
      "url": "/prevnext?id=2502.19959&function=prev&context=hep-ph",
      "text": "<\u00a0prev"
    },
    {
      "url": "/prevnext?id=2502.19959&function=next&context=hep-ph",
      "text": "next\u00a0>"
    },
    {
      "url": "/list/hep-ph/new",
      "text": "new"
    },
    {
      "url": "/list/hep-ph/recent",
      "text": "recent"
    },
    {
      "url": "/list/hep-ph/2025-02",
      "text": "2025-02"
    },
    {
      "url": "https://inspirehep.net/arxiv/2502.19959",
      "text": "INSPIRE HEP"
    },
    {
      "url": "https://ui.adsabs.harvard.edu/abs/arXiv:2502.19959",
      "text": "NASA ADS"
    },
    {
      "url": "https://scholar.google.com/scholar_lookup?arxiv_id=2502.19959",
      "text": "Google Scholar"
    },
    {
      "url": "https://api.semanticscholar.org/arXiv:2502.19959",
      "text": "Semantic Scholar"
    },
    {
      "url": "/static/browse/0.3.4/css/cite.css",
      "text": "a"
    },
    {
      "url": "http://www.bibsonomy.org/BibtexHandler?requTask=upload&url=https://arxiv.org/abs/2502.19959&description=The canonical differential equations of the one-loop-like integrals",
      "text": ""
    },
    {
      "url": "https://reddit.com/submit?url=https://arxiv.org/abs/2502.19959&title=The canonical differential equations of the one-loop-like integrals",
      "text": ""
    },
    {
      "url": "https://info.arxiv.org/labs/showcase.html#arxiv-bibliographic-explorer",
      "text": "What is the Explorer?"
    },
    {
      "url": "https://www.connectedpapers.com/about",
      "text": "What is Connected Papers?"
    },
    {
      "url": "https://www.litmaps.co/",
      "text": "What is Litmaps?"
    },
    {
      "url": "https://www.scite.ai/",
      "text": "What are Smart Citations?"
    },
    {
      "url": "https://alphaxiv.org/",
      "text": "What is alphaXiv?"
    },
    {
      "url": "https://www.catalyzex.com",
      "text": "What is CatalyzeX?"
    },
    {
      "url": "https://dagshub.com/",
      "text": "What is DagsHub?"
    },
    {
      "url": "http://gotit.pub/faq",
      "text": "What is GotitPub?"
    },
    {
      "url": "https://huggingface.co/huggingface",
      "text": "What is Huggingface?"
    },
    {
      "url": "https://paperswithcode.com/",
      "text": "What is Papers with Code?"
    },
    {
      "url": "https://sciencecast.org/welcome",
      "text": "What is ScienceCast?"
    },
    {
      "url": "https://replicate.com/docs/arxiv/about",
      "text": "What is Replicate?"
    },
    {
      "url": "https://huggingface.co/docs/hub/spaces",
      "text": "What is Spaces?"
    },
    {
      "url": "https://txyz.ai",
      "text": "What is TXYZ.AI?"
    },
    {
      "url": "https://influencemap.cmlab.dev/",
      "text": "What are Influence Flowers?"
    },
    {
      "url": "https://core.ac.uk/services/recommender",
      "text": "What is CORE?"
    },
    {
      "url": "https://iarxiv.org/about",
      "text": "What is IArxiv?"
    },
    {
      "url": "https://info.arxiv.org/labs/index.html",
      "text": "Learn more about arXivLabs"
    },
    {
      "url": "/auth/show-endorsers/2502.19959",
      "text": "Which authors of this paper are endorsers?"
    },
    {
      "url": "https://info.arxiv.org/help/mathjax.html",
      "text": "What is MathJax?"
    }
  ],
  "images": [
    {
      "src": "/static/browse/0.3.4/images/icons/social/bibsonomy.png",
      "alt": "BibSonomy logo"
    },
    {
      "src": "/static/browse/0.3.4/images/icons/social/reddit.png",
      "alt": "Reddit logo"
    }
  ]
}