{
  "title": "\u202aJiaqi Zhang\u202c - \u202aGoogle Scholar\u202c",
  "meta_description": "\u202aMIT\u202c - \u202a\u202aCited by 159\u202c\u202c",
  "main_content": "Loading... The system can't perform the operation now. Try again later. Citations per year Duplicate citations The following articles are merged in Scholar. Their combined citations are counted only for the first article. Merged citations This \"Cited by\" count includes citations to the following articles in Scholar. The ones marked * may be different from the article in the profile. Add co-authors Co-authors Follow New articles by this author New citations to this author New articles related to this author's research Email address for updates Done My profile My library Metrics Alerts Settings Sign in Sign in Get my own profile Cited by All Since 2020 Citations 159 159 h-index 5 5 i10-index 5 5 0 100 50 25 75 2022 2023 2024 2025 11 28 97 23 Public access View all View all 5 articles 1 article available not available Based on funding mandates Co-authors Caroline Uhler Massachusetts Institute of Technology Verified email at mit.edu Chandler Squires Postdoctoral Research Associate, CMU Verified email at andrew.cmu.edu Karthikeyan Shanmugam Research Scientist, Google Research India Verified email at google.com Kristjan Greenewald Research Scientist, MIT-IBM Watson AI Lab, IBM Research Verified email at ibm.com Akash Srivastava MIT, IBM Research, University of Edinburgh Verified email at mit.edu Kirankumar Shiragur Postdoctoral researcher Verified email at stanford.edu Themistoklis Sapsis Professor of Mechanical and Ocean Engineering, MIT Verified email at mit.edu Louis Cammarata Statistics PhD Candidate, Harvard University Verified email at g.harvard.edu Le Cong Stanford University, Stanford School of Medicine Verified email at stanford.edu Mengdi Wang Center for Statistics & Machine Learning, ECE, Princeton University Verified email at princeton.edu Nicholas Hughes PhD in Genetics, Stanford University Verified email at stanford.edu Joel Jennings Microsoft Research Verified email at microsoft.com Chao Ma Senior Researcher, Microsoft Research Cambridge Verified email at microsoft.com Cheng Zhang GenAI, Meta Verified email at meta.com Zaiwen Wen Peking University Verified email at pku.edu.cn Follow Jiaqi Zhang MIT Verified email at mit.edu - Homepage Articles Cited by Public access Co-authors Title Sort Sort by citations Sort by year Sort by title Cited by Cited by Year Identifiability guarantees for causal disentanglement from soft interventions J Zhang, K Greenewald, C Squires, A Srivastava, K Shanmugam, C Uhler Advances in Neural Information Processing Systems 36, 50254-50292 , 2023 62 2023 Active learning for optimal intervention design in causal models J Zhang, L Cammarata, C Squires, TP Sapsis, C Uhler Nature Machine Intelligence 5 (10), 1066-1075 , 2023 31 2023 Machine-learning-optimized Cas12a barcoding enables the recovery of single-cell lineages and transcriptional profiles NW Hughes, Y Qu*, J Zhang*, W Tang*, J Pierce*, C Wang, A Agrawal, ... Molecular cell 82 (16), 3103-3118. e8 , 2022 25 2022 Matching a desired causal state via shift interventions J Zhang, C Squires, C Uhler Advances in Neural Information Processing Systems 34, 19923-19934 , 2021 21 2021 Towards causal foundation model: on duality between causal inference and attention J Zhang, J Jennings, A Hilmkil, N Pawlowski, C Zhang, C Ma International Conference on Machine Learning 41 , 2023 12 2023 Membership testing in markov equivalence classes via independence queries J Zhang*, K Shiragur*, C Uhler International Conference on Artificial Intelligence and Statistics, 3925-3933 , 2024 3 * 2024 Meek Separators and Their Applications in Targeted Causal Discovery K Shiragur*, J Zhang*, C Uhler Advances in Neural Information Processing Systems 36 , 2024 2 2024 Identifiability Guarantees for Causal Disentanglement from Purely Observational Data R Welch*, J Zhang*, C Uhler arXiv preprint arXiv:2410.23620 , 2024 1 2024 Causal Discovery with Fewer Conditional Independence Tests K Shiragur*, J Zhang*, C Uhler International Conference on Machine Learning 41 , 2024 1 2024 Stochastic Augmented Projected Gradient Methods for the Large-Scale Precoding Matrix Indicator Selection Problem J Zhang, Z Jin, B Jiang, Z Wen IEEE Transactions on Wireless Communications 21 (11), 9553-9565 , 2022 1 2022 The system can't perform the operation now. Try again later. Articles 1\u201310 Show more Privacy Terms Help About Scholar Search help",
  "links": [
    {
      "url": "/schhp?hl=en",
      "text": ""
    },
    {
      "url": "/citations?hl=en",
      "text": "My profile"
    },
    {
      "url": "/scholar?scilib=1&hl=en",
      "text": "My library"
    },
    {
      "url": "/citations?view_op=metrics_intro&hl=en",
      "text": "Metrics"
    },
    {
      "url": "/scholar_alerts?view_op=list_alerts&hl=en",
      "text": "Alerts"
    },
    {
      "url": "/scholar_settings?hl=en",
      "text": "Settings"
    },
    {
      "url": "https://accounts.google.com/Login?hl=en&continue=https://scholar.google.com/schhp%3Fhl%3Den",
      "text": "Sign in"
    },
    {
      "url": "/schhp?hl=en",
      "text": ""
    },
    {
      "url": "https://accounts.google.com/Login?hl=en&continue=https://scholar.google.com/schhp%3Fhl%3Den",
      "text": "Sign in"
    },
    {
      "url": "/citations?hl=en",
      "text": "Get my own profile"
    },
    {
      "url": "/citations?view_op=list_mandates&hl=en&user=PDCXXEQAAAAJ",
      "text": "View all"
    },
    {
      "url": "/citations?user=dIJFcaoAAAAJ&hl=en",
      "text": "Caroline Uhler"
    },
    {
      "url": "/citations?user=Nh3BtpUAAAAJ&hl=en",
      "text": "Chandler Squires"
    },
    {
      "url": "/citations?user=m4DyPcUAAAAJ&hl=en",
      "text": "Karthikeyan  Shanmugam"
    },
    {
      "url": "/citations?user=L3zNUG4AAAAJ&hl=en",
      "text": "Kristjan Greenewald"
    },
    {
      "url": "/citations?user=2h6SZeEAAAAJ&hl=en",
      "text": "Akash Srivastava"
    },
    {
      "url": "/citations?user=OGweeKgAAAAJ&hl=en",
      "text": "Kirankumar Shiragur"
    },
    {
      "url": "/citations?user=QSPXIAQAAAAJ&hl=en",
      "text": "Themistoklis Sapsis"
    },
    {
      "url": "/citations?user=2ltLb3UAAAAJ&hl=en",
      "text": "Louis Cammarata"
    },
    {
      "url": "/citations?user=sfJIWdcAAAAJ&hl=en",
      "text": "Le Cong"
    },
    {
      "url": "/citations?user=33yNvIgAAAAJ&hl=en",
      "text": "Mengdi Wang"
    },
    {
      "url": "/citations?user=8TWGJ9kAAAAJ&hl=en",
      "text": "Nicholas Hughes"
    },
    {
      "url": "/citations?user=k_1dQMUAAAAJ&hl=en",
      "text": "Joel Jennings"
    },
    {
      "url": "/citations?user=UWP3kWEAAAAJ&hl=en",
      "text": "Chao Ma"
    },
    {
      "url": "/citations?user=r40iAwIAAAAJ&hl=en",
      "text": "Cheng Zhang"
    },
    {
      "url": "/citations?user=QfxrxDoAAAAJ&hl=en",
      "text": "Zaiwen Wen"
    },
    {
      "url": "/citations?view_op=view_org&hl=en&org=16345133980181568013",
      "text": "MIT"
    },
    {
      "url": "https://jqvicky.github.io/",
      "text": "Homepage"
    },
    {
      "url": "/citations?hl=en&user=PDCXXEQAAAAJ&view_op=list_works&sortby=title",
      "text": "Title"
    },
    {
      "url": "/citations?hl=en&user=PDCXXEQAAAAJ&view_op=list_works",
      "text": "Sort by citations"
    },
    {
      "url": "/citations?hl=en&user=PDCXXEQAAAAJ&view_op=list_works&sortby=pubdate",
      "text": "Sort by year"
    },
    {
      "url": "/citations?hl=en&user=PDCXXEQAAAAJ&view_op=list_works&sortby=title",
      "text": "Sort by title"
    },
    {
      "url": "/citations?hl=en&user=PDCXXEQAAAAJ&view_op=list_works&sortby=pubdate",
      "text": "Year"
    },
    {
      "url": "/citations?view_op=view_citation&hl=en&user=PDCXXEQAAAAJ&citation_for_view=PDCXXEQAAAAJ:2osOgNQ5qMEC",
      "text": "Identifiability guarantees for causal disentanglement from soft interventions"
    },
    {
      "url": "https://scholar.google.com/scholar?oi=bibs&hl=en&cites=5261106792462174728",
      "text": "62"
    },
    {
      "url": "/citations?view_op=view_citation&hl=en&user=PDCXXEQAAAAJ&citation_for_view=PDCXXEQAAAAJ:d1gkVwhDpl0C",
      "text": "Active learning for optimal intervention design in causal models"
    },
    {
      "url": "https://scholar.google.com/scholar?oi=bibs&hl=en&cites=13995775799018833336",
      "text": "31"
    },
    {
      "url": "/citations?view_op=view_citation&hl=en&user=PDCXXEQAAAAJ&citation_for_view=PDCXXEQAAAAJ:9yKSN-GCB0IC",
      "text": "Machine-learning-optimized Cas12a barcoding enables the recovery of single-cell lineages and transcriptional profiles"
    },
    {
      "url": "https://scholar.google.com/scholar?oi=bibs&hl=en&cites=16906537752381239291",
      "text": "25"
    },
    {
      "url": "/citations?view_op=view_citation&hl=en&user=PDCXXEQAAAAJ&citation_for_view=PDCXXEQAAAAJ:u-x6o8ySG0sC",
      "text": "Matching a desired causal state via shift interventions"
    },
    {
      "url": "https://scholar.google.com/scholar?oi=bibs&hl=en&cites=9050178103753857442",
      "text": "21"
    },
    {
      "url": "/citations?view_op=view_citation&hl=en&user=PDCXXEQAAAAJ&citation_for_view=PDCXXEQAAAAJ:UeHWp8X0CEIC",
      "text": "Towards causal foundation model: on duality between causal inference and attention"
    },
    {
      "url": "https://scholar.google.com/scholar?oi=bibs&hl=en&cites=15834777829917654241",
      "text": "12"
    },
    {
      "url": "/citations?view_op=view_citation&hl=en&user=PDCXXEQAAAAJ&citation_for_view=PDCXXEQAAAAJ:eQOLeE2rZwMC",
      "text": "Membership testing in markov equivalence classes via independence queries"
    },
    {
      "url": "https://scholar.google.com/scholar?oi=bibs&hl=en&cites=6820016660236171495,11068582230323428737",
      "text": "3"
    },
    {
      "url": "/citations?view_op=view_citation&hl=en&user=PDCXXEQAAAAJ&citation_for_view=PDCXXEQAAAAJ:Y0pCki6q_DkC",
      "text": "Meek Separators and Their Applications in Targeted Causal Discovery"
    },
    {
      "url": "https://scholar.google.com/scholar?oi=bibs&hl=en&cites=5862987470438827477",
      "text": "2"
    },
    {
      "url": "/citations?view_op=view_citation&hl=en&user=PDCXXEQAAAAJ&citation_for_view=PDCXXEQAAAAJ:_FxGoFyzp5QC",
      "text": "Identifiability Guarantees for Causal Disentanglement from Purely Observational Data"
    },
    {
      "url": "https://scholar.google.com/scholar?oi=bibs&hl=en&cites=596728731008923397",
      "text": "1"
    },
    {
      "url": "/citations?view_op=view_citation&hl=en&user=PDCXXEQAAAAJ&citation_for_view=PDCXXEQAAAAJ:ufrVoPGSRksC",
      "text": "Causal Discovery with Fewer Conditional Independence Tests"
    },
    {
      "url": "https://scholar.google.com/scholar?oi=bibs&hl=en&cites=18370707643060294170",
      "text": "1"
    },
    {
      "url": "/citations?view_op=view_citation&hl=en&user=PDCXXEQAAAAJ&citation_for_view=PDCXXEQAAAAJ:u5HHmVD_uO8C",
      "text": "Stochastic Augmented Projected Gradient Methods for the Large-Scale Precoding Matrix Indicator Selection Problem"
    },
    {
      "url": "https://scholar.google.com/scholar?oi=bibs&hl=en&cites=1687586048175976748",
      "text": "1"
    },
    {
      "url": "//www.google.com/intl/en/policies/privacy/",
      "text": "Privacy"
    },
    {
      "url": "//www.google.com/intl/en/policies/terms/",
      "text": "Terms"
    },
    {
      "url": "/intl/en/scholar/about.html",
      "text": "About Scholar"
    },
    {
      "url": "//support.google.com/websearch?p=scholar_dsa&hl=en",
      "text": "Search help"
    }
  ],
  "images": [
    {
      "src": "/scholar/images/cleardot.gif",
      "alt": "Caroline Uhler"
    },
    {
      "src": "/scholar/images/cleardot.gif",
      "alt": "Chandler Squires"
    },
    {
      "src": "/scholar/images/cleardot.gif",
      "alt": "Karthikeyan  Shanmugam"
    },
    {
      "src": "/scholar/images/cleardot.gif",
      "alt": "Kristjan Greenewald"
    },
    {
      "src": "/scholar/images/cleardot.gif",
      "alt": "Akash Srivastava"
    },
    {
      "src": "/scholar/images/cleardot.gif",
      "alt": "Kirankumar Shiragur"
    },
    {
      "src": "/scholar/images/cleardot.gif",
      "alt": "Themistoklis Sapsis"
    },
    {
      "src": "/scholar/images/cleardot.gif",
      "alt": "Louis Cammarata"
    },
    {
      "src": "/scholar/images/cleardot.gif",
      "alt": "Le Cong"
    },
    {
      "src": "/scholar/images/cleardot.gif",
      "alt": "Mengdi Wang"
    },
    {
      "src": "/scholar/images/cleardot.gif",
      "alt": "Nicholas Hughes"
    },
    {
      "src": "/scholar/images/cleardot.gif",
      "alt": "Joel Jennings"
    },
    {
      "src": "/scholar/images/cleardot.gif",
      "alt": "Chao Ma"
    },
    {
      "src": "/scholar/images/cleardot.gif",
      "alt": "Cheng Zhang"
    },
    {
      "src": "/scholar/images/cleardot.gif",
      "alt": "Zaiwen Wen"
    },
    {
      "src": "https://scholar.googleusercontent.com/citations?view_op=view_photo&user=PDCXXEQAAAAJ&citpid=7",
      "alt": "Jiaqi Zhang"
    }
  ]
}