[
  {
    "fullName": "Ally Nakamura",
    "linkedin_internal_id": "694370794",
    "first_name": "Ally",
    "last_name": "Nakamura",
    "public_identifier": "ally-nakamura",
    "background_cover_image_url": "https://media.licdn.com/dms/image/v2/D5616AQHGSsSZJu1fwA/profile-displaybackgroundimage-shrink_200_800/profile-displaybackgroundimage-shrink_200_800/0/1692393164494?e=2147483647&v=beta&t=bJlx5gzG7ikTij4SbIQagUQmpRiZs2gfAE3H9IZqgPY",
    "profile_photo": "https://media.licdn.com/dms/image/v2/D5603AQE80GJ4v42Xaw/profile-displayphoto-shrink_200_200/profile-displayphoto-shrink_200_200/0/1718752691393?e=2147483647&v=beta&t=2Ia0lTa_G1zbGYov-O6qKXdTF_zv5x1USw3VNdAPR40",
    "headline": "",
    "location": "2K followers\n          \n              500+ connections",
    "followers": "Issued Apr 2020",
    "connections": "Issued Apr 2020",
    "about": "Just graduated from Stanford and currently building in PearX. Learn more about me\u2026",
    "experience": [],
    "education": [],
    "articles": [],
    "description": {
      "description1": "Catapult AI",
      "description2": "Stanford University",
      "description2_link": "https://www.linkedin.com/school/stanford-university/?trk=public_profile_topcard-school",
      "description3": ""
    },
    "activities": [
      {
        "link": "https://www.linkedin.com/posts/nvidiarobotics_nvidia-tao-toolkit-and-advex-synthetic-data-activity-7263240751197675520-A5gE",
        "image": "https://media.licdn.com/dms/image/v2/D5622AQHKKEqmBCiTrg/feedshare-shrink_800/feedshare-shrink_800/0/1731455770009?e=2147483647&v=beta&t=8FbwAkfSMZSPlLvvrLMcoP9mMIoNllPKSt4tTChSMwg",
        "title": "See how Advex AI synthetic data and NVIDIA TAO Toolkit improve industrial inspection.",
        "activity": "Liked by Ally Nakamura"
      },
      {
        "link": "https://www.linkedin.com/posts/mattfowlerdippfs_owner-operator-in-the-residential-or-commercial-activity-7246470084955709444-xW99",
        "image": "https://static.licdn.com/aero-v1/sc/h/53n89ecoxpr1qrki1do3alazb",
        "title": "Owner Operator in the Residential or Commercial Carpet Cleaning Industry?  \n\nStruggling to grow or sell your business? \ud83e\udd14 \n\nPartnering with a\u2026",
        "activity": "Liked by Ally Nakamura"
      }
    ],
    "volunteering": [
      {
        "company_position": "Techstravaganza Event Coordinator",
        "company_name": "TWIST: Tomorrow's Women in Science and Technology",
        "company_duration": "",
        "starts_at": "Sep 2017",
        "ends_at": "Jun 2019"
      }
    ],
    "certification": [
      {
        "company_image": "https://media.licdn.com/dms/image/v2/C560BAQEHKffoI8RwIQ/company-logo_100_100/company-logo_100_100/0/1630672537710/deeplearningai_logo?e=2147483647&v=beta&t=xL90sNVi5ij9a9ncxXfrqKBsOrWaEKRBncad-R92olM",
        "certification": "Neural Networks and Deep Learning",
        "company_url": "https://www.linkedin.com/company/deeplearningai?trk=public_profile_profile-section-card_image-click",
        "company_name": "deeplearning.ai",
        "issue_date": "Issued Apr 2020",
        "credential_id": "Credential ID HXGBESUA4X53",
        "credential_url": "https://www.coursera.org/account/accomplishments/certificate/HXGBESUA4X53?trk=public_profile_see-credential"
      }
    ],
    "people_also_viewed": [
      {
        "link": "https://www.linkedin.com/in/aavafarhadi?trk=public_profile_browsemap-profile",
        "name": "Aava Farhadi",
        "summary": "Econ + MS&E @ Stanford",
        "location": "San Francisco Bay Area"
      },
      {
        "link": "https://www.linkedin.com/in/divyacohen?trk=public_profile_browsemap-profile",
        "name": "Divya Dhar Cohen, MD, MBA, MPA",
        "summary": "",
        "location": "San Francisco, CA"
      },
      {
        "link": "https://www.linkedin.com/in/irisjyan?trk=public_profile_browsemap-profile",
        "name": "Iris Yan",
        "summary": "",
        "location": "San Francisco, CA"
      },
      {
        "link": "https://www.linkedin.com/in/alex-seeman?trk=public_profile_browsemap-profile",
        "name": "Alex Seeman",
        "summary": "",
        "location": "Los Angeles, CA"
      },
      {
        "link": "https://www.linkedin.com/in/noel-lopez-product-manager?trk=public_profile_browsemap-profile",
        "name": "Noel Lopez",
        "summary": "Product | Marketing | MBA",
        "location": "Lehi, UT"
      },
      {
        "link": "https://www.linkedin.com/in/amitgrover126?trk=public_profile_browsemap-profile",
        "name": "Amit Grover",
        "summary": "",
        "location": "San Francisco Bay Area"
      },
      {
        "link": "https://www.linkedin.com/in/sunisho?trk=public_profile_browsemap-profile",
        "name": "Sunish Oturkar",
        "summary": "",
        "location": "Boston, MA"
      },
      {
        "link": "https://ca.linkedin.com/in/rajansriram07?trk=public_profile_browsemap-profile",
        "name": "Rajan Sriram",
        "summary": "",
        "location": "Oakville, ON"
      },
      {
        "link": "https://www.linkedin.com/in/kylestraub?trk=public_profile_browsemap-profile",
        "name": "Kyle Straub",
        "summary": "",
        "location": "San Francisco Bay Area"
      },
      {
        "link": "https://www.linkedin.com/in/ashley-desando-267137113?trk=public_profile_browsemap-profile",
        "name": "Ashley DeSando",
        "summary": "",
        "location": "Greater Chicago Area"
      },
      {
        "link": "https://www.linkedin.com/in/lee-lindsay?trk=public_profile_browsemap-profile",
        "name": "Lindsay Lee",
        "summary": "",
        "location": "Denver, CO"
      },
      {
        "link": "https://www.linkedin.com/in/lindamissalunderwood?trk=public_profile_browsemap-profile",
        "name": "Linda Underwood",
        "summary": "",
        "location": "New York City Metropolitan Area"
      },
      {
        "link": "https://www.linkedin.com/in/drewlanghart?trk=public_profile_browsemap-profile",
        "name": "Drew Langhart",
        "summary": "",
        "location": "Los Angeles, CA"
      },
      {
        "link": "https://www.linkedin.com/in/khorshid-rahmaninejad-2017b0?trk=public_profile_browsemap-profile",
        "name": "Khorshid Rahmaninejad",
        "summary": "",
        "location": "San Francisco Bay Area"
      },
      {
        "link": "https://www.linkedin.com/in/matthewhepburn?trk=public_profile_browsemap-profile",
        "name": "Matthew Hepburn",
        "summary": "",
        "location": "Arlington, VA"
      },
      {
        "link": "https://www.linkedin.com/in/awonkim?trk=public_profile_browsemap-profile",
        "name": "Andrew Kim",
        "summary": "",
        "location": "United States"
      },
      {
        "link": "https://www.linkedin.com/in/pranav-rajj?trk=public_profile_browsemap-profile",
        "name": "Pranav \"Raj\" Palasamudram",
        "summary": "",
        "location": "San Francisco Bay Area"
      },
      {
        "link": "https://www.linkedin.com/in/emilyyuan96?trk=public_profile_browsemap-profile",
        "name": "Emily Yuan",
        "summary": "",
        "location": "San Francisco Bay Area"
      },
      {
        "link": "https://www.linkedin.com/in/jill-fisher-bowen-23948377?trk=public_profile_browsemap-profile",
        "name": "Jill Fisher Bowen",
        "summary": "",
        "location": "San Francisco, CA"
      },
      {
        "link": "https://www.linkedin.com/in/christian-hartwig-56119793?trk=public_profile_browsemap-profile",
        "name": "Christian Hartwig",
        "summary": "",
        "location": "Fair Lawn, NJ"
      }
    ],
    "similar_profiles": [],
    "recommendations": [],
    "publications": [
      {
        "name": "Fluorescence-Guided Surgery",
        "sub_title": "Frontiers in Oncology",
        "summary": "A review on the current uses and applications of fluorescent probes and how fluorescence-guided surgery (FGS) can be used to define tumor location and margins during the procedure.",
        "date": "Dec 2017",
        "link": "https://www.linkedin.com/redir/redirect?url=https%3A%2F%2Fwww%2Efrontiersin%2Eorg%2Farticles%2F10%2E3389%2Ffonc%2E2017%2E00314%2Ffull&urlhash=NYbH&trk=public_profile_publication-title"
      }
    ],
    "courses": [],
    "languages": [
      {
        "name": "Japanese",
        "level": "Native or bilingual proficiency"
      },
      {
        "name": "German",
        "level": "Limited working proficiency"
      }
    ],
    "organizations": [
      {
        "name": "Asia-Pacific Student Entrepreneurship Society",
        "position": "Member"
      },
      {
        "name": "Scholar of Finance",
        "position": "Stanford Chapter Cofounder"
      },
      {
        "name": "Stanford Women in Business",
        "position": "Intern"
      }
    ],
    "projects": [],
    "awards": [
      {
        "name": "Masason Foundation Third Generation Scholar",
        "organization": "Masason Foundation",
        "duration": "Jun 2019",
        "summary": "Chosen as one of the 42 students to join the Masason Foundation after three rounds in the admissions process. http://masason-foundation.org/en/"
      },
      {
        "name": "International Earth Science Olympiad Gold Medalist",
        "organization": "12th International Earth Science Olympiad",
        "duration": "Aug 2018",
        "summary": "Ranked as one of the top 15 students in the International Earth Science Olympiad, which hosted nearly 400 students from over 30 countries. Represented the United States as one of the four members after scoring the highest at the national level."
      }
    ],
    "score": []
  }
]