{
  "title": "Vatsal Baherwani | OpenReview",
  "meta_description": "Promoting openness in scientific communication and the peer-review process",
  "main_content": "Names Vatsal Baherwani (Preferred) Suggest Name Emails ****@umd.edu (Confirmed) , ****@terpmail.umd.edu (Confirmed) , ****@gmail.com (Confirmed) Suggest Email Personal Links DBLP LinkedIn Suggest URL Career & Education History Undergrad student University of Maryland, College Park (umd.edu) 2021 \u2013 2025 Suggest Position Advisors, Relations & Conflicts No relations added Suggest Relation Expertise deep learning 2023 \u2013 Present Suggest Expertise Publications Loading... Co-Authors Loading...",
  "links": [
    {
      "url": "https://dblp.org/pid/381/5320",
      "text": "DBLP"
    },
    {
      "url": "https://www.linkedin.com/in/vatsal-baherwani/",
      "text": "LinkedIn"
    },
    {
      "url": "https://github.com/openreview/openreview/issues/new/choose",
      "text": "Report an issue"
    }
  ],
  "images": []
}