[
  {
    "fullName": "Janos Meny",
    "linkedin_internal_id": "742393668",
    "first_name": "Janos",
    "last_name": "Meny",
    "public_identifier": "janos-meny-b70761188",
    "background_cover_image_url": "https://static.licdn.com/aero-v1/sc/h/5q92mjc5c51bjlwaj3rs9aa82",
    "profile_photo": "https://media.licdn.com/dms/image/v2/C4D03AQECN9k-RzOulA/profile-displayphoto-shrink_200_200/profile-displayphoto-shrink_200_200/0/1640445228463?e=2147483647&v=beta&t=HxTkyRCCBK1zWvUouYL3FH-Umdl1OoREvmLzItj7FR8",
    "headline": "",
    "location": "264 followers\n          \n              255 connections",
    "about": "",
    "experience": [],
    "education": [],
    "articles": [],
    "description": {
      "description1": "Roblox",
      "description1_link": "https://www.linkedin.com/company/roblox?trk=public_profile_topcard-current-company",
      "description2": "The University of Bonn",
      "description2_link": "https://de.linkedin.com/school/rheinische-friedrich-wilhelms-universit%C3%A4t-bonn/?trk=public_profile_topcard-school",
      "description3": ""
    },
    "activities": [
      {
        "link": "https://www.linkedin.com/posts/maciej-mizerski-a236b98_roblox-has-open-positions-on-the-rendering-activity-7290524182642049026-JHcF",
        "image": "https://static.licdn.com/aero-v1/sc/h/53n89ecoxpr1qrki1do3alazb",
        "title": "Roblox has open positions on the Rendering team! Locations in Vancouver and San Mateo.\nhttps://lnkd.in/gVvzXHME\nhttps://lnkd.in/gBtXCCsf",
        "activity": "Liked by Janos Meny"
      },
      {
        "link": "https://www.linkedin.com/posts/cloudfluid_cloudfluid-ntop-cfd-activity-7298023554195836928-KLty",
        "image": "https://media.licdn.com/dms/image/v2/D4E10AQGNjFkNiLYTxA/image-shrink_800/B4EZUfJu4iGwAc-/0/1739984400389?e=2147483647&v=beta&t=VrIcYoDUwxxxdNhDD2sFusZcK4ZI8MGuU2hYV4kwqj8",
        "title": "We are thrilled to announce that cloudfluid has been acquired by nTop the leader in computational design software!\n\nOur cutting-edge, GPU-native CFD\u2026",
        "activity": "Liked by Janos Meny"
      },
      {
        "link": "https://www.linkedin.com/posts/ntopology_ntop-cloudfluid-cfd-activity-7298023553734496256-XSwA",
        "image": "https://media.licdn.com/dms/image/v2/D4E10AQESPpafWM5RiA/image-shrink_800/B4EZUfJu3_H0Ag-/0/1739984400410?e=2147483647&v=beta&t=vTpnXUptSdjeKdeefggY6BYpG7TC6WqezPbd_rEU_tg",
        "title": "We are thrilled to announce the acquisition of cloudfluid a German company specializing in computational fluid dynamics (CFD) software.\n\nThe addition\u2026",
        "activity": "Liked by Janos Meny"
      },
      {
        "link": "https://www.linkedin.com/posts/danmonette_ntop-ntop2025gtmko-activity-7293294665271791616-z1Lq",
        "image": "https://media.licdn.com/dms/image/v2/D4E22AQF3PwDvT0YnOQ/feedshare-shrink_800/B4EZTb80PaGgAk-/0/1738856943754?e=2147483647&v=beta&t=vGSneFPAiF3fMOu3-rHfBlgpgXG4wPF7sVJRaYCgduU",
        "title": "Day 2 nTop GTMKO\nQuality time with our CEO Brad Rothenberg and distinguished customers? Priceless.\nThank you Lockheed Martin, Siemens Energy and\u2026",
        "activity": "Liked by Janos Meny"
      },
      {
        "link": "https://de.linkedin.com/posts/felixzieger_am-wochenende-war-ich-auf-einem-gaming-hackathon-activity-7290315212753108992-YYVi",
        "image": "https://static.licdn.com/aero-v1/sc/h/53n89ecoxpr1qrki1do3alazb",
        "title": "Am Wochenende war ich auf einem gaming hackathon. Wir haben dort ein Wortratespiel gebaut: https://lnkd.in/euqC2YMN\n\nDiese Woche l\u00e4uft ein\u2026",
        "activity": "Liked by Janos Meny"
      },
      {
        "link": "https://www.linkedin.com/posts/ntopology_ntop-ui-3dprinting-activity-7285689731328217089-dduy",
        "image": "https://media.licdn.com/dms/image/v2/D4D22AQEQ71xwLJN9zg/feedshare-shrink_800/B4DZRv4LMeHkAg-/0/1737043789922?e=2147483647&v=beta&t=15_ebozyl061Zb8StMxDCWUP-93oBa6dGlwMgEjiKCY",
        "title": "Identify regions in your model where angles may exceed the printable threshold with the new overhang angle visualization.\n\nThis will help you make\u2026",
        "activity": "Liked by Janos Meny"
      },
      {
        "link": "https://www.linkedin.com/posts/damjangnjidic_cant-comment-so-i-need-to-re-post-great-activity-7288616415312437248-HFwQ",
        "image": "https://static.licdn.com/aero-v1/sc/h/53n89ecoxpr1qrki1do3alazb",
        "title": "Can't comment so I need to re-post!\n\nGreat work Mattia !",
        "activity": "Liked by Janos Meny"
      },
      {
        "link": "https://www.linkedin.com/posts/opentowork-activity-7288609031059890176-VoZM",
        "image": "https://media.licdn.com/dms/image/v2/D4D05AQHmRuZP7w332g/videocover-high/B4DZSY3vEpG4Bs-/0/1737731543634?e=2147483647&v=beta&t=7lNOjzJqZpxJ0wEONHF-oqIdvTgTA4Z6MyhwkvbtZaU",
        "title": "Howdy, fellow simulation nerds \ud83e\udd13\n\u00a0\n\ud83d\ude80 I'd like to share that I built a \"ChatGPT\"-like model for CAE simulations that can set up and analyse FEA\u2026",
        "activity": "Liked by Janos Meny"
      },
      {
        "link": "https://www.linkedin.com/posts/avipeltz_today-im-excited-to-announce-that-adam-activity-7285349645982015490-J8YQ",
        "image": "https://media.licdn.com/dms/image/v2/D5622AQFPuWfgHxqOMw/feedshare-shrink_800/B56ZRrC3wtGsAw-/0/1736962709509?e=2147483647&v=beta&t=wuF9tSypQZmW4LBYY9RATEB5vG5h1tEl2MOD8i7XSmA",
        "title": "\ud83d\ude80 Today, I'm excited to announce that Adam (YC W25), has been accepted into Y Combinator's Winter 2025 batch! \ud83c\udf89\n\nAfter an incredible journey as\u2026",
        "activity": "Liked by Janos Meny"
      },
      {
        "link": "https://www.linkedin.com/posts/james-gibbons-551b72128_additivemanufacturing-am-manufacturing-activity-7279454461226303488-CQRa",
        "image": "https://media.licdn.com/dms/image/v2/D4E22AQHqRHVgc6wALw/feedshare-shrink_2048_1536/B4EZQXRQqOHkAo-/0/1735557188676?e=2147483647&v=beta&t=ZWTKlXZs_B-BsW-kUS-V5GSJlAVq8uOsYawXz15L-yo",
        "title": "-- Additive Manufacturing in 2025 - The Future of Manufacturing is Here --\n\n2025 promises to be a breakthrough year for Additive Manufacturing (AM).\u2026",
        "activity": "Liked by Janos Meny"
      },
      {
        "link": "https://de.linkedin.com/posts/sexl_ai-genai-activity-7275768351614795777-vVDd",
        "image": "https://media.licdn.com/dms/image/v2/D4E22AQEXKfriL-Vopg/feedshare-shrink_800/B4EZPi4wbpGYAg-/0/1734678350994?e=2147483647&v=beta&t=T66fQCwmr2IYo65vrsnphfrYvZ9QkhudRtex-v6jHfI",
        "title": "Lese heute fr\u00fch - wie \u00f6fters - die News der Computerwoche ebenso wie der amerikanischen Schwesterpublikation Computerworld. Zuf\u00e4llig hatte ich beide\u2026",
        "activity": "Liked by Janos Meny"
      },
      {
        "link": "https://www.linkedin.com/posts/pieterabbeel_amazon-opens-new-ai-lab-in-san-francisco-activity-7272001218112053249-mx9n",
        "image": "https://media.licdn.com/dms/image/v2/D5610AQFXyp1W2J07mg/image-shrink_1280/image-shrink_1280/0/1733776801626?e=2147483647&v=beta&t=d9pyiQfZSZvExCLOqamRYBQbRLwYNemqT08z9N4QaGc",
        "title": "Superexcited about what's ahead, if you want to move the frontier of AI, join us!\n\n\u00a0AGI-SFLab-Jobs@amazon.com",
        "activity": "Liked by Janos Meny"
      },
      {
        "link": "https://www.linkedin.com/posts/felixzieger_building-docsy-first-month-review-activity-7271810990042763266-eMvq",
        "image": "https://media.licdn.com/dms/image/sync/v2/D4E27AQFl6xSZSyQf6A/articleshare-shrink_1280_800/articleshare-shrink_1280_800/0/1733734813489?e=2147483647&v=beta&t=3baRk1pXZw7AsHarih7AH7pSYzWvG3Bgm-hUrSpUMvs",
        "title": "I'm one month into building my company. Here is what I did and how I feel about it: https://lnkd.in/ecXQ54CB",
        "activity": "Liked by Janos Meny"
      },
      {
        "link": "https://www.linkedin.com/posts/mshomper1126_engineered-activity-7272984190147522560-Uorf",
        "image": "https://media.licdn.com/dms/image/v2/D5622AQGrqX0767hzDg/feedshare-shrink_2048_1536/feedshare-shrink_2048_1536/0/1734014551253?e=2147483647&v=beta&t=AORuZeSubYvgquuegPmSOvkZr1J2vsvqJCwTEPxhoMY",
        "title": "nTop adaptive rendering is crazy fast and can render sub-micron details. It makes creating #engineered textures fun.\n\nI just spoke with someone about\u2026",
        "activity": "Liked by Janos Meny"
      },
      {
        "link": "https://www.linkedin.com/posts/mshomper1126_from-now-on-whenever-anyone-asks-me-what-activity-7273320806422581248-48lQ",
        "image": "https://media.licdn.com/dms/image/v2/D5622AQHkjTq3lFoJIg/feedshare-shrink_2048_1536/feedshare-shrink_2048_1536/0/1734019109025?e=2147483647&v=beta&t=W8ACBRrKTuLdpXUoc-SFzjmX-Lw730r-ElZ-N5RSk_s",
        "title": "From now on whenever anyone asks me what 3D file format they should send me, I'm just replying with this. \ud83d\ude02",
        "activity": "Liked by Janos Meny"
      },
      {
        "link": "https://de.linkedin.com/posts/felixzieger_ich-w%C3%BCrde-gerne-produktmanager-zum-thema-activity-7260655420044726275-5w-K",
        "image": "https://static.licdn.com/aero-v1/sc/h/53n89ecoxpr1qrki1do3alazb",
        "title": "Ich w\u00fcrde gerne Produktmanager zum Thema User-Dokumentation interviewen.\n\nBist du Produktmanager oder f\u00e4llt dir jemand ein mit dem ich sprechen\u2026",
        "activity": "Liked by Janos Meny"
      }
    ],
    "volunteering": [],
    "certification": [],
    "people_also_viewed": [
      {
        "link": "https://de.linkedin.com/in/michael-zappe-1a7a68122/en?trk=public_profile_browsemap-profile",
        "name": "Michael Zappe",
        "summary": "I have a masters degree in computer science with a focus on computer graphics.",
        "location": "Haigerloch"
      },
      {
        "link": "https://de.linkedin.com/in/yannic-fuhrmann-2353479b?trk=public_profile_browsemap-profile",
        "name": "Yannic Fuhrmann",
        "summary": "",
        "location": "Karlsruhe"
      },
      {
        "link": "https://de.linkedin.com/in/yvonne-schie%C3%9Fl-389a971a8/en?trk=public_profile_browsemap-profile",
        "name": "Yvonne Schie\u00dfl",
        "summary": "Bachelor Student at OTH Regensburg",
        "location": "Germany"
      },
      {
        "link": "https://de.linkedin.com/in/annika-rosskopf?trk=public_profile_browsemap-profile",
        "name": "Annika Ro\u00dfkopf",
        "summary": "IAM Consultant @ iC Consult | Omada | One Identity",
        "location": "Germany"
      },
      {
        "link": "https://de.linkedin.com/in/rose-max?trk=public_profile_browsemap-profile",
        "name": "Max Rose",
        "summary": "",
        "location": "Chemnitz"
      },
      {
        "link": "https://de.linkedin.com/in/michael-schulten-162aaa16a?trk=public_profile_browsemap-profile",
        "name": "Michael Schulten",
        "summary": ".",
        "location": "Aachen"
      },
      {
        "link": "https://de.linkedin.com/in/anna-nkemakolam-00a912178?trk=public_profile_browsemap-profile",
        "name": "Anna Nkemakolam",
        "summary": "angestellt bei 5V Strategy",
        "location": "Constance"
      },
      {
        "link": "https://de.linkedin.com/in/niko-zurstra%C3%9Fen-4b24771a5?trk=public_profile_browsemap-profile",
        "name": "Niko Zurstra\u00dfen",
        "summary": "Phd Student bei RWTH Aachen Institute for Communication Technologies and Embedded Systems (ICE)",
        "location": "Aachen"
      },
      {
        "link": "https://de.linkedin.com/in/alexandra-molodtsova-7211aa187?trk=public_profile_browsemap-profile",
        "name": "Alexandra Molodtsova",
        "summary": "Softwaredeveloper @ EBP Deutschland GmbH",
        "location": "Berlin"
      },
      {
        "link": "https://ch.linkedin.com/in/murong-xu-b823a91a0/en?trk=public_profile_browsemap-profile",
        "name": "Murong Xu",
        "summary": "PhD Student in Medical Image Analysis and Machine Learning",
        "location": "Zurich"
      },
      {
        "link": "https://de.linkedin.com/in/domenico-m-543b22173?trk=public_profile_browsemap-profile",
        "name": "Domenico M.",
        "summary": "Software Engineer Smart Factory/Industrie 4.0",
        "location": "Stuttgart Region"
      },
      {
        "link": "https://de.linkedin.com/in/nadja-kraemer?trk=public_profile_browsemap-profile",
        "name": "Nadja Kr\u00e4mer",
        "summary": "System Engineer CRM/BI bei der Limbach Gruppe SE",
        "location": "Mannheim"
      },
      {
        "link": "https://at.linkedin.com/in/thomas-jantos-90b477151?trk=public_profile_browsemap-profile",
        "name": "Thomas Jantos",
        "summary": "Doctoral Student at the Control of Networked Systems (CNS) Group",
        "location": "Klagenfurt"
      },
      {
        "link": "https://de.linkedin.com/in/till-smejkal-a49ab285?trk=public_profile_browsemap-profile",
        "name": "Till Smejkal",
        "summary": "Researcher at TU Dresden, Energy-Aware Resource Management in Modern Operating Systems",
        "location": "Dresden"
      },
      {
        "link": "https://de.linkedin.com/in/matthias-efenberger-6670ab153?trk=public_profile_browsemap-profile",
        "name": "Matthias Efenberger",
        "summary": "",
        "location": "Germany"
      },
      {
        "link": "https://de.linkedin.com/in/stephanleo-fischer?trk=public_profile_browsemap-profile",
        "name": "Stephan L. Fischer",
        "summary": "Mechatronik-Ingenieur mit Softwareerfahrung",
        "location": "Anzing"
      },
      {
        "link": "https://cn.linkedin.com/in/feng-wang-615931199?trk=public_profile_browsemap-profile",
        "name": "Feng Wang",
        "summary": "Master-Student bei RWTH Aachen University",
        "location": "Shanghai, China"
      },
      {
        "link": "https://www.linkedin.com/in/robert-henzel/en?trk=public_profile_browsemap-profile",
        "name": "Robert Henzel",
        "summary": "",
        "location": "United States"
      },
      {
        "link": "https://de.linkedin.com/in/jonathan-ehret-b7a341134?trk=public_profile_browsemap-profile",
        "name": "Jonathan Ehret",
        "summary": "Studium: RWTH Aachen University",
        "location": "Aachen"
      },
      {
        "link": "https://de.linkedin.com/in/arne-nix?trk=public_profile_browsemap-profile",
        "name": "Arne Nix",
        "summary": "Machine Learning Engineer working on AI for Healthcare",
        "location": "Aachen"
      }
    ],
    "similar_profiles": [
      {
        "link": "https://www.linkedin.com/in/janos-meny-79423926a?trk=public_profile_samename-profile",
        "name": "Janos Meny",
        "summary": "--",
        "location": "New York, NY"
      }
    ],
    "recommendations": [],
    "publications": [],
    "courses": [],
    "languages": [],
    "organizations": [],
    "projects": [],
    "awards": [],
    "score": []
  }
]