{
  "title": "dhruvji (Dhruv Gautam) \u00b7 GitHub",
  "meta_description": "UC Berkeley. dhruvji has 40 repositories available. Follow their code on GitHub.",
  "main_content": "dhruvji Follow More Overview Repositories Projects Packages Stars dhruvji Follow \ud83c\udfc4\u200d\u2642\ufe0f Dhruv Gautam dhruvji \ud83c\udfc4\u200d\u2642\ufe0f Follow UC Berkeley 4 followers \u00b7 1 following Berkeley, CA dhruvji.github.io Achievements x2 Achievements x2 Highlights Pro Organizations Block or Report Block or report dhruvji Block user Prevent this user from interacting with your repositories and sending you notifications. Learn more about blocking users . You must be logged in to block users. Add an optional note: Please don't include any personal information such as legal names or email addresses. Maximum 100 characters, markdown supported. This note will be visible to only you. Block user Report abuse Contact GitHub support about this user\u2019s behavior. Learn more about reporting abuse . Report abuse More Overview Repositories Projects Packages Stars dhruvji / README .md hello i am dhruv(ji) here's some stuff i coded ; a lot is private though :( Pinned Loading callaunchpad/ magic-camera callaunchpad/magic-camera Public Python 9 dhruvji.github.io dhruvji.github.io Public HTML 1 Something went wrong, please refresh the page to try again. If the problem persists, check the GitHub status page or contact support .",
  "links": [
    {
      "url": "/login?return_to=https%3A%2F%2Fgithub.com%2Fdhruvji",
      "text": "Follow"
    },
    {
      "url": "/dhruvji",
      "text": "Overview"
    },
    {
      "url": "/dhruvji?tab=repositories",
      "text": "Repositories"
    },
    {
      "url": "/dhruvji?tab=projects",
      "text": "Projects"
    },
    {
      "url": "/dhruvji?tab=packages",
      "text": "Packages"
    },
    {
      "url": "/dhruvji?tab=stars",
      "text": "Stars"
    },
    {
      "url": "/login?return_to=https%3A%2F%2Fgithub.com%2Fdhruvji",
      "text": "Follow"
    },
    {
      "url": "https://avatars.githubusercontent.com/u/108053562?v=4",
      "text": ""
    },
    {
      "url": "/login?return_to=https%3A%2F%2Fgithub.com%2Fdhruvji",
      "text": "Follow"
    },
    {
      "url": "https://github.com/dhruvji?tab=followers",
      "text": "4\n          followers"
    },
    {
      "url": "https://github.com/dhruvji?tab=following",
      "text": "1\n          following"
    },
    {
      "url": "http://dhruvji.github.io",
      "text": "dhruvji.github.io"
    },
    {
      "url": "/dhruvji?tab=achievements",
      "text": "Achievements"
    },
    {
      "url": "/dhruvji?achievement=pull-shark&tab=achievements",
      "text": "x2"
    },
    {
      "url": "/dhruvji?achievement=yolo&tab=achievements",
      "text": ""
    },
    {
      "url": "/dhruvji?tab=achievements",
      "text": "Achievements"
    },
    {
      "url": "/dhruvji?achievement=pull-shark&tab=achievements",
      "text": "x2"
    },
    {
      "url": "/dhruvji?achievement=yolo&tab=achievements",
      "text": ""
    },
    {
      "url": "/BerkeleyBlockchain",
      "text": ""
    },
    {
      "url": "/callaunchpad",
      "text": ""
    },
    {
      "url": "/cs161-students",
      "text": ""
    },
    {
      "url": "https://docs.github.com/articles/blocking-a-user-from-your-personal-account",
      "text": "blocking users"
    },
    {
      "url": "https://docs.github.com/articles/reporting-abuse-or-spam",
      "text": "reporting abuse"
    },
    {
      "url": "/contact/report-abuse?report=dhruvji+%28user%29",
      "text": "Report abuse"
    },
    {
      "url": "/dhruvji",
      "text": "Overview"
    },
    {
      "url": "/dhruvji?tab=repositories",
      "text": "Repositories"
    },
    {
      "url": "/dhruvji?tab=projects",
      "text": "Projects"
    },
    {
      "url": "/dhruvji?tab=packages",
      "text": "Packages"
    },
    {
      "url": "/dhruvji?tab=stars",
      "text": "Stars"
    },
    {
      "url": "/dhruvji/dhruvji",
      "text": "dhruvji"
    },
    {
      "url": "/callaunchpad/magic-camera",
      "text": "callaunchpad/magic-camera"
    },
    {
      "url": "/callaunchpad/magic-camera/stargazers",
      "text": "9"
    },
    {
      "url": "/dhruvji/dhruvji.github.io",
      "text": "dhruvji.github.io"
    },
    {
      "url": "/dhruvji/dhruvji.github.io/stargazers",
      "text": "1"
    },
    {
      "url": "https://www.githubstatus.com/",
      "text": "GitHub status page"
    },
    {
      "url": "/contact",
      "text": "contact support"
    }
  ],
  "images": [
    {
      "src": "https://avatars.githubusercontent.com/u/108053562?s=64&v=4",
      "alt": "@dhruvji"
    },
    {
      "src": "https://avatars.githubusercontent.com/u/108053562?s=64&v=4",
      "alt": "@dhruvji"
    },
    {
      "src": "https://avatars.githubusercontent.com/u/108053562?v=4",
      "alt": "View dhruvji's full-sized avatar"
    },
    {
      "src": "https://github.githubassets.com/assets/pull-shark-default-498c279a747d.png",
      "alt": "Achievement: Pull Shark"
    },
    {
      "src": "https://github.githubassets.com/assets/yolo-default-be0bbff04951.png",
      "alt": "Achievement: YOLO"
    },
    {
      "src": "https://github.githubassets.com/assets/pull-shark-default-498c279a747d.png",
      "alt": "Achievement: Pull Shark"
    },
    {
      "src": "https://github.githubassets.com/assets/yolo-default-be0bbff04951.png",
      "alt": "Achievement: YOLO"
    },
    {
      "src": "https://avatars.githubusercontent.com/u/10353751?s=64&v=4",
      "alt": "@BerkeleyBlockchain"
    },
    {
      "src": "https://avatars.githubusercontent.com/u/23614639?s=64&v=4",
      "alt": "@callaunchpad"
    },
    {
      "src": "https://avatars.githubusercontent.com/u/92503256?s=64&v=4",
      "alt": "@cs161-students"
    }
  ]
}