{
  "title": "Dhruv Gautam | OpenReview",
  "meta_description": "Promoting openness in scientific communication and the peer-review process",
  "main_content": "Names Dhruv Gautam (Preferred) Suggest Name Emails ****@berkeley.edu (Confirmed) Suggest Email Personal Links Homepage Google Scholar Suggest URL Career & Education History Undergrad student Computer Science , UC Berkeley, University of California, Berkeley (cs.berkeley.edu) 2022 \u2013 2026 Intern Microsoft (microsoft.com) 2024 \u2013 2024 Suggest Position Advisors, Relations & Conflicts No relations added Suggest Relation Expertise No areas of expertise listed Suggest Expertise Publications Loading... Co-Authors Loading...",
  "links": [
    {
      "url": "https://dhruvji.github.io/",
      "text": "Homepage"
    },
    {
      "url": "https://scholar.google.com/citations?user=UzDpwXwAAAAJ&hl=en",
      "text": "Google Scholar"
    },
    {
      "url": "https://github.com/openreview/openreview/issues/new/choose",
      "text": "Report an issue"
    }
  ],
  "images": []
}