{
  "title": "Dhruv Gautam Email & Phone Number | Berkeley Artificial Intelligence Research Researcher Contact Information",
  "meta_description": "Get Dhruv Gautam's email address (d******@berkeley.edu) and phone number () at RocketReach. Get 5 free searches.",
  "main_content": "",
  "links": [
    {
      "url": "/person?link=https%3A//www.linkedin.com/in/d-gautam",
      "text": ""
    },
    {
      "url": "https://rocketreach.co/dhruv-gautam-email_566517584",
      "text": "Dhruv Gautam Email"
    },
    {
      "url": "/university-of-california-berkeley-profile_b5c61007f42e0c4f",
      "text": "University of California, Berkeley"
    },
    {
      "url": "/person?link=https%3A//www.linkedin.com/in/d-gautam",
      "text": "Preparing  profile\u2026\n        \n\n            View Dhruv's Email\n            \n                (It's Free)"
    },
    {
      "url": "/university-of-california-berkeley-profile_b5c61007f42e0c4f",
      "text": "University of California, Berkeley"
    },
    {
      "url": "/microsoft-profile_b5c61dd9f42e0c4b",
      "text": "Microsoft"
    },
    {
      "url": "/university-of-california-berkeley-profile_b5c61007f42e0c4f",
      "text": "University of California, Berkeley"
    },
    {
      "url": "/university-of-california-berkeley-profile_b5c61007f42e0c4f",
      "text": "University of California, Berkeley"
    },
    {
      "url": "/university-of-california-berkeley-profile_b5c61007f42e0c4f",
      "text": "University of California, Berkeley"
    },
    {
      "url": "/dhruv-gautam-email_566517584",
      "text": "Dhruv Gautam Emails"
    },
    {
      "url": "/person?link=https%3A//www.linkedin.com/in/d-gautam",
      "text": "@berkeley.edu"
    },
    {
      "url": "/person?link=https%3A//www.linkedin.com/in/d-gautam",
      "text": "Preparing  profile\u2026\n        \n\n            View Dhruv's Email\n            \n                (It's Free)"
    },
    {
      "url": "/dhruv-gautam-email_109329323",
      "text": ""
    },
    {
      "url": "/dhruv-gautam-email_109329323",
      "text": "Dhruv Gautam\n\n        Lead Cyber Defence Analyst\n         at Nike"
    },
    {
      "url": "/dhruv-gautam-email_114655450",
      "text": ""
    },
    {
      "url": "/dhruv-gautam-email_114655450",
      "text": "Dhruv Gautam\n\n        Senior Account Manager\n         at CARPL - Radiology AI Platform"
    },
    {
      "url": "/dhruv-gautam-email_138204280",
      "text": ""
    },
    {
      "url": "/dhruv-gautam-email_138204280",
      "text": "Dhruv Gautam\n\n        Technical Support Advisor\n         at Concentrix"
    },
    {
      "url": "/person?name=Dhruv%20Gautam&orderBy=popularity",
      "text": "View Similar Profiles"
    },
    {
      "url": "/allison-henry-email_36823476",
      "text": ""
    },
    {
      "url": "/allison-henry-email_36823476",
      "text": "Allison Henry\n\n        Chief Information Security Officer\n         at University of California, Berkeley"
    },
    {
      "url": "/matei-zaharia-email_3066345",
      "text": ""
    },
    {
      "url": "/matei-zaharia-email_3066345",
      "text": "Matei Zaharia\n\n        Associate Professor of Computer Science\n         at University of California, Berkeley"
    },
    {
      "url": "/heather-hayden-email_124448648",
      "text": ""
    },
    {
      "url": "/heather-hayden-email_124448648",
      "text": "Heather Hayden\n\n        Chief Marketing Officer, SSALLEX\n         at University of California, Berkeley"
    },
    {
      "url": "/angela-stopper-email_231296",
      "text": ""
    },
    {
      "url": "/angela-stopper-email_231296",
      "text": "Angela Stopper\n\n        Chief Learning Officer\n         at University of California, Berkeley"
    },
    {
      "url": "/russell-chung-email_10960470",
      "text": ""
    },
    {
      "url": "/russell-chung-email_10960470",
      "text": "Russell Chung\n\n        Chief Procurement Officer and Supply Chain\n         at University of California, Berkeley"
    },
    {
      "url": "/jennifer-sierras-email_239111055",
      "text": ""
    },
    {
      "url": "/jennifer-sierras-email_239111055",
      "text": "Jennifer Sierras\n\n        Chief Technology Officer, University Development and Alumni Relations\n         at University of California, Berkeley"
    },
    {
      "url": "/ben-metcalf-email_10006686",
      "text": ""
    },
    {
      "url": "/ben-metcalf-email_10006686",
      "text": "Ben Metcalf\n\n        Managing Director\n         at University of California, Berkeley"
    },
    {
      "url": "/sanjeev-agrawal-email_596247",
      "text": ""
    },
    {
      "url": "/sanjeev-agrawal-email_596247",
      "text": "Sanjeev Agrawal\n\n        Employee\n         at University of California, Berkeley"
    },
    {
      "url": "/tracy-schroeder-email_10894900",
      "text": ""
    },
    {
      "url": "/tracy-schroeder-email_10894900",
      "text": "Tracy Schroeder\n\n        Associate Vice Chancellor and Chief Information Officer\n         at University of California, Berkeley"
    },
    {
      "url": "/zhenxiong-jia-email_12825988",
      "text": ""
    },
    {
      "url": "/zhenxiong-jia-email_12825988",
      "text": "Zhenxiong Jia\n\n        Co President\n         at University of California, Berkeley"
    },
    {
      "url": "/mark-edelstone-email_2729654",
      "text": ""
    },
    {
      "url": "/mark-edelstone-email_2729654",
      "text": "Mark Edelstone\n\n        Board Trustee\n         at University of California, Berkeley"
    },
    {
      "url": "/shereen-meraji-email_14663039",
      "text": ""
    },
    {
      "url": "/shereen-meraji-email_14663039",
      "text": "Shereen Meraji\n\n        Head of Audio and Race and Journalism Professor, UC Berkeley\n         at University of California, Berkeley"
    },
    {
      "url": "/lisa-guerra-email_67738625",
      "text": ""
    },
    {
      "url": "/lisa-guerra-email_67738625",
      "text": "Lisa Guerra\n\n        Board of Trustees\n         at University of California, Berkeley"
    },
    {
      "url": "/vijay-sekhon-email_12813225",
      "text": ""
    },
    {
      "url": "/vijay-sekhon-email_12813225",
      "text": "Vijay Sekhon\n\n        Adjunct Professor\n         at University of California, Berkeley"
    },
    {
      "url": "/zachary-diblasi-email_439053695",
      "text": ""
    },
    {
      "url": "/zachary-diblasi-email_439053695",
      "text": "Zachary Diblasi\n\n        Marketing Consultant\n         at University of California, Berkeley"
    },
    {
      "url": "/robert-strand-email_796100",
      "text": ""
    },
    {
      "url": "/robert-strand-email_796100",
      "text": "Robert Strand\n\n        Executive Director, Nordic Center at UC Berkeley\n         at University of California, Berkeley"
    },
    {
      "url": "/person?employer[]=\"University%20of%20California%2C%20Berkeley\"",
      "text": "View Similar Profiles"
    },
    {
      "url": "https://rocketreach.co/resources/products/contact-database/",
      "text": "Contact Database"
    },
    {
      "url": "https://rocketreach.co/resources/products/email-finder-extension/",
      "text": "Email Finder Extension"
    },
    {
      "url": "https://rocketreach.co/resources/email-finder/",
      "text": "Email Finder"
    },
    {
      "url": "https://rocketreach.co/resources/products/api/",
      "text": "Contact Data API"
    },
    {
      "url": "https://rocketreach.co/signup",
      "text": "Sign Up For Free"
    },
    {
      "url": "/splash",
      "text": ""
    },
    {
      "url": "https://goo.gl/maps/zTK22oR8oJM3TCvq6",
      "text": "47.6177115,-122.2034444"
    },
    {
      "url": "https://status.rocketreach.co",
      "text": ""
    },
    {
      "url": "/adv_search",
      "text": "Advanced Search"
    },
    {
      "url": "/browser_extension/chrome",
      "text": "Chrome Extension"
    },
    {
      "url": "/browser_extension/edge",
      "text": "Edge Extension"
    },
    {
      "url": "/bulk_lookups",
      "text": "Bulk Lookups"
    },
    {
      "url": "/api/splash",
      "text": "API"
    },
    {
      "url": "/integrations",
      "text": "Integrations"
    },
    {
      "url": "/pricing",
      "text": "Pricing"
    },
    {
      "url": "https://knowledgebase.rocketreach.co/hc",
      "text": "Help"
    },
    {
      "url": "/reviews",
      "text": "Reviews"
    },
    {
      "url": "/terms",
      "text": "User Agreement"
    },
    {
      "url": "/privacy",
      "text": "Privacy Policy"
    },
    {
      "url": "/cookies",
      "text": "Cookie Policy"
    },
    {
      "url": "/claim-profile",
      "text": "Do Not Sell My Info"
    },
    {
      "url": "/teams",
      "text": "Features"
    },
    {
      "url": "/teams-setup",
      "text": "Start Team Plan"
    },
    {
      "url": "/teams/custom",
      "text": "Custom Plan"
    },
    {
      "url": "/custom",
      "text": "Speak to Sales"
    },
    {
      "url": "/about_us",
      "text": "About Us"
    },
    {
      "url": "/jobs",
      "text": "Careers"
    },
    {
      "url": "https://rocketreach.co/resources/blog",
      "text": "Blog"
    },
    {
      "url": "https://rocketreach.co/resources/contact-us",
      "text": "Contact Us"
    },
    {
      "url": "https://www.facebook.com/RocketReach-1209517052395769/",
      "text": ""
    },
    {
      "url": "https://twitter.com/RocketReachCo",
      "text": ""
    },
    {
      "url": "https://www.linkedin.com/company/rocketreach.co",
      "text": ""
    }
  ],
  "images": [
    {
      "src": "https://d2gjqh9j26unp0.cloudfront.net/profilepic/9e6a77f66963da0bcff2f2da52f3246b",
      "alt": "Dhruv Gautam Email"
    },
    {
      "src": "//static.rocketreach.co/images/landing/profile/arrow.svg",
      "alt": "Arrow"
    },
    {
      "src": "//static.rocketreach.co/images/landing/profile/arrow.svg",
      "alt": "Arrow"
    },
    {
      "src": "https://d2gjqh9j26unp0.cloudfront.net/profilepic/b195836760ce923169448bdc5ea140df",
      "alt": "Nike Employee Dhruv Gautam's profile photo"
    },
    {
      "src": "https://d2gjqh9j26unp0.cloudfront.net/profilepic/8bbf506f04d34425a5597c287ebcb773",
      "alt": "CARPL - Radiology AI Platform Employee Dhruv Gautam's profile photo"
    },
    {
      "src": "https://d2gjqh9j26unp0.cloudfront.net/profilepic/a298d343499b98c07959f252a5b7de15",
      "alt": "Concentrix Employee Dhruv Gautam's profile photo"
    },
    {
      "src": "https://d2gjqh9j26unp0.cloudfront.net/profilepic/2301e3b8c9c68b91bd60ccab3b26d67f",
      "alt": "University of California, Berkeley Employee Allison Henry's profile photo"
    },
    {
      "src": "https://d2gjqh9j26unp0.cloudfront.net/profilepic/a454c0cc1eb2ed2da15ff365b2390803",
      "alt": "University of California, Berkeley Employee Matei Zaharia's profile photo"
    },
    {
      "src": "https://static.rocketreach.co/images/profile_pics/v2.1/dppf2.png",
      "alt": "University of California, Berkeley Employee Heather Hayden's profile photo"
    },
    {
      "src": "https://static.rocketreach.co/images/profile_pics/v2.1/dppf2.png",
      "alt": "University of California, Berkeley Employee Angela Stopper's profile photo"
    },
    {
      "src": "https://static.rocketreach.co/images/profile_pics/v2.1/dppm1.png",
      "alt": "University of California, Berkeley Employee Russell Chung's profile photo"
    },
    {
      "src": "https://d2gjqh9j26unp0.cloudfront.net/profilepic/2e329d65a9e6d864fce6c0be81b394f2",
      "alt": "University of California, Berkeley Employee Jennifer Sierras's profile photo"
    },
    {
      "src": "https://d2gjqh9j26unp0.cloudfront.net/profilepic/620cdc560ee44b21a9f3a742dc1f28fc",
      "alt": "University of California, Berkeley Employee Ben Metcalf's profile photo"
    },
    {
      "src": "https://d2gjqh9j26unp0.cloudfront.net/profilepic/e007881341f2c63a64dd5bfe4e993a85",
      "alt": "University of California, Berkeley Employee Sanjeev Agrawal's profile photo"
    },
    {
      "src": "https://d2gjqh9j26unp0.cloudfront.net/profilepic/fae827325ec5e54d8bb9ff8e7e00b0bc",
      "alt": "University of California, Berkeley Employee Tracy Schroeder's profile photo"
    },
    {
      "src": "https://d2gjqh9j26unp0.cloudfront.net/profilepic/00c9f2fd96b88a760a475f2dd1e42670",
      "alt": "University of California, Berkeley Employee Zhenxiong Jia's profile photo"
    },
    {
      "src": "https://static.rocketreach.co/images/profile_pics/v2.1/dppm5.png",
      "alt": "University of California, Berkeley Employee Mark Edelstone's profile photo"
    },
    {
      "src": "https://d2gjqh9j26unp0.cloudfront.net/profilepic/82ac22095e563420039b8197ae3a530e",
      "alt": "University of California, Berkeley Employee Shereen Meraji's profile photo"
    },
    {
      "src": "https://static.rocketreach.co/images/profile_pics/v2.1/dppf3.png",
      "alt": "University of California, Berkeley Employee Lisa Guerra's profile photo"
    },
    {
      "src": "https://d2gjqh9j26unp0.cloudfront.net/profilepic/d20e8820b52574950ab401d8ea304e1a",
      "alt": "University of California, Berkeley Employee Vijay Sekhon's profile photo"
    },
    {
      "src": "https://d2gjqh9j26unp0.cloudfront.net/profilepic/387cc55fcd6ca4e70fa872ffb618d87e",
      "alt": "University of California, Berkeley Employee Zachary Diblasi's profile photo"
    },
    {
      "src": "https://d2gjqh9j26unp0.cloudfront.net/profilepic/ae02dbf62a36e54215b6fca93c8781a3",
      "alt": "University of California, Berkeley Employee Robert Strand's profile photo"
    },
    {
      "src": "//static.rocketreach.co/images/landing/landing-page-1-get-free-account-min.png",
      "alt": "get free account"
    },
    {
      "src": "//static.rocketreach.co/images/landing/landing-page-2-search-min.png",
      "alt": "search page"
    },
    {
      "src": "//static.rocketreach.co/images/landing/landing-page-3-get-contact-min.png",
      "alt": "get contact page"
    },
    {
      "src": "//static.rocketreach.co/images/splashRR2018/rankings-icons/LeadMining_UsersMostLikelyToRecommend_Nps.svg",
      "alt": "High Performer Summer 2022"
    },
    {
      "src": "//static.rocketreach.co/images/splashRR2018/rankings-icons/LeadCapture_Leader_Leader-Badge.svg",
      "alt": "RocketReach is a leader in Lead Intelligence on G2"
    },
    {
      "src": "//static.rocketreach.co/images/splashRR2018/rankings-icons/LeadCapture_BestUsability_Total-Badge.svg",
      "alt": "RocketReach is a leader in Lead Intelligence on G2"
    },
    {
      "src": "//static.rocketreach.co/images/splashRR2018/rankings-icons/LeadMining_BestRelationship_Total.svg",
      "alt": "RocketReach is a leader in Lead Intelligence on G2"
    },
    {
      "src": "//static.rocketreach.co/images/splashRR2018/rankings-icons/talentculture2022.svg",
      "alt": "talentculture2022"
    },
    {
      "src": "//static.rocketreach.co/images/splashRR2018/rankings-icons/g2crowd.svg",
      "alt": "g2crowd"
    },
    {
      "src": "//static.rocketreach.co/images/splashRR2018/rankings-icons/chromestore.svg",
      "alt": "chromestore"
    },
    {
      "src": "//static.rocketreach.co/images/logo/logo_watermark.svg",
      "alt": "RocketReach Footer Logo"
    }
  ]
}