[
  {
    "fullName": "Vineeth Vajipey",
    "linkedin_internal_id": "689927289",
    "first_name": "Vineeth",
    "last_name": "Vajipey",
    "public_identifier": "vineeth-vajipey",
    "background_cover_image_url": "https://media.licdn.com/dms/image/v2/D4D16AQHfobKJMAL7DQ/profile-displaybackgroundimage-shrink_200_800/profile-displaybackgroundimage-shrink_200_800/0/1706688316588?e=2147483647&v=beta&t=A6xsw2qb-RIbDazmSP4CwU6nIC9c4UlrAevS8jfPHDU",
    "profile_photo": "https://media.licdn.com/dms/image/v2/D4E03AQGO0QbpXlFIAQ/profile-displayphoto-shrink_200_200/profile-displayphoto-shrink_200_200/0/1704809517536?e=2147483647&v=beta&t=6GLD_KgEt8k_mdomaggkOB93V8_F0-NGuLgUUeL8igU",
    "headline": "MS CS @ Columbia",
    "location": "174 followers\n          \n          \n              171 connections",
    "about": "",
    "experience": [
      {
        "position": "NLP Researcher",
        "company_url": "https://www.linkedin.com/school/columbia-university/?trk=public_profile_experience-item_profile-section-card_subtitle-click",
        "company_image": "https://media.licdn.com/dms/image/v2/C4E0BAQFxn78nvVaTDA/company-logo_100_100/company-logo_100_100/0/1630638452046/columbia_university_logo?e=2147483647&v=beta&t=f-050SrbzjElMuDqUFVhVaZOX79OjMdqz47bO6aLk3k",
        "company_name": "Columbia University",
        "location": "New York City Metropolitan Area",
        "summary": "",
        "starts_at": "Aug 2023",
        "ends_at": "Dec 2024",
        "duration": "1 year 5 months"
      },
      {
        "position": "Software Engineering Intern",
        "company_url": "https://www.linkedin.com/company/d.-e.-shaw-&-co.?trk=public_profile_experience-item_profile-section-card_subtitle-click",
        "company_image": "https://media.licdn.com/dms/image/v2/C4D0BAQFmyEBRsJiPhw/company-logo_100_100/company-logo_100_100/0/1630553047727/d_e_shaw__co_logo?e=2147483647&v=beta&t=oPZjcgl9lTbu-MCSI0JUeTY4rn0wZGYnTpXeiyWjMfY",
        "company_name": "The D. E. Shaw Group",
        "location": null,
        "summary": "",
        "starts_at": "May 2024",
        "ends_at": "Aug 2024",
        "duration": "4 months"
      },
      {
        "position": "Software Engineer",
        "company_url": "https://www.linkedin.com/company/swingtechconsulting?trk=public_profile_experience-item_profile-section-card_subtitle-click",
        "company_image": "https://media.licdn.com/dms/image/v2/C560BAQFDCEpjg7XVoQ/company-logo_100_100/company-logo_100_100/0/1630670164797/swingtechconsulting_logo?e=2147483647&v=beta&t=TxjmmRYX68jPmdRpFIwMQhzLMXzQhkZ2lVL__YL4PzU",
        "company_name": "Swingtech",
        "location": "Greenbelt, Maryland, United States",
        "summary": "",
        "starts_at": "Aug 2021",
        "ends_at": "May 2024",
        "duration": "2 years 10 months"
      },
      {
        "position": "Autonomous Vehicles Researcher",
        "company_url": "https://tr.linkedin.com/school/itu1773/?trk=public_profile_experience-item_profile-section-card_subtitle-click",
        "company_image": "https://media.licdn.com/dms/image/v2/D4D0BAQHbWDeFD_sALw/company-logo_100_100/company-logo_100_100/0/1735902411298?e=2147483647&v=beta&t=kzHkmvBMzh0BXAJtEQjfD--3UKAuuwlbMO4zkzMGl5Y",
        "company_name": "Istanbul Technical University",
        "location": "Istanbul, Turkey",
        "summary": "",
        "starts_at": "Jun 2023",
        "ends_at": "Aug 2023",
        "duration": "3 months"
      },
      {
        "position": "Machine Learning Researcher",
        "company_url": "https://www.linkedin.com/company/marylandroboticscenter?trk=public_profile_experience-item_profile-section-card_subtitle-click",
        "company_image": "https://media.licdn.com/dms/image/v2/C560BAQEiiudECVqTnw/company-logo_100_100/company-logo_100_100/0/1630603960421/marylandroboticscenter_logo?e=2147483647&v=beta&t=fGRuVlg4EpfQtlz-MNKBcQipwIW3E-vARCcp40JhfTQ",
        "company_name": "Maryland Robotics Center",
        "location": "College Park, Maryland, United States",
        "summary": "",
        "starts_at": "May 2022",
        "ends_at": "Aug 2022",
        "duration": "4 months"
      },
      {
        "position": "Software Engineering Intern",
        "company_url": "https://www.linkedin.com/company/cb-insights?trk=public_profile_experience-item_profile-section-card_subtitle-click",
        "company_image": "https://media.licdn.com/dms/image/v2/C4E0BAQHqmbMhClHCmA/company-logo_100_100/company-logo_100_100/0/1631313893578?e=2147483647&v=beta&t=DhP3l6BwyQzBSVA2Ps0jatVr3F9oIT9OBzPDvbUZzJI",
        "company_name": "CB Insights",
        "location": "New York, United States",
        "summary": "",
        "starts_at": "May 2021",
        "ends_at": "Aug 2021",
        "duration": "4 months"
      }
    ],
    "education": [
      {
        "college_url": "https://www.linkedin.com/school/columbia-engineering/?trk=public_profile_school_profile-section-card_image-click",
        "college_name": "Columbia Engineering",
        "college_image": "https://media.licdn.com/dms/image/v2/C560BAQGHA1i5xgUSXw/company-logo_100_100/company-logo_100_100/0/1656685515477/columbia_engineering_logo?e=2147483647&v=beta&t=kuwNsq8wXNtSNAjilz2oKdC98plEs99B87GORKM_xkk",
        "college_degree": "Master of Science - MS",
        "college_degree_field": "4.0/4.0",
        "college_duration": "2023 - 2024",
        "college_activity": "MS w/ Natural Language Processing specializationResearching LLMs and agents.Advised by Xiao Yu, Qingyang Wu, and Zhou Yu at the Speech and Dialog Lab."
      },
      {
        "college_url": "https://www.linkedin.com/school/university-of-maryland/?trk=public_profile_school_profile-section-card_image-click",
        "college_name": "University of Maryland",
        "college_image": "https://media.licdn.com/dms/image/v2/C560BAQHrhLnmmZTGjQ/company-logo_100_100/company-logo_100_100/0/1631303360671?e=2147483647&v=beta&t=D4gyMJ553_Y4L1TVqioiwvQbXiArSKWPzMYx136iNOs",
        "college_degree": "Bachelor of Science - BS",
        "college_degree_field": "3.98/4.0",
        "college_duration": "2019 - 2023",
        "college_activity": "Research: FIRE: Capital One Machine Learning,  RAAS Lab, Gomez LabTeaching: ENEE205/101 TA, CMSC389F STIC InstructorOther: Academy of Machine Learning (AML), RISE Leadership"
      }
    ],
    "articles": [],
    "description": {
      "description1": "Columbia University",
      "description1_link": "https://www.linkedin.com/school/columbia-university/?trk=public_profile_topcard-current-company",
      "description2": "Columbia Engineering",
      "description2_link": "https://www.linkedin.com/school/columbia-engineering/?trk=public_profile_topcard-school",
      "description3": ""
    },
    "activities": [],
    "volunteering": [],
    "certification": [],
    "people_also_viewed": [
      {
        "link": "https://www.linkedin.com/in/abdikadir-aden-386982177?trk=public_profile_browsemap-profile",
        "name": "Abdikadir Aden",
        "summary": "",
        "location": "Oklahoma City, OK"
      },
      {
        "link": "https://www.linkedin.com/in/adrianamsweeney?trk=public_profile_browsemap-profile",
        "name": "Adriana Sweeney",
        "summary": "",
        "location": "United States"
      },
      {
        "link": "https://www.linkedin.com/in/arianapaulino?trk=public_profile_browsemap-profile",
        "name": "Ariana Paulino",
        "summary": "Juris Doctor",
        "location": "Fort Lauderdale, FL"
      },
      {
        "link": "https://www.linkedin.com/in/apurva-malpathak?trk=public_profile_browsemap-profile",
        "name": "Apurva Malpathak",
        "summary": "Network Engineer III at Hughes",
        "location": "Gaithersburg, MD"
      },
      {
        "link": "https://www.linkedin.com/in/cody-iven-4881118a?trk=public_profile_browsemap-profile",
        "name": "Cody Iven",
        "summary": "",
        "location": "Hutto, TX"
      },
      {
        "link": "https://www.linkedin.com/in/sunilkumarpatro?trk=public_profile_browsemap-profile",
        "name": "Sunil Kumar Patro",
        "summary": "",
        "location": "Germantown, MD"
      },
      {
        "link": "https://www.linkedin.com/in/williamfarrellv?trk=public_profile_browsemap-profile",
        "name": "William Farrell",
        "summary": "J.D. Candidate at The George Washington University Law School",
        "location": "Washington, DC"
      },
      {
        "link": "https://www.linkedin.com/in/david-kurtyka-83103670?trk=public_profile_browsemap-profile",
        "name": "David Kurtyka",
        "summary": "",
        "location": "Philadelphia, PA"
      },
      {
        "link": "https://www.linkedin.com/in/sinafaraji?trk=public_profile_browsemap-profile",
        "name": "Sina Faraji",
        "summary": "",
        "location": "Berkeley, CA"
      },
      {
        "link": "https://www.linkedin.com/in/steven-covington-0892ab6a?trk=public_profile_browsemap-profile",
        "name": "Steven Covington",
        "summary": "Kinetic Leader & Comcast team member, U.S. Marine Ret., Co. Founder and Life Coach at The Covington Wellness Center",
        "location": "Greater Chicago Area"
      },
      {
        "link": "https://www.linkedin.com/in/chastain-black-2b1a6613a?trk=public_profile_browsemap-profile",
        "name": "Chastain Black",
        "summary": "Not only a thinker, but a doer!!!",
        "location": "Nampa, ID"
      },
      {
        "link": "https://be.linkedin.com/in/duncan-walker-b7734b82?trk=public_profile_browsemap-profile",
        "name": "Duncan Walker",
        "summary": "Special Assistant to the Supreme Allied Commander Europe",
        "location": "Belgium"
      },
      {
        "link": "https://www.linkedin.com/in/michael-brown-73424914b?trk=public_profile_browsemap-profile",
        "name": "Michael Brown",
        "summary": "Data Analyst",
        "location": "Dallas, TX"
      },
      {
        "link": "https://www.linkedin.com/in/-alyson-lima?trk=public_profile_browsemap-profile",
        "name": "Alyson Lima",
        "summary": "OT Support Engineer",
        "location": "Elizabeth, NJ"
      },
      {
        "link": "https://www.linkedin.com/in/korinnemjackman?trk=public_profile_browsemap-profile",
        "name": "Korinne Marie Jackman",
        "summary": "Data privacy & protection, cybersecurity law, policy, research",
        "location": "Greater Philadelphia"
      },
      {
        "link": "https://www.linkedin.com/in/joshua-yaro-588507101?trk=public_profile_browsemap-profile",
        "name": "Joshua Yaro",
        "summary": "Pro soccer player",
        "location": "Washington, DC"
      },
      {
        "link": "https://www.linkedin.com/in/gayatri-dhara-3a908653?trk=public_profile_browsemap-profile",
        "name": "Gayatri Dhara",
        "summary": "",
        "location": "Greater Boston"
      },
      {
        "link": "https://www.linkedin.com/in/sangeetha-k-asu?trk=public_profile_browsemap-profile",
        "name": "Sangeetha Kothandapani",
        "summary": "Sr. Business Analyst",
        "location": "Tempe, AZ"
      },
      {
        "link": "https://www.linkedin.com/in/paramitapal-medchemist?trk=public_profile_browsemap-profile",
        "name": "Paramita Pal, PhD",
        "summary": "Medicinal Chemist | Advancing Next-Generation Treatments for Critical Diseases I Cancer Biology I GI and Inflammation I",
        "location": "Boston, MA"
      },
      {
        "link": "https://www.linkedin.com/in/clayton-rische?trk=public_profile_browsemap-profile",
        "name": "Clayton Rische",
        "summary": "Postdoc at the University of Chicago",
        "location": "Chicago, IL"
      }
    ],
    "similar_profiles": [],
    "recommendations": [],
    "publications": [
      {
        "name": "ExACT: Teaching AI Agents to Explore with Reflective-MCTS and Exploratory Learning",
        "sub_title": "International Conference on Learning Representations (ICLR)",
        "summary": "",
        "date": "January 13, 2025",
        "link": "https://www.linkedin.com/redir/redirect?url=https%3A%2F%2Farxiv%2Eorg%2Fabs%2F2410%2E02052&urlhash=cyRa&trk=public_profile_publication-title"
      }
    ],
    "courses": [],
    "languages": [],
    "organizations": [],
    "projects": [],
    "awards": [
      {
        "name": "Overall 1st Place, Wolfram Research Award",
        "organization": "University of Pennsylvania",
        "duration": "Sep 2023",
        "summary": "PennApps (Fall 2023), CharactAR"
      },
      {
        "name": "Overall 4th Place",
        "organization": "University of Pennsylvania",
        "duration": "Sep 2020",
        "summary": "PennApps (Fall 2020), Air Synth"
      },
      {
        "name": "Best Hack for Resilience",
        "organization": "University of Pennsylvania",
        "duration": "Sep 2019",
        "summary": "PennApps (Fall 2019), Prophet Profit"
      }
    ],
    "score": []
  }
]