[
  {
    "fullName": "Samuel Xie",
    "linkedin_internal_id": "867033437",
    "first_name": "Samuel",
    "last_name": "Xie",
    "public_identifier": "samuel-xie-56544b202",
    "background_cover_image_url": "https://static.licdn.com/aero-v1/sc/h/5q92mjc5c51bjlwaj3rs9aa82",
    "profile_photo": "https://static.licdn.com/aero-v1/sc/h/9c8pery4andzj6ohjkjp54ma2",
    "headline": "--",
    "location": "226 followers\n          \n          \n              226 connections",
    "about": "",
    "experience": [
      {
        "position": "Engineer | PARSEC (Caltech Rocketry Club)",
        "company_url": "https://www.linkedin.com/school/california-institute-of-technology/?trk=public_profile_experience-item_profile-section-card_subtitle-click",
        "company_image": "https://media.licdn.com/dms/image/v2/C510BAQFCGqEmSwrc4w/company-logo_100_100/company-logo_100_100/0/1631338994369?e=2147483647&v=beta&t=c9UlAx6IJwmjpR9EGoLUCmZJO7WiBgPNVrZw-N5Pmow",
        "company_name": "Caltech",
        "location": null,
        "summary": "- Contributing to the MARS/FAR Challenge with the goal of launching a rocket to 45,000 ft and ensuring stable recovery. - Designing and implementing a PWM (Pulse Width Modulation) control system to assist in stabilizing the rocket during descent. - Developing control algorithms and integrating hardware/software systems to manage recovery dynamics effectively.",
        "starts_at": "Sep 2024",
        "ends_at": "Present",
        "duration": "7 months"
      },
      {
        "position": "Undergraduate Researcher | Husker Lab",
        "company_url": "https://www.linkedin.com/school/california-institute-of-technology/?trk=public_profile_experience-item_profile-section-card_subtitle-click",
        "company_image": "https://media.licdn.com/dms/image/v2/C510BAQFCGqEmSwrc4w/company-logo_100_100/company-logo_100_100/0/1631338994369?e=2147483647&v=beta&t=c9UlAx6IJwmjpR9EGoLUCmZJO7WiBgPNVrZw-N5Pmow",
        "company_name": "Caltech",
        "location": null,
        "summary": "- Conducting geophysics modeling of earthquakes using Python to analyze seismic data and simulate earthquake behavior. - Perform data analysis on seismic datasets to identify trends, patterns, and insights related to earthquake dynamics. - Utilize Python-based tools and libraries for numerical simulations, signal processing, and visualization of geophysical phenomena.",
        "starts_at": "Sep 2024",
        "ends_at": "Present",
        "duration": "7 months"
      }
    ],
    "education": [
      {
        "college_url": "https://www.linkedin.com/school/california-institute-of-technology/?trk=public_profile_school_profile-section-card_image-click",
        "college_name": "Caltech",
        "college_image": "https://media.licdn.com/dms/image/v2/C510BAQFCGqEmSwrc4w/company-logo_100_100/company-logo_100_100/0/1631338994369?e=2147483647&v=beta&t=c9UlAx6IJwmjpR9EGoLUCmZJO7WiBgPNVrZw-N5Pmow",
        "college_degree": "Bachelor's degree",
        "college_degree_field": "Electrical Engineering & CS",
        "college_duration": "2024 - 2028",
        "college_activity": ""
      },
      {
        "college_url": "https://www.linkedin.com/school/the-lawrenceville-school/?trk=public_profile_school_profile-section-card_image-click",
        "college_name": "The Lawrenceville School",
        "college_image": "https://media.licdn.com/dms/image/v2/D4E0BAQHUmdfFLZN_Sw/company-logo_100_100/company-logo_100_100/0/1699025836453/the_lawrenceville_school_logo?e=2147483647&v=beta&t=8whS40QJTsriiZARkRktP5f2Jo91KdaEfwNJi-p8OGM",
        "college_degree": "",
        "college_degree_field": null,
        "college_duration": "2020 - 2024",
        "college_activity": ""
      }
    ],
    "articles": [],
    "description": {
      "description1": "Caltech",
      "description1_link": "https://www.linkedin.com/school/california-institute-of-technology/?trk=public_profile_topcard-current-company",
      "description2": "Caltech",
      "description2_link": "https://www.linkedin.com/school/california-institute-of-technology/?trk=public_profile_topcard-school",
      "description3": ""
    },
    "activities": [
      {
        "link": "https://www.linkedin.com/posts/navvye-anand_caltech-accepts-less-than-300-people-yearly-activity-7285055706125234178-JpR-",
        "image": "https://media.licdn.com/dms/image/v2/D5622AQHIHHcCg8cpiw/feedshare-shrink_800/B56ZRm3QQuH0Ag-/0/1736892548479?e=2147483647&v=beta&t=6jm8Aiyr50cIHGWoFUgRwF7grmMDrBj_KtAullZ2ooA",
        "title": "Caltech accepts less than 300 people yearly...\n\nI paused my journey at Caltech and took a leap to build Bindwell\u2014an AI platform for pesticide R&D\u2026",
        "activity": "Liked by Samuel Xie"
      },
      {
        "link": "https://www.linkedin.com/posts/fiverings_fiverings-internship-quantitativeresearcher-activity-7286060899130306563-VY_X",
        "image": "https://media.licdn.com/dms/image/v2/D4E22AQGcbKFDGE6Kzw/feedshare-shrink_800/B4EZR1JxXQG0Ag-/0/1737132285646?e=2147483647&v=beta&t=hzZadM9HeQ2wPgdBglYnMcoN1MFOKtdBs-3R5ZQvoKE",
        "title": "Last\u00a0week, we welcomed our 2025\u00a0Winter Interns to our NYC headquarters.\n\nOur internship program includes immersion in both hands-on projects and\u2026",
        "activity": "Liked by Samuel Xie"
      },
      {
        "link": "https://www.linkedin.com/posts/philipp-schmid-a6a2bb196_wtf-new-open-source-physics-ai-engine-absolutely-activity-7275404749858865152-Iprb",
        "image": "https://media.licdn.com/dms/image/v2/D4E05AQE8rvyGNZwYgg/videocover-high/B4EZPdt.p5GwBs-/0/1734591641904?e=2147483647&v=beta&t=4eN8H60oCaVus5o_weOT03wmsv2axiIfw3PhmkAbblw",
        "title": "WTF?! New open-source physics AI engine absolutely insane! \ud83e\udd2f Genesis is a new physics engine that combines ultra-fast simulation with generative\u2026",
        "activity": "Liked by Samuel Xie"
      },
      {
        "link": "https://www.linkedin.com/posts/zarif-azher-260b401bb_tally-forms-activity-7269547437797609472-w-uA",
        "image": "https://media.licdn.com/dms/image/sync/v2/D4E27AQGpU_KWq26S-g/articleshare-shrink_800/articleshare-shrink_800/0/1733193424034?e=2147483647&v=beta&t=2OUQhFMfl1Oy9wLpEWfwJi5-1GkqjQ8GZu9PM7Lfg0I",
        "title": "If you\u2019re a student in the DMV interested in startups, check this out!",
        "activity": "Liked by Samuel Xie"
      },
      {
        "link": "https://www.linkedin.com/posts/reid-nussbaum_im-delighted-to-announce-that-ill-be-joining-activity-7266626673582686208-2azL",
        "image": "https://media.licdn.com/dms/image/v2/D4E22AQGcjAMaYhbNHA/feedshare-shrink_2048_1536/feedshare-shrink_2048_1536/0/1732498805020?e=2147483647&v=beta&t=pyQxW76nR5h-TQqYqpIdmJYWgzs3_vzN6tFVRZLOCTg",
        "title": "I\u2019m delighted to announce that I\u2019ll be joining Varda Space Industries as a Spacecraft Engineering Intern for the Summer of 2025 in El Segundo\u2026",
        "activity": "Liked by Samuel Xie"
      },
      {
        "link": "https://www.linkedin.com/posts/i-am-excited-to-share-that-i-will-be-joining-activity-7201753548529778688-LV0p",
        "image": "https://media.licdn.com/dms/image/v2/D4E22AQEvCm9luPGqZw/feedshare-shrink_2048_1536/feedshare-shrink_2048_1536/0/1717031846775?e=2147483647&v=beta&t=8XMvnaBDCO1x6IVSuY5OJVtjivCin-PtkWIxJ3TuA2c",
        "title": "I am excited to share that I will be joining Kenotom - Embedded Engineering Excellence this summer as a Firmware Engineering Intern in Thessaloniki\u2026",
        "activity": "Liked by Samuel Xie"
      }
    ],
    "volunteering": [],
    "certification": [],
    "people_also_viewed": [
      {
        "link": "https://www.linkedin.com/in/michaelscranton?trk=public_profile_browsemap-profile",
        "name": "Michael Scranton",
        "summary": "",
        "location": "Miami, FL"
      },
      {
        "link": "https://www.linkedin.com/in/vance-donahue-73568028?trk=public_profile_browsemap-profile",
        "name": "Vance Donahue",
        "summary": "",
        "location": "Herington, KS"
      },
      {
        "link": "https://www.linkedin.com/in/michaelhyatt?trk=public_profile_browsemap-profile",
        "name": "Michael Hyatt",
        "summary": "",
        "location": "Franklin, TN"
      },
      {
        "link": "https://www.linkedin.com/in/stanley-m-sholette-jr-6aa2aa29?trk=public_profile_browsemap-profile",
        "name": "Stanley M. Sholette jr",
        "summary": "",
        "location": "Tampa, FL"
      },
      {
        "link": "https://www.linkedin.com/in/alexverhulst?trk=public_profile_browsemap-profile",
        "name": "Alex Verhulst",
        "summary": "",
        "location": "Reston, VA"
      },
      {
        "link": "https://www.linkedin.com/in/rosalindmerrifieldnelson?trk=public_profile_browsemap-profile",
        "name": "Rosalind Nelson i LION",
        "summary": "",
        "location": "Haiku, HI"
      },
      {
        "link": "https://www.linkedin.com/in/phil-tamblyn-36ba5728?trk=public_profile_browsemap-profile",
        "name": "Phil Tamblyn",
        "summary": "",
        "location": "Miami-Fort Lauderdale Area"
      },
      {
        "link": "https://www.linkedin.com/in/davidsellsmiami?trk=public_profile_browsemap-profile",
        "name": "David Garcia",
        "summary": "",
        "location": "Miami, FL"
      },
      {
        "link": "https://www.linkedin.com/in/geiger?trk=public_profile_browsemap-profile",
        "name": "Mark Geiger",
        "summary": "",
        "location": "Atlanta, GA"
      },
      {
        "link": "https://www.linkedin.com/in/ryan-bass-4a030829?trk=public_profile_browsemap-profile",
        "name": "Ryan Bass",
        "summary": "",
        "location": "Phoenix, AZ"
      },
      {
        "link": "https://www.linkedin.com/in/kimberlyanngeorge?trk=public_profile_browsemap-profile",
        "name": "Kimberly George",
        "summary": "",
        "location": "Greater Chicago Area"
      },
      {
        "link": "https://www.linkedin.com/in/larry-diamond-588b1328?trk=public_profile_browsemap-profile",
        "name": "Larry Diamond",
        "summary": "",
        "location": "Clarksdale, MS"
      },
      {
        "link": "https://www.linkedin.com/in/girodriguez/en?trk=public_profile_browsemap-profile",
        "name": "Gisela DelBosque",
        "summary": "",
        "location": "Houston, TX"
      },
      {
        "link": "https://www.linkedin.com/in/joymvogo?trk=public_profile_browsemap-profile",
        "name": "Joy Mvogo CPCU, ARM, AU, AIS",
        "summary": "",
        "location": "Atlanta, GA"
      },
      {
        "link": "https://www.linkedin.com/in/guy-la-rocque-m-m-0b615929?trk=public_profile_browsemap-profile",
        "name": "Guy La Rocque, M.M",
        "summary": "President/Chief Executive Officer at La Rocque Better Roofs, Inc. & SOLAR",
        "location": "Newport Beach, CA"
      },
      {
        "link": "https://www.linkedin.com/in/adrian-almeida-s?trk=public_profile_browsemap-profile",
        "name": "Adrian Almeida",
        "summary": "",
        "location": "San Antonio, TX"
      },
      {
        "link": "https://www.linkedin.com/in/billgerst?trk=public_profile_browsemap-profile",
        "name": "William Gerst",
        "summary": "",
        "location": "Greater Chicago Area"
      },
      {
        "link": "https://www.linkedin.com/in/patrickwilsonrealestate?trk=public_profile_browsemap-profile",
        "name": "Patrick Wilson",
        "summary": "",
        "location": "Destin, FL"
      }
    ],
    "similar_profiles": [
      {
        "link": "https://www.linkedin.com/in/samuel-xie-329ab1327?trk=public_profile_samename-profile",
        "name": "Samuel Xie",
        "summary": "Student at Emory University",
        "location": "Atlanta, GA"
      },
      {
        "link": "https://www.linkedin.com/in/samuel-xie-01214b225?trk=public_profile_samename-profile",
        "name": "Samuel Xie",
        "summary": "Research Program Coordinator at Johns Hopkins Medicine",
        "location": "Baltimore, MD"
      },
      {
        "link": "https://www.linkedin.com/in/yuhui-xie?trk=public_profile_samename-profile",
        "name": "Yuhui \"Samuel\" Xie",
        "summary": "",
        "location": "Atlanta Metropolitan Area"
      },
      {
        "link": "https://www.linkedin.com/in/samuel-xie-5b59552a5?trk=public_profile_samename-profile",
        "name": "Samuel Xie",
        "summary": "Student at Cranbrook Schools",
        "location": "Novi, MI"
      }
    ],
    "recommendations": [],
    "publications": [],
    "courses": [],
    "languages": [],
    "organizations": [],
    "projects": [],
    "awards": [
      {
        "name": "Hubert Alyea Award",
        "organization": "Princeton Section of the American Chemical Society & Princeton University Department of Chemistry",
        "duration": "May 2024",
        "summary": "Awarded to an individual for excellence in the study of Chemistry"
      },
      {
        "name": "National Merit Scholar Finalist",
        "organization": "National Merit Scholarship Corporation",
        "duration": "May 2024",
        "summary": ""
      },
      {
        "name": "USACO Gold Division",
        "organization": "USA Computing Olympiad",
        "duration": "Dec 2022",
        "summary": ""
      },
      {
        "name": "2023 Scholastic All-American",
        "organization": "USA Swimming",
        "duration": "",
        "summary": "Awarded to an athlete with a Winter Junior National Qualifying Time and has maintained a grade point average of 3.5 or above."
      },
      {
        "name": "Qualifier (3x) for American Invitational Mathematics Exam",
        "organization": "Mathematical Association of America",
        "duration": "",
        "summary": "Qualified for AIME from 2021 to 2023 in both the AMC 10 & 12"
      }
    ],
    "score": []
  }
]