[
  {
    "fullName": "Krish Parikh",
    "linkedin_internal_id": "775109245",
    "first_name": "Krish",
    "last_name": "Parikh",
    "public_identifier": "krish-p",
    "background_cover_image_url": "https://media.licdn.com/dms/image/v2/D5616AQG7VbngVqNvMA/profile-displaybackgroundimage-shrink_200_800/profile-displaybackgroundimage-shrink_200_800/0/1689713763126?e=2147483647&v=beta&t=IxnV3C6J-0Xdoa-e6dA7jWx5UR2OxPPXufcg613RQjE",
    "profile_photo": "https://media.licdn.com/dms/image/v2/D5603AQFeVATp-0bVvA/profile-displayphoto-shrink_200_200/profile-displayphoto-shrink_200_200/0/1689658372784?e=2147483647&v=beta&t=sawnvNSBwlmY2EU000lh86Z0_gPRcLTApnSTVeaQGLQ",
    "headline": "",
    "location": "1K followers\n          \n              500+ connections",
    "about": "",
    "experience": [],
    "education": [],
    "articles": [],
    "description": {
      "description1": "Stanford Artificial Intelligence Laboratory (SAIL)",
      "description1_link": "https://www.linkedin.com/company/stanford-ai-lab?trk=public_profile_topcard-current-company",
      "description2": "Stanford University",
      "description2_link": "https://www.linkedin.com/school/stanford-university/?trk=public_profile_topcard-school",
      "description3": ""
    },
    "activities": [],
    "volunteering": [
      {
        "company_url": "https://www.linkedin.com/company/sewa-international-usa?trk=public_profile_volunteering-position_profile-section-card_image-click",
        "company_position": "Computer Science Teacher",
        "company_name": "SEWA International USA",
        "company_duration": "",
        "starts_at": "May 2020",
        "ends_at": "Jun 2023"
      }
    ],
    "certification": [],
    "people_also_viewed": [
      {
        "link": "https://www.linkedin.com/in/anvisha?trk=public_profile_browsemap-profile",
        "name": "Anvisha Pai",
        "summary": "",
        "location": "New York, NY"
      },
      {
        "link": "https://www.linkedin.com/in/alexisohanian?trk=public_profile_browsemap-profile",
        "name": "Alexis Ohanian Sr.",
        "summary": "Founder at 7\ufe0f\u20e37\ufe0f\u20e36\ufe0f\u20e3",
        "location": "Miami-Fort Lauderdale Area"
      },
      {
        "link": "https://www.linkedin.com/in/ivelinatanasoffivanov?trk=public_profile_browsemap-profile",
        "name": "Ivelin Ivanov",
        "summary": "",
        "location": "Austin, TX"
      },
      {
        "link": "https://www.linkedin.com/in/nick-spanos?trk=public_profile_browsemap-profile",
        "name": "Nick Spanos",
        "summary": "",
        "location": "New York, NY"
      },
      {
        "link": "https://www.linkedin.com/in/romeyb?trk=public_profile_browsemap-profile",
        "name": "Romey Beseiso \ud83d\udcad",
        "summary": "",
        "location": "Tampa, FL"
      },
      {
        "link": "https://www.linkedin.com/in/iricklevine?trk=public_profile_browsemap-profile",
        "name": "Rick Levine",
        "summary": "",
        "location": "Saugerties, NY"
      },
      {
        "link": "https://www.linkedin.com/in/ipozin?trk=public_profile_browsemap-profile",
        "name": "Ilya Pozin",
        "summary": "Founder & CEO of Telly | Previously, Co-Founder of Pluto TV",
        "location": "Los Angeles Metropolitan Area"
      },
      {
        "link": "https://www.linkedin.com/in/stephenmeade?trk=public_profile_browsemap-profile",
        "name": "Stephen Meade",
        "summary": "",
        "location": "Beverly Hills, CA"
      },
      {
        "link": "https://www.linkedin.com/in/alexorlowski?trk=public_profile_browsemap-profile",
        "name": "Alexandre Orlowski",
        "summary": "Founder, The Agents Club",
        "location": "New York, NY"
      },
      {
        "link": "https://www.linkedin.com/in/iambrianchristensen?trk=public_profile_browsemap-profile",
        "name": "Brian Christensen",
        "summary": "",
        "location": "Draper, UT"
      }
    ],
    "similar_profiles": [
      {
        "link": "https://www.linkedin.com/in/krishparikh?trk=public_profile_samename-profile",
        "name": "Krish Parikh",
        "summary": "",
        "location": "San Francisco, CA"
      },
      {
        "link": "https://www.linkedin.com/in/krish-parikh-8a46a828a?trk=public_profile_samename-profile",
        "name": "Krish Parikh",
        "summary": "--Business, Technology, and Entrepreneurship @ NYU Stern",
        "location": "Scotch Plains, NJ"
      },
      {
        "link": "https://www.linkedin.com/in/krishparikh9?trk=public_profile_samename-profile",
        "name": "Krish Parikh",
        "summary": "Computer Science Honors + Canfield Business Honors (CSB) @ UT Austin",
        "location": "Dallas-Fort Worth Metroplex"
      },
      {
        "link": "https://www.linkedin.com/in/krish-p-parikh?trk=public_profile_samename-profile",
        "name": "Krish Parikh",
        "summary": "Honors ECE & Canfield Business Honors @ UT Austin",
        "location": "Frisco, TX"
      }
    ],
    "recommendations": [],
    "publications": [],
    "courses": [],
    "languages": [],
    "organizations": [],
    "projects": [],
    "awards": [
      {
        "name": "TreeHacks First Place Grand Prize",
        "organization": "TreeHacks",
        "duration": "Feb 2024",
        "summary": "Led the first all-freshmen team in TreeHacks history to win first place among 1,124 competitors. We also scored round-trip tickets to Tokyo by winning the Reazon Holdings award."
      },
      {
        "name": "Lam Research Scholarship",
        "organization": "Lam Research Corporation",
        "duration": "Jun 2023",
        "summary": "$10,000 scholarship for extraordinary achievement. Awarded to 11 from 5,250 graduating seniors."
      },
      {
        "name": "National Merit Scholarship Finalist",
        "organization": "National Merit Scholarship Corporation",
        "duration": "Jun 2023",
        "summary": "$2,500 scholarship for academic excellence. Awarded to the 99th percentile of 1.5 million PSAT examinees."
      },
      {
        "name": "President's Volunteer Service Award",
        "organization": "AmeriCorps",
        "duration": "Nov 2021",
        "summary": "Recognized for 100+ volunteer hours."
      }
    ],
    "score": []
  }
]