[
  {
    "fullName": "Liangze Li",
    "linkedin_internal_id": "766399339",
    "first_name": "Liangze",
    "last_name": "Li",
    "public_identifier": "cterdam",
    "background_cover_image_url": "https://static.licdn.com/aero-v1/sc/h/5q92mjc5c51bjlwaj3rs9aa82",
    "profile_photo": "https://media.licdn.com/dms/image/v2/D5603AQFniucXAPif2w/profile-displayphoto-shrink_200_200/profile-displayphoto-shrink_200_200/0/1724899314595?e=2147483647&v=beta&t=dMnEw9T_BPNCv1xHcRO4nriwbfaN1y2iECgJH2j9E58",
    "headline": "",
    "location": "2K followers\n          \n              500+ connections",
    "about": "I'm involved in AI research and startups. Ask me anything & let's connect!",
    "experience": [],
    "education": [],
    "articles": [],
    "description": {
      "description1": "Google DeepMind",
      "description1_link": "https://uk.linkedin.com/company/googledeepmind?trk=public_profile_topcard-current-company",
      "description2": "Carnegie Mellon University School of Computer Science",
      "description2_link": "https://www.linkedin.com/school/cmuscs/?trk=public_profile_topcard-school",
      "description3": ""
    },
    "activities": [
      {
        "link": "https://www.linkedin.com/posts/anna-leonenko_happy-birthday-our-aiml-conversations-meetup-activity-7252339699246055425-PiO0",
        "image": "https://static.licdn.com/aero-v1/sc/h/53n89ecoxpr1qrki1do3alazb",
        "title": "Happy Birthday, our AI/ML Conversations meetup!",
        "activity": "Liked by Liangze Li"
      },
      {
        "link": "https://www.linkedin.com/posts/yooni-choi_newbeginnings-machinelearning-datascience-activity-7239023501251137537-wpSs",
        "image": "https://media.licdn.com/dms/image/v2/D4E22AQFYolcj_UqeOw/feedshare-shrink_2048_1536/feedshare-shrink_2048_1536/0/1725917696675?e=2147483647&v=beta&t=CtDuQwfP-q8NhY3Oj0b_MYAA8H-4aqJHc9P17pgA1pw",
        "title": "\ud83c\udf89 I'm thrilled to share that I have joined Instacart as a Machine Learning Engineer II on the Logistics Intelligence team! \ud83c\udf89\n\nIn July, I opened up\u2026",
        "activity": "Liked by Liangze Li"
      },
      {
        "link": "https://www.linkedin.com/posts/graham-neubig-10b41616b_all-hands-ai-activity-7237497800769314817--64i",
        "image": "https://static.licdn.com/aero-v1/sc/h/53n89ecoxpr1qrki1do3alazb",
        "title": "Excited to announce All Hands AI has fundraised $5M to accelerate development of open-source AI agents for developers! I'm looking forward to further\u2026",
        "activity": "Liked by Liangze Li"
      },
      {
        "link": "https://www.linkedin.com/posts/kateryna-shapovalenko-72541b125_cortextype-typing-with-your-mind-activity-7175509157427453952-4YV6",
        "image": "https://media.licdn.com/dms/image/sync/v2/D4E27AQFXed9uGwtjUw/articleshare-shrink_800/articleshare-shrink_800/0/1712074990916?e=2147483647&v=beta&t=d3OGuze1GUaKnHC0RmSvTM7-6DFaGxfJK1FEER9Gg38",
        "title": "Imagine typing with your thoughts. \n\nSpent spring break at the Neureality hackathon hosted by Columbia University. \n\nWith great teammates Joanna Qiao\u2026",
        "activity": "Liked by Liangze Li"
      },
      {
        "link": "https://www.linkedin.com/posts/mercy-eze_tapia2022-computing-activity-6975328228219510784-hzo5",
        "image": "https://media.licdn.com/dms/image/v2/C5622AQEQmqFTHraSrQ/feedshare-shrink_800/feedshare-shrink_800/0/1663047842577?e=2147483647&v=beta&t=0up_3A1GhZHDmmkVAb7c-v7Vb0P1ORFsgzTbaTxWQLY",
        "title": "Initially, I didn't think I deserved the privilege to attend this event. However, I am now more appreciative of the excellent opportunity to witness\u2026",
        "activity": "Liked by Liangze Li"
      }
    ],
    "volunteering": [],
    "certification": [],
    "people_also_viewed": [
      {
        "link": "https://www.linkedin.com/in/davidodunayo?trk=public_profile_browsemap-profile",
        "name": "Seun Odun-Ayo",
        "summary": "",
        "location": "Atlanta, GA"
      },
      {
        "link": "https://www.linkedin.com/in/danieladea?trk=public_profile_browsemap-profile",
        "name": "Daniel Adea",
        "summary": "Product Manager at Microsoft",
        "location": "Los Angeles Metropolitan Area"
      },
      {
        "link": "https://www.linkedin.com/in/palmer-cluff-04ba13b6?trk=public_profile_browsemap-profile",
        "name": "Palmer Cluff",
        "summary": "",
        "location": "Portland, OR"
      },
      {
        "link": "https://www.linkedin.com/in/amruthagujjar?trk=public_profile_browsemap-profile",
        "name": "Amrutha Gujjar",
        "summary": "",
        "location": "San Francisco, CA"
      },
      {
        "link": "https://www.linkedin.com/in/vindulajayawardana?trk=public_profile_browsemap-profile",
        "name": "Vindula Jayawardana",
        "summary": "",
        "location": "Cambridge, MA"
      },
      {
        "link": "https://www.linkedin.com/in/machinelearner2334?trk=public_profile_browsemap-profile",
        "name": "George Lugo",
        "summary": "",
        "location": "Los Angeles, CA"
      },
      {
        "link": "https://www.linkedin.com/in/winterdeveloper?trk=public_profile_browsemap-profile",
        "name": "Andrew Winter",
        "summary": "",
        "location": "Greater Tampa Bay Area"
      },
      {
        "link": "https://www.linkedin.com/in/pracheer?trk=public_profile_browsemap-profile",
        "name": "Pracheer Gupta",
        "summary": "",
        "location": "United States"
      },
      {
        "link": "https://www.linkedin.com/in/dishekam?trk=public_profile_browsemap-profile",
        "name": "Disheka Moore",
        "summary": "",
        "location": "Houston, TX"
      },
      {
        "link": "https://www.linkedin.com/in/yashi-suba?trk=public_profile_browsemap-profile",
        "name": "Yashi Suba",
        "summary": "",
        "location": "Seattle, WA"
      }
    ],
    "similar_profiles": [
      {
        "link": "https://no.linkedin.com/in/liliangze?trk=public_profile_samename-profile",
        "name": "Liangze Li",
        "summary": "Full Stack Software Engineer",
        "location": "Norway"
      },
      {
        "link": "https://cn.linkedin.com/in/%E8%89%AF%E6%B3%BD-%E6%9D%8E-43125b181?trk=public_profile_samename-profile",
        "name": "\u674e\u826f\u6cfd",
        "summary": "\u5e7f\u4e1c\u7115\u6cf0\u7535\u529b\u5efa\u8bbe\u6709\u9650\u516c\u53f8 - \u987e\u95ee",
        "location": "Guiyang"
      },
      {
        "link": "https://cn.linkedin.com/in/%E8%89%AF%E6%B3%BD-%E6%9D%8E-6b3024116?trk=public_profile_samename-profile",
        "name": "\u674e\u826f\u6cfd",
        "summary": "--",
        "location": "Guangzhou-Foshan Metropolitan Area"
      },
      {
        "link": "https://cn.linkedin.com/in/%E8%89%AF%E6%B3%BD-%E6%9D%8E-7a9165129?trk=public_profile_samename-profile",
        "name": "\u674e\u826f\u6cfd",
        "summary": "--\u5bbd\u5e26\u88c5\u7ef4",
        "location": "Yibin"
      }
    ],
    "recommendations": [],
    "publications": [],
    "courses": [],
    "languages": [
      {
        "name": "Mandarin",
        "level": "Native or bilingual proficiency"
      },
      {
        "name": "English",
        "level": "Native or bilingual proficiency"
      },
      {
        "name": "Cantonese",
        "level": "Full professional proficiency"
      },
      {
        "name": "Russian",
        "level": "Limited working proficiency"
      }
    ],
    "organizations": [
      {
        "name": "CMU Blackjack Society",
        "position": "Founder, President"
      },
      {
        "name": "Carnegie Mellon University Graduate Student Assembly",
        "position": "Representative"
      },
      {
        "name": "Carnegie Mellon University Kiltie Band",
        "position": "Alt Sax 2"
      },
      {
        "name": "Carnegie Mellon University Student College Executive Committee",
        "position": "President"
      },
      {
        "name": "Carnegie Mellon University Student College",
        "position": "Founder, Lecturer"
      },
      {
        "name": "Pinghe Chamber Orchestra",
        "position": "Alto Sax 2"
      },
      {
        "name": "Pinghe School Philosophy Club",
        "position": "Founder, President"
      }
    ],
    "projects": [],
    "awards": [
      {
        "name": "ARML Global Team Ranking 62",
        "organization": "American Regional Mathematics League",
        "duration": "2016",
        "summary": ""
      }
    ],
    "score": []
  }
]