[
  {
    "fullName": "Ben Cullen",
    "linkedin_internal_id": "246823529",
    "first_name": "Ben",
    "last_name": "Cullen",
    "public_identifier": "ben-n-cullen",
    "background_cover_image_url": "https://media.licdn.com/dms/image/v2/D5616AQF6cpN5vU64qg/profile-displaybackgroundimage-shrink_200_800/profile-displaybackgroundimage-shrink_200_800/0/1736116937968?e=2147483647&v=beta&t=LOYYAiVgpptFY_ZptIma_t4n7nnhqJ2VDcKrkmHA3XY",
    "profile_photo": "https://media.licdn.com/dms/image/v2/C5603AQGA5gfwqyhRrQ/profile-displayphoto-shrink_200_200/profile-displayphoto-shrink_200_200/0/1643682348888?e=2147483647&v=beta&t=6T28F4ttZo4w4o-NKN5R32mkqvHeTp00yo3e7p4aETs",
    "headline": "ML Engineer Intern @ Spot Parking | CS + ML + Strategy @ BYU",
    "location": "2K followers\n          \n              500+ connections",
    "about": "As a full stack engineer with a strong background in AI/ML, I'm passionate about transforming the latest ML advancements into useful software products.My skills include:- Backend development using Typescript and Python - Frontend development using React.js/Next.js and Typescript- Cloud deployment on Amazon Web Services and Google Cloud Platform using Terraform- ML Model training using Pytorch and SK-learn- LLMs & RAG using Pg-vector and OpenAI/Anthropic APIs I also deeply understand how to align software solutions with business objectives, developed through business strategy coursework, hands-on experience in management consulting, and being a founding or early employee at multiple startups.",
    "experience": [
      {
        "position": "ML Engineer Intern",
        "company_url": "https://www.linkedin.com/company/spotparking?trk=public_profile_experience-item_profile-section-card_subtitle-click",
        "company_image": "https://media.licdn.com/dms/image/v2/D560BAQGEuhvbwHydBQ/company-logo_100_100/company-logo_100_100/0/1734331561511/spotparking_logo?e=2147483647&v=beta&t=CKM8-IBCt40K06DYdnqPPVgAuK5je8tVpyVCqzHQ2Yw",
        "company_name": "Spot Parking",
        "location": null,
        "summary": "Freeing up parking spaces with machine learning",
        "starts_at": "Jan 2025",
        "ends_at": "Present",
        "duration": "3 months"
      },
      {
        "position": "Gen AI Software Engineer Intern",
        "company_url": "https://www.linkedin.com/company/ncino-inc-?trk=public_profile_experience-item_profile-section-card_subtitle-click",
        "company_image": "https://media.licdn.com/dms/image/v2/D4E0BAQGX58f4C_LS-w/company-logo_100_100/company-logo_100_100/0/1687790424066/ncino_inc__logo?e=2147483647&v=beta&t=av_PZ1SrrrXbQ0GevLA-73oCs-7yXEjnpvBrqOY6xhI",
        "company_name": "nCino, Inc.",
        "location": "Wilmington, North Carolina, United States",
        "summary": "Developed upcoming features for nCino's AI Assistant, Banking Advisor, to enhance banker efficiency by automating routine tasks",
        "starts_at": "May 2024",
        "ends_at": "Dec 2024",
        "duration": "8 months"
      },
      {
        "position": "AI Software Engineer Intern",
        "company_url": "https://mx.linkedin.com/company/nexu-mx?trk=public_profile_experience-item_profile-section-card_subtitle-click",
        "company_image": "https://media.licdn.com/dms/image/v2/C4E0BAQGKtIi4NYdp-w/company-logo_100_100/company-logo_100_100/0/1641231846312/nexu_mx_logo?e=2147483647&v=beta&t=XkD1PVdQHMOo1sXVEHlAERIpEASJ71vrPPJiDosPzF8",
        "company_name": "NEXU",
        "location": "Mexico City, Mexico",
        "summary": "Created I.A.N., an AI phone platform that cut referral verification time by 80% using Python, AWS, and ML models for real-time conversation and data collection",
        "starts_at": "Apr 2024",
        "ends_at": "May 2024",
        "duration": "2 months"
      },
      {
        "position": "Computer Vision Software Engineer",
        "company_url": "https://www.linkedin.com/school/brigham-young-university/?trk=public_profile_experience-item_profile-section-card_subtitle-click",
        "company_image": "https://media.licdn.com/dms/image/v2/C560BAQFRMyoXTVO86A/company-logo_100_100/company-logo_100_100/0/1646864910688/brigham_young_university_logo?e=2147483647&v=beta&t=7wCVzgGXqRR2SvnBZh9yFaakL0sKXrOm1ulCRJMdEsw",
        "company_name": "Brigham Young University",
        "location": "Provo, Utah, United States",
        "summary": "Achieved 99% accuracy in document layout analysis using image transformers, processing documents 64x faster and reducing errors from 140,000 to 100 per million, resulting in $624K cost savings",
        "starts_at": "Jan 2024",
        "ends_at": "Apr 2024",
        "duration": "4 months"
      },
      {
        "position": "Full Stack Software Engineer",
        "company_url": "https://www.linkedin.com/company/choiceguard-insurance-services?trk=public_profile_experience-item_profile-section-card_subtitle-click",
        "company_image": "https://media.licdn.com/dms/image/v2/C560BAQGY2GeUUGg5zg/company-logo_100_100/company-logo_100_100/0/1662267608240?e=2147483647&v=beta&t=kaMXtA4nNGZhNkKFobZw9Nm6CSxS07lqvABMCx9PyZ0",
        "company_name": "ChoiceGuard Insurance Services",
        "location": "Provo, Utah, United States",
        "summary": "Developed a HIPAA-compliant onboarding platform using TypeScript and Next.js that collects 160+ data points in under 10 minutes by using 4 API integrations and user input.Deployed platform to scalable and secure infrastructure on Google Cloud Platform using Terraform that now serves hundreds of users.",
        "starts_at": "May 2023",
        "ends_at": "Sep 2023",
        "duration": "5 months"
      },
      {
        "position": "Founding Software Engineer",
        "company_image": "https://static.licdn.com/aero-v1/sc/h/cs8pjfgyw96g44ln9r7tct85f",
        "company_name": "Calisto Inc",
        "location": "Provo, Utah, United States",
        "summary": "Took company from zero software to a pilot with the 6th largest pest control company in the nation within 5 months while doing school full time. This involved developing a cross-platform mobile app using Flutter, a web dashboard using React.js, firmware using C, and a backend using SQL and Node.js.Also played a role in some key moments for the company such as designing a go to market strategy, optimizing the company's pricing model, and pitching angel investors.",
        "starts_at": "Dec 2021",
        "ends_at": "Jun 2023",
        "duration": "1 year 7 months"
      },
      {
        "position": "Strategy Intern",
        "company_url": "https://www.linkedin.com/company/getweave?trk=public_profile_experience-item_profile-section-card_subtitle-click",
        "company_image": "https://media.licdn.com/dms/image/v2/C560BAQE5qU-CsUolLQ/company-logo_100_100/company-logo_100_100/0/1660170006736?e=2147483647&v=beta&t=qEU8IVItwPc8xFCVUxcxXl4vjjunNDBHamOFggk_V48",
        "company_name": "Weave",
        "location": "Lehi, Utah, United States",
        "summary": "Accelerated software integration development by an expected 2x through the creation of an internal prioritization tool and revamped integration strategy",
        "starts_at": "Aug 2022",
        "ends_at": "Dec 2022",
        "duration": "5 months"
      },
      {
        "position": "Full Stack Software Developer Intern",
        "company_url": "https://www.linkedin.com/company/obeopro?trk=public_profile_experience-item_profile-section-card_subtitle-click",
        "company_image": "https://media.licdn.com/dms/image/v2/D560BAQF93XSxzIi0rQ/company-logo_100_100/company-logo_100_100/0/1736451437066/obeopro_logo?e=2147483647&v=beta&t=p_BmIeu1D236bIvTwGt9Jz4ZHuxYFftVEsR52qLp0Co",
        "company_name": "OBEO Inc.",
        "location": "Sandy, Utah, United States",
        "summary": "Overhauled the platform's ability to support photo editing products, enabling a partnership with a network of 140,000+ real estate agents. Increased worker reliability and trust by creating an automated reminder text system using Twilio and Java.",
        "starts_at": "May 2021",
        "ends_at": "Aug 2021",
        "duration": "4 months"
      },
      {
        "position": "Research Assistant (Machine Learning)",
        "company_url": "https://www.linkedin.com/company/byu-dragnlab?trk=public_profile_experience-item_profile-section-card_subtitle-click",
        "company_image": "https://media.licdn.com/dms/image/v2/C560BAQEjGcifFaQpgQ/company-logo_100_100/company-logo_100_100/0/1630633856828?e=2147483647&v=beta&t=rEJgsxlXBsuFNKqljsSNfRRzGFARkUWxY2tYBler8Po",
        "company_name": "BYU DRAGN Labs",
        "location": "Provo, Utah, United States",
        "summary": "Coauthored academic paper published at AAAI-22 Conference (15% acceptance rate) on improving the quality of AI text generation by up to 1.9x using knowledge graphs",
        "starts_at": "May 2020",
        "ends_at": "Jan 2021",
        "duration": "9 months"
      },
      {
        "position": "Software Engineer Intern",
        "company_url": "https://www.linkedin.com/company/focal-point-technologies?trk=public_profile_experience-item_profile-section-card_subtitle-click",
        "company_image": "https://static.licdn.com/aero-v1/sc/h/cs8pjfgyw96g44ln9r7tct85f",
        "company_name": "Focal Point Technologies",
        "location": "Reston, Virginia, United States",
        "summary": "Architected critical features and optimizations for an iOS AR application, achieving 70% performance improvement, and developed a robust object detection system that reached 90% accuracy on custom objects for robotics applications.",
        "starts_at": "Sep 2019",
        "ends_at": "Aug 2020",
        "duration": "1 year"
      },
      {
        "position": "Software Engineer Intern",
        "company_url": "https://www.linkedin.com/company/focal-point-technologies?trk=public_profile_experience-item_profile-section-card_subtitle-click",
        "company_image": "https://static.licdn.com/aero-v1/sc/h/cs8pjfgyw96g44ln9r7tct85f",
        "company_name": "Focal Point Technologies",
        "location": "Reston, Virginia, United States",
        "summary": "Built a location-based mobile game, implementing player inventory tracking and cross-platform compatibility while mastering software engineering fundamentals",
        "starts_at": "Jun 2017",
        "ends_at": "Aug 2017",
        "duration": "3 months"
      }
    ],
    "education": [
      {
        "college_url": "https://www.linkedin.com/school/brigham-young-university/?trk=public_profile_school_profile-section-card_image-click",
        "college_name": "Brigham Young University",
        "college_image": "https://media.licdn.com/dms/image/v2/C560BAQFRMyoXTVO86A/company-logo_100_100/company-logo_100_100/0/1646864910688/brigham_young_university_logo?e=2147483647&v=beta&t=7wCVzgGXqRR2SvnBZh9yFaakL0sKXrOm1ulCRJMdEsw",
        "college_degree": "Bachelor's degree",
        "college_degree_field": "Computer Science: Data Science Emphasis",
        "college_duration": " - ",
        "college_activity": "- GPA 3.98/4.0- 4x Dean's List (top 5% of class)- Coauthored LLM research paper published at AAAI (15% acceptance)- Crocker Fellow, Levinthal Fellow (select entrepreneurship programs)"
      },
      {
        "college_url": "https://www.linkedin.com/school/byumarriott/?trk=public_profile_school_profile-section-card_image-click",
        "college_name": "Brigham Young University Marriott School of Business",
        "college_image": "https://media.licdn.com/dms/image/v2/D560BAQGfj_jImN4Z0g/company-logo_100_100/company-logo_100_100/0/1730839722258/byumarriott_logo?e=2147483647&v=beta&t=fUbd31bIfCfz1tQqrOUiy41gUq19cAVWNX5_LWwu4XQ",
        "college_degree": "Minor",
        "college_degree_field": "Business Strategy",
        "college_duration": " - ",
        "college_activity": ""
      }
    ],
    "articles": [],
    "description": {
      "description1": "Spot Parking",
      "description1_link": "https://www.linkedin.com/company/spotparking?trk=public_profile_topcard-current-company",
      "description2": "Brigham Young University",
      "description2_link": "https://www.linkedin.com/school/brigham-young-university/?trk=public_profile_topcard-school",
      "description3": "Portfolio",
      "description3_link": "https://www.linkedin.com/redir/redirect?url=https%3A%2F%2Fgithub%2Ecom%2Fbencullenn&urlhash=qh5F&trk=public_profile_topcard-website"
    },
    "activities": [
      {
        "link": "https://www.linkedin.com/posts/justinnorwood_there-are-times-in-your-career-when-you-get-activity-7301327612998569985-VFN2",
        "image": "https://media.licdn.com/dms/image/v2/D4E22AQFBw9BT_nbQZw/feedshare-shrink_800/B4EZVOGxJEGwAg-/0/1740772153665?e=2147483647&v=beta&t=EvJnf08OAdCG8VlpJub3WAKINGaOXgQ53TSK1Uul5B8",
        "title": "There are times in your career when you get a rare second to catch your breath and reflect. Today is one of those days when I was afforded the luxury\u2026",
        "activity": "Liked by Ben Cullen"
      },
      {
        "link": "https://www.linkedin.com/posts/joshua-daniels04_live-smpl-activity-7301365433083842561-b5U0",
        "image": "https://static.licdn.com/aero-v1/sc/h/53n89ecoxpr1qrki1do3alazb",
        "title": "Just pumped! \ud83d\ude0e\n\nI was at lunch today for my dad's birthday when the waiter asked if I wanted my receipt.\n\nI said, \"No, I\u2019m good, thank you.\"\n\nThen I\u2026",
        "activity": "Liked by Ben Cullen"
      },
      {
        "link": "https://www.linkedin.com/posts/ian-jackson-b67b39288_ian-j-porfolio-activity-7301327303748263937-3j8K",
        "image": "https://static.licdn.com/aero-v1/sc/h/53n89ecoxpr1qrki1do3alazb",
        "title": "After a lot of hard work and dedication, I\u2019m thrilled to officially launch my brand-new portfolio website! \ud83c\udf89\n\nThis site is a showcase of my journey,\u2026",
        "activity": "Liked by Ben Cullen"
      },
      {
        "link": "https://www.linkedin.com/posts/ujjwalgupta-_hacklytics2025-hackathon-ai-activity-7301326024628154368-G4LU",
        "image": "https://media.licdn.com/dms/image/v2/D5622AQFMyOYBEbXaDA/feedshare-shrink_800/B56ZVOFUogGsAg-/0/1740771774984?e=2147483647&v=beta&t=xJyolbzouhVR0ypIKAbDYDYZWnmNXvVpoW-uISSt33U",
        "title": "This weekend, I participated in Hacklytics 2025, organized by Georgia Institute of Technology!\nFrom brainstorming groundbreaking ideas to late-night\u2026",
        "activity": "Liked by Ben Cullen"
      },
      {
        "link": "https://www.linkedin.com/posts/anirudhhramesh_ill-be-joining-start-hack-2025-with-a-giga-activity-7301259699704725508-0HDk",
        "image": "https://media.licdn.com/dms/image/v2/D4E22AQGA35GFQB5Zkg/feedshare-shrink_800/B4EZVNI_2PH0Ak-/0/1740755962427?e=2147483647&v=beta&t=CRw3QeKRm3IdOQdrT57NP3WbhDj7nGGTOzIrwnEJXS0",
        "title": "I\u2019ll be joining Start Hack 2025, with a giga cracked team:\n- Kacper (Optiver, IBM Research, Citadel)\n- Simon (Optiver, Nvidia, Palantir)\n- Georg\u2026",
        "activity": "Liked by Ben Cullen"
      },
      {
        "link": "https://www.linkedin.com/posts/justbuild-ing_announcing-our-2-hour-multi-modal-ai-hackathon-activity-7300977314635362304-1P79",
        "image": "https://media.licdn.com/dms/image/v2/D5622AQHBQRKseC3Mpg/feedshare-shrink_800/B56ZVJILRkGQAg-/0/1740688636310?e=2147483647&v=beta&t=oF3Z9BciqCMAy5iX-1zr2efYI0AK3DT5G7hr7lc7amE",
        "title": "Announcing our 2 Hour Multi-Modal AI Hackathon on March 8th with Cerebras Systems & Sameday in Pleasant Grove, Utah! \ud83d\ude80\n\nCome eat dinner, find a\u2026",
        "activity": "Liked by Ben Cullen"
      },
      {
        "link": "https://www.linkedin.com/posts/nathan-covey_i-dont-think-many-people-understand-what-activity-7300879739026624514-8pln",
        "image": "https://static.licdn.com/aero-v1/sc/h/53n89ecoxpr1qrki1do3alazb",
        "title": "I don't think many people understand what is happening in software development right now.\n\nI have a few friends with computer science degrees\u2026",
        "activity": "Liked by Ben Cullen"
      },
      {
        "link": "https://www.linkedin.com/posts/jordan-zietz_hiring-social-swe-activity-7299929237719793664-8kH5",
        "image": "https://media.licdn.com/dms/image/v2/D4E22AQE3qH3mA96l4Q/feedshare-shrink_800/B4EZU6O8sgH0Ag-/0/1740438755294?e=2147483647&v=beta&t=9yflLglFPY_kRaK7Buau0NGuhzhxXh-DZEKEpM3wAgU",
        "title": "Our hiring process at Confetti is wild.\n\nFirst, you\u2019ll meet our team. We\u2019re not just evaluating technical talent\u2014we\u2019re looking for people who are in\u2026",
        "activity": "Liked by Ben Cullen"
      },
      {
        "link": "https://www.linkedin.com/posts/brianwalkerproductmanager_i-joined-microsoft-although-i-am-fully-activity-7300695660238946305-E1VA",
        "image": "https://media.licdn.com/dms/image/v2/D5622AQHC7DRfnPwlxA/feedshare-shrink_2048_1536/B56ZVFIAwsGsAo-/0/1740621484333?e=2147483647&v=beta&t=On_TZWsMV7OlV6vg5EyZ-ePbou27voEPBmbz2sXr1zk",
        "title": "I joined Microsoft \ud83e\udd73\n\nAlthough I am fully remote, It\u2019s been exciting exploring the Seattle campus, and I hope our team gets together again soon!\n\nI\u2026",
        "activity": "Liked by Ben Cullen"
      },
      {
        "link": "https://www.linkedin.com/posts/wojciech-b%C5%82aszak11_we-just-launched-v0-of-authed-check-it-activity-7300498619760021504-xBaq",
        "image": "https://media.licdn.com/dms/image/v2/D4D22AQEgJhArmSTPxw/feedshare-shrink_800/B4DZVCTDJmGcAg-/0/1740574047501?e=2147483647&v=beta&t=M4mXU6DtfY3dihFGHXCPHVY__3m64rsJq9UYaO4MW0A",
        "title": "We just launched v0 of Authed! (check it out!)\n\nToday's AI agents are forced to impersonate humans - browsing through UIs, handling password flows\u2026",
        "activity": "Liked by Ben Cullen"
      },
      {
        "link": "https://www.linkedin.com/posts/dylan-allen_it-feels-so-cool-to-have-thousands-of-people-activity-7300653486449311745-Al5m",
        "image": "https://static.licdn.com/aero-v1/sc/h/53n89ecoxpr1qrki1do3alazb",
        "title": "It feels so cool to have thousands of people across the US using your product. What the.",
        "activity": "Liked by Ben Cullen"
      },
      {
        "link": "https://www.linkedin.com/posts/gaurav-govindwani_machinelearning-cloudcomputing-rag-activity-7300382616472432640-blI7",
        "image": "https://media.licdn.com/dms/image/v2/D5622AQFlhXdyZcY4Uw/feedshare-shrink_800/B56ZVArTPwHoAk-/0/1740546848148?e=2147483647&v=beta&t=d2sx1v7AogAbLeRSI8rAHfBLlEZ26U1XFcOb9NbZJjc",
        "title": "Last week I decided to learn something new and I decided to learn more about AWS services. I decided I would build a simple RAG based chatbot on AWS.\u2026",
        "activity": "Liked by Ben Cullen"
      },
      {
        "link": "https://www.linkedin.com/posts/socratesj-osorio_treehacks-ai-healthcareinnovation-activity-7300314555455361026-MOi7",
        "image": "https://media.licdn.com/dms/image/v2/D4E22AQG-F8vpM7RE7w/feedshare-shrink_800/B4EZU_tMw5HMAg-/0/1740530610170?e=2147483647&v=beta&t=lb3-FGCwp_LRnebTbKFEyktS8ZQyKAQfhpQIdQQcKxM",
        "title": "Ever wonder what your heart \ud83e\udec0 looks like in 3D and how healthy it is? We built an app that does exactly that, and it won us the Most Impactful Grand\u2026",
        "activity": "Liked by Ben Cullen"
      }
    ],
    "volunteering": [
      {
        "company_url": "https://www.linkedin.com/company/the-church-of-jesus-christ-of-latter-day-saints--?trk=public_profile_volunteering-position_profile-section-card_image-click",
        "company_position": "Full Time Representative, Mission Technology Specialist, Vehicle Coordinator",
        "company_name": "The Church of Jesus Christ of Latter-day Saints",
        "company_duration": "",
        "starts_at": "Aug 2017",
        "ends_at": "Sep 2019"
      }
    ],
    "certification": [],
    "people_also_viewed": [
      {
        "link": "https://www.linkedin.com/in/amol-sakhale?trk=public_profile_browsemap-profile",
        "name": "Amol Annasaheb Sakhale",
        "summary": "",
        "location": "McKinney, TX"
      },
      {
        "link": "https://www.linkedin.com/in/samarthjmodi?trk=public_profile_browsemap-profile",
        "name": "Samarth Modi",
        "summary": "",
        "location": "Greater Seattle Area"
      },
      {
        "link": "https://www.linkedin.com/in/samjkwong?trk=public_profile_browsemap-profile",
        "name": "Samuel Kwong",
        "summary": "",
        "location": "Mountain View, CA"
      },
      {
        "link": "https://www.linkedin.com/in/hitarthk?trk=public_profile_browsemap-profile",
        "name": "Hitarth Kanakia",
        "summary": "",
        "location": "Sunnyvale, CA"
      },
      {
        "link": "https://www.linkedin.com/in/malik-saafir?trk=public_profile_browsemap-profile",
        "name": "Malik Saafir",
        "summary": "",
        "location": "Atlanta, GA"
      },
      {
        "link": "https://www.linkedin.com/in/mittalgautam?trk=public_profile_browsemap-profile",
        "name": "Gautam Mittal",
        "summary": "",
        "location": "San Francisco, CA"
      },
      {
        "link": "https://www.linkedin.com/in/shilpa-thomas?trk=public_profile_browsemap-profile",
        "name": "Shilpa Thomas",
        "summary": "",
        "location": "Cupertino, CA"
      },
      {
        "link": "https://www.linkedin.com/in/guanhua-wang?trk=public_profile_browsemap-profile",
        "name": "Guanhua Wang",
        "summary": "",
        "location": "Bellevue, WA"
      },
      {
        "link": "https://www.linkedin.com/in/parulgupta04?trk=public_profile_browsemap-profile",
        "name": "Parul Gupta",
        "summary": "Engineering @ Meta",
        "location": "United States"
      },
      {
        "link": "https://www.linkedin.com/in/madhavipraturi?trk=public_profile_browsemap-profile",
        "name": "Madhavi Praturi",
        "summary": "",
        "location": "Albuquerque, NM"
      },
      {
        "link": "https://www.linkedin.com/in/gunjan-gupta92?trk=public_profile_browsemap-profile",
        "name": "Gunjan Gupta",
        "summary": "",
        "location": "Chicago, IL"
      },
      {
        "link": "https://www.linkedin.com/in/mhuang22?trk=public_profile_browsemap-profile",
        "name": "Michael Huang",
        "summary": "",
        "location": "New York City Metropolitan Area"
      },
      {
        "link": "https://www.linkedin.com/in/sumanvid97?trk=public_profile_browsemap-profile",
        "name": "Videsh Suman",
        "summary": "",
        "location": "San Francisco Bay Area"
      },
      {
        "link": "https://www.linkedin.com/in/ziqi-tang-cs-sde?trk=public_profile_browsemap-profile",
        "name": "Ziqi Tang",
        "summary": "",
        "location": "San Mateo, CA"
      },
      {
        "link": "https://www.linkedin.com/in/huiyuanr?trk=public_profile_browsemap-profile",
        "name": "Huiyuan Ren",
        "summary": "",
        "location": "San Jose, CA"
      },
      {
        "link": "https://www.linkedin.com/in/maazsirkhot?trk=public_profile_browsemap-profile",
        "name": "Maaz Sirkhot",
        "summary": "",
        "location": "San Francisco Bay Area"
      },
      {
        "link": "https://www.linkedin.com/in/annieliusc?trk=public_profile_browsemap-profile",
        "name": "Annie Li",
        "summary": "",
        "location": "Santa Clara, CA"
      },
      {
        "link": "https://www.linkedin.com/in/nikhitasingh08?trk=public_profile_browsemap-profile",
        "name": "Nikhita Singh",
        "summary": "",
        "location": "Framingham, MA"
      },
      {
        "link": "https://www.linkedin.com/in/dikshaboruah?trk=public_profile_browsemap-profile",
        "name": "Diksha Baruah",
        "summary": "",
        "location": "Mountain View, CA"
      },
      {
        "link": "https://www.linkedin.com/in/moustafa-a-galal?trk=public_profile_browsemap-profile",
        "name": "Moustafa Bahnasawy",
        "summary": "Software Engineer II at Microsoft",
        "location": "Seattle, WA"
      }
    ],
    "similar_profiles": [
      {
        "link": "https://www.linkedin.com/in/ben-c-a9a098a?trk=public_profile_samename-profile",
        "name": "Ben C.",
        "summary": "Psychotherapist, Counselor, Coach",
        "location": "Oakland, CA"
      },
      {
        "link": "https://www.linkedin.com/in/ben-cullen?trk=public_profile_samename-profile",
        "name": "Ben Cullen",
        "summary": "",
        "location": "Kansas City, MO"
      },
      {
        "link": "https://www.linkedin.com/in/ben-cullen-?trk=public_profile_samename-profile",
        "name": "Ben Cullen",
        "summary": "Registered Behavior Technician | Child Development Advocate | Advancing Mental Health Solutions",
        "location": "Jacksonville, FL"
      },
      {
        "link": "https://www.linkedin.com/in/beancuke?trk=public_profile_samename-profile",
        "name": "Ben Cullen-Kerney",
        "summary": "",
        "location": "Portland, Oregon Metropolitan Area"
      }
    ],
    "recommendations": [],
    "publications": [
      {
        "name": "Enhanced Story Comprehension for Large Language Models through Dynamic Document-Based Knowledge Graphs",
        "sub_title": "AAAI 2022 Conference",
        "summary": "Outlines method for increasing quality of AI generated text in long turn conversations by up to 1.9x by using knowledge graphs",
        "date": "",
        "link": "https://www.linkedin.com/redir/redirect?url=https%3A%2F%2Fojs%2Eaaai%2Eorg%2Findex%2Ephp%2FAAAI%2Farticle%2Fview%2F21286&urlhash=EOn3&trk=public_profile_publication-title"
      }
    ],
    "courses": [],
    "languages": [],
    "organizations": [],
    "projects": [
      {
        "title": "Room Swap",
        "duration": "Jul 2021 - Feb 2022"
      },
      {
        "title": "Ryft Cam",
        "duration": "Oct 2021 - Dec 2021"
      }
    ],
    "awards": [],
    "score": []
  }
]