{
  "title": "The Golden Honor Roll\n            \n            \n                \n                    - Student Philanthropy",
  "meta_description": "",
  "main_content": "So far during the 2023\u201324 school year, over 190 students have pledged to Keep Cal Golden by giving back to the on-campus causes of their choice. We are so thankful for each and every one of our student supporters! Sort by first name Aananya Lakhani Aashika Nair Aayush Raj Aayushi Jain Abby Wang Abigail Yu Adam Coker Agnese Sanavio Aidan Rickert Alexander Ng Alexander Tam Allison Lin Alvin Li Ameya Patkar Anant Ayyar Anastasia Mileeva Anayeli Ramirez Leon Anders Voss Andrew Gabagat Andrew Hiranprasitikul Andy Chen Antonio Herrera Arthur Rodrigues Baruzzi Lopes Ash Sanjeev Atharva Keni Audrey Cui Ava Daniels Avinash Srikanth Avni Vachhani Babbs McCourt Becca Blanchard Ben Heick Bhavita Peddi Billy Ou Brandon Wong Brian Debisschop Brian Huynh Brian Leong Brian Zheng Brooke Soobrian Calvin Lee Cameron Robie Candace Wong Carlos Norena Charles Su Cheryl Wang Colin O'Brien Colin Suits Daniel Cabrera Daniel Grover Daniel Richards David Kim David Tan Derek Yu Diego Montesinos Dimple Amitha Garuadapuri Divya Krishnan Dulanya Cooray Elena Liu Eli Contreras Elias Pedroza Elif Ersoz Elise Fan Ella Kaufman Emilio Navarro Rangel Emily Harris Eric Kang Ethan Kang Frances Chai Francisco Manriquez Gerardo Oleynick Griffin Zajac Gursimar Kaur Kohli Guru Rajesh Hansen Jin Henry Morse Heyuan Ni Ian Leifer Indra Deshmukh Irem Kurtdemir Ivy Sim Jack Dinsmore Jackie Dai Jackson Hilton Jacob Spiegel Jae Won Hwang James Ghirardo Jason Khatkar Jenna Kreedman Jenna Samonte Jenny Kim Jeremy Huang Jerrick Wang Jess Kammeyer Jiaqi Tang Jingyuan Chen Joe Domke John Cavanaugh John Dang Johnny Luu Jonah Henry Jonathan Ji Joshua Choi Judith No Julia Campbell Junha Yang Kami Seiki Kamran Samudrala Karson Du Katelyn Sotelo Katya Panchenko Kayla Le Kayla Lowenberg Kelly Medina Kerry Pan Khai Sam Khrislenn Destiny Garino Kiera Fulton Koa Lee Kobey Cheung Kylie Akiyama Kylie Bell Kyra Allen Lance Quinones Liam Johnson Lilah Navale Lu Guo Maddy Esses Madeleine Ren Mahi Ganatra Malia Wilson Mallika Parulekar Marlo De La Mora Martin Bozikovic Matthieu Bourdeau De Fontenay Megan Merrifield Melodie Cin Menooa Avrand Mia Mastrov Michael de Campos-Inkster Mirwais Lodin Mittie Abart Natalie Nguyen Nathan Ostermann Nethra Narasimhan Nicholas Brogle Nicole Byon Nicole Parker Nihal Gulati Nikolay Petukhov Noah Rojas-Domke Oliver Ni Omar Cochinwala Osmond Bates Parth Behani Pranav Muralikrishnan Quetzalli Orta Quinn Deshler Radhe Patel Radhika Agarwal Rajveer Dhingra Ricardo Cano Richard Wei Ryan Lee Ryan Zheng Ryssa Angelica Malibiran Samuel Kim Saniya Shrotriya Sareena Sandhu Sarina Lin Sean Yang Seong Jae Ahn Sequoia Taylor Shervin Goudarzi Shipransh Agrawal Shiyi Yuan Shreya Ramesh Shreyas Patel Shruthi Ganesh Simran Kaur Khahira Sohan Jayanth Soliana Yohannes Steven Castanon Suraj Kura Sydney Roberts Taeyoung Kang Tanvi Deshpande Tosca Sigismondi-Rothman Trinity Chung Varun Shah Yeiji Lee Yiya Wang Zachary Slonim Student donors listed are from July 1, 2023 through November 13, 2024. We update the honor roll on a monthly basis.",
  "links": [],
  "images": []
}