{
  "title": "Parth Behani - Co-Engineering Director  at Uc Berkeley Solar Vehicle Team, Calsol - Wiza",
  "meta_description": "View Parth Behani's email address (p*****@berkel***.edu) and phone number. Parth works at Uc Berkeley Solar Vehicle Team, Calsol as Co-Engineering Director . Parth is based out of Berkeley, California, United States and works in the Motor Vehicle Manufacturing industry.",
  "main_content": "Solutions Solutions Sales Find validated prospect information Recruiting Source candidate contact information Marketing Build targeted custom audiences API Realtime data with API calls Managed Services Let our team do the heavy lifting How it works Watch a helpful video on Wiza and how to get the most out of it Watch video Resources Support Line Knowledge base Find an answer for a question Support Get in touch with our team Learn & Grow Blog Helpful ideas to succeed in sales Watch our demo See Wiza in action Book a meeting Get a 1 on 1 product tour Pricing Get a demo Get started for free Log in Log in Sign up One more step Please complete the security check to access this page. Submit The future of prospecting \u00a9 2025 Wiza \u201cWiza is a sales prospecting & engagement platform.\u201d hello@wiza.co Solutions Wiza for Sales Wiza for Recruiting API Integrations Pricing Get a demo Resources Blog Knowledge base Support Status Free email finder Free email verifier Company directory Company Feature Requests Changelog Become an affiliate Terms of service Privacy policy Vulnerability disclosure Opt out Disclaimer: Wiza, Inc is not affiliated, associated, authorized, endorsed by, or in any way officially connected with Microsoft or LinkedIn, or any of their subsidiaries or affiliates. The name LinkedIn, as well as related names, marks, logos, emblems, and images are registered trademarks of their respective owners.",
  "links": [
    {
      "url": "/",
      "text": ""
    },
    {
      "url": "/",
      "text": ""
    },
    {
      "url": "/sales",
      "text": "SalesFind validated prospect information"
    },
    {
      "url": "/recruiting",
      "text": "RecruitingSource candidate contact information"
    },
    {
      "url": "/marketing",
      "text": "MarketingBuild targeted custom audiences"
    },
    {
      "url": "/wiza-api",
      "text": "APIRealtime data with API calls"
    },
    {
      "url": "/managed-services",
      "text": "Managed ServicesLet our team do the heavy lifting"
    },
    {
      "url": "/watch-demo",
      "text": "How it worksWatch a helpful video on Wiza and how to get the most out of itWatch video"
    },
    {
      "url": "https://help.wiza.co/",
      "text": "Knowledge baseFind an answer for a question"
    },
    {
      "url": "/blog",
      "text": "BlogHelpful ideas to succeed in sales"
    },
    {
      "url": "/watch-demo",
      "text": "Watch our demoSee Wiza in action"
    },
    {
      "url": "/book-demo",
      "text": "Book a meetingGet a 1 on 1 product tour"
    },
    {
      "url": "/pricing",
      "text": "Pricing"
    },
    {
      "url": "/book-demo",
      "text": "Get a demo"
    },
    {
      "url": "/auth/signup",
      "text": "Get started for free"
    },
    {
      "url": "/auth/login",
      "text": "Log in"
    },
    {
      "url": "/auth/login",
      "text": "Log in"
    },
    {
      "url": "/auth/signup",
      "text": "Sign up"
    },
    {
      "url": "mailto:hello@wiza.co",
      "text": "hello@wiza.co"
    },
    {
      "url": "https://linkedin.com/company/wizainc",
      "text": ""
    },
    {
      "url": "https://youtube.com/@wizacom",
      "text": ""
    },
    {
      "url": "https://www.instagram.com/wiza_co",
      "text": ""
    },
    {
      "url": "https://twitter.com/wiza_co",
      "text": ""
    },
    {
      "url": "/",
      "text": "Wiza for Sales"
    },
    {
      "url": "/recruiting",
      "text": "Wiza for Recruiting"
    },
    {
      "url": "/wiza-api",
      "text": "API"
    },
    {
      "url": "/integrations",
      "text": "Integrations"
    },
    {
      "url": "/pricing",
      "text": "Pricing"
    },
    {
      "url": "/book-demo",
      "text": "Get a demo"
    },
    {
      "url": "/blog",
      "text": "Blog"
    },
    {
      "url": "https://help.wiza.co/",
      "text": "Knowledge base"
    },
    {
      "url": "https://status.wiza.co/",
      "text": "Status"
    },
    {
      "url": "/find-email-free",
      "text": "Free email finder"
    },
    {
      "url": "/verify-email-free",
      "text": "Free email verifier"
    },
    {
      "url": "/directory",
      "text": "Company directory"
    },
    {
      "url": "https://feedback.wiza.co/features",
      "text": "Feature Requests"
    },
    {
      "url": "https://feedback.wiza.co/changelog",
      "text": "Changelog"
    },
    {
      "url": "https://affiliates.wiza.co/signup",
      "text": "Become an affiliate"
    },
    {
      "url": "/tos",
      "text": "Terms of service"
    },
    {
      "url": "/privacy",
      "text": "Privacy policy"
    },
    {
      "url": "/vdp",
      "text": "Vulnerability disclosure"
    },
    {
      "url": "/optout_directory",
      "text": "Opt out"
    }
  ],
  "images": [
    {
      "src": "/build/q-cf62546e.png",
      "alt": "Wiza logo"
    },
    {
      "src": "/build/q-cf62546e.png",
      "alt": "Wiza logo"
    },
    {
      "src": "/build/q-d59d13af.png",
      "alt": "Brand"
    },
    {
      "src": "/build/q-b50304dd.png",
      "alt": "Divider"
    },
    {
      "src": "/build/q-6ebac497.png",
      "alt": "Social"
    },
    {
      "src": "/build/q-5eb6f204.png",
      "alt": "Social"
    },
    {
      "src": "/build/q-52afa447.png",
      "alt": "Social"
    },
    {
      "src": "/build/q-0b43071f.png",
      "alt": "Social"
    },
    {
      "src": "/build/q-b50304dd.png",
      "alt": "Divider"
    }
  ]
}