{
  "title": "Balaji Alameda LLC - Company Profile",
  "meta_description": "View company leaders and background information for Balaji Alameda LLC. Search our database of over 100 million company and executive profiles.",
  "main_content": "Home > U.S. > California > Oakland Balaji Alameda LLC Active Oakland, CA Follow Share PDF Excel Balaji Alameda LLC Overview Balaji Alameda LLC filed as a Domestic in the State of California on Thursday, April 5, 2007 and is approximately eighteen years old, according to public records filed with California Secretary of State . Sponsored Learn More D&B Reports Available for Balaji Alameda LLC Network Visualizer Advertisements Excel Key People Who own Balaji Alameda LLC Name Sima P. Patel 8 ~ Background Report ~ Member Pravin L. Patel 8 ~ Background Report ~ Member Corporate Filings for Balaji Alameda LLC California Secretary of State Filing Type: Domestic Status: Active State: California State ID: 200709710095 Date Filed: Thursday, April 5, 2007 Registered Agent Pravin L. Patel Advertisements Source California Secretary of State Data last refreshed on Monday, April 4, 2022 What next? Follow Receive an email notification when changes occur for Balaji Alameda LLC. Notifications include: New company roles Change in active status Location updates New connections Follow Create Account Create a free account to access additional details for Balaji Alameda LLC and other profiles that you visit Benefits include: Access to more records Full screen network visualizer Follow profiles See how people are connected Create Account Advertisements Wiki Edit this profile 1 Corporate Records CA 2007 Domestic Source California Secretary of State top You must be signed in to print. Once signed in, look for the PDF button.",
  "links": [
    {
      "url": "https://www.corporationwiki.com/",
      "text": "Home"
    },
    {
      "url": "https://www.corporationwiki.com/BusinessDirectory.aspx",
      "text": "U.S."
    },
    {
      "url": "https://www.corporationwiki.com/California/BusinessDirectory.aspx",
      "text": "California"
    },
    {
      "url": "https://www.corporationwiki.com/California/Oakland/BusinessDirectory.aspx",
      "text": "Oakland"
    },
    {
      "url": "https://twitter.com/intent/tweet?url=http://corp.wiki/e/47156938&related=corporationwiki&text=Balaji Alameda LLC - Company Profile @corporationwiki",
      "text": ""
    },
    {
      "url": "https://www.corporationwiki.com/link/dnb/47156938?t=Profile%20Top",
      "text": "Learn\u00a0More"
    },
    {
      "url": "https://www.corporationwiki.com/California/Oakland/sima-p-patel/46450875.aspx",
      "text": "Sima P. Patel\n8"
    },
    {
      "url": "https://www.corporationwiki.com/link/tf/46450875?t=company",
      "text": "~ Background Report ~"
    },
    {
      "url": "https://www.corporationwiki.com/California/Oakland/pravin-l-patel/44869684.aspx",
      "text": "Pravin L. Patel\n8"
    },
    {
      "url": "https://www.corporationwiki.com/link/tf/44869684?t=company",
      "text": "~ Background Report ~"
    }
  ],
  "images": [
    {
      "src": "data:image/svg+xml,%3Csvg%20xmlns=%22http://www.w3.org/2000/svg%22%20width=%22195%22%20height=%22135%22%3E%3C/svg%3E",
      "alt": ""
    },
    {
      "src": "data:image/svg+xml,%3Csvg%20xmlns=%22http://www.w3.org/2000/svg%22%20width=%22195%22%20height=%22135%22%3E%3C/svg%3E",
      "alt": ""
    }
  ]
}