{
  "title": "Balaji Enterprises, LLC Company Profile | Oakland, CA | Competitors, Financials & Contacts - Dun & Bradstreet",
  "meta_description": "Find company research, competitor information, contact details & financial data for Balaji Enterprises, LLC of Oakland, CA. Get the latest business insights from Dun & Bradstreet.",
  "main_content": "D&B Business Directory HOME / BUSINESS DIRECTORY / ACCOMMODATION AND FOOD SERVICES / ACCOMMODATION / TRAVELER ACCOMMODATION / UNITED STATES / CALIFORNIA / OAKLAND / Balaji Enterprises, LLC Balaji Enterprises, LLC Website Get a D&B Hoovers Free Trial Overview Doing Business As: Holiday Inn Company Description: ? Key Principal: Pravin Patel See more contacts Industry: Traveler Accommodation , Accommodation , Accommodation and Food Services , Hotels and motels See other industries within the Accommodation and Food Services sector: Drinking Places (Alcoholic Beverages) , RV (Recreational Vehicle) Parks and Recreational Camps , Restaurants and Other Eating Places , Rooming and Boarding Houses, Dormitories, and Workers' Camps , Special Food Services Popular Search: Traveler Accommodation Accommodation Accommodation and Food Services Printer Friendly View Address: 66 Airport Access Rd Oakland, CA, 94603-1078 United States Phone: ? Website: www.hiexpress.com Employees (this site): ? Actual Employees (all sites): ? Actual Revenue: # Modelled Year Started: ? Unlock full sales materials and reports Contacts Get in Touch with 2 Principals* and 2 Contacts Pravin Patel Member Contact 2 ? Contact 3 ? Contact 4 ? See All Contacts Dynamic search and list-building capabilities Real-time trigger alerts Comprehensive company profiles Valuable research and technology reports Get a D&B Hoovers Free Trial Financial Data Dun & Bradstreet collects private company financials for more than 23 million companies worldwide. Find out more. Get a D&B credit report on this company Get a D&B credit report on this company Stay on top of your Business Credit File Get full access to view your D&B business credit file now for just $39/month! View D&B Scores & Ratings",
  "links": [
    {
      "url": "/",
      "text": "HOME"
    },
    {
      "url": "/business-directory.html",
      "text": "BUSINESS DIRECTORY"
    },
    {
      "url": "/business-directory/industry-analysis.accommodation_and_food_services.html",
      "text": "ACCOMMODATION AND FOOD SERVICES"
    },
    {
      "url": "/business-directory/industry-analysis.accommodation.html",
      "text": "ACCOMMODATION"
    },
    {
      "url": "/business-directory/industry-analysis.traveler_accommodation.html",
      "text": "TRAVELER ACCOMMODATION"
    },
    {
      "url": "/business-directory/company-information.traveler_accommodation.us.html",
      "text": "UNITED STATES"
    },
    {
      "url": "/business-directory/company-information.traveler_accommodation.us.california.html",
      "text": "CALIFORNIA"
    },
    {
      "url": "/business-directory/company-information.traveler_accommodation.us.california.oakland.html",
      "text": "OAKLAND"
    },
    {
      "url": "http://www.hiexpress.com",
      "text": "Website"
    },
    {
      "url": "/marketing/marketing-sales/hoovers-free-trial-directory.html",
      "text": "Get a D&B Hoovers Free Trial"
    },
    {
      "url": "/business-directory/industry-analysis.traveler_accommodation.html",
      "text": "Traveler Accommodation"
    },
    {
      "url": "/business-directory/industry-analysis.accommodation.html",
      "text": "Accommodation"
    },
    {
      "url": "/business-directory/industry-analysis.accommodation_and_food_services.html",
      "text": "Accommodation and Food Services"
    },
    {
      "url": "/business-directory/industry-analysis.drinking_places_(alcoholic_beverages).html",
      "text": "Drinking Places (Alcoholic Beverages)"
    },
    {
      "url": "/business-directory/industry-analysis.rv_(recreational_vehicle)_parks_and_recreational_camps.html",
      "text": "RV (Recreational Vehicle) Parks and Recreational Camps"
    },
    {
      "url": "/business-directory/industry-analysis.restaurants_and_other_eating_places.html",
      "text": "Restaurants and Other Eating Places"
    },
    {
      "url": "/business-directory/industry-analysis.rooming_and_boarding_houses_dormitories_and_workers_camps.html",
      "text": "Rooming and Boarding Houses, Dormitories, and Workers' Camps"
    },
    {
      "url": "/business-directory/industry-analysis.special_food_services.html",
      "text": "Special Food Services"
    },
    {
      "url": "/business-directory/company-information.traveler_accommodation.us.html",
      "text": "Traveler Accommodation"
    },
    {
      "url": "/business-directory/company-information.accommodation.us.html",
      "text": "Accommodation"
    },
    {
      "url": "/business-directory/company-information.accommodation_and_food_services.us.html",
      "text": "Accommodation and Food Services"
    },
    {
      "url": "https://maps.google.com/?q=66%20Airport%20Access%20Rd%20Oakland,%20CA,%2094603-1078%20United%20States",
      "text": "66 Airport Access Rd Oakland, CA, 94603-1078 United States"
    },
    {
      "url": "http://www.hiexpress.com",
      "text": "www.hiexpress.com"
    },
    {
      "url": "/content/dnb-us/en/home/marketing/marketing-sales/hoovers-free-trial-directory.html",
      "text": "Unlock full sales materials and reports"
    },
    {
      "url": "/marketing/marketing-sales/hoovers-free-trial-contacts.html",
      "text": "See All Contacts"
    },
    {
      "url": "/marketing/marketing-sales/hoovers-free-trial-directory.html",
      "text": "Get a D&B Hoovers Free Trial"
    },
    {
      "url": "https://www.dnb.com/products/small-business/compare-products-other-business.html",
      "text": "Find out more."
    },
    {
      "url": "/products/small-business/compare-products-other-business.html",
      "text": "Get a D&B credit report on this company"
    },
    {
      "url": "/products/small-business/compare-products-other-business.html",
      "text": "Get a D&B credit report on this company"
    },
    {
      "url": "/products/small-business/compare-products-my-business.html",
      "text": "View D&B Scores & Ratings"
    }
  ],
  "images": [
    {
      "src": "/content/dam/english/image-library/Modernization/logos/logo-dnb-hoovers-white.svg",
      "alt": "D&B Hoovers Logo"
    }
  ]
}