{
  "title": "Emeriti Faculty | Department of Art & Art History",
  "meta_description": "",
  "main_content": "Main content start Emeriti Faculty Wanda Corn Professor Emerita Email wcorn@stanford.edu David Hannah Professor Emeritus Email dhannah@stanford.edu Website My Website of David Hannah Documentary Film and Video Jan Krawitz Professor Emerita Email krawitz@stanford.edu Website www.jankrawitz.com of Jan Krawitz Research Areas Digital Art Film/Cinema Gender and Sexuality Photography Joel Leivick Professor Emeritus Email jleivick@stanford.edu Website Joel Leivick's website of Joel Leivick Research Areas Photography Suzanne Lewis Professor Emerita Email slewis@stanford.edu Website My Website of Suzanne Lewis Michael Marrinan Professor Emeritus, Emeritus Professor of French & Italian by Courtesy Email mmsfo@stanford.edu Phone +14153366236 Website Michael's Personal Website of Michael Marrinan Research Areas Architecture Art & Science Baroque Art European Art Lithography Painting Sculpture Kristine Samuelson Professor Emerita Email samuelson@stanford.edu Art History Nancy J. Troy Professor Emerita Email ntroy@stanford.edu Research Areas American Art Architecture Design History European Art Fashion Modern Art Visual Culture Paul V. Turner Professor Emeritus Email pvturner@stanford.edu Art Practice Gail Wight Professor Email gailw@stanford.edu Website Gail's website of Gail Wight , Gail on Vimeo of Gail Wight Research Areas Art & Science Contemporary Art Digital Art Electronic Art Experimental Media Art Photography Printmaking Video Art Bryan J. Wolf Professor Emeritus Email bwolf@stanford.edu",
  "links": [
    {
      "url": "/people/wanda-corn",
      "text": ""
    },
    {
      "url": "/people/wanda-corn",
      "text": "Wanda Corn"
    },
    {
      "url": "mailto:wcorn@stanford.edu",
      "text": "wcorn@stanford.edu"
    },
    {
      "url": "/people/david-hannah",
      "text": ""
    },
    {
      "url": "/people/david-hannah",
      "text": "David Hannah"
    },
    {
      "url": "mailto:dhannah@stanford.edu",
      "text": "dhannah@stanford.edu"
    },
    {
      "url": "http://davidhannah.net",
      "text": "My Website"
    },
    {
      "url": "/people/david-hannah",
      "text": "David Hannah"
    },
    {
      "url": "/people/jan-krawitz",
      "text": ""
    },
    {
      "url": "/about/programs/documentary-film-and-video",
      "text": "Documentary Film and Video"
    },
    {
      "url": "/people/jan-krawitz",
      "text": "Jan Krawitz"
    },
    {
      "url": "mailto:krawitz@stanford.edu",
      "text": "krawitz@stanford.edu"
    },
    {
      "url": "http://www.jankrawitz.com",
      "text": "www.jankrawitz.com"
    },
    {
      "url": "/people/jan-krawitz",
      "text": "Jan Krawitz"
    },
    {
      "url": "/research/digital-art",
      "text": "Digital Art"
    },
    {
      "url": "/research/filmcinema",
      "text": "Film/Cinema"
    },
    {
      "url": "/research/gender-and-sexuality",
      "text": "Gender and Sexuality"
    },
    {
      "url": "/research/photography",
      "text": "Photography"
    },
    {
      "url": "/people/joel-leivick",
      "text": ""
    },
    {
      "url": "/people/joel-leivick",
      "text": "Joel Leivick"
    },
    {
      "url": "mailto:jleivick@stanford.edu",
      "text": "jleivick@stanford.edu"
    },
    {
      "url": "http://www.joelleivick.com",
      "text": "Joel Leivick's website"
    },
    {
      "url": "/people/joel-leivick",
      "text": "Joel Leivick"
    },
    {
      "url": "/research/photography",
      "text": "Photography"
    },
    {
      "url": "/people/suzanne-lewis",
      "text": ""
    },
    {
      "url": "/people/suzanne-lewis",
      "text": "Suzanne Lewis"
    },
    {
      "url": "mailto:slewis@stanford.edu",
      "text": "slewis@stanford.edu"
    },
    {
      "url": "http://suzannelewisstanford.com",
      "text": "My Website"
    },
    {
      "url": "/people/suzanne-lewis",
      "text": "Suzanne Lewis"
    },
    {
      "url": "/people/michael-marrinan",
      "text": ""
    },
    {
      "url": "/people/michael-marrinan",
      "text": "Michael Marrinan"
    },
    {
      "url": "mailto:mmsfo@stanford.edu",
      "text": "mmsfo@stanford.edu"
    },
    {
      "url": "http://web.stanford.edu/~mmsfo",
      "text": "Michael's Personal Website"
    },
    {
      "url": "/people/michael-marrinan",
      "text": "Michael Marrinan"
    },
    {
      "url": "/research/architecture",
      "text": "Architecture"
    },
    {
      "url": "/research/art-science",
      "text": "Art & Science"
    },
    {
      "url": "/research/baroque-art",
      "text": "Baroque Art"
    },
    {
      "url": "/research/european-art",
      "text": "European Art"
    },
    {
      "url": "/research/lithography",
      "text": "Lithography"
    },
    {
      "url": "/research/painting",
      "text": "Painting"
    },
    {
      "url": "/research/sculpture",
      "text": "Sculpture"
    },
    {
      "url": "/people/kristine-samuelson",
      "text": ""
    },
    {
      "url": "/people/kristine-samuelson",
      "text": "Kristine Samuelson"
    },
    {
      "url": "mailto:samuelson@stanford.edu",
      "text": "samuelson@stanford.edu"
    },
    {
      "url": "/people/nancy-j-troy",
      "text": ""
    },
    {
      "url": "/about/programs/art-history",
      "text": "Art History"
    },
    {
      "url": "/people/nancy-j-troy",
      "text": "Nancy J. Troy"
    },
    {
      "url": "mailto:ntroy@stanford.edu",
      "text": "ntroy@stanford.edu"
    },
    {
      "url": "/research/american-art",
      "text": "American Art"
    },
    {
      "url": "/research/architecture",
      "text": "Architecture"
    },
    {
      "url": "/research/design-history",
      "text": "Design History"
    },
    {
      "url": "/research/european-art",
      "text": "European Art"
    },
    {
      "url": "/research/fashion",
      "text": "Fashion"
    },
    {
      "url": "/research/modern-art",
      "text": "Modern Art"
    },
    {
      "url": "/research/visual-culture",
      "text": "Visual Culture"
    },
    {
      "url": "/people/paul-v-turner",
      "text": ""
    },
    {
      "url": "/people/paul-v-turner",
      "text": "Paul V. Turner"
    },
    {
      "url": "mailto:pvturner@stanford.edu",
      "text": "pvturner@stanford.edu"
    },
    {
      "url": "/people/gail-wight",
      "text": ""
    },
    {
      "url": "/about/programs/art-practice",
      "text": "Art Practice"
    },
    {
      "url": "/people/gail-wight",
      "text": "Gail Wight"
    },
    {
      "url": "mailto:gailw@stanford.edu",
      "text": "gailw@stanford.edu"
    },
    {
      "url": "http://www.stanford.edu/~gailw",
      "text": "Gail's website"
    },
    {
      "url": "/people/gail-wight",
      "text": "Gail Wight"
    },
    {
      "url": "https://vimeo.com/gailw",
      "text": "Gail on Vimeo"
    },
    {
      "url": "/people/gail-wight",
      "text": "Gail Wight"
    },
    {
      "url": "/research/art-science",
      "text": "Art & Science"
    },
    {
      "url": "/research/contemporary-art",
      "text": "Contemporary Art"
    },
    {
      "url": "/research/digital-art",
      "text": "Digital Art"
    },
    {
      "url": "/research/electronic-art",
      "text": "Electronic Art"
    },
    {
      "url": "/research/experimental-media-art",
      "text": "Experimental Media Art"
    },
    {
      "url": "/research/photography",
      "text": "Photography"
    },
    {
      "url": "/research/printmaking",
      "text": "Printmaking"
    },
    {
      "url": "/research/video-art",
      "text": "Video Art"
    },
    {
      "url": "/people/bryan-j-wolf",
      "text": ""
    },
    {
      "url": "/people/bryan-j-wolf",
      "text": "Bryan J. Wolf"
    },
    {
      "url": "mailto:bwolf@stanford.edu",
      "text": "bwolf@stanford.edu"
    }
  ],
  "images": [
    {
      "src": "/sites/art/files/styles/hs_medium_square_360x360/public/media/people/wandacorn.jpg?h=51abd77f&itok=wknc7MTR",
      "alt": "Wanda Corn"
    },
    {
      "src": "/sites/art/files/styles/hs_medium_square_360x360/public/media/people/hannah.jpg?h=9d90a2f7&itok=dFihRJxX",
      "alt": "David Hannah"
    },
    {
      "src": "/sites/art/files/styles/hs_medium_square_360x360/public/media/people/jan_krawitz.jpg?h=34b867cd&itok=XV8yUF_Q",
      "alt": "Jan Krawitz"
    },
    {
      "src": "/sites/art/files/styles/hs_medium_square_360x360/public/media/people/leivick.2.jpg?h=a1f525db&itok=CAf25ABP",
      "alt": "Joel Leivick"
    },
    {
      "src": "/sites/art/files/styles/hs_medium_square_360x360/public/media/people/lewis.jpg?h=a891065a&itok=_y3HzAAe",
      "alt": "Suzanne Lewis"
    },
    {
      "src": "/sites/art/files/styles/hs_medium_square_360x360/public/media/people/marrinan-id-pic.jpg?h=c7e88122&itok=KS2OuQax",
      "alt": "Michael Marrinan"
    },
    {
      "src": "/sites/art/files/styles/hs_medium_square_360x360/public/media/people/samuelson.jpg?h=d1f3f2fb&itok=NzHxayki",
      "alt": "Kristine Samuelson"
    },
    {
      "src": "/sites/art/files/styles/hs_medium_square_360x360/public/media/people/n_troy_color_photo.jpg?h=5a878202&itok=Lv5b6geD",
      "alt": "Nancy J. Troy"
    },
    {
      "src": "/sites/art/files/styles/hs_medium_square_360x360/public/media/people/paul.jpeg?h=6b83e116&itok=LBG398oU",
      "alt": "Paul V. Turner"
    },
    {
      "src": "/sites/art/files/styles/hs_medium_square_360x360/public/media/people/mammothsm_0.jpg?h=bcd33618&itok=L1nelSFC",
      "alt": "Gail Wight"
    },
    {
      "src": "/sites/art/files/styles/hs_medium_square_360x360/public/media/people/bryan_wolf_photo.jpg?h=7a9b3f7b&itok=NbuE9PiD",
      "alt": "Bryan J. Wolf"
    }
  ]
}