{
  "title": "Joel Grayson's Profile | Stanford Profiles",
  "meta_description": "Joel Grayson is part of Stanford Profiles, official site for faculty, postdocs, students and staff information (Expertise, Bio, Research, Publications, and more). The site facilitates research and collaboration in academic endeavors.",
  "main_content": "Joel Grayson Undergraduate, Vice Provost for Undergraduate Education Print Profile Email Profile View Stanford-only Profile Tab Menu Bio Contact Work joelgr@stanford.edu University - Student Department:&nbspVice Provost for Undergraduate Education Position: Undergraduate",
  "links": [
    {
      "url": "https://cap.stanford.edu/profiles/frdActionServlet?choiceId=printerprofile&profileversion=full&profileId=339495",
      "text": "Print Profile"
    },
    {
      "url": "mailto:?subject=Joel Grayson's Profile&body=I would like to share the profile of Joel Grayson with you. https://profiles.stanford.edu/joelgrayson",
      "text": "Email Profile"
    },
    {
      "url": "/intranet/joelgrayson",
      "text": "View Stanford-only Profile"
    },
    {
      "url": "/joelgrayson?tab=bio",
      "text": "Bio"
    },
    {
      "url": "mailto:joelgr@stanford.edu",
      "text": "joelgr@stanford.edu"
    }
  ],
  "images": [
    {
      "src": "https://profiles.stanford.edu/proxy/api/cap/profiles/339495/resources/profilephoto/350x350.1718478564541.jpg",
      "alt": "Joel Grayson"
    }
  ]
}