[
  {
    "fullName": "Dhruv Gautam",
    "linkedin_internal_id": "864582149",
    "first_name": "Dhruv",
    "last_name": "Gautam",
    "public_identifier": "d-gautam",
    "background_cover_image_url": "https://media.licdn.com/dms/image/v2/D5616AQEgEGsQEqNvhg/profile-displaybackgroundimage-shrink_200_800/profile-displaybackgroundimage-shrink_200_800/0/1706089218609?e=2147483647&v=beta&t=cZcQGhoCWVX1ZrkZDOQwdbS8z9TtwKniO7vi-F6ZSSw",
    "profile_photo": "https://media.licdn.com/dms/image/v2/D5603AQHMMEKvDU1JPg/profile-displayphoto-shrink_200_200/profile-displayphoto-shrink_200_200/0/1682291633129?e=2147483647&v=beta&t=2Xe1Y2PLeOWA96vsYsPAF4Na5Q_gsDvQZzL4JS9-Z5Q",
    "headline": "CS @ UC Berkeley",
    "location": "3K followers\n          \n          \n              500+ connections",
    "about": "dhruvji.github.io",
    "experience": [
      {
        "position": "Researcher",
        "company_url": "https://www.linkedin.com/company/bair-lab?trk=public_profile_experience-item_profile-section-card_subtitle-click",
        "company_image": "https://media.licdn.com/dms/image/v2/C560BAQFr7WkPbEyg8g/company-logo_100_100/company-logo_100_100/0/1630609127403?e=2147483647&v=beta&t=L8jXfFrYMQnbM3pNIv-nRcHUnBe882f0tDl7-JTmz2I",
        "company_name": "Berkeley Artificial Intelligence Research",
        "location": null,
        "summary": "interpretability & safety",
        "starts_at": "Feb 2024",
        "ends_at": "Present",
        "duration": "1 year 2 months"
      },
      {
        "position": "Research Intern",
        "company_url": "https://www.linkedin.com/company/microsoft?trk=public_profile_experience-item_profile-section-card_subtitle-click",
        "company_image": "https://media.licdn.com/dms/image/v2/C560BAQE88xCsONDULQ/company-logo_100_100/company-logo_100_100/0/1630652622688/microsoft_logo?e=2147483647&v=beta&t=lMkCSsceJNmUG1r0VRg3Whye1sVi2KtYvt-MWyfoNbY",
        "company_name": "Microsoft",
        "location": "Redmond, Washington, United States",
        "summary": "agents and post trainingICLR 2025, owa @ NeurIPS 2024",
        "starts_at": "May 2024",
        "ends_at": "Oct 2024",
        "duration": "6 months"
      },
      {
        "position": "Researcher",
        "company_url": "https://www.linkedin.com/company/berkeley-riselab?trk=public_profile_experience-item_profile-section-card_subtitle-click",
        "company_image": "https://media.licdn.com/dms/image/v2/C4E0BAQGnciwvth6LYA/company-logo_100_100/company-logo_100_100/0/1631322896545?e=2147483647&v=beta&t=v-MS3j8i7HbR-WKBFIKOt_UH_yzUxAWcGXktAMIGQUs",
        "company_name": "Berkeley RISE Lab",
        "location": null,
        "summary": "Crooks Lab",
        "starts_at": "May 2023",
        "ends_at": "Aug 2023",
        "duration": "4 months"
      },
      {
        "position": "Researcher",
        "company_url": "https://www.linkedin.com/company/berkeley-riselab?trk=public_profile_experience-item_profile-section-card_subtitle-click",
        "company_image": "https://media.licdn.com/dms/image/v2/C4E0BAQGnciwvth6LYA/company-logo_100_100/company-logo_100_100/0/1631322896545?e=2147483647&v=beta&t=v-MS3j8i7HbR-WKBFIKOt_UH_yzUxAWcGXktAMIGQUs",
        "company_name": "Berkeley RISE Lab",
        "location": null,
        "summary": "Stoica Lab",
        "starts_at": "Oct 2022",
        "ends_at": "Apr 2023",
        "duration": "7 months"
      },
      {
        "position": "Course Staff",
        "company_url": "https://www.linkedin.com/school/uc-berkeley-eecs/?trk=public_profile_experience-item_profile-section-card_subtitle-click",
        "company_image": "https://media.licdn.com/dms/image/v2/D560BAQET4WuLdTzDPQ/company-logo_100_100/company-logo_100_100/0/1731605469670/uc_berkeley_eecs_logo?e=2147483647&v=beta&t=GRkMfuxk3y8GhtCBxc1nvSKYysRH1Ss7Qf-4JqQM3IM",
        "company_name": "UC Berkeley Electrical Engineering & Computer Sciences (EECS)",
        "location": null,
        "summary": "CS70",
        "starts_at": "Jan 2023",
        "ends_at": "May 2023",
        "duration": "5 months"
      }
    ],
    "education": [
      {
        "college_url": "https://www.linkedin.com/school/uc-berkeley/?trk=public_profile_school_profile-section-card_image-click",
        "college_name": "University of California, Berkeley",
        "college_image": "https://media.licdn.com/dms/image/v2/D560BAQGwjF_5CYj_JQ/company-logo_100_100/company-logo_100_100/0/1732135669731/uc_berkeley_logo?e=2147483647&v=beta&t=7XwNqDpzm3ORttlebBpryt59e62a2tAk2Xf7mIuoOlY",
        "college_degree": "Bachelor's degree",
        "college_degree_field": "Computer Science",
        "college_duration": "2022 - 2025",
        "college_activity": ""
      }
    ],
    "articles": [],
    "description": {
      "description1": "Berkeley Artificial Intelligence Research",
      "description1_link": "https://www.linkedin.com/company/bair-lab?trk=public_profile_topcard-current-company",
      "description2": "University of California, Berkeley",
      "description2_link": "https://www.linkedin.com/school/uc-berkeley/?trk=public_profile_topcard-school",
      "description3": "",
      "description3_link": null
    },
    "activities": [
      {
        "link": "https://www.linkedin.com/posts/eric-ho-53981862_excited-to-announce-our-collaboration-with-activity-7298017459062669314-sCfC",
        "image": "https://media.licdn.com/dms/image/v2/D4E22AQFHCTGzoSM2sA/feedshare-shrink_800/B4EZUfEM8wHcAk-/0/1739982951973?e=2147483647&v=beta&t=aTwxW3RE54LLpj-uSgYnRX4aMsHlVGUkBtvWknj93Ng",
        "title": "Excited to announce our collaboration with Patrick Hsu, Brian Hie, Dave Burke, and the rest of the team at Arc Institute on interpreting Evo 2, their\u2026",
        "activity": "Liked by Dhruv Gautam"
      },
      {
        "link": "https://www.linkedin.com/posts/eric-ho-53981862_were-open-sourcing-sparse-autoencoders-activity-7283544732994002944-7vXf",
        "image": "https://media.licdn.com/dms/image/v2/D4E22AQH3y3-cgH-GdQ/feedshare-shrink_800/B4EZRRZVd0HAAk-/0/1736532385482?e=2147483647&v=beta&t=emhXEtSahxxaIUHGby-uex2yaUZwdH5vyH9ytKPO_rU",
        "title": "We're open-sourcing Sparse Autoencoders (SAEs) for Llama 3.3 70B and Llama 3.1 8B! These are the first open-source SAEs at this scale and capability\u2026",
        "activity": "Liked by Dhruv Gautam"
      },
      {
        "link": "https://www.linkedin.com/posts/codeiumdev_what-exactly-is-windsurf-watch-how-our-team-activity-7278142094550953984-hcr7",
        "image": "https://media.licdn.com/dms/image/v2/D5605AQH-CSifWW2aXw/videocover-high/B56ZQEnIlAHQBw-/0/1735244266169?e=2147483647&v=beta&t=lcdnkp1T1MQeX2fLlTRfAVkZCuqcnRQKw1TkgznDVZM",
        "title": "What exactly is Windsurf? Watch how our team dared to innovate by breaking industry conventions \ud83c\udf0a",
        "activity": "Liked by Dhruv Gautam"
      },
      {
        "link": "https://www.linkedin.com/posts/michele-tufano-3a854050_forge-2025-industry-papers-forge-2025-activity-7271957817723359233-vldW",
        "image": "https://static.licdn.com/aero-v1/sc/h/53n89ecoxpr1qrki1do3alazb",
        "title": "Consider submitting your AI for SE paper at FORGE 2025 Industry Track!",
        "activity": "Liked by Dhruv Gautam"
      },
      {
        "link": "https://www.linkedin.com/posts/udit-parikh_this-is-just-one-of-several-angles-that-shows-activity-7269965618957680641-ZUo_",
        "image": "https://media.licdn.com/dms/image/v2/D5605AQGomerTDtfzjA/videocover-high/videocover-high/0/1733294867824?e=2147483647&v=beta&t=YB-cuRbrKn5-Id8cXM5-q6J6Knor3G8RcRGfAvERE4o",
        "title": "This is just one of several angles that shows the first liquid fueled rocket engine in our university\u2019s history. \nCongrats to the entire Texas A&M\u2026",
        "activity": "Liked by Dhruv Gautam"
      },
      {
        "link": "https://www.linkedin.com/posts/vahegharakhanyan_open-materials-2024-omat24-inorganic-materials-activity-7253906009256013824-SS5b",
        "image": "https://media.licdn.com/dms/image/sync/v2/D4D27AQFrlEh5mzSMkw/articleshare-shrink_800/articleshare-shrink_800/0/1729362351402?e=2147483647&v=beta&t=2qiALFaJSbs1qS_MV4ycHyMhzPK4IVx002l5qN1EAnM",
        "title": "One of the largest materials datasets and SOTA ML potentials are open-sourced by FAIR Chemistry.\nImmensely proud to be part of the team that delivers\u2026",
        "activity": "Liked by Dhruv Gautam"
      }
    ],
    "volunteering": [
      {
        "company_url": "https://www.linkedin.com/company/callaunchpad?trk=public_profile_volunteering-position_profile-section-card_image-click",
        "company_position": "ML Engineering and Education",
        "company_name": "Launchpad (UC Berkeley)",
        "company_duration": "",
        "starts_at": "Aug 2023",
        "ends_at": "Present"
      },
      {
        "company_url": "https://www.linkedin.com/company/blockchain-at-berkeley?trk=public_profile_volunteering-position_profile-section-card_image-click",
        "company_position": "Research, Governance, and Finance",
        "company_name": "Blockchain at Berkeley",
        "company_duration": "",
        "starts_at": "Jan 2023",
        "ends_at": "Present"
      },
      {
        "company_url": "https://www.linkedin.com/company/berkeley-mt?trk=public_profile_volunteering-position_profile-section-card_image-click",
        "company_position": "Volunteer",
        "company_name": "Berkeley Math Tournament",
        "company_duration": "",
        "starts_at": "",
        "ends_at": ""
      }
    ],
    "certification": [],
    "people_also_viewed": [
      {
        "link": "https://www.linkedin.com/in/csdunaway?trk=public_profile_browsemap-profile",
        "name": "Clifton Dunaway",
        "summary": "",
        "location": "Simpsonville, SC"
      },
      {
        "link": "https://www.linkedin.com/in/toddherschberg?trk=public_profile_browsemap-profile",
        "name": "Todd Herschberg",
        "summary": "",
        "location": "Orange County, CA"
      },
      {
        "link": "https://www.linkedin.com/in/ed-white-set-888b0713?trk=public_profile_browsemap-profile",
        "name": "Ed White, SET",
        "summary": "",
        "location": "Champaign, IL"
      },
      {
        "link": "https://www.linkedin.com/in/carl-ulzheimer-613423a3?trk=public_profile_browsemap-profile",
        "name": "Carl Ulzheimer",
        "summary": "",
        "location": "Sanford, FL"
      },
      {
        "link": "https://www.linkedin.com/in/dean-benton-33552435?trk=public_profile_browsemap-profile",
        "name": "Dean Benton",
        "summary": "",
        "location": "Las Vegas Metropolitan Area"
      },
      {
        "link": "https://www.linkedin.com/in/timothy-smith-983a50144?trk=public_profile_browsemap-profile",
        "name": "Timothy Smith",
        "summary": "",
        "location": "Topeka, KS"
      },
      {
        "link": "https://www.linkedin.com/in/richardmknittlejr?trk=public_profile_browsemap-profile",
        "name": "Richard M Knittle Jr.",
        "summary": "",
        "location": "Dallas-Fort Worth Metroplex"
      },
      {
        "link": "https://www.linkedin.com/in/leadershippodcaster?trk=public_profile_browsemap-profile",
        "name": "\uf8ff Lorenzo Flores",
        "summary": "",
        "location": "Kansas City Metropolitan Area"
      },
      {
        "link": "https://www.linkedin.com/in/kevin-brandt-037a897?trk=public_profile_browsemap-profile",
        "name": "Kevin Brandt",
        "summary": "",
        "location": "Cincinnati Metropolitan Area"
      }
    ],
    "similar_profiles": [
      {
        "link": "https://in.linkedin.com/in/dhruv-gautam-b9b32030?trk=public_profile_samename-profile",
        "name": "Dhruv Gautam",
        "summary": "Driving radiology AI adoption @ CARPL.ai |\nEx-Yellow.ai | SaaS, Startups, AI",
        "location": "Delhi, India"
      },
      {
        "link": "https://in.linkedin.com/in/dhruv-gautam-92801b186?trk=public_profile_samename-profile",
        "name": "Dhruv Gautam",
        "summary": "Doctoral Candidate (International Max Planck Research School - Global Multiplicity)",
        "location": "Delhi, India"
      },
      {
        "link": "https://in.linkedin.com/in/dhruv14?trk=public_profile_samename-profile",
        "name": "Dhruv Gautam",
        "summary": "Lead Analyst - Data Science @ Infosys | PGP-DSBA @Texas McCombs School of Business | Ex-TCS Digital",
        "location": "Noida"
      },
      {
        "link": "https://in.linkedin.com/in/dhruv-gautam-973ab839?trk=public_profile_samename-profile",
        "name": "Dhruv Gautam",
        "summary": "Lead Analyst - Corporate Information Security",
        "location": "Bengaluru"
      }
    ],
    "recommendations": [],
    "publications": [],
    "courses": [],
    "languages": [
      {
        "name": "English",
        "level": "Native or bilingual proficiency"
      },
      {
        "name": "Spanish",
        "level": "Professional working proficiency"
      },
      {
        "name": "Hindi",
        "level": "Native or bilingual proficiency"
      }
    ],
    "organizations": [],
    "projects": [],
    "awards": [
      {
        "name": "AIME Qualification x4",
        "organization": "Mathematical Association of America",
        "duration": "",
        "summary": ""
      },
      {
        "name": "ASDRP Award for Excellence in Research",
        "organization": "-",
        "duration": "",
        "summary": ""
      },
      {
        "name": "The Leadership Award",
        "organization": "Cal Alumni Association (CAA)",
        "duration": "",
        "summary": ""
      }
    ],
    "score": []
  }
]