[
  {
    "fullName": "Ronak Malik",
    "linkedin_internal_id": "702462011",
    "first_name": "Ronak",
    "last_name": "Malik",
    "public_identifier": "ronakmalik",
    "background_cover_image_url": "https://static.licdn.com/aero-v1/sc/h/5q92mjc5c51bjlwaj3rs9aa82",
    "profile_photo": "https://media.licdn.com/dms/image/v2/D5603AQH-KxSKBLRowA/profile-displayphoto-shrink_200_200/profile-displayphoto-shrink_200_200/0/1723689518420?e=2147483647&v=beta&t=o22-OQmaTSJBirwjQjg_W7AEq7mAn39VNdBtCayGF28",
    "headline": "Student at Harvard University",
    "location": "Greater Houston\n          \n            Contact Info",
    "followers": "331 followers",
    "connections": "329 connections",
    "about": "",
    "experience": [
      {
        "position": "Software Engineer",
        "company_url": "https://www.linkedin.com/company/altitudesoftware?trk=public_profile_experience-item_profile-section-card_subtitle-click",
        "company_image": "https://media.licdn.com/dms/image/v2/D4D0BAQH5Sc3lwwrPww/company-logo_100_100/company-logo_100_100/0/1701804802328?e=2147483647&v=beta&t=MSLQDcO1-dTDGZe3UXQ531E1h19jnuzBzDg2Cmp5xY8",
        "company_name": "Altitude",
        "location": null,
        "summary": "",
        "starts_at": "Jun 2024",
        "ends_at": "Present",
        "duration": "7 months"
      },
      {
        "position": "Avionics Software Responsible Engineer",
        "company_url": "https://www.linkedin.com/company/texas-rocket-engineering-lab?trk=public_profile_experience-item_profile-section-card_subtitle-click",
        "company_image": "https://media.licdn.com/dms/image/v2/C4E0BAQG6f-X3k6aFCg/company-logo_100_100/company-logo_100_100/0/1630647393961/texas_rocket_engineering_lab_logo?e=2147483647&v=beta&t=AZBGzUP-7c12k5A308z7frKUQmaskDDrWmZIaBrYChg",
        "company_name": "Texas Rocket Engineering Lab",
        "location": null,
        "summary": "",
        "starts_at": "Mar 2021",
        "ends_at": "Feb 2024",
        "duration": "3 years"
      },
      {
        "position": "Starship Software Intern",
        "company_url": "https://www.linkedin.com/company/spacex?trk=public_profile_experience-item_profile-section-card_subtitle-click",
        "company_image": "https://media.licdn.com/dms/image/v2/C560BAQEbqLQ-JE0vdQ/company-logo_100_100/company-logo_100_100/0/1630604387686/spacex_logo?e=2147483647&v=beta&t=GRQpRkaQuQb4J1flww-3IuiK7Z1k-yexUFK66DFc038",
        "company_name": "SpaceX",
        "location": "Hawthorne, California, United States",
        "summary": "",
        "starts_at": "May 2023",
        "ends_at": "Aug 2023",
        "duration": "4 months"
      },
      {
        "position": "Machine Learning Frameworks Intern",
        "company_url": "https://www.linkedin.com/company/amd?trk=public_profile_experience-item_profile-section-card_subtitle-click",
        "company_image": "https://media.licdn.com/dms/image/v2/C560BAQEkjpiqeCK9Ag/company-logo_100_100/company-logo_100_100/0/1654804896089/amd_logo?e=2147483647&v=beta&t=OOLbSXPNaujmjbGIAgkLVvRM-Hd9Ohm2wI0gwpY8_JM",
        "company_name": "AMD",
        "location": "Austin, Texas, United States",
        "summary": "",
        "starts_at": "May 2022",
        "ends_at": "Aug 2022",
        "duration": "4 months"
      },
      {
        "position": "Software Engineering Intern",
        "company_url": "https://www.linkedin.com/company/houston-radar-llc?trk=public_profile_experience-item_profile-section-card_subtitle-click",
        "company_image": "https://media.licdn.com/dms/image/v2/C4D0BAQHGJNxKZ1HG5A/company-logo_100_100/company-logo_100_100/0/1631330660616?e=2147483647&v=beta&t=MhIjg7UEeZxjZJazRZ_6G-GNchLu1pbKcccqHi5T6iI",
        "company_name": "Houston Radar LLC",
        "location": null,
        "summary": "",
        "starts_at": "Jun 2021",
        "ends_at": "Aug 2021",
        "duration": "3 months"
      },
      {
        "position": "HUNCH Developer",
        "company_url": "https://www.linkedin.com/company/nasa?trk=public_profile_experience-item_profile-section-card_subtitle-click",
        "company_image": "https://media.licdn.com/dms/image/v2/C4D0BAQGRBHWCcaAqGg/company-logo_100_100/company-logo_100_100/0/1630507197379/nasa_logo?e=2147483647&v=beta&t=fo-Q6QobUq8rf0LAPLMALv3sxvdNUSa2U_m8Vg8cYk8",
        "company_name": "NASA - National Aeronautics and Space Administration",
        "location": null,
        "summary": "Developed a remote inspection system for a 4-axis Sherline mill with an HD inspection camera. The system allows engineers to conduct inspections of circuit boards and flight parts without needing to drive to manufacturing facilities.",
        "starts_at": "Sep 2018",
        "ends_at": "Aug 2020",
        "duration": "2 years"
      }
    ],
    "education": [
      {
        "college_url": "https://www.linkedin.com/school/harvard-university/?trk=public_profile_school_profile-section-card_image-click",
        "college_name": "Harvard University",
        "college_image": "https://media.licdn.com/dms/image/v2/C4E0BAQF5t62bcL0e9g/company-logo_100_100/company-logo_100_100/0/1631318058235?e=2147483647&v=beta&t=Ye1klXowyo8TIcnkhTlmORgiA5ZywvooNihDMnx5urQ",
        "college_degree": "Bachelor's degree",
        "college_degree_field": "Computer Science",
        "college_duration": "2021 - 2025",
        "college_activity": ""
      },
      {
        "college_url": "https://www.linkedin.com/school/cypress-woods-high-school/?trk=public_profile_school_profile-section-card_image-click",
        "college_name": "Cypress Woods High School",
        "college_image": "https://media.licdn.com/dms/image/v2/C4E0BAQGiDoHZaR_fug/company-logo_100_100/company-logo_100_100/0/1630600363624?e=2147483647&v=beta&t=ktIo_6D0yYccfDqINJeSLev8pxDluh2uYuyD_oC37go",
        "college_degree": "",
        "college_degree_field": null,
        "college_duration": "2017 - 2021",
        "college_activity": ""
      }
    ],
    "articles": [],
    "description": {
      "description1": "Altitude",
      "description1_link": "https://www.linkedin.com/company/altitudesoftware?trk=public_profile_topcard-current-company",
      "description2": "Harvard University",
      "description2_link": "https://www.linkedin.com/school/harvard-university/?trk=public_profile_topcard-school",
      "description3": "Portfolio",
      "description3_link": "https://www.linkedin.com/redir/redirect?url=https%3A%2F%2Fgithub%2Ecom%2FBeyondPerception&urlhash=a4Hj&trk=public_profile_topcard-website"
    },
    "activities": [
      {
        "link": "https://www.linkedin.com/posts/boston-genesis-fund_introducing-the-team-behind-genesis-fund-activity-7270814326561640450-H3o7",
        "image": "https://media.licdn.com/dms/image/v2/D4E22AQGFAK9OzW7Ujg/feedshare-shrink_800/feedshare-shrink_800/0/1733489207911?e=2147483647&v=beta&t=Ax6pqxCI72yQ2x-ScRWoiHbT_-GiP-goLnTz-w8L7c4",
        "title": "introducing the team behind Genesis Fund \ud83e\udd29\n\ncoming from Harvard University, Babson College, Boston University and Northeastern University, we have\u2026",
        "activity": "Liked by Ronak Malik"
      },
      {
        "link": "https://www.linkedin.com/posts/drw_drw-is-one-of-the-largest-market-making-activity-7067529908771553280-FPUG",
        "image": "https://media.licdn.com/dms/image/v2/D5610AQHybPpWMeErZQ/image-shrink_1280/image-shrink_1280/0/1685030437929?e=2147483647&v=beta&t=Yc7dVDaOHPlUddHUEajlUm-0fZUuwiQU9NQ12kUecnw",
        "title": "\"DRW is one of the largest market making firms, so it was a natural decision to apply. I was extremely impressed by the atmosphere in the office when\u2026",
        "activity": "Liked by Ronak Malik"
      },
      {
        "link": "https://www.linkedin.com/posts/texas-rocket-engineering-lab_on-tuesday-may-11-trel-successfully-completed-activity-6799001400115363840-LZ_H",
        "image": "https://media.licdn.com/dms/image/v2/C5622AQEGDkQnzPrb-w/feedshare-shrink_800/feedshare-shrink_800/0/1621008251711?e=2147483647&v=beta&t=3aQspxqUBfoWQt9waz-KcJZTy_airqy1q6RlcRi8c7Y",
        "title": "On Tuesday, May 11, TREL successfully completed the first-ever hot fire of our TXE-1 test engine. This major milestone is the culmination of nearly\u2026",
        "activity": "Liked by Ronak Malik"
      }
    ],
    "volunteering": [],
    "certification": [
      {
        "company_image": "https://media.licdn.com/dms/image/v2/C4D0BAQGexnfBxeEG-g/company-logo_100_100/company-logo_100_100/0/1630530042036/coursera_logo?e=2147483647&v=beta&t=aHl55JZmApxMr1IUyZ8nHvqhyeYIqBPC136YCXMufm0",
        "certification": "Build a Modern Computer from First Principles: Nand to Tetris Part II (project-centered course)",
        "company_url": "https://www.linkedin.com/company/coursera?trk=public_profile_profile-section-card_image-click",
        "company_name": "Coursera",
        "issue_date": "Issued Dec 2018",
        "credential_id": "Credential ID RGAD2PPHH2T2",
        "credential_url": "https://www.coursera.org/account/accomplishments/verify/RGAD2PPHH2T2?trk=public_profile_see-credential"
      },
      {
        "company_image": "https://media.licdn.com/dms/image/v2/C4D0BAQGexnfBxeEG-g/company-logo_100_100/company-logo_100_100/0/1630530042036/coursera_logo?e=2147483647&v=beta&t=aHl55JZmApxMr1IUyZ8nHvqhyeYIqBPC136YCXMufm0",
        "certification": "Build a Modern Computer from First Principles: From Nand to Tetris (Project-Centered Course)",
        "company_url": "https://www.linkedin.com/company/coursera?trk=public_profile_profile-section-card_image-click",
        "company_name": "Coursera",
        "issue_date": "Issued Jul 2018",
        "credential_id": "Credential ID VEMPL82ZGU24",
        "credential_url": "https://www.coursera.org/account/accomplishments/verify/VEMPL82ZGU24?trk=public_profile_see-credential"
      }
    ],
    "people_also_viewed": [
      {
        "link": "https://www.linkedin.com/in/bob-friedman-15942010?trk=public_profile_browsemap-profile",
        "name": "Bob Friedman",
        "summary": "Chief Technologist at Xybion Medical Systems",
        "location": "Pompton, NJ"
      },
      {
        "link": "https://www.linkedin.com/in/jimwoodiasa?trk=public_profile_browsemap-profile",
        "name": "Jim Wood",
        "summary": "",
        "location": "Castle Rock, CO"
      },
      {
        "link": "https://www.linkedin.com/in/jose-olivares-volcy?trk=public_profile_browsemap-profile",
        "name": "Jose Olivares",
        "summary": "Founder/CEO at Codeintel LLC",
        "location": "Reno, NV"
      },
      {
        "link": "https://www.linkedin.com/in/joshuaboyd?trk=public_profile_browsemap-profile",
        "name": "Josh Boyd",
        "summary": "",
        "location": "Washington DC-Baltimore Area"
      },
      {
        "link": "https://www.linkedin.com/in/john-hutchinson-5a2b97?trk=public_profile_browsemap-profile",
        "name": "John Hutchinson",
        "summary": "reinvent",
        "location": "Mill Valley, CA"
      },
      {
        "link": "https://www.linkedin.com/in/dave-boyd-4208861?trk=public_profile_browsemap-profile",
        "name": "Dave Boyd",
        "summary": "CTO IgniteTRX",
        "location": "Purcellville, VA"
      },
      {
        "link": "https://www.linkedin.com/in/edward-whalen-0460924?trk=public_profile_browsemap-profile",
        "name": "Edward Whalen",
        "summary": "",
        "location": "Cypress, TX"
      },
      {
        "link": "https://www.linkedin.com/in/jmatarese?trk=public_profile_browsemap-profile",
        "name": "Joe Matarese",
        "summary": "",
        "location": "San Francisco, CA"
      },
      {
        "link": "https://www.linkedin.com/in/eddielthomas?trk=public_profile_browsemap-profile",
        "name": "Eddie Thomas",
        "summary": "",
        "location": "Atlanta Metropolitan Area"
      }
    ],
    "similar_profiles": [
      {
        "link": "https://in.linkedin.com/in/ronakmalik1?trk=public_profile_samename-profile",
        "name": "Ronak Malik",
        "summary": "\u201cExperienced Key Account Manager | Driving Revenue Growth | Client-Centric Solutions.\u201d",
        "location": "Gurugram"
      },
      {
        "link": "https://in.linkedin.com/in/iamronak27?trk=public_profile_samename-profile",
        "name": "Ronak Malik",
        "summary": "Software Engineer 2 @ NI | 4.5 YOE | Data Structures, Algorithms, C#, C++ & Python",
        "location": "Bengaluru"
      },
      {
        "link": "https://in.linkedin.com/in/ronak-malik-44735597?trk=public_profile_samename-profile",
        "name": "Ronak Malik",
        "summary": "",
        "location": "Ghaziabad"
      },
      {
        "link": "https://in.linkedin.com/in/ronakmalik222?trk=public_profile_samename-profile",
        "name": "Ronak Malik",
        "summary": "Associate at  PwC",
        "location": "New Delhi"
      }
    ],
    "recommendations": [],
    "publications": [],
    "courses": [],
    "languages": [],
    "organizations": [],
    "projects": [],
    "awards": [],
    "score": []
  }
]