{
  "title": "CACTUS 2024: University of Michigan - Chicago Panthers",
  "meta_description": "Captain: Shankhin Chirmade, Vice Captain:",
  "main_content": "University of Michigan ( CACTUS 2024 ) Captain : Shankhin Chirmade Vice Captain : Player Count : 19 Team Info Results Schedule Umpiring Batting Bowling Fielding Ranking Players Team Officials CC Player Id Player Name Series And Division Team Name Jersey Number 3306650 Aayush Dutta CACTUS 2024 University of Michigan 4204441 Abhinav Ganeshkumar CACTUS 2024 University of Michigan 4204442 Ansh Shah CACTUS 2024 University of Michigan 2968571 Aritra Guha CACTUS 2024 University of Michigan 2020385 Arkajit Guha CACTUS 2024 University of Michigan 10 3708415 Arvin Bansal CACTUS 2024 University of Michigan 4204443 Ashwin Vivekanandan CACTUS 2024 University of Michigan 2020384 Harsha Gouda CACTUS 2024 University of Michigan 4204445 Kanishk Kandoi CACTUS 2024 University of Michigan 2650437 Nitin Chanakya Akkaldevi CACTUS 2024 University of Michigan 2189332 Pavan Karodi CACTUS 2024 University of Michigan 4197715 Porav Malhotra CACTUS 2024 University of Michigan 2633790 Porvesh Balasubramanian CACTUS 2024 University of Michigan 4414295 Saharsh Jaisankar CACTUS 2024 University of Michigan 3547728 Saketh Boddapati CACTUS 2024 University of Michigan 09 2633792 Shankhin Chirmade CACTUS 2024 University of Michigan 4204444 Srihari Katari Srinivasulu CACTUS 2024 University of Michigan 4595356 Suchir Gupta CACTUS 2024 University of Michigan 3708413 Tanay Sanghvi CACTUS 2024 University of Michigan Aayush Dutta Bowler View Profile Abhinav Ganeshkumar All Rounder View Profile Ansh Shah All Rounder View Profile Aritra Guha All Rounder View Profile Arkajit Guha All Rounder View Profile Arvin Bansal All Rounder View Profile Ashwin Vivekanandan Bowler View Profile Harsha Gouda Bowler View Profile Kanishk Kandoi All Rounder View Profile Nitin Chanakya Akkal.. All Rounder View Profile Pavan Karodi All Rounder View Profile Porav Malhotra All Rounder View Profile Porvesh Balasubraman.. All Rounder View Profile Saharsh Jaisankar All Rounder View Profile Saketh Boddapati All Rounder View Profile C Shankhin Chirmade All Rounder View Profile Srihari Katari Srini.. All Rounder View Profile Suchir Gupta All Rounder View Profile Tanay Sanghvi All Rounder View Profile Loading ... Loading ... Loading ... Loading ... Loading ... Loading ... Loading ... Loading ... Are you sure want to Delete Team Logo? Install Cricclubs App for better experince ? It will Redirect to",
  "links": [
    {
      "url": "/ChicagoPanthers/viewLeague.do?league=21&clubId=31666",
      "text": "CACTUS 2024"
    },
    {
      "url": "/ChicagoPanthers/viewPlayer.do?playerId=3306650&clubId=31666",
      "text": "View Profile"
    },
    {
      "url": "/ChicagoPanthers/viewPlayer.do?playerId=4204441&clubId=31666",
      "text": "View Profile"
    },
    {
      "url": "/ChicagoPanthers/viewPlayer.do?playerId=4204442&clubId=31666",
      "text": "View Profile"
    },
    {
      "url": "/ChicagoPanthers/viewPlayer.do?playerId=2968571&clubId=31666",
      "text": "View Profile"
    },
    {
      "url": "/ChicagoPanthers/viewPlayer.do?playerId=2020385&clubId=31666",
      "text": "View Profile"
    },
    {
      "url": "/ChicagoPanthers/viewPlayer.do?playerId=3708415&clubId=31666",
      "text": "View Profile"
    },
    {
      "url": "/ChicagoPanthers/viewPlayer.do?playerId=4204443&clubId=31666",
      "text": "View Profile"
    },
    {
      "url": "/ChicagoPanthers/viewPlayer.do?playerId=2020384&clubId=31666",
      "text": "View Profile"
    },
    {
      "url": "/ChicagoPanthers/viewPlayer.do?playerId=4204445&clubId=31666",
      "text": "View Profile"
    },
    {
      "url": "/ChicagoPanthers/viewPlayer.do?playerId=2650437&clubId=31666",
      "text": "View Profile"
    },
    {
      "url": "/ChicagoPanthers/viewPlayer.do?playerId=2189332&clubId=31666",
      "text": "View Profile"
    },
    {
      "url": "/ChicagoPanthers/viewPlayer.do?playerId=4197715&clubId=31666",
      "text": "View Profile"
    },
    {
      "url": "/ChicagoPanthers/viewPlayer.do?playerId=2633790&clubId=31666",
      "text": "View Profile"
    },
    {
      "url": "/ChicagoPanthers/viewPlayer.do?playerId=4414295&clubId=31666",
      "text": "View Profile"
    },
    {
      "url": "/ChicagoPanthers/viewPlayer.do?playerId=3547728&clubId=31666",
      "text": "View Profile"
    },
    {
      "url": "/ChicagoPanthers/viewPlayer.do?playerId=2633792&clubId=31666",
      "text": "View Profile"
    },
    {
      "url": "/ChicagoPanthers/viewPlayer.do?playerId=4204444&clubId=31666",
      "text": "View Profile"
    },
    {
      "url": "/ChicagoPanthers/viewPlayer.do?playerId=4595356&clubId=31666",
      "text": "View Profile"
    },
    {
      "url": "/ChicagoPanthers/viewPlayer.do?playerId=3708413&clubId=31666",
      "text": "View Profile"
    }
  ],
  "images": [
    {
      "src": "https://cricclubs.com/documentsRep/teamLogos/9767800d-d7f8-4a06-9d37-01782d614bab.jpg",
      "alt": ""
    },
    {
      "src": "/utilsv2/images/pdf.png",
      "alt": "Download as PDF"
    },
    {
      "src": "/utilsv2/images/csvicon.png",
      "alt": "Download as CSV"
    },
    {
      "src": "/utilsv2/images/excel.png",
      "alt": "Download as Excel"
    },
    {
      "src": "/utilsv2/images/print.png",
      "alt": "Print"
    },
    {
      "src": "https://cricclubs.com/documentsRep/profilePics/21feff24-7ded-4191-a78b-3a5040a459a9.png",
      "alt": ""
    },
    {
      "src": "/utilsv2/images/ok.png",
      "alt": "Verified"
    },
    {
      "src": "https://cricclubs.com/documentsRep/profilePics/no_image.png",
      "alt": ""
    },
    {
      "src": "/utilsv2/images/ok.png",
      "alt": "Verified"
    },
    {
      "src": "https://cricclubs.com/documentsRep/profilePics/no_image.png",
      "alt": ""
    },
    {
      "src": "/utilsv2/images/ok.png",
      "alt": "Verified"
    },
    {
      "src": "https://cricclubs.com/documentsRep/profilePics/no_image.png",
      "alt": ""
    },
    {
      "src": "/utilsv2/images/ok.png",
      "alt": "Verified"
    },
    {
      "src": "https://cricclubs.com/documentsRep/profilePics/d132d2e9-bf0d-4209-b45e-0ea7156a76c7.png",
      "alt": ""
    },
    {
      "src": "/utilsv2/images/ok.png",
      "alt": "Verified"
    },
    {
      "src": "https://cricclubs.com/documentsRep/profilePics/no_image.png",
      "alt": ""
    },
    {
      "src": "/utilsv2/images/ok.png",
      "alt": "Verified"
    },
    {
      "src": "https://cricclubs.com/documentsRep/profilePics/no_image.png",
      "alt": ""
    },
    {
      "src": "/utilsv2/images/ok.png",
      "alt": "Verified"
    },
    {
      "src": "https://cricclubs.com/documentsRep/profilePics/30f1d00a-7e40-49ca-90c9-5dcd7e333f65.jpeg",
      "alt": ""
    },
    {
      "src": "/utilsv2/images/ok.png",
      "alt": "Verified"
    },
    {
      "src": "https://cricclubs.com/documentsRep/profilePics/no_image.png",
      "alt": ""
    },
    {
      "src": "/utilsv2/images/ok.png",
      "alt": "Verified"
    },
    {
      "src": "https://cricclubs.com/documentsRep/profilePics/fd253d1d-7395-4f46-b3c1-5dc4fe089548.png",
      "alt": ""
    },
    {
      "src": "/utilsv2/images/ok.png",
      "alt": "Verified"
    },
    {
      "src": "https://cricclubs.com/documentsRep/profilePics/df1a2137-10ca-4b35-97e9-7bdfd2993c9b.jpeg",
      "alt": ""
    },
    {
      "src": "/utilsv2/images/ok.png",
      "alt": "Verified"
    },
    {
      "src": "https://cricclubs.com/documentsRep/profilePics/no_image.png",
      "alt": ""
    },
    {
      "src": "/utilsv2/images/ok.png",
      "alt": "Verified"
    },
    {
      "src": "https://cricclubs.com/documentsRep/profilePics/1e7a60f2-200b-4254-9224-7844e7fe6470.jpeg",
      "alt": ""
    },
    {
      "src": "/utilsv2/images/ok.png",
      "alt": "Verified"
    },
    {
      "src": "https://cricclubs.com/documentsRep/profilePics/no_image.png",
      "alt": ""
    },
    {
      "src": "/utilsv2/images/ok.png",
      "alt": "Verified"
    },
    {
      "src": "https://cricclubs.com/documentsRep/profilePics/6d10a6f9-675e-4216-a73c-30b6fcb7342c.jpeg",
      "alt": ""
    },
    {
      "src": "/utilsv2/images/ok.png",
      "alt": "Verified"
    },
    {
      "src": "https://cricclubs.com/documentsRep/profilePics/79ca01a3-7a4b-42fb-90ea-eef975b78c2b.png",
      "alt": ""
    },
    {
      "src": "/utilsv2/images/ok.png",
      "alt": "Verified"
    },
    {
      "src": "https://cricclubs.com/documentsRep/profilePics/e2f65ea4-72d4-45e7-942d-3383c300fda5.jpeg",
      "alt": ""
    },
    {
      "src": "/utilsv2/images/ok.png",
      "alt": "Verified"
    },
    {
      "src": "https://cricclubs.com/documentsRep/profilePics/no_image.png",
      "alt": ""
    },
    {
      "src": "/utilsv2/images/ok.png",
      "alt": "Verified"
    },
    {
      "src": "https://cricclubs.com/documentsRep/profilePics/6e31cc27-6cca-4f74-bf71-183dca30a334.jpeg",
      "alt": ""
    },
    {
      "src": "/utilsv2/images/ok.png",
      "alt": "Verified"
    },
    {
      "src": "https://www.facebook.com/tr?id=802686347040044&ev=PageView&noscript=1",
      "alt": ""
    },
    {
      "src": "https://certify.alexametrics.com/atrk.gif?account=mluzr1O7kI20L7",
      "alt": ""
    }
  ]
}