{
  "title": "Porvesh Balasubramanian - UW-Madison",
  "meta_description": "All Rounder M:2 R:3 SR:37.50 W:1 Econ:6.20",
  "main_content": "Porvesh Balasubramanian Is this you? claim your profile. CC Player ID : 3300615 Current Team : Umich Teams : Umich Playing Role : All Rounder Batting Style : Right Handed Batter Bowling Style : Right Arm Medium Matches 2 Runs 3 Wickets 1 UW-Madison BATTING STATISTICS Bowling STATISTICS Series Type Mat Inns NO Runs Balls Ave SR HS 100's 50's 25's 0's 4's 6's T20 2 1 0 3 8 3.00 37.50 3 0 0 0 0 0 0 View statistics by : Series Year Loading ... Practice 0 0 0 0 0 0 0 0.00 0 0 0 0 0 0 Series Type Mat Inns Overs Runs Wkts BBF Mdns Ave Econ SR 4W 5W Wides Catches T20 2 2 5.0 31 1 15/1 1 31.00 6.20 30.0 0 0 1 0 View statistics by : Series Year Loading ... Practice 0 0 0.0 0 0 0 0 0.00 0 0 0 0 0 0 BATTING: RUNS PER INNINGS BATTING: DISMISSAL TYPE BOWLING: WICKETS PER INNINGS BOWLING: DISMISSAL TYPE # Player Name Email Change Type Change BY Profile Changed Time # Series Name Team Name Action Type Changed By Modified Date Club: Select Club Team: Select Team OR If you are already a user Login Install Cricclubs App for better experince ? It will Redirect to",
  "links": [
    {
      "url": "/UW/viewTeam.do?teamId=177&clubId=40747",
      "text": "Umich"
    },
    {
      "url": "/UW/playerAllBattingRecords.do?playerId=3300615&clubId=40747",
      "text": "3"
    },
    {
      "url": "/UW/playerAllBowlingRecords.do?playerId=3300615&clubId=40747",
      "text": "1"
    },
    {
      "url": "/UW/login.do?clubId=40747",
      "text": "Login"
    }
  ],
  "images": [
    {
      "src": "https://cricclubs.com/documentsRep/profilePics/no_image.png",
      "alt": ""
    },
    {
      "src": "/utilsv2/images/question.png",
      "alt": "Not Verified"
    },
    {
      "src": "/utilsv2/images/fb_new.png",
      "alt": ""
    },
    {
      "src": "/utilsv2/images/twi.png",
      "alt": ""
    },
    {
      "src": "/utilsv2/images/goo.png",
      "alt": ""
    },
    {
      "src": "/utilsv2/images/mail.png",
      "alt": ""
    },
    {
      "src": "/utilsv2/images/whatsapp.png",
      "alt": ""
    },
    {
      "src": "/utilsv2/images/delete.png",
      "alt": "Delete Club"
    },
    {
      "src": "/utilsv2/images/facebook-login.png",
      "alt": "Login with Facebook"
    },
    {
      "src": "https://www.facebook.com/tr?id=802686347040044&ev=PageView&noscript=1",
      "alt": ""
    },
    {
      "src": "https://certify.alexametrics.com/atrk.gif?account=mluzr1O7kI20L7",
      "alt": ""
    }
  ]
}