{
  "title": "Porvesh (Porvesh Balasubramanian) \u00b7 GitHub",
  "meta_description": "Porvesh has 5 repositories available. Follow their code on GitHub.",
  "main_content": "Porvesh Follow More Overview Repositories Projects Packages Stars Porvesh Follow Porvesh Balasubramanian Porvesh Follow 1 follower \u00b7 0 following porvesh.github.io Achievements Achievements Block or Report Block or report Porvesh Block user Prevent this user from interacting with your repositories and sending you notifications. Learn more about blocking users . You must be logged in to block users. Add an optional note: Please don't include any personal information such as legal names or email addresses. Maximum 100 characters, markdown supported. This note will be visible to only you. Block user Report abuse Contact GitHub support about this user\u2019s behavior. Learn more about reporting abuse . Report abuse More Overview Repositories Projects Packages Stars Popular repositories Loading EnfieldEngine EnfieldEngine Public My Personal Game Engine C++ eecs373-final eecs373-final Public Forked from arjun-laxman/eecs373-final C Real-time-Object-Detection-for-Autonomous-Driving-using-Deep-Learning Real-time-Object-Detection-for-Autonomous-Driving-using-Deep-Learning Public Forked from alen-smajic/Real-time-Object-Detection-for-Autonomous-Driving-using-Deep-Learning Python myWebsite myWebsite Public Forked from bchiang7/v4 Personal Website JavaScript Porvesh.github.io Porvesh.github.io Public Me HTML Something went wrong, please refresh the page to try again. If the problem persists, check the GitHub status page or contact support .",
  "links": [
    {
      "url": "/login?return_to=https%3A%2F%2Fgithub.com%2FPorvesh%2F",
      "text": "Follow"
    },
    {
      "url": "/Porvesh",
      "text": "Overview"
    },
    {
      "url": "/Porvesh?tab=repositories",
      "text": "Repositories"
    },
    {
      "url": "/Porvesh?tab=projects",
      "text": "Projects"
    },
    {
      "url": "/Porvesh?tab=packages",
      "text": "Packages"
    },
    {
      "url": "/Porvesh?tab=stars",
      "text": "Stars"
    },
    {
      "url": "/login?return_to=https%3A%2F%2Fgithub.com%2FPorvesh%2F",
      "text": "Follow"
    },
    {
      "url": "https://avatars.githubusercontent.com/u/63090093?v=4",
      "text": ""
    },
    {
      "url": "/login?return_to=https%3A%2F%2Fgithub.com%2FPorvesh%2F",
      "text": "Follow"
    },
    {
      "url": "https://github.com/Porvesh?tab=followers",
      "text": "1\n          follower"
    },
    {
      "url": "https://github.com/Porvesh?tab=following",
      "text": "0\n          following"
    },
    {
      "url": "http://porvesh.github.io",
      "text": "porvesh.github.io"
    },
    {
      "url": "/Porvesh?tab=achievements",
      "text": "Achievements"
    },
    {
      "url": "/Porvesh?achievement=pull-shark&tab=achievements",
      "text": ""
    },
    {
      "url": "/Porvesh?tab=achievements",
      "text": "Achievements"
    },
    {
      "url": "/Porvesh?achievement=pull-shark&tab=achievements",
      "text": ""
    },
    {
      "url": "https://docs.github.com/articles/blocking-a-user-from-your-personal-account",
      "text": "blocking users"
    },
    {
      "url": "https://docs.github.com/articles/reporting-abuse-or-spam",
      "text": "reporting abuse"
    },
    {
      "url": "/contact/report-abuse?report=Porvesh+%28user%29",
      "text": "Report abuse"
    },
    {
      "url": "/Porvesh",
      "text": "Overview"
    },
    {
      "url": "/Porvesh?tab=repositories",
      "text": "Repositories"
    },
    {
      "url": "/Porvesh?tab=projects",
      "text": "Projects"
    },
    {
      "url": "/Porvesh?tab=packages",
      "text": "Packages"
    },
    {
      "url": "/Porvesh?tab=stars",
      "text": "Stars"
    },
    {
      "url": "/Porvesh/EnfieldEngine",
      "text": "EnfieldEngine"
    },
    {
      "url": "/Porvesh/eecs373-final",
      "text": "eecs373-final"
    },
    {
      "url": "/arjun-laxman/eecs373-final",
      "text": "arjun-laxman/eecs373-final"
    },
    {
      "url": "/Porvesh/Real-time-Object-Detection-for-Autonomous-Driving-using-Deep-Learning",
      "text": "Real-time-Object-Detection-for-Autonomous-Driving-using-Deep-Learning"
    },
    {
      "url": "/alen-smajic/Real-time-Object-Detection-for-Autonomous-Driving-using-Deep-Learning",
      "text": "alen-smajic/Real-time-Object-Detection-for-Autonomous-Driving-using-Deep-Learning"
    },
    {
      "url": "/Porvesh/myWebsite",
      "text": "myWebsite"
    },
    {
      "url": "/bchiang7/v4",
      "text": "bchiang7/v4"
    },
    {
      "url": "/Porvesh/Porvesh.github.io",
      "text": "Porvesh.github.io"
    },
    {
      "url": "https://www.githubstatus.com/",
      "text": "GitHub status page"
    },
    {
      "url": "/contact",
      "text": "contact support"
    }
  ],
  "images": [
    {
      "src": "https://avatars.githubusercontent.com/u/63090093?s=64&v=4",
      "alt": "@Porvesh"
    },
    {
      "src": "https://avatars.githubusercontent.com/u/63090093?s=64&v=4",
      "alt": "@Porvesh"
    },
    {
      "src": "https://avatars.githubusercontent.com/u/63090093?v=4",
      "alt": "View Porvesh's full-sized avatar"
    },
    {
      "src": "https://github.githubassets.com/assets/pull-shark-default-498c279a747d.png",
      "alt": "Achievement: Pull Shark"
    },
    {
      "src": "https://github.githubassets.com/assets/pull-shark-default-498c279a747d.png",
      "alt": "Achievement: Pull Shark"
    }
  ]
}