[
  {
    "fullName": "Pavan Jayasinha",
    "linkedin_internal_id": "843781668",
    "first_name": "Pavan",
    "last_name": "Jayasinha",
    "public_identifier": "pavan-jayasinha-6b06b71b6",
    "background_cover_image_url": "https://media.licdn.com/dms/image/v2/C4E16AQFVgVUYrYnc6g/profile-displaybackgroundimage-shrink_200_800/profile-displaybackgroundimage-shrink_200_800/0/1608391012765?e=2147483647&v=beta&t=Flpvc0fccfcwwGtJUd8ShY5BUmSmTtPJjqCZx-gyKH0",
    "profile_photo": "https://static.licdn.com/aero-v1/sc/h/9c8pery4andzj6ohjkjp54ma2",
    "headline": "Prev. GPU Performance Intern @Modular | @UWaterloo | Prev: Extropic AI, Untether AI, IQC",
    "location": "2K followers\n          \n          \n              500+ connections",
    "followers": "Issued Mar 2022",
    "connections": "Issued Mar 2022",
    "about": "Machine learning, robotics, and quantum computing. With special interests in generative modelling, and low-level kernel development.",
    "experience": [
      {
        "position": "AI GPU Engineering Intern",
        "company_url": "https://www.linkedin.com/company/modular-ai?trk=public_profile_experience-item_profile-section-card_subtitle-click",
        "company_image": "https://media.licdn.com/dms/image/v2/D560BAQEWoZTueAjoVQ/company-logo_100_100/company-logo_100_100/0/1714859252025/modular_ai_logo?e=2147483647&v=beta&t=MblPKvI_Mj_3ybjB5E_N4hl6TmGmg1GlLhGTxc9OJxU",
        "company_name": "Modular",
        "location": "Palo Alto, California, United States",
        "summary": "GPU kernels in Mojo lang, End-to-end pipeline performance optimization, C++ runtime optimization, Multi-gpu tensor parallelism in mojo from scratch, CUDA driver integration for NVLink GPU comms in Mojo, Python pipeline development for distributed inference",
        "starts_at": "Sep 2024",
        "ends_at": "Dec 2024",
        "duration": "4 months"
      },
      {
        "position": "Software Contractor",
        "company_url": "https://www.linkedin.com/company/extropic-ai?trk=public_profile_experience-item_profile-section-card_subtitle-click",
        "company_image": "https://media.licdn.com/dms/image/v2/D560BAQFi_F2dWhgPYA/company-logo_100_100/company-logo_100_100/0/1701545646447?e=2147483647&v=beta&t=dDX9w9dvHSy27b9BJ7Mk92PcZGiXiqwZj0DiudhUT8E",
        "company_name": "Extropic",
        "location": "San Francisco Bay Area",
        "summary": "Part-time monkey",
        "starts_at": "Jan 2024",
        "ends_at": "Dec 2024",
        "duration": "1 year"
      },
      {
        "position": "Research Engineer",
        "company_url": "https://www.linkedin.com/company/extropic-ai?trk=public_profile_experience-item_profile-section-card_subtitle-click",
        "company_image": "https://media.licdn.com/dms/image/v2/D560BAQFi_F2dWhgPYA/company-logo_100_100/company-logo_100_100/0/1701545646447?e=2147483647&v=beta&t=dDX9w9dvHSy27b9BJ7Mk92PcZGiXiqwZj0DiudhUT8E",
        "company_name": "Extropic",
        "location": "San Francisco Bay Area",
        "summary": "On gap yr - Built core high-performance JAX codebase for analog simulation of probabilistic ML (thermodynamic) models on hardware. Laid software groundwork for R&D modelling and hardware analysis. 1000+ Bayesian hyperparameter sweeps.",
        "starts_at": "Jan 2023",
        "ends_at": "Dec 2023",
        "duration": "1 year"
      },
      {
        "position": "Undergraduate Research Assistant",
        "company_url": "https://ca.linkedin.com/school/uwaterloo/?trk=public_profile_experience-item_profile-section-card_subtitle-click",
        "company_image": "https://media.licdn.com/dms/image/v2/D560BAQE6pj0rV9W9kg/company-logo_100_100/company-logo_100_100/0/1723748867263/uwaterloo_logo?e=2147483647&v=beta&t=FeBzmd9tAH_EkWTq3Z8OOb2TbbCjTS8YrpBdR2heBoc",
        "company_name": "University of Waterloo",
        "location": "Waterloo, Ontario, Canada",
        "summary": "Robotics research under Prof Clausi's & Prof Zelek's VIP Lab - Hybrid visual SLAM. Received President's Research Award",
        "starts_at": "Apr 2024",
        "ends_at": "Sep 2024",
        "duration": "6 months"
      },
      {
        "position": "Compute Kernel Engineer Intern",
        "company_url": "https://ca.linkedin.com/company/untether-ai?trk=public_profile_experience-item_profile-section-card_subtitle-click",
        "company_image": "https://media.licdn.com/dms/image/v2/C4D0BAQEss-RaVAelpQ/company-logo_100_100/company-logo_100_100/0/1631726326538/untether_ai_logo?e=2147483647&v=beta&t=9erp_YcJNnv-OHJp2YOAKNOd2JPACht2CqoWttiA9Nc",
        "company_name": "Untether AI",
        "location": "Toronto, Ontario, Canada",
        "summary": "Developed low-level custom kernels specialized for rapid neural network inference on Untether.AI chips",
        "starts_at": "Sep 2022",
        "ends_at": "Dec 2022",
        "duration": "4 months"
      },
      {
        "position": "Research Intern",
        "company_url": "https://ca.linkedin.com/company/institute-for-quantum-computing?trk=public_profile_experience-item_profile-section-card_subtitle-click",
        "company_image": "https://media.licdn.com/dms/image/v2/C560BAQHEvOOrcxy5oQ/company-logo_100_100/company-logo_100_100/0/1631416261793/institute_for_quantum_computing_logo?e=2147483647&v=beta&t=nX_TOgpCwdi9n7R9yhS_p9C8e8SU6VV3OELF-enoLO4",
        "company_name": "Institute for Quantum Computing",
        "location": "Waterloo, Ontario, Canada",
        "summary": "Researched methods to effectively realize the Bose-Hubbard Hamiltonian through a chain of Rydberg neutral atoms.Built & ran large-scale physics simulations parallelized over several instances.Built simulation software to quickly calculate the action of a sparse matrix exponential (Krylov).",
        "starts_at": "Jan 2021",
        "ends_at": "Apr 2022",
        "duration": "1 year 4 months"
      },
      {
        "position": "Mentee at Qiskit Advocate Mentorship Program",
        "company_url": "https://www.linkedin.com/company/ibm?trk=public_profile_experience-item_profile-section-card_subtitle-click",
        "company_image": "https://media.licdn.com/dms/image/v2/D560BAQGiz5ecgpCtkA/company-logo_100_100/company-logo_100_100/0/1688684715866/ibm_logo?e=2147483647&v=beta&t=HPSmWLOCvdPkWO1nRWwjjmCNpaCqww20rSJ4E54QtxQ",
        "company_name": "IBM",
        "location": null,
        "summary": "I authored the closing chapter in the Qiskit Textbook QML course on QGANs: https://learn.qiskit.org/course/machine-learning/quantum-generative-adversarial-networks",
        "starts_at": "Sep 2021",
        "ends_at": "Dec 2021",
        "duration": "4 months"
      },
      {
        "position": "Mentor at QGSS21: Quantum Machine Learning",
        "company_url": "https://www.linkedin.com/company/ibm?trk=public_profile_experience-item_profile-section-card_subtitle-click",
        "company_image": "https://media.licdn.com/dms/image/v2/D560BAQGiz5ecgpCtkA/company-logo_100_100/company-logo_100_100/0/1688684715866/ibm_logo?e=2147483647&v=beta&t=HPSmWLOCvdPkWO1nRWwjjmCNpaCqww20rSJ4E54QtxQ",
        "company_name": "IBM",
        "location": null,
        "summary": "I was a Mentor at the Qiskit Global Summer School 21: Quantum Machine Learning, with over 5000 participating students from all around the world. The course covered a wide variety of topics, starting from basics of classical ML to state-of-the-art Quanvolutional Neural Networks, qGANS and Q-Boltzman Machines. I have completed the Early Access version with 100/100.",
        "starts_at": "Jul 2021",
        "ends_at": "Aug 2021",
        "duration": "2 months"
      },
      {
        "position": "Quantum AI Research Intern",
        "company_image": "https://static.licdn.com/aero-v1/sc/h/cs8pjfgyw96g44ln9r7tct85f",
        "company_name": "Zapata Computing, Inc.",
        "location": "Toronto, Ontario, Canada",
        "summary": "Investigated quantum generative models and developed software for similar lines of research experiments to be conducted with ease on Orquestra resources.",
        "starts_at": "Jun 2021",
        "ends_at": "Aug 2021",
        "duration": "3 months"
      },
      {
        "position": "Mentee",
        "company_url": "https://www.linkedin.com/company/qosf?trk=public_profile_experience-item_profile-section-card_subtitle-click",
        "company_image": "https://media.licdn.com/dms/image/v2/C560BAQGhRHe_A9P1xw/company-logo_100_100/company-logo_100_100/0/1630585129063?e=2147483647&v=beta&t=20Qw73fRZJrFHvzS8OIqczJxlmRXmGI2LPVLs_l7qn4",
        "company_name": "Quantum Open Source Foundation",
        "location": null,
        "summary": "Under the guidance of Yunong Shi (quantum research scientist @AWS), wrote an entry-level article and built a few projects exploring the realm of quantum generative adversarial networks.",
        "starts_at": "Feb 2021",
        "ends_at": "Jun 2021",
        "duration": "5 months"
      },
      {
        "position": "Lifeguard",
        "company_url": "https://ca.linkedin.com/company/city-of-toronto?trk=public_profile_experience-item_profile-section-card_subtitle-click",
        "company_image": "https://media.licdn.com/dms/image/v2/D560BAQEQyebxgen4bg/company-logo_100_100/company-logo_100_100/0/1696169905819/city_of_toronto_logo?e=2147483647&v=beta&t=x6rtzQZ5DZX8k8xwfTXBvo4yybDQ_wtqLdCxIuu4XD0",
        "company_name": "City of Toronto",
        "location": "Toronto, Ontario, Canada",
        "summary": "Overdosed the pool with chlorine",
        "starts_at": "Jun 2019",
        "ends_at": "Sep 2020",
        "duration": "1 year 4 months"
      },
      {
        "position": "Dog Walker",
        "company_image": "https://static.licdn.com/aero-v1/sc/h/cs8pjfgyw96g44ln9r7tct85f",
        "company_name": "Neighbor",
        "location": "Toronto, Ontario, Canada",
        "summary": "Walked & picked up poop diligently after school for 650 days in a row. Played with 2 dogs in -20c weather.",
        "starts_at": "Sep 2014",
        "ends_at": "Oct 2016",
        "duration": "2 years 2 months"
      }
    ],
    "education": [
      {
        "college_url": "https://ca.linkedin.com/school/uwaterloo/?trk=public_profile_school_profile-section-card_image-click",
        "college_name": "University of Waterloo",
        "college_image": "https://media.licdn.com/dms/image/v2/D560BAQE6pj0rV9W9kg/company-logo_100_100/company-logo_100_100/0/1723748867263/uwaterloo_logo?e=2147483647&v=beta&t=FeBzmd9tAH_EkWTq3Z8OOb2TbbCjTS8YrpBdR2heBoc",
        "college_degree": "Bachelor of Applied Science - BASc",
        "college_degree_field": "4.0 (93/100)",
        "college_duration": "2021 - 2026",
        "college_activity": "Masason Scholar, President's Research Award, Deans Honours List"
      },
      {
        "college_url": "https://www.linkedin.com/school/the-coding-school/?trk=public_profile_school_profile-section-card_image-click",
        "college_name": "The Coding School",
        "college_image": "https://media.licdn.com/dms/image/v2/C4E0BAQH3rmlEnBTL_Q/company-logo_100_100/company-logo_100_100/0/1679948453804/the_coding_school_logo?e=2147483647&v=beta&t=gg9zW6fdghGhZQeTAug3LMq8XUnrE0OTZFKfMHnr0tU",
        "college_degree": "Certificate",
        "college_degree_field": "Quantum Computing",
        "college_duration": "2020 - 2021",
        "college_activity": ""
      },
      {
        "college_name": "Silverthon CI",
        "college_image": "https://static.licdn.com/aero-v1/sc/h/6qpnald1ddva78jx4bnnl3vw",
        "college_degree": "High School Diploma",
        "college_degree_field": "96.4/100",
        "college_duration": "2017 - 2021",
        "college_activity": ""
      }
    ],
    "articles": [],
    "description": {
      "description1": "Modular",
      "description1_link": "https://www.linkedin.com/company/modular-ai?trk=public_profile_topcard-current-company",
      "description2": "University of Waterloo",
      "description2_link": "https://ca.linkedin.com/school/uwaterloo/?trk=public_profile_topcard-school",
      "description3": ""
    },
    "activities": [
      {
        "link": "https://www.linkedin.com/posts/spike-ocarroll_i-am-thrilled-to-announce-that-i-will-be-activity-7273568235743059968-DV-H",
        "image": "https://media.licdn.com/dms/image/v2/D5622AQGYZnd71QQ9EQ/feedshare-shrink_800/B56ZPDnw9SGcAg-/0/1734153802533?e=2147483647&v=beta&t=SWQAYBrFLBjeo_-kMo42qlsYZ-9OKhSblorKqnKSWNE",
        "title": "I am thrilled to announce that I will be joining Ramp as a Backend Software Engineering Intern at their NYC headquarters this summer!\n\nI'm\u2026",
        "activity": "Liked by Pavan Jayasinha"
      },
      {
        "link": "https://www.linkedin.com/posts/debarghyadas_a-huge-decade-long-urban-mystery-just-unfolded-activity-7297312363798568960-2ZTV",
        "image": "https://media.licdn.com/dms/image/v2/D5622AQGcp--0fq21Lg/feedshare-shrink_800/B56ZUVC6EZHEAk-/0/1739814844252?e=2147483647&v=beta&t=r7Y2ipOQV6gJe7YWdDEJYwri6uY_ku-OIU61GVY9T7E",
        "title": "A huge decade long urban mystery just unfolded in the mathematicians community!\n\nA legendary anon, a 15yo girl called Cleo, posted direct answers to\u2026",
        "activity": "Liked by Pavan Jayasinha"
      },
      {
        "link": "https://www.linkedin.com/posts/pavan-jayasinha-6b06b71b6_modular-careers-activity-7297071848117149699-ErD2",
        "image": "https://static.licdn.com/aero-v1/sc/h/53n89ecoxpr1qrki1do3alazb",
        "title": "Thanks for all the support Chris! I learned a ton working under your leadership.",
        "activity": "Shared by Pavan Jayasinha"
      },
      {
        "link": "https://www.linkedin.com/posts/pavan-jayasinha-6b06b71b6_modular-careers-activity-7297023084786593793-aPx2",
        "image": "https://media.licdn.com/dms/image/sync/v2/D5627AQH4dov9kNWQwA/articleshare-shrink_800/articleshare-shrink_800/0/1737943280087?e=2147483647&v=beta&t=5asj4sHC088-ZkBteUsOllxqPQo_p3I2ela2OOzGTLY",
        "title": "Since Modular summer internships just opened up, I thought I'd share my story as one of the first interns there and express how valuable of a growth\u2026",
        "activity": "Shared by Pavan Jayasinha"
      },
      {
        "link": "https://www.linkedin.com/posts/aliestaha_i-finished-my-internship-tesla-last-month-activity-7296601944830160896-aulX",
        "image": "https://media.licdn.com/dms/image/v2/D5622AQHJIO45I3QtLg/feedshare-shrink_800/B56ZUK8zKlGsAg-/0/1739645465959?e=2147483647&v=beta&t=90HAH8ZrPBfUgQR7JTykq38sHAnIZi5phnVAMsjeRxM",
        "title": "I finished my internship @ Tesla last month. Looking back, it started with an email to one director.\n\n\"I'm Ali, a second-year computer engineering\u2026",
        "activity": "Liked by Pavan Jayasinha"
      },
      {
        "link": "https://www.linkedin.com/posts/alishaarora56_im-thrilled-to-have-begun-my-co-op-term-activity-7287133028001218561--ENJ",
        "image": "https://media.licdn.com/dms/image/v2/D4E22AQHkdOjt7H1M4g/feedshare-shrink_800/B4EZR6mR.SHAAg-/0/1737223643774?e=2147483647&v=beta&t=LlKAqZFQuR89jxjxwr4JlGJdritmJlU8iyofczpeBxA",
        "title": "I\u2019m thrilled to have begun my co-op term with TELUS, as a software engineer part of their AI Accelerator in collaboration with the Vector Institute.\u2026",
        "activity": "Liked by Pavan Jayasinha"
      },
      {
        "link": "https://www.linkedin.com/posts/ritwikpavan_im-launching-a-video-series-called-hardware-activity-7292183300457017344-7u8k",
        "image": "https://media.licdn.com/dms/image/v2/D5605AQGKO96sYGV4HQ/videocover-high/B56ZS.d1GCHEBs-/0/1738362280339?e=2147483647&v=beta&t=YBC7WYVhX_tRWu0TxeOGkE6TcoH6I-j9hldwJtjEF2A",
        "title": "I'm launching a video series called Hardware Nation, sharing the most exciting consumer products and their origin stories.\n\nWhich products or\u2026",
        "activity": "Liked by Pavan Jayasinha"
      }
    ],
    "volunteering": [],
    "certification": [
      {
        "company_image": "https://media.licdn.com/dms/image/v2/D560BAQGiz5ecgpCtkA/company-logo_100_100/company-logo_100_100/0/1688684715866/ibm_logo?e=2147483647&v=beta&t=HPSmWLOCvdPkWO1nRWwjjmCNpaCqww20rSJ4E54QtxQ",
        "certification": "Qiskit Advocate Mentorship Program Fall 2021 - Mentee",
        "company_url": "https://www.linkedin.com/company/ibm?trk=public_profile_profile-section-card_image-click",
        "company_name": "IBM",
        "issue_date": "Issued Mar 2022",
        "credential_id": "See credential",
        "credential_url": "https://www.credly.com/badges/c3e46a30-7949-4a79-9702-e0dbb76ca768?source=linked_in_profile&trk=public_profile_see-credential"
      },
      {
        "company_image": "https://media.licdn.com/dms/image/v2/D560BAQGiz5ecgpCtkA/company-logo_100_100/company-logo_100_100/0/1688684715866/ibm_logo?e=2147483647&v=beta&t=HPSmWLOCvdPkWO1nRWwjjmCNpaCqww20rSJ4E54QtxQ",
        "certification": "Qiskit Advocate",
        "company_url": "https://www.linkedin.com/company/ibm?trk=public_profile_profile-section-card_image-click",
        "company_name": "IBM",
        "issue_date": "Issued Oct 2021",
        "credential_id": "See credential",
        "credential_url": "https://www.credly.com/badges/95ce73bb-99d6-4645-bdbb-14e44bcd4143?source=linked_in_profile&trk=public_profile_see-credential"
      },
      {
        "company_image": "https://media.licdn.com/dms/image/v2/D560BAQGiz5ecgpCtkA/company-logo_100_100/company-logo_100_100/0/1688684715866/ibm_logo?e=2147483647&v=beta&t=HPSmWLOCvdPkWO1nRWwjjmCNpaCqww20rSJ4E54QtxQ",
        "certification": "IBM Certified Associate Developer - Quantum Computation using Qiskit v0.2X",
        "company_url": "https://www.linkedin.com/company/ibm?trk=public_profile_profile-section-card_image-click",
        "company_name": "IBM",
        "issue_date": "Issued Jul 2021",
        "credential_id": "See credential",
        "credential_url": "https://www.credly.com/badges/b9c8add9-c35a-4816-a951-e8c91f7ed747?source=linked_in_profile&trk=public_profile_see-credential"
      },
      {
        "company_image": "https://media.licdn.com/dms/image/v2/D560BAQGiz5ecgpCtkA/company-logo_100_100/company-logo_100_100/0/1688684715866/ibm_logo?e=2147483647&v=beta&t=HPSmWLOCvdPkWO1nRWwjjmCNpaCqww20rSJ4E54QtxQ",
        "certification": "IBM Quantum Challenge - Fall 2020 - Foundational",
        "company_url": "https://www.linkedin.com/company/ibm?trk=public_profile_profile-section-card_image-click",
        "company_name": "IBM",
        "issue_date": "Issued Dec 2020",
        "credential_id": "See credential",
        "credential_url": "https://www.youracclaim.com/badges/38c81cb9-b6de-435b-9ede-f6d2af587075?source=linked_in_profile&trk=public_profile_see-credential"
      },
      {
        "company_image": "https://media.licdn.com/dms/image/v2/D4D0BAQHQPPnLkpmBRg/company-logo_100_100/company-logo_100_100/0/1721922713642/lifesaving_society_logo?e=2147483647&v=beta&t=07r4aMsG8YtiBoZ1amK93f8hlmM7uBJmIEEKI3BBCzs",
        "certification": "Standard First Aid CPR C",
        "company_url": "https://ca.linkedin.com/company/lifesaving-society?trk=public_profile_profile-section-card_image-click",
        "company_name": "Lifesaving Society Canada",
        "issue_date": "Issued Mar 2019",
        "credential_id": ""
      },
      {
        "company_image": "https://media.licdn.com/dms/image/v2/D4D0BAQHQPPnLkpmBRg/company-logo_100_100/company-logo_100_100/0/1721922713642/lifesaving_society_logo?e=2147483647&v=beta&t=07r4aMsG8YtiBoZ1amK93f8hlmM7uBJmIEEKI3BBCzs",
        "certification": "National Lifeguard - Pool",
        "company_url": "https://ca.linkedin.com/company/lifesaving-society?trk=public_profile_profile-section-card_image-click",
        "company_name": "Lifesaving Society Canada",
        "issue_date": "Issued Jan 2020\n                    \n                      \n                        Expires Jan 2022",
        "credential_id": ""
      }
    ],
    "people_also_viewed": [
      {
        "link": "https://ca.linkedin.com/in/yashmatharu?trk=public_profile_browsemap-profile",
        "name": "Yash Matharu",
        "summary": "Engineering @ McMaster University",
        "location": "Hamilton, ON"
      },
      {
        "link": "https://www.linkedin.com/in/tawsif-kamal?trk=public_profile_browsemap-profile",
        "name": "Tawsif Kamal",
        "summary": "",
        "location": "Atlanta, GA"
      },
      {
        "link": "https://ca.linkedin.com/in/zaki-machfj?trk=public_profile_browsemap-profile",
        "name": "Zaki Machfj",
        "summary": "Applied AI @ AuditBoard | CS @ UWaterloo",
        "location": "Mississauga, ON"
      },
      {
        "link": "https://ca.linkedin.com/in/nizhor?trk=public_profile_browsemap-profile",
        "name": "Nizhor Akter",
        "summary": "Software Engineering Student",
        "location": "Canada"
      },
      {
        "link": "https://ca.linkedin.com/in/rajavanaik?trk=public_profile_browsemap-profile",
        "name": "Raja Vanaik",
        "summary": "Student at Sprott School of Business",
        "location": "Ottawa, ON"
      },
      {
        "link": "https://ca.linkedin.com/in/kyleisaak?trk=public_profile_browsemap-profile",
        "name": "Kyle Isaak",
        "summary": "\ud835\udc69\ud835\udc7a\ud835\udc84 \ud835\udc6a\ud835\udc90\ud835\udc8e\ud835\udc91\ud835\udc96\ud835\udc95\ud835\udc8a\ud835\udc8f\ud835\udc88 \ud835\udc7a\ud835\udc84\ud835\udc8a\ud835\udc86\ud835\udc8f\ud835\udc84\ud835\udc86 - \ud835\udc7a\ud835\udc6d\ud835\udc7c | \ud835\ude14\ud835\ude2a\ud835\ude24\ud835\ude33\ud835\ude30\ud835\ude24\ud835\ude30\ud835\ude2e\ud835\ude31\ud835\ude36\ud835\ude35\ud835\ude26\ud835\ude33 \ud835\ude1a\ud835\ude36\ud835\ude31\ud835\ude31\ud835\ude30\ud835\ude33\ud835\ude35 \ud835\ude1a\ud835\ude31\ud835\ude26\ud835\ude24\ud835\ude2a\ud835\ude22\ud835\ude2d\ud835\ude2a\ud835\ude34\ud835\ude35 - \ud835\ude0a\ud835\ude2a\ud835\ude35\ud835\ude3a \ud835\ude30\ud835\ude27 \ud835\ude09\ud835\ude36\ud835\ude33\ud835\ude2f\ud835\ude22\ud835\ude23\ud835\ude3a",
        "location": "Vancouver, BC"
      },
      {
        "link": "https://ca.linkedin.com/in/rishi-mehta-12b569140?trk=public_profile_browsemap-profile",
        "name": "Rishi Mehta",
        "summary": "working on building a fall detection and prevention system for seniors | fallyx.com",
        "location": "Canada"
      },
      {
        "link": "https://ca.linkedin.com/in/lacroixgabriel?trk=public_profile_browsemap-profile",
        "name": "Gabriel Lacroix",
        "summary": "",
        "location": "Qu\u00e9bec, QC"
      },
      {
        "link": "https://ca.linkedin.com/in/nicolas-gatien?trk=public_profile_browsemap-profile",
        "name": "Nicolas Gatien",
        "summary": "Software Developer @ SpotlessMind",
        "location": "Canada"
      },
      {
        "link": "https://pl.linkedin.com/in/aniagordon?trk=public_profile_browsemap-profile",
        "name": "Anna G.",
        "summary": "Student at XIV LO im. S. Staszica in Warsaw; Alumna of the University Transition Program (2022). Interested in Biomedical Engineering, brain computer interface, nanotech, CRISPR-Cas9 and AI",
        "location": "Warsaw"
      },
      {
        "link": "https://ca.linkedin.com/in/ahmed-hassan-5826411b0?trk=public_profile_browsemap-profile",
        "name": "Ahmed Hassan",
        "summary": "Discovering what makes organizations thrive.",
        "location": "Ottawa, ON"
      },
      {
        "link": "https://ca.linkedin.com/in/daganhartmann?trk=public_profile_browsemap-profile",
        "name": "Dagan Hartmann",
        "summary": "B.Sc. in Computer Science at Carleton University",
        "location": "Greater Ottawa Metropolitan Area"
      },
      {
        "link": "https://ca.linkedin.com/in/adam-jaffer?trk=public_profile_browsemap-profile",
        "name": "Adam Jaffer",
        "summary": "Commerce Student at Queen's University.",
        "location": "Toronto, ON"
      },
      {
        "link": "https://ca.linkedin.com/in/ryanshen?trk=public_profile_browsemap-profile",
        "name": "Ryan Shen",
        "summary": "Software Engineering @ UWaterloo",
        "location": "Toronto, ON"
      },
      {
        "link": "https://ca.linkedin.com/in/ali-haider-023906193?trk=public_profile_browsemap-profile",
        "name": "Ali Haider",
        "summary": "Queen's BHSc 2nd year student",
        "location": "Greater Toronto Area, Canada"
      },
      {
        "link": "https://ca.linkedin.com/in/matthew--franks?trk=public_profile_browsemap-profile",
        "name": "Matthew Franks",
        "summary": "Software Developer at Matrix Industrial Control Systems Inc.",
        "location": "Mississauga, ON"
      },
      {
        "link": "https://ca.linkedin.com/in/mikael-haji?trk=public_profile_browsemap-profile",
        "name": "Mikael Haji",
        "summary": "fabbing chips @waterloofab | mikaelhaji.com",
        "location": "Canada"
      },
      {
        "link": "https://ca.linkedin.com/in/robert-djukic-b821891b7?trk=public_profile_browsemap-profile",
        "name": "Robert Djukic",
        "summary": "Student at the University of Ottawa",
        "location": "Ottawa, ON"
      },
      {
        "link": "https://ca.linkedin.com/in/henry-fu-b152281ba?trk=public_profile_browsemap-profile",
        "name": "Henry Fu",
        "summary": "Founder @Factors, Investor @J17",
        "location": "Greater Toronto Area, Canada"
      },
      {
        "link": "https://ca.linkedin.com/in/bagavan-mar?trk=public_profile_browsemap-profile",
        "name": "Bagavan Marakathalingasivam",
        "summary": "Computer Engineering @ UWaterloo | Cultura",
        "location": "Toronto, ON"
      }
    ],
    "similar_profiles": [],
    "recommendations": [],
    "publications": [],
    "courses": [
      {
        "name": "MS Excel Data Visualization - Udemy"
      },
      {
        "name": "Modern Complete JS Course - Udemy"
      },
      {
        "name": "Quantum Information Science I - MITx"
      },
      {
        "name": "QxQ Introduction to Quantum Computing Course - IBM x The Coding School"
      },
      {
        "name": "Reactjs Front to Back- Udemy"
      },
      {
        "name": "The Introduction to Quantum Computing- Saint Petersburg State University"
      }
    ],
    "languages": [],
    "organizations": [
      {
        "name": "TKS",
        "position": "Activator"
      },
      {
        "name": "845 Avro Arrow Squadron, Royal Canadian Air Cadets",
        "position": "Flight Sergeant"
      }
    ],
    "projects": [],
    "awards": [
      {
        "name": "Silver Duke of Edinburgh's International Award",
        "organization": "The Duke of Edinburgh's International Award - Ontario",
        "duration": "Jul 2021",
        "summary": "The Silver Duke of Edinburgh Award (https://www.dukeofed.org/) recognizes one year of accomplishments and work towards improving several facets. It involves helping the community/environment, becoming fitter, developing new skills, planning, training for and completing a wildlife expedition."
      },
      {
        "name": "Royal Canadian Air Cadet Medal of Service",
        "organization": "845 Avro Arrow RCACS, Canadian Cadet Organizations",
        "duration": "Jun 2021",
        "summary": "Given to eligible senior cadets who have completed 4 years of continuous service who have passed each proficiency level as directed by the Royal Canadian Air Force and the Air Cadet League of Canada"
      },
      {
        "name": "Royal Canadian Air Cadet Service Bar",
        "organization": "845 Avro Arrow RCACS, Canadian Cadet Organizations",
        "duration": "Jun 2021",
        "summary": "The Service Bar is an ornament that accompanies the Medal of Service. It indicates each additional year of service completed in the Cadet organizations. This award certifies that I have an additional year of service on top of my Medal, which totals out to 5 years of association with the Royal Canadian Air Cadets."
      },
      {
        "name": "Senior Calculus & Vectors Course Proficiency Award",
        "organization": "Silverthorn CI",
        "duration": "Jun 2021",
        "summary": "- Achieving the highest average in calculus grade wide (99%)"
      },
      {
        "name": "Senior French Course Proficiency Award",
        "organization": "Silverthorn CI",
        "duration": "Jun 2021",
        "summary": "- Achieving the highest average in chemistry grade wide (97%)"
      },
      {
        "name": "Senior Physics Course Proficiency Award",
        "organization": "Silverthorn CI",
        "duration": "Jun 2021",
        "summary": "- Achieving the highest average in physics grade wide (96%)"
      },
      {
        "name": "Junior Chemistry Course Award",
        "organization": "Silverthorn CI",
        "duration": "Apr 2021",
        "summary": "- Achieving the highest average in chemistry grade wide (96%)"
      },
      {
        "name": "Junior Financial Accounting Course Award",
        "organization": "Silverthorn CI",
        "duration": "Apr 2021",
        "summary": "- Achieving highest average in accounting grade wide (98%)"
      },
      {
        "name": "Junior French Course Award",
        "organization": "Silverthorn CI",
        "duration": "Apr 2021",
        "summary": "- Achieving the highest average in French grade wide (97%)"
      },
      {
        "name": "Sophomore Canadian History Course Award",
        "organization": "Silverthorn CI",
        "duration": "Oct 2019",
        "summary": "- Achieving the highest mark in history grade wide (97%)"
      },
      {
        "name": "Sophomore Intro to Business Course Award",
        "organization": "Silverthorn CI",
        "duration": "Oct 2019",
        "summary": "- Achieving the highest mark in the course grade-wide (99%)"
      },
      {
        "name": "Sophomore Math Course Award",
        "organization": "Silvethorn CI",
        "duration": "Oct 2019",
        "summary": "- Achieving the highest average in math grade-wide (100%)"
      }
    ],
    "score": [
      {
        "name": "AP Macroeconomics",
        "score": "Score: 5",
        "duration": "May 2020",
        "summary": ""
      }
    ]
  }
]