{
  "title": "Eduardo Pontes Reis | OpenReview",
  "meta_description": "Promoting openness in scientific communication and the peer-review process",
  "main_content": "Names Eduardo Pontes Reis (Preferred) Suggest Name Emails ****@gmail.com (Confirmed) , ****@stanford.edu (Confirmed) Suggest Email Personal Links ORCID Suggest URL Career & Education History Researcher Stanford University (stanford.edu) 2022 \u2013 Present Researcher Hospital Israelita Albert Einstein (einstein.br) 2019 \u2013 Present Undergrad student UNESP - Medicine (fmb.unesp.br) 2008 \u2013 2013 Suggest Position Advisors, Relations & Conflicts Coauthor Edson Amaro Jr 2019 \u2013 Present Suggest Relation Expertise AI 2018 \u2013 Present Radiology 2018 \u2013 Present Suggest Expertise Publications Loading... Co-Authors Loading...",
  "links": [
    {
      "url": "https://orcid.org/0000-0001-5110-457X",
      "text": "ORCID"
    },
    {
      "url": "/profile?id=~Edson_Amaro_Jr1",
      "text": "Edson Amaro Jr"
    },
    {
      "url": "https://github.com/openreview/openreview/issues/new/choose",
      "text": "Report an issue"
    }
  ],
  "images": []
}