[
  {
    "fullName": "Nikita Mounier",
    "linkedin_internal_id": "915034704",
    "first_name": "Nikita",
    "last_name": "Mounier",
    "public_identifier": "nikita-mounier",
    "background_cover_image_url": "https://media.licdn.com/dms/image/v2/D4D16AQGR9omM4ZWHCw/profile-displaybackgroundimage-shrink_200_800/profile-displaybackgroundimage-shrink_200_800/0/1737924565676?e=2147483647&v=beta&t=5TaTI8cBBmz27rwF0tLeIOS_JglKDAkj5_t-6LoBn0g",
    "profile_photo": "https://media.licdn.com/dms/image/v2/D4D03AQFXtoGENVvo_Q/profile-displayphoto-shrink_200_200/profile-displayphoto-shrink_200_200/0/1723798308303?e=2147483647&v=beta&t=xr4ZDu_GadEOOd8tVfBKgQ_W7ciiR6RZA01WqzRvsJM",
    "headline": "Penn M&T | prev. Ramp",
    "location": "711 followers\n          \n              500+ connections",
    "about": "",
    "experience": [
      {
        "position": "App Developer",
        "company_url": "https://www.linkedin.com/company/penn-labs?trk=public_profile_experience-item_profile-section-card_subtitle-click",
        "company_image": "https://media.licdn.com/dms/image/v2/C4E0BAQG8lPvLw9Ll0Q/company-logo_100_100/company-logo_100_100/0/1630577684872/penn_labs_logo?e=2147483647&v=beta&t=Wpz3dCUwCmTYKhOENdiZOf0zGzqxP-rEuaUzz4dIXcc",
        "company_name": "Penn Labs",
        "location": "Philadelphia, Pennsylvania, United States",
        "summary": "",
        "starts_at": "Sep 2023",
        "ends_at": "Present",
        "duration": "1 year 7 months"
      },
      {
        "position": "Sourcing",
        "company_url": "https://www.linkedin.com/company/penn-undergraduate-capital-partners?trk=public_profile_experience-item_profile-section-card_subtitle-click",
        "company_image": "https://media.licdn.com/dms/image/v2/C4D0BAQEV0WsEsIbfYA/company-logo_100_100/company-logo_100_100/0/1630466755112/penn_undergraduate_capital_partners_logo?e=2147483647&v=beta&t=Oj3VRvAxx7W_FgVcZ8BFd0hksH7OJmjixuVMlFfeCUU",
        "company_name": "Penn Undergraduate Capital Partners",
        "location": "Philadelphia, Pennsylvania, United States",
        "summary": "",
        "starts_at": "Sep 2023",
        "ends_at": "Present",
        "duration": "1 year 7 months"
      },
      {
        "position": "Teaching Assistant",
        "company_url": "https://www.linkedin.com/school/university-of-pennsylvania/?trk=public_profile_experience-item_profile-section-card_subtitle-click",
        "company_image": "https://media.licdn.com/dms/image/v2/C4E0BAQHnbnsnJlBiZg/company-logo_100_100/company-logo_100_100/0/1630601168515/university_of_pennsylvania_logo?e=2147483647&v=beta&t=9w3KaY6SppyKUjpXvRoCa4XIKJ0BftUsL17xWOsJx7s",
        "company_name": "University of Pennsylvania",
        "location": "Philadelphia, Pennsylvania, United States",
        "summary": "CIS 5200: Machine Learning (Spring 2025 \u2013\u00a0graduate class)CIS 1200: Programming Languages & Techniques (Spring 2024)",
        "starts_at": "Jan 2024",
        "ends_at": "Present",
        "duration": "1 year 3 months"
      },
      {
        "position": "Software Engineering Intern",
        "company_url": "https://www.linkedin.com/company/ramp?trk=public_profile_experience-item_profile-section-card_subtitle-click",
        "company_image": "https://media.licdn.com/dms/image/v2/D4E0BAQFpzb0Ial_Qaw/company-logo_100_100/company-logo_100_100/0/1735867522188?e=2147483647&v=beta&t=-e5IQvH4Ozx0u6jyMceV3cBf51tDtGsd3N0ngjPy2-I",
        "company_name": "Ramp",
        "location": "New York, New York, United States",
        "summary": "",
        "starts_at": "Jun 2024",
        "ends_at": "Aug 2024",
        "duration": "3 months"
      },
      {
        "position": "Sourcing & Development",
        "company_url": "https://www.linkedin.com/company/joinappex?trk=public_profile_experience-item_profile-section-card_subtitle-click",
        "company_image": "https://media.licdn.com/dms/image/v2/D4E0BAQHw_dcr6k7XSg/company-logo_100_100/company-logo_100_100/0/1663205316123/joinappex_logo?e=2147483647&v=beta&t=zbo8OxQyM68DbernT5mJnahanC8fsb3Ip7flH8bwVGM",
        "company_name": "Appex",
        "location": "Boston, Massachusetts, United States",
        "summary": "",
        "starts_at": "May 2021",
        "ends_at": "Aug 2021",
        "duration": "4 months"
      }
    ],
    "education": [
      {
        "college_url": "https://www.linkedin.com/school/jerome-fisher-mandt-program/?trk=public_profile_school_profile-section-card_image-click",
        "college_name": "Jerome Fisher M&T Program",
        "college_image": "https://media.licdn.com/dms/image/v2/C4D0BAQGSBCNL9Hr3Ng/company-logo_100_100/company-logo_100_100/0/1638976293601/jerome_fisher_mandt_program_logo?e=2147483647&v=beta&t=3mWNyhS_935mPRGlQvpgZoFoMJdxKlh-FS8-6IsyFhA",
        "college_degree": "Coordinated dual degree: Wharton | Penn Engineering",
        "college_degree_field": "3.91/4.00",
        "college_duration": "2023 - 2023",
        "college_activity": ""
      },
      {
        "college_url": "https://www.linkedin.com/school/the-wharton-school/?trk=public_profile_school_profile-section-card_image-click",
        "college_name": "The Wharton School",
        "college_image": "https://media.licdn.com/dms/image/v2/C4E0BAQFQu7wZniptpA/company-logo_100_100/company-logo_100_100/0/1677690194092/the_wharton_school_logo?e=2147483647&v=beta&t=qBaq-_axIes-7-pUcCRObJIJbMGW6TuAYzRZfLKRfoU",
        "college_degree": "Bachelor of Science in Economics, Finance",
        "college_degree_field": null,
        "college_duration": "2023 - 2023",
        "college_activity": ""
      },
      {
        "college_url": "https://www.linkedin.com/school/university-of-pennsylvania/?trk=public_profile_school_profile-section-card_image-click",
        "college_name": "University of Pennsylvania",
        "college_image": "https://media.licdn.com/dms/image/v2/C4E0BAQHnbnsnJlBiZg/company-logo_100_100/company-logo_100_100/0/1630601168515/university_of_pennsylvania_logo?e=2147483647&v=beta&t=9w3KaY6SppyKUjpXvRoCa4XIKJ0BftUsL17xWOsJx7s",
        "college_degree": "Bachelor of Science in Engineering, Computer Science",
        "college_degree_field": null,
        "college_duration": "2023 - 2023",
        "college_activity": ""
      },
      {
        "college_url": "https://uk.linkedin.com/school/lycee-francais-de-londres/?trk=public_profile_school_profile-section-card_image-click",
        "college_name": "Lyc\u00e9e Fran\u00e7ais Charles de Gaulle de  Londres",
        "college_image": "https://media.licdn.com/dms/image/v2/C4E0BAQFfUZhPTyqWaQ/company-logo_100_100/company-logo_100_100/0/1630611029408/lycee_francais_de_londres_logo?e=2147483647&v=beta&t=ehXRjnreQj2NgvspFnpijT7XrJ8DNoN2VcG3_nKm1mE",
        "college_degree": "French Baccalaur\u00e9at",
        "college_degree_field": "Computer Science, Maths & Physics stream, with highest honours (19.33/20)",
        "college_duration": " - ",
        "college_activity": ""
      }
    ],
    "articles": [],
    "description": {
      "description1": "Penn Labs",
      "description1_link": "https://www.linkedin.com/company/penn-labs?trk=public_profile_topcard-current-company",
      "description2": "Jerome Fisher M&T Program",
      "description2_link": "https://www.linkedin.com/school/jerome-fisher-mandt-program/?trk=public_profile_topcard-school",
      "description3": "Websites",
      "description3_link": "https://www.linkedin.com/redir/redirect?url=github%2Ecom%2Fnikitamounier&urlhash=4Jsh&trk=public_profile_website"
    },
    "activities": [
      {
        "link": "https://www.linkedin.com/posts/lucaschen04_im-excited-to-announce-that-ive-just-accepted-activity-7300193288718872577-fnCE",
        "image": "https://media.licdn.com/dms/image/v2/D4E22AQHkPaq4Z7_Jng/feedshare-shrink_1280/B4EZU9_G2rGYAs-/0/1740501709529?e=2147483647&v=beta&t=FUL83yr9MKRf-GF6hMod1Z7Lh2vO9hVPBT1_hbrWCL4",
        "title": "I'm excited to announce that I\u2019ve just accepted my offer to join J.P. Morgan as a 2026 Investment Banking Summer Analyst in New York City!\n\nThank you\u2026",
        "activity": "Liked by Nikita Mounier"
      },
      {
        "link": "https://www.linkedin.com/posts/danieltian316_best-multimodal-agent-app-treehacks-activity-7298450823070601235-dNch",
        "image": "https://static.licdn.com/aero-v1/sc/h/53n89ecoxpr1qrki1do3alazb",
        "title": "\ud83c\udfc6 Best Multimodal Agent App - TreeHacks @ Stanford University \n\nHuge thanks to Groq and TreeHacks for powering our hack. Couldn't have done it\u2026",
        "activity": "Liked by Nikita Mounier"
      },
      {
        "link": "https://www.linkedin.com/posts/chen-albert_treehacks-elevenlabs-activity-7298171233328680960-NHUD",
        "image": "https://media.licdn.com/dms/image/v2/D4E22AQH_dk2DGTu2Jg/feedshare-shrink_800/B4EZUhQDLtG0Ag-/0/1740019613244?e=2147483647&v=beta&t=1Ej_0iaLaMCenD2LUmrS8RsQ4RNhgvkdyDjI6MhjDwk",
        "title": "Last weekend, I attended TreeHacks 2025 at Stanford where Pulkith Paruchuri, Roshan Bellary, Eshan Singhal, and I built EarlyBird\u2014a dynamic\u2026",
        "activity": "Liked by Nikita Mounier"
      },
      {
        "link": "https://www.linkedin.com/posts/jsarihan_huge-update-ive-started-a-new-company-activity-7290062365553766401-QUBB",
        "image": "https://static.licdn.com/aero-v1/sc/h/53n89ecoxpr1qrki1do3alazb",
        "title": "\ud83d\udce3\u00a0Huge update \u2014 I\u2019ve started a new company!\n\nAfter 4 years at Ramp, I\u2019ve started something new. The past few years were incredible - being a part of\u2026",
        "activity": "Liked by Nikita Mounier"
      },
      {
        "link": "https://www.linkedin.com/posts/ramp_new-introducing-tryrampcom-an-interactive-activity-7252674994638307328-SXAA",
        "image": "https://media.licdn.com/dms/image/v2/D4E10AQGB-u7XEQemqQ/image-shrink_800/image-shrink_800/0/1729172462485?e=2147483647&v=beta&t=hIIPiIFFG4oc1tVMje6SKNJXHQzjUmJStgvREM_Q1g0",
        "title": "NEW: Introducing try.ramp.com \u2014 an interactive Ramp demo with mock data you can play around with.\n\nAnd yes, the mock users listed are characters from\u2026",
        "activity": "Liked by Nikita Mounier"
      }
    ],
    "volunteering": [],
    "certification": [],
    "people_also_viewed": [],
    "similar_profiles": [],
    "recommendations": [],
    "publications": [],
    "courses": [],
    "languages": [
      {
        "name": "English",
        "level": "Native or bilingual proficiency"
      },
      {
        "name": "French",
        "level": "Native or bilingual proficiency"
      },
      {
        "name": "Russian",
        "level": "Native or bilingual proficiency"
      },
      {
        "name": "Spanish",
        "level": "Limited working proficiency"
      }
    ],
    "organizations": [],
    "projects": [
      {
        "title": "Supernova \u2013\u00a0TreeHacks 2025, 2nd place overall",
        "duration": "Feb 2025 - Feb 2025"
      },
      {
        "title": "Aria",
        "duration": "Oct 2024 - Oct 2024"
      },
      {
        "title": "Rally AI \u2013\u00a0PennApps XXV 2nd place, Best Design, Wolfram Award",
        "duration": "Sep 2024 - Sep 2024"
      },
      {
        "title": "Speaker \u2014 NSLondon",
        "duration": "Nov 2022 - Nov 2022"
      },
      {
        "title": "Cointree \u2013\u00a0PennApps XXIII 1st Place",
        "duration": "Sep 2022 - Sep 2022"
      },
      {
        "title": "Tap It",
        "link": "https://github.com/nikitamounier/tapit-app?trk=public_profile_project-title",
        "duration": "Apr 2020 - Apr 2022"
      }
    ],
    "awards": [
      {
        "name": "Winner \u2013 PennApps XXIII Hackathon @ UPenn",
        "organization": "PennApps @ UPenn Engineering",
        "duration": "Aug 2022",
        "summary": "In a team of three over 36 hours, created a platform on the blockchain that pays people to live more sustainably through companies paying carbon offsets. Built client iOS app, web client for companies depositing funds, smart contracts built on Ethereum's Polygon L2, and the web server backend."
      }
    ],
    "score": []
  }
]