{
  "title": "Quantum Mechanical Engineering Laboratory",
  "meta_description": "",
  "main_content": "People A whole-page pattern composed of repeatable content sections. Dr. Zhuang is an associate professor in the School for Engineering of Matter, Transport and Energy at ASU. He received his doctorate in materials science and engineering at Cornell University. Prior to ASU, Dr. Zhuang was a postdoctoral researcher at Princeton University. Dr. Zhuang\u2019s current research interests are quantum simulations, machine learning, and quantum computing. Dr. Zhuang is a recipient of the NSF CAREER Award, Interstellar Initiative Early Career Investigator Award from The New York Academy of Sciences and Japan Agency for Medical Research and Development (AMED), American Chemical Society (ACS) Cadence/Openeye Outstanding Junior Faculty Award, Materials Today Rising Star Award, Talman Scholar Award of the 62nd Sanibel Symposium, and an invited participant of the 9th Arab-American Frontiers of Science, Engineering, and Medicine organized by the National Academy of Sciences. He is also a Scialog Fellow for Negative Emissions Science and a Fellow of the International Association of Advanced Materials. Current students PhD students: Yagnik Bandyopadhyay Nikhitha Poornabodha Former group members Sanjivan Manicka (Barrett Honors Thesis student) Luke Houtz (FURI student) Brianna Ashcroft (FURI student) Dylan Serrao (FURI student) Biplove Baral (FURI student) Cristo Lopez (FURI student) Emi Sohi (FURI student) Anmol Verma (Master student) Deep Patel (Master student) Matthew Ryan (Undergraduate student) Harshil Avlani (SCENE student; currently an undergraduate student at MIT) Sophia Lin (SCENE student) Prisha Shroff (SCENE student) Elizabeth Pardhe ( SCENE student) Naomi Martinez Sinohui ( SCENE student) Kevin Coutinho (MORE student) Parin Travedi (FURI student) Payden Brown (Master student; First position: PhD student at MIT) Shengyinghao Chen (PhD student) Yu Liu (visiting student from Peking University) Dr. Xinyu Jiang (co-advised with Dr. Qiong Nian ) Dr. Arvind Ramachandran (PhD student; co-advised with Dr. Klaus Lackner ; First position: Scientific Software Developer at OpenEye Scientific) Dr. Lei Liu (PhD student; Dean\u2019s Dissertation Award recipient; First position: Research Scientist at Facebook) Dr. Duo Wang (PhD student; First position: Postdoctoral Researcher at Lawrence Berkeley National Laboratory) Leah Repa (Physics Rotation PhD student) Andrew Wasserbeck (Master student; co-advised with Dr. Christina Birkel ; First position: Process Engineer at Intel) Anirudh Dabir (Master student; First position: Product Support Engineer at ASM America) Sneha Lakamsani ( SCENE student; U.S. Stockholm Junior Water Prize recipient; Hamilton High School, Chandler, AZ) Jonathan Zhang ( SCENE student; Basis Peoria; currently an undergraduate student at UCSD) Meghana Tripuraneni ( SCENE student; Basha High School, Chandler, AZ) Junxin Wang (visiting research assistant; currently a PhD student at Ohio State University) Wenjiang Huang ( MORE student; currently a PhD student at Virginia Tech) Chance Price ( FURI student; currently an undergraduate student at ASU) Erik Eshima (currently an undergraduate student at ASU) Eugene Agravante ( FURI student) Neha Basu ( SCENE student; BASIS Scottsdale, Scottsdale, AZ; currently an undergraduate student at MIT) Sritanay Vedartham ( SCENE student; BASIS Scottsdale, Scottsdale, AZ; currently an undergraduate student at Cornell) Joel Joseph ( SCENE student; Mesquite High School, Gilbert, AZ; currently an undergraduate student at ASU) Sreeharsha Lakamsani ( SCENE student; Hamilton High School, Chandler, AZ; currently an undergraduate student at ASU) Sameer Vij ( SCENE student; Corona Del Sol High School, Tempe, AZ; currently an undergraduate stduent at Georgia Tech) Immanuella Kankam ( FURI and MORE student; currently a Process Engineer at Intel Corporation) Pedro Martin ( FURI student; currently a PhD student at the UC Irvine)",
  "links": [
    {
      "url": "https://search.asu.edu/profile/3865592",
      "text": "Yagnik Bandyopadhyay"
    },
    {
      "url": "https://search.asu.edu/profile/3586787",
      "text": "Nikhitha Poornabodha"
    },
    {
      "url": "https://search.asu.edu/profile/4019053",
      "text": "Deep Patel"
    },
    {
      "url": "https://search.asu.edu/profile/3549197",
      "text": "Matthew Ryan"
    },
    {
      "url": "https://eoss.asu.edu/access/scene",
      "text": "SCENE"
    },
    {
      "url": "https://eoss.asu.edu/access/scene",
      "text": "SCENE"
    },
    {
      "url": "https://isearch.asu.edu/profile/2561974",
      "text": "Payden Brown"
    },
    {
      "url": "https://isearch.asu.edu/profile/3615547",
      "text": "Dr. Xinyu Jiang"
    },
    {
      "url": "https://isearch.asu.edu/profile/1550520",
      "text": "Dr. Qiong Nian"
    },
    {
      "url": "https://www.linkedin.com/in/arvindramachandran1",
      "text": "Dr. Arvind Ramachandran"
    },
    {
      "url": "https://isearch.asu.edu/profile/2483273",
      "text": "Dr. Klaus Lackner"
    },
    {
      "url": "https://www.linkedin.com/in/lei-liu-351759171",
      "text": "Dr. Lei Liu"
    },
    {
      "url": "https://www.linkedin.com/in/itsshawnzhang",
      "text": "Dr. Duo Wang"
    },
    {
      "url": "https://search.asu.edu/profile/4211707",
      "text": "Leah Repa"
    },
    {
      "url": "https://www.linkedin.com/in/andrew-wasserbeck",
      "text": "Andrew Wasserbeck"
    },
    {
      "url": "https://isearch.asu.edu/profile/3357203",
      "text": "Dr. Christina Birkel"
    },
    {
      "url": "https://www.linkedin.com/in/anirudh-b-dabir",
      "text": "Anirudh Dabir"
    },
    {
      "url": "https://eoss.asu.edu/access/scene",
      "text": "SCENE"
    },
    {
      "url": "https://eoss.asu.edu/access/scene",
      "text": "SCENE"
    },
    {
      "url": "https://eoss.asu.edu/access/scene",
      "text": "SCENE"
    },
    {
      "url": "https://www.linkedin.com/public-profile/in/junxin-wang-aaa31b158?challengeId=AQG5COJUevLbFgAAAXN9MQklRVwj-6lklZXZw764jIO6aBLZ5hFazyvGdi_mMt8TDrXmaGEzrJlM3EIltg1b-V47OjEr6yfC8g&submissionId=b9275a6f-0579-2416-20da-3274e6be7d4f",
      "text": "Junxin Wang"
    },
    {
      "url": "https://www.linkedin.com/in/wenjiang-huang-8299ba182",
      "text": "Wenjiang Huang"
    },
    {
      "url": "https://furi.engineering.asu.edu/",
      "text": "MORE"
    },
    {
      "url": "https://isearch.asu.edu/profile/3221316",
      "text": "Chance Price"
    },
    {
      "url": "https://furi.engineering.asu.edu/",
      "text": "FURI"
    },
    {
      "url": "https://isearch.asu.edu/profile/3098209",
      "text": "Erik Eshima"
    },
    {
      "url": "https://isearch.asu.edu/profile/3098209",
      "text": "Eugene Agravante"
    },
    {
      "url": "https://furi.engineering.asu.edu/",
      "text": "FURI"
    },
    {
      "url": "https://eoss.asu.edu/access/scene",
      "text": "SCENE"
    },
    {
      "url": "https://eoss.asu.edu/access/scene",
      "text": "SCENE"
    },
    {
      "url": "https://eoss.asu.edu/access/scene",
      "text": "SCENE"
    },
    {
      "url": "https://isearch.asu.edu/profile/3379713",
      "text": "Sreeharsha Lakamsani"
    },
    {
      "url": "https://eoss.asu.edu/access/scene",
      "text": "SCENE"
    },
    {
      "url": "https://eoss.asu.edu/access/scene",
      "text": "SCENE"
    },
    {
      "url": "https://www.linkedin.com/in/immanuella-kankam-673284bb",
      "text": "Immanuella Kankam"
    },
    {
      "url": "https://furi.engineering.asu.edu/",
      "text": "FURI"
    },
    {
      "url": "https://furi.engineering.asu.edu/",
      "text": "MORE"
    },
    {
      "url": "https://isearch.asu.edu/profile/3144790",
      "text": "Pedro Martin"
    },
    {
      "url": "https://furi.engineering.asu.edu/",
      "text": "FURI"
    }
  ],
  "images": [
    {
      "src": "https://faculty.engineering.asu.edu/zhuang/wp-content/uploads/sites/202/2017/05/shutterstock_16311790.jpg",
      "alt": ""
    },
    {
      "src": "https://faculty.engineering.asu.edu/zhuang/wp-content/uploads/sites/202/2020/04/Zhuang-Houlong-6608a-1-scaled-1-1222x1500.jpg",
      "alt": ""
    }
  ]
}