{
  "title": "Harshil Avlani",
  "meta_description": "",
  "main_content": "Search Close Search Welcome My Account Logout Login Harshil Avlani Presentation History 2024 MRS Fall Meeting & Exhibit Kolmogorov-Arnold Networks for High-Entropy Alloys Design Dec 3, 2024, 8:00 PM Student Opportunities at MRS Meetings MRS Meetings offer opportunities for graduate students and post-docs to work as reporters, bloggers, or symposium assistants. These positions provide valuable networking and professional development with researchers from around the globe. Learn More Privacy Policy | Terms of Use 506 Keystone Drive, Warrendale, PA 15086-7537 Phone: 724.779.3003 | Fax: 724.779.8313 | Email: [email protected] \u00a9 Materials Research Society. All Rights Reserved. Web Design & Development by Matrix Group International, Inc.",
  "links": [
    {
      "url": "/home",
      "text": ""
    },
    {
      "url": "https://www.mrs.org/my-mrs",
      "text": "My Account"
    },
    {
      "url": "https://online.mrs.org/mrsssa/ssalogout?P_URL=https://www.mrs.org/Sitefinity/SignOut",
      "text": "Logout"
    },
    {
      "url": "https://www.mrs.org/login",
      "text": "Login"
    },
    {
      "url": "https://www.mrs.org/meetings-events/annual-meetings/archive/meeting/presentations/view/2024-fall-meeting/2024-fall-meeting-4151668",
      "text": "Kolmogorov-Arnold Networks for High-Entropy Alloys Design"
    },
    {
      "url": "/meetings-events/annual-meetings/2024-fall-meeting/student-opportunities",
      "text": "Learn More"
    },
    {
      "url": "/privacy-policy",
      "text": "Privacy Policy"
    },
    {
      "url": "/terms-of-use",
      "text": "Terms of Use"
    },
    {
      "url": "/cdn-cgi/l/email-protection",
      "text": "[email\u00a0protected]"
    },
    {
      "url": "https://www.matrixgroup.net/",
      "text": "Matrix Group International, Inc."
    },
    {
      "url": "https://www.linkedin.com/company/materials-research-society",
      "text": ""
    },
    {
      "url": "https://www.facebook.com/materials.research.society",
      "text": ""
    },
    {
      "url": "https://www.instagram.com/materials_mrs",
      "text": ""
    },
    {
      "url": "https://twitter.com/Materials_MRS",
      "text": ""
    },
    {
      "url": "https://www.youtube.com/user/MaterialsResearch",
      "text": ""
    },
    {
      "url": "/publications-digital-content/webinars-workshops/mrs-presents-webinar-series",
      "text": ""
    },
    {
      "url": "/publications-digital-content/news/mrs-tv",
      "text": ""
    }
  ],
  "images": [
    {
      "src": "/images/default-source/theme/mrs_logo.svg?sfvrsn=b88a479d_0",
      "alt": "MRS_logo"
    },
    {
      "src": "/images/default-source/mrs-membership/join-the-materials-research-society/join-the-materials-research-society-8.tmb-webp.jpg?Culture=en&sfvrsn=1fc5acf7_2",
      "alt": ""
    }
  ]
}