{
  "title": "Hey! | Galen Xing",
  "meta_description": "",
  "main_content": "Hey! My name is Galen (pronounced gallon, like, a Galen of Water). I\u2019m currently a software engineer @ CZBiohub working with Nir Yosef on generative models for single cell genomics. I graduated Columbia University with a Dual Degree in CS and Statistics. I\u2019m passionate about machine learning and computational biology. Previously: Work: Built models for robotic motion planning @ Samsung AI Center-NY Built models and pipelines for the microbiome @ Prime Discoveries Built deep learning models for GDPR compliance @ IBM Built multi-task neural networks for drug discovery @ Schr\u00f6dinger Research: Worked on scRNA-seq spatial autocorrelation with Prof. Dana Peer Classified opiate addiction patients with Prof. Sean Luo Presented at ML in Healthcare Workshop at NIPS 2016 MRSA research with Prof. Paul Planet Publications: scvi-tools: a library for deep probabilistic analysis of single-cell omics data Gayoso A*, Lopez R*, Xing G *, Boyeau P, Wu K, Jayasuriya M, Melhman E, Langevin M, Liu Y, Samaran J, Misrachi G, Nazaret A, Clivio O, Xu C, Ashuach T, Lotfollahi M, Svensson V, Beltrame E, Talavera-Lopez C, Pachter L, Theis F, Streets A, Jordan M, Regier J, Yosef N. (first three authors contributed equally) bioRxiv , 2021. [Paper] Parallel Epidemics of Community-Associated Methicillin-Resistant Staphylococcus aureus USA300 in North and South America Planet PJ, Diaz L, Kolokotronis SO, Narechania A, Reyes J, Xing G , Rincon S, Smith H, Panesso D, Ryan C, Smith DP, Guzman M, Zurita J, Sebra R, Deikus G, Nolan RL, Tenover FC, Weinstock GM, Robinson DA, Arias CA. Journal of Infectious Diseases , 2015. [Paper] Transferable vancomycin resistance in a community-associated MRSA lineage Rossi F, Diaz L, Wollam A, Panesso D, Zhou Y, Rincon S, Narechania A, Xing G , Di Gioia TS, Doi A, Tran TT, Reyes J, Munita JM, Carvajal LP, Hernandez-Roldan A, Brand\u00e3o D, van der Heijden IM, Murray BE, Planet PJ, Weinstock GM, Arias CA. New England Journal of Medicine , 2014. [Paper] Contact: Hit me up if you wanna learn more, collaborate, or grab a beer! gx2113 (at) columbia (dot) edu",
  "links": [
    {
      "url": "https://czbiohub.org",
      "text": "CZBiohub"
    },
    {
      "url": "https://yoseflab.github.io/",
      "text": "Nir Yosef"
    },
    {
      "url": "https://research.samsung.com/aicenter_ny",
      "text": "Samsung AI Center-NY"
    },
    {
      "url": "https://www.primediscoveries.com",
      "text": "Prime Discoveries"
    },
    {
      "url": "https://www.ibm.com",
      "text": "IBM"
    },
    {
      "url": "https://www.schrodinger.com",
      "text": "Schr\u00f6dinger"
    },
    {
      "url": "https://www.mskcc.org/research/ski/labs/dana-pe-er",
      "text": "Prof. Dana Peer"
    },
    {
      "url": "http://www.columbia.edu/~xsl2101/",
      "text": "Prof. Sean Luo"
    },
    {
      "url": "https://www.chop.edu/doctors/planet-paul-j",
      "text": "Prof. Paul Planet"
    },
    {
      "url": "https://www.biorxiv.org/content/10.1101/2021.04.28.441833v1",
      "text": "[Paper]"
    },
    {
      "url": "https://www.ncbi.nlm.nih.gov/pubmed/26048971",
      "text": "[Paper]"
    },
    {
      "url": "https://www.nejm.org/doi/10.1056/NEJMoa1303359?url_ver=Z39.88-2003&rfr_id=ori:rid:crossref.org&rfr_dat=cr_pub%3dwww.ncbi.nlm.nih.gov",
      "text": "[Paper]"
    }
  ],
  "images": []
}