{
  "title": "\u202aEvelyn Chen\u202c - \u202aGoogle Scholar\u202c",
  "meta_description": "\u202aUniversity of California, Berkeley\u202c - \u202a\u202aCited by 167\u202c\u202c - \u202aMolecular and Cell Biology\u202c",
  "main_content": "Loading... The system can't perform the operation now. Try again later. Citations per year Duplicate citations The following articles are merged in Scholar. Their combined citations are counted only for the first article. Merged citations This \"Cited by\" count includes citations to the following articles in Scholar. The ones marked * may be different from the article in the profile. Add co-authors Co-authors Follow New articles by this author New citations to this author New articles related to this author's research Email address for updates Done My profile My library Metrics Alerts Settings Sign in Sign in Get my own profile Cited by All Since 2020 Citations 167 167 h-index 5 5 i10-index 3 3 0 90 45 2021 2022 2023 2024 2025 3 11 49 90 14 Public access View all View all 5 articles 0 articles available not available Based on funding mandates Follow Evelyn Chen University of California, Berkeley Verified email at berkeley.edu Molecular and Cell Biology Articles Cited by Public access Title Sort Sort by citations Sort by year Sort by title Cited by Cited by Year In vivo human T cell engineering with enveloped delivery vehicles JR Hamilton, E Chen, BS Perez, CR Sandoval Espinoza, MH Kang, ... Nature Biotechnology 42 (11), 1684-1692 , 2024 64 2024 CRISPR\u2013Cas9-mediated nuclear transport and genomic integration of nanostructured genes in human primary cells E Lin-Shiao, WG Pfeifer, BR Shy, M Saffari Doost, E Chen, VS Vykunta, ... Nucleic acids research 50 (3), 1256-1268 , 2022 57 2022 Decorating chromatin for enhanced genome editing using CRISPR-Cas9 E Chen, E Lin-Shiao, M Trinidad, M Saffari Doost, D Colognori, ... Proceedings of the National Academy of Sciences 119 (49), e2204259119 , 2022 32 2022 High-throughput 3D screening for differentiation of hPSC-derived cell therapy candidates R Muckom, X Bao, E Tran, E Chen, A Murugappan, JS Dordick, DS Clark, ... Science Advances 6 (32), eaaz1457 , 2020 9 2020 Cell type-programmable genome editing with enveloped delivery vehicles JR Hamilton, E Chen, BS Perez, CRS Espinoza, JA Doudna bioRxiv, 505004 , 2022 5 * 2022 3D Microculture Platform Enables Advanced, High-Throughput Screening for Differentiation of hPSC-Derived Cell Therapies R Muckom, X Bao, E Tran, A Murugappan, E Chen, D Clark, D Schaffer MOLECULAR THERAPY 27 (4), 41-41 , 2019 2019 The system can't perform the operation now. Try again later. Articles 1\u20136 Show more Privacy Terms Help About Scholar Search help",
  "links": [
    {
      "url": "/schhp?hl=en",
      "text": ""
    },
    {
      "url": "/citations?hl=en",
      "text": "My profile"
    },
    {
      "url": "/scholar?scilib=1&hl=en",
      "text": "My library"
    },
    {
      "url": "/citations?view_op=metrics_intro&hl=en",
      "text": "Metrics"
    },
    {
      "url": "/scholar_alerts?view_op=list_alerts&hl=en",
      "text": "Alerts"
    },
    {
      "url": "/scholar_settings?hl=en",
      "text": "Settings"
    },
    {
      "url": "https://accounts.google.com/Login?hl=en&continue=https://scholar.google.com/schhp%3Fhl%3Den",
      "text": "Sign in"
    },
    {
      "url": "/schhp?hl=en",
      "text": ""
    },
    {
      "url": "https://accounts.google.com/Login?hl=en&continue=https://scholar.google.com/schhp%3Fhl%3Den",
      "text": "Sign in"
    },
    {
      "url": "/citations?hl=en",
      "text": "Get my own profile"
    },
    {
      "url": "/citations?view_op=list_mandates&hl=en&user=rtIvEe8AAAAJ",
      "text": "View all"
    },
    {
      "url": "/citations?view_op=view_org&hl=en&org=11816294095661060495",
      "text": "University of California, Berkeley"
    },
    {
      "url": "/citations?view_op=search_authors&hl=en&mauthors=label:molecular_and_cell_biology",
      "text": "Molecular and Cell Biology"
    },
    {
      "url": "/citations?hl=en&user=rtIvEe8AAAAJ&view_op=list_works&sortby=title",
      "text": "Title"
    },
    {
      "url": "/citations?hl=en&user=rtIvEe8AAAAJ&view_op=list_works",
      "text": "Sort by citations"
    },
    {
      "url": "/citations?hl=en&user=rtIvEe8AAAAJ&view_op=list_works&sortby=pubdate",
      "text": "Sort by year"
    },
    {
      "url": "/citations?hl=en&user=rtIvEe8AAAAJ&view_op=list_works&sortby=title",
      "text": "Sort by title"
    },
    {
      "url": "/citations?hl=en&user=rtIvEe8AAAAJ&view_op=list_works&sortby=pubdate",
      "text": "Year"
    },
    {
      "url": "/citations?view_op=view_citation&hl=en&user=rtIvEe8AAAAJ&citation_for_view=rtIvEe8AAAAJ:UeHWp8X0CEIC",
      "text": "In vivo human T cell engineering with enveloped delivery vehicles"
    },
    {
      "url": "https://scholar.google.com/scholar?oi=bibs&hl=en&cites=12046878035195394237",
      "text": "64"
    },
    {
      "url": "/citations?view_op=view_citation&hl=en&user=rtIvEe8AAAAJ&citation_for_view=rtIvEe8AAAAJ:2osOgNQ5qMEC",
      "text": "CRISPR\u2013Cas9-mediated nuclear transport and genomic integration of nanostructured genes in human primary cells"
    },
    {
      "url": "https://scholar.google.com/scholar?oi=bibs&hl=en&cites=11310667528682929930",
      "text": "57"
    },
    {
      "url": "/citations?view_op=view_citation&hl=en&user=rtIvEe8AAAAJ&citation_for_view=rtIvEe8AAAAJ:9yKSN-GCB0IC",
      "text": "Decorating chromatin for enhanced genome editing using CRISPR-Cas9"
    },
    {
      "url": "https://scholar.google.com/scholar?oi=bibs&hl=en&cites=10443819332596701447",
      "text": "32"
    },
    {
      "url": "/citations?view_op=view_citation&hl=en&user=rtIvEe8AAAAJ&citation_for_view=rtIvEe8AAAAJ:u5HHmVD_uO8C",
      "text": "High-throughput 3D screening for differentiation of hPSC-derived cell therapy candidates"
    },
    {
      "url": "https://scholar.google.com/scholar?oi=bibs&hl=en&cites=13048892253924093581",
      "text": "9"
    },
    {
      "url": "/citations?view_op=view_citation&hl=en&user=rtIvEe8AAAAJ&citation_for_view=rtIvEe8AAAAJ:d1gkVwhDpl0C",
      "text": "Cell type-programmable genome editing with enveloped delivery vehicles"
    },
    {
      "url": "https://scholar.google.com/scholar?oi=bibs&hl=en&cites=7091103072858970462,15963793566939749792",
      "text": "5"
    },
    {
      "url": "/citations?view_op=view_citation&hl=en&user=rtIvEe8AAAAJ&citation_for_view=rtIvEe8AAAAJ:u-x6o8ySG0sC",
      "text": "3D Microculture Platform Enables Advanced, High-Throughput Screening for Differentiation of hPSC-Derived Cell Therapies"
    },
    {
      "url": "//www.google.com/intl/en/policies/privacy/",
      "text": "Privacy"
    },
    {
      "url": "//www.google.com/intl/en/policies/terms/",
      "text": "Terms"
    },
    {
      "url": "/intl/en/scholar/about.html",
      "text": "About Scholar"
    },
    {
      "url": "//support.google.com/websearch?p=scholar_dsa&hl=en",
      "text": "Search help"
    }
  ],
  "images": [
    {
      "src": "/citations/images/avatar_scholar_128.png",
      "alt": "Evelyn Chen"
    }
  ]
}