{
  "title": "Evelyn Tran \u2013 Gert Christen.org",
  "meta_description": "",
  "main_content": "I just finished teaching my latest course at UC Berkeley, \u201cConnected Life\u201d. In this course, we examined our \u201calways-on\u201d lifestyle and how this expectation of being ever-connected in our social and professional lives continues to develop, especially in a post-COVID world that allows for work via connectivity. We examined connectedness from an entrepreneurial standpoint to solve previously unsolvable problems using apps, data, IoT for machines, AI for decision-making, robotics for automation, and beyond. The course explored practical applications of e.g. 5G-connected smartphones, machines, and sensors, empowering entrepreneurs to solve previously unsolvable problems. For example, a surgeon can now use technology to save patients\u2019 lives on the other side of the world, or anyone can be automatically alerted if a faraway family member needs help. However, questionable uses have also appeared, such as the constant battle to protect private data against illegal use for commercial, political, or criminal gain. The course explored the use of technologies at the foundation of connectivity for people, communities, businesses, factories, and the environment and what happens when there is a lack of equity in \u2026",
  "links": [
    {
      "url": "https://www.gertchristen.org/connected-life-startup-class-at-uc-berkeley/",
      "text": ""
    },
    {
      "url": "https://www.gertchristen.org/digigram-december-2022/",
      "text": ""
    },
    {
      "url": "https://www.gertchristen.org/category/about-gert-christen/",
      "text": "About Gert Christen"
    },
    {
      "url": "https://www.gertchristen.org/category/all/",
      "text": "All"
    },
    {
      "url": "https://www.gertchristen.org/category/international-business-development/",
      "text": "Internationalization"
    },
    {
      "url": "https://www.gertchristen.org/category/gerts-musings/",
      "text": "Musings"
    },
    {
      "url": "https://www.gertchristen.org/category/newsletter/",
      "text": "News"
    },
    {
      "url": "https://www.gertchristen.org/category/startups/",
      "text": "Startups"
    },
    {
      "url": "https://www.gertchristen.org/category/technology/",
      "text": "Technology"
    },
    {
      "url": "http://www.linkedin.com/in/gertchristen",
      "text": "LinkedIn"
    },
    {
      "url": "http://twitter.com/gertchristen",
      "text": "Twitter"
    },
    {
      "url": "https://www.facebook.com/GertChristenOrg",
      "text": "Facebook"
    },
    {
      "url": "mailto:gert.christen@artecos.ch",
      "text": "Email"
    },
    {
      "url": "https://www.gertchristen.org/tag/ai/",
      "text": "AI"
    },
    {
      "url": "https://www.gertchristen.org/tag/amazon-2/",
      "text": "Amazon"
    },
    {
      "url": "https://www.gertchristen.org/tag/ar/",
      "text": "AR"
    },
    {
      "url": "https://www.gertchristen.org/tag/artificial-intelligence/",
      "text": "artificial intelligence"
    },
    {
      "url": "https://www.gertchristen.org/tag/autonomous-vehicles/",
      "text": "autonomous vehicles"
    },
    {
      "url": "https://www.gertchristen.org/tag/blockchain/",
      "text": "blockchain"
    },
    {
      "url": "https://www.gertchristen.org/tag/bluelion/",
      "text": "BlueLion"
    },
    {
      "url": "https://www.gertchristen.org/tag/cable/",
      "text": "cable"
    },
    {
      "url": "https://www.gertchristen.org/tag/climate-change/",
      "text": "Climate Change"
    },
    {
      "url": "https://www.gertchristen.org/tag/connected-life/",
      "text": "Connected Life"
    },
    {
      "url": "https://www.gertchristen.org/tag/data-science/",
      "text": "data science"
    },
    {
      "url": "https://www.gertchristen.org/tag/design-thinking/",
      "text": "design thinking"
    },
    {
      "url": "https://www.gertchristen.org/tag/digigram/",
      "text": "digigram"
    },
    {
      "url": "https://www.gertchristen.org/tag/digital/",
      "text": "Digital"
    },
    {
      "url": "https://www.gertchristen.org/tag/digital-leadership/",
      "text": "Digital leadership"
    },
    {
      "url": "https://www.gertchristen.org/tag/digital-revolution/",
      "text": "Digital revolution"
    },
    {
      "url": "https://www.gertchristen.org/tag/disruption/",
      "text": "disruption"
    },
    {
      "url": "https://www.gertchristen.org/tag/economic-development/",
      "text": "Economic development"
    },
    {
      "url": "https://www.gertchristen.org/tag/facebook/",
      "text": "facebook"
    },
    {
      "url": "https://www.gertchristen.org/tag/future/",
      "text": "Future"
    },
    {
      "url": "https://www.gertchristen.org/tag/gerts-digi-blog/",
      "text": "Gert's Digi Blog"
    },
    {
      "url": "https://www.gertchristen.org/tag/gerts-digigram/",
      "text": "Gert's Digigram"
    },
    {
      "url": "https://www.gertchristen.org/tag/gert-christen/",
      "text": "Gert Christen"
    },
    {
      "url": "https://www.gertchristen.org/tag/google/",
      "text": "Google"
    },
    {
      "url": "https://www.gertchristen.org/tag/govtech/",
      "text": "GovTech"
    },
    {
      "url": "https://www.gertchristen.org/tag/hwz/",
      "text": "HWZ"
    },
    {
      "url": "https://www.gertchristen.org/tag/innovation/",
      "text": "Innovation"
    },
    {
      "url": "https://www.gertchristen.org/tag/international/",
      "text": "International"
    },
    {
      "url": "https://www.gertchristen.org/tag/internationalization/",
      "text": "Internationalization"
    },
    {
      "url": "https://www.gertchristen.org/tag/magic-leap/",
      "text": "Magic Leap"
    },
    {
      "url": "https://www.gertchristen.org/tag/mitipi/",
      "text": "Mitipi"
    },
    {
      "url": "https://www.gertchristen.org/tag/newsletter/",
      "text": "Newsletter"
    },
    {
      "url": "https://www.gertchristen.org/tag/san-francisco/",
      "text": "San Francisco"
    },
    {
      "url": "https://www.gertchristen.org/tag/self-driving-cars/",
      "text": "self-driving cars"
    },
    {
      "url": "https://www.gertchristen.org/tag/silicon-valley/",
      "text": "Silicon Valley"
    },
    {
      "url": "https://www.gertchristen.org/tag/startup/",
      "text": "Startup"
    },
    {
      "url": "https://www.gertchristen.org/tag/streaming/",
      "text": "Streaming"
    },
    {
      "url": "https://www.gertchristen.org/tag/technology/",
      "text": "Technology"
    },
    {
      "url": "https://www.gertchristen.org/tag/tech-trends/",
      "text": "tech trends"
    },
    {
      "url": "https://www.gertchristen.org/tag/tiktok/",
      "text": "TikTok"
    },
    {
      "url": "https://www.gertchristen.org/tag/trends/",
      "text": "trends"
    },
    {
      "url": "https://www.gertchristen.org/tag/uc-berkeley/",
      "text": "UC Berkeley"
    },
    {
      "url": "https://www.gertchristen.org/tag/usa-launching-pad/",
      "text": "USA Launching Pad"
    },
    {
      "url": "https://www.gertchristen.org/tag/vr/",
      "text": "VR"
    },
    {
      "url": "https://www.gertchristen.org/tag/xaas/",
      "text": "XaaS"
    },
    {
      "url": "https://www.facebook.com/GertChristenOrg",
      "text": "Follow me on Facebook"
    },
    {
      "url": "https://www.facebook.com/GertChristenOrg",
      "text": "Follow me on Facebook"
    },
    {
      "url": "https://www.facebook.com/GertChristenOrg",
      "text": "Follow me on Facebook"
    },
    {
      "url": "https://www.facebook.com/GertChristenOrg",
      "text": "Follow me on Facebook"
    },
    {
      "url": "https://maps.google.com/maps?z=16&q=arteco%2Bservices%2Bsan%2Bfrancisco%2C%2Bca%2Busa",
      "text": "ArtEco Services\nSan Francisco, CA\nUSA"
    },
    {
      "url": "https://www.gertchristen.org/disclaimer/",
      "text": "Disclaimer"
    },
    {
      "url": "https://www.gertchristen.org/contact/",
      "text": "Contact"
    },
    {
      "url": "https://www.gertchristen.org/about-gert/",
      "text": "About Gert Christen"
    }
  ],
  "images": [
    {
      "src": "https://www.gertchristen.org/wordpress/wp-content/uploads/2023/01/jeremy-huang-PivEMTeEK2Y-unsplash-scaled.jpg",
      "alt": ""
    },
    {
      "src": "https://www.gertchristen.org/wordpress/wp-content/uploads/2022/12/DIGIGRAM-new-logo-Dec-2022-edition.png",
      "alt": "Digigram December 2022"
    }
  ]
}