{
  "title": "\u202aKushal Thaman\u202c - \u202aGoogle Scholar\u202c",
  "meta_description": "\u202aStanford University\u202c - \u202a\u202aCited by 14\u202c\u202c - \u202aMachine Learning\u202c",
  "main_content": "Loading... The system can't perform the operation now. Try again later. Citations per year Duplicate citations The following articles are merged in Scholar. Their combined citations are counted only for the first article. Merged citations This \"Cited by\" count includes citations to the following articles in Scholar. The ones marked * may be different from the article in the profile. Add co-authors Co-authors Follow New articles by this author New citations to this author New articles related to this author's research Email address for updates Done My profile My library Metrics Alerts Settings Sign in Sign in Get my own profile Cited by All Since 2020 Citations 14 14 h-index 2 2 i10-index 0 0 0 10 5 2024 2025 4 10 Co-authors Victor Lecomte Stanford University Verified email at stanford.edu Rylan Schaeffer Stanford University Verified email at stanford.edu Sanmi Koyejo Assistant Professor, Stanford University Verified email at stanford.edu Follow Kushal Thaman Stanford University Verified email at stanford.edu - Homepage Machine Learning Articles Cited by Co-authors Title Sort Sort by citations Sort by year Sort by title Cited by Cited by Year Humanity's Last Exam L Phan, A Gatti, Z Han, N Li, J Hu, H Zhang, S Shi, M Choi, A Agrawal, ... arXiv preprint arXiv:2501.14249 , 2025 8 2025 What Causes Polysemanticity? An Alternative Origin Story of Mixed Selectivity from Incidental Causes V Lecomte*, K Thaman*, R Schaeffer, N Bashkansky, T Chow, S Koyejo ICLR 2024 Workshop on Representational Alignment , 2024 6 * 2024 Probabilistic syllable structure A Arto, T Kushal, IUE Cyril, W Annalisa, G Magri WCCFL 42: Proceedings of the 42nd meeting of the West Coast Conference in \u2026 , 2024 2024 An Analytic Model of Stable and Unstable Orbital Resonance K Thaman*, V Jayam*, SJ Jain, JK Kim, QL Xue, A Dutta 52nd Lunar and Planetary Science Conference, 2764 , 2021 2021 The system can't perform the operation now. Try again later. Articles 1\u20134 Show more Privacy Terms Help About Scholar Search help",
  "links": [
    {
      "url": "/schhp?hl=en",
      "text": ""
    },
    {
      "url": "/citations?hl=en",
      "text": "My profile"
    },
    {
      "url": "/scholar?scilib=1&hl=en",
      "text": "My library"
    },
    {
      "url": "/citations?view_op=metrics_intro&hl=en",
      "text": "Metrics"
    },
    {
      "url": "/scholar_alerts?view_op=list_alerts&hl=en",
      "text": "Alerts"
    },
    {
      "url": "/scholar_settings?hl=en",
      "text": "Settings"
    },
    {
      "url": "https://accounts.google.com/Login?hl=en&continue=https://scholar.google.com/schhp%3Fhl%3Den",
      "text": "Sign in"
    },
    {
      "url": "/schhp?hl=en",
      "text": ""
    },
    {
      "url": "https://accounts.google.com/Login?hl=en&continue=https://scholar.google.com/schhp%3Fhl%3Den",
      "text": "Sign in"
    },
    {
      "url": "/citations?hl=en",
      "text": "Get my own profile"
    },
    {
      "url": "/citations?user=NpOh7yYAAAAJ&hl=en",
      "text": "Victor Lecomte"
    },
    {
      "url": "/citations?user=6tMEGz8AAAAJ&hl=en",
      "text": "Rylan Schaeffer"
    },
    {
      "url": "/citations?user=EaaOeJwAAAAJ&hl=en",
      "text": "Sanmi Koyejo"
    },
    {
      "url": "/citations?view_op=view_org&hl=en&org=8539678734835078480",
      "text": "Stanford University"
    },
    {
      "url": "https://kushalthaman.github.io/",
      "text": "Homepage"
    },
    {
      "url": "/citations?view_op=search_authors&hl=en&mauthors=label:machine_learning",
      "text": "Machine Learning"
    },
    {
      "url": "/citations?hl=en&user=89nZKJgAAAAJ&view_op=list_works&sortby=title",
      "text": "Title"
    },
    {
      "url": "/citations?hl=en&user=89nZKJgAAAAJ&view_op=list_works",
      "text": "Sort by citations"
    },
    {
      "url": "/citations?hl=en&user=89nZKJgAAAAJ&view_op=list_works&sortby=pubdate",
      "text": "Sort by year"
    },
    {
      "url": "/citations?hl=en&user=89nZKJgAAAAJ&view_op=list_works&sortby=title",
      "text": "Sort by title"
    },
    {
      "url": "/citations?hl=en&user=89nZKJgAAAAJ&view_op=list_works&sortby=pubdate",
      "text": "Year"
    },
    {
      "url": "/citations?view_op=view_citation&hl=en&user=89nZKJgAAAAJ&citation_for_view=89nZKJgAAAAJ:UeHWp8X0CEIC",
      "text": "Humanity's Last Exam"
    },
    {
      "url": "https://scholar.google.com/scholar?oi=bibs&hl=en&cites=7259718440450810100",
      "text": "8"
    },
    {
      "url": "/citations?view_op=view_citation&hl=en&user=89nZKJgAAAAJ&citation_for_view=89nZKJgAAAAJ:9yKSN-GCB0IC",
      "text": "What Causes Polysemanticity? An Alternative Origin Story of Mixed Selectivity from Incidental Causes"
    },
    {
      "url": "https://scholar.google.com/scholar?oi=bibs&hl=en&cites=12067554453100846192,16743457106143026437,10759216151287956456",
      "text": "6"
    },
    {
      "url": "/citations?view_op=view_citation&hl=en&user=89nZKJgAAAAJ&citation_for_view=89nZKJgAAAAJ:qjMakFHDy7sC",
      "text": "Probabilistic syllable structure"
    },
    {
      "url": "/citations?view_op=view_citation&hl=en&user=89nZKJgAAAAJ&citation_for_view=89nZKJgAAAAJ:u-x6o8ySG0sC",
      "text": "An Analytic Model of Stable and Unstable Orbital Resonance"
    },
    {
      "url": "//www.google.com/intl/en/policies/privacy/",
      "text": "Privacy"
    },
    {
      "url": "//www.google.com/intl/en/policies/terms/",
      "text": "Terms"
    },
    {
      "url": "/intl/en/scholar/about.html",
      "text": "About Scholar"
    },
    {
      "url": "//support.google.com/websearch?p=scholar_dsa&hl=en",
      "text": "Search help"
    }
  ],
  "images": [
    {
      "src": "/scholar/images/cleardot.gif",
      "alt": "Victor Lecomte"
    },
    {
      "src": "/scholar/images/cleardot.gif",
      "alt": "Rylan Schaeffer"
    },
    {
      "src": "/scholar/images/cleardot.gif",
      "alt": "Sanmi Koyejo"
    },
    {
      "src": "https://scholar.googleusercontent.com/citations?view_op=view_photo&user=89nZKJgAAAAJ&citpid=1",
      "alt": "Kushal Thaman"
    }
  ]
}