{
  "title": "Bill Qian - CoinAgenda",
  "meta_description": "",
  "main_content": "Bill Qian Chairman Cypher Capital Before joining Cypher Capital, Bill was the Global Head of Fundraising, Binance Labs, and M&A for Binance \u2012 the largest global crypto platform holding 55% of the global market share, with $34 trillion in transactions in 2021. Before this, Bill was the Head of Investment of Fintech/Tech for JD.COM \u2012 an Asian internet tycoon with more than $400 billion in annual e-commerce transactions. Bill has also worked with Trustbridge Partners, a leading technology-focused private equity fund with more than $15 billion in assets under management, and has deployed and managed over $20 billion across Web 1.0, Web 2.0, and Web 3.0 projects in his career. Bill sees himself as a \u201cweb-native investor\u201d, looking for phenomenal founders in the Web 3.0 industry. \u00ab Joel Comm Bruce Fenton \u00bb Sponsor CoinAgenda To get our brand new CoinAgenda Fall 2023 Deck and talk about customized sponsorship opportunities to connect with key investors in Blockchain, Crypto, NFT and more just let us know where to send it. Send it to me! You have Successfully Subscribed!",
  "links": [
    {
      "url": "https://www.linkedin.com/in/bill2022/",
      "text": ""
    },
    {
      "url": "https://coinagenda.com/joel-comm-2/",
      "text": "Joel Comm"
    },
    {
      "url": "https://coinagenda.com/bruce-fenton/",
      "text": "Bruce Fenton"
    }
  ],
  "images": [
    {
      "src": "data:image/gif;base64,R0lGODlhAQABAAAAACH5BAEKAAEALAAAAAABAAEAAAICTAEAOw==",
      "alt": ""
    },
    {
      "src": "https://coinagenda.com/wp-content/uploads/2023/09/Bill-Qian.png",
      "alt": ""
    }
  ]
}