{
  "title": "Bill Qian, ex-Global Head of Fundraising at Binance Labs, joins the TON Foundation",
  "meta_description": "The TON Foundation, stewards of the The Open Network (TON) blockchain, are pleased to announce the appointment of Bill Qian, Chairman of Cypher Capital, as a new board member.",
  "main_content": "Press release Sep 23, 2022 Bill Qian, ex-Global Head of Fundraising at Binance Labs, joins the TON Foundation Press Release COINTELEGRAPH IN YOUR SOCIAL FEED Follow our Subscribe on London, United Kingdom, 23 September 2022 \u2013 The TON Foundation, stewards of the The Open Network (TON) blockchain, are pleased to announce the appointment of Bill Qian, Chairman of Cypher Capital, as a new board member. Bill was made Chairman of Cypher Capital in June this year and will help to grow the TON ecosystem to shepherd billions of Web2 users into the world of Web3. Bill\u2019s appointment as a board member follows many exciting developments on the TON blockchain, including the successful launch and auction of TON DNS domain names. Most recently, TON announced a partnership with Huobi Global, one of the world\u2019s top blockchain companies. As part of this collaboration, Toncoin, the native token of TON, was listed on Huobi Exchange. Before joining Cypher Capital, Bill was the Global Head of Fundraising at Binance Labs, and the Global Head of M&A for leading Crypto platform Binance Prior to this, Bill was the Head of Investment in Fintech/Technology for Asian e-commerce platform JD.COM. Bill has also worked with Trustbridge Partners, a leading technology-focused private equity fund. Bill sees himself as a \u201cweb-native investor,\u201d looking for phenomenal founders in Web3. Steve Yun , Founding Member of the TON Foundation, commented, \u201cWe are very thrilled to have Bill and his support. We have no doubt that his unparalleled experience in both Web2 and Web3, combined with his passion for building, will create permanent value in the TON ecosystem.\u201d Bill Qian , Chairman of Cypher Capital and TON Foundation board member, commented, \u201cI am more than excited to join the TON Ecosystem. My team and I will bring top-tier Asian Web2 developers from major internet platforms to TON, and strive to bring the five billion Web2 users to Web3.\u201d About The Open Network (TON) The Open Network is a third-generation proof-of-stake blockchain initially designed in 2018 by the Durov brothers, the founders of Telegram Messenger. Later, it was handed over to the open TON Community, which has been supporting and developing it ever since. TON was designed for lightning-fast transactions. It\u2019s ultra-cheap, user-friendly, and fully scalable. The TON Foundation is a non-commercial group of supporters and contributors who help further grow the TON blockchain. Learn more about TON: https://ton.org This publication is provided by the client. Cointelegraph does not endorse and is not responsible for or liable for any content, accuracy, quality, advertising, products, or other materials on this page. Readers should do their own research before taking any actions related to the company. Cointelegraph is not responsible, directly or indirectly, for any damage or loss caused or alleged to be caused by or in connection with the use of or reliance on any content, goods, or services mentioned in the press release. Editor\u2019s Choice BlackRock adds BTC ETF to $150B model portfolio product When will Bitcoin price bottom? February in charts: SEC drops 6 cases, memecoin craze cools and more Researchers accidentally turn ChatGPT evil, Grok \u2018sexy mode\u2019 horror: AI Eye Crypto neo-privateers could be the solution to hacks Advertise with us",
  "links": [
    {
      "url": "https://twitter.com/cointelegraph",
      "text": "Follow our"
    },
    {
      "url": "https://telegram.me/cointelegraph",
      "text": "Subscribe on"
    },
    {
      "url": "https://www.instagram.com/cointelegraph/",
      "text": ""
    },
    {
      "url": "https://www.youtube.com/@cointelegraph",
      "text": ""
    },
    {
      "url": "https://www.reddit.com/r/CoinTelegraph/",
      "text": ""
    },
    {
      "url": "https://www.facebook.com/cointelegraph",
      "text": ""
    },
    {
      "url": "https://www.linkedin.com/company/cointelegraph/",
      "text": ""
    },
    {
      "url": "https://ton.org",
      "text": "https://ton.org"
    },
    {
      "url": "/news/blackrock-adds-btc-etf-150-b-model-portfolio-product",
      "text": "BlackRock adds BTC ETF to $150B model portfolio product"
    },
    {
      "url": "/news/when-will-bitcoin-price-bottom",
      "text": "When will Bitcoin price bottom?"
    },
    {
      "url": "/news/february-in-charts-sec-drops-cases-memecoins-cool",
      "text": "February in charts: SEC drops 6 cases, memecoin craze cools and more"
    },
    {
      "url": "https://cointelegraph.com/magazine/researchers-accidentally-turn-chatgpt-evil-grok-sexy-mode-horror-ai-eye/",
      "text": "Researchers accidentally turn ChatGPT evil, Grok \u2018sexy mode\u2019 horror: AI Eye"
    },
    {
      "url": "/news/crypto-neo-privateers",
      "text": "Crypto neo-privateers could be the solution to hacks"
    },
    {
      "url": "/advertise",
      "text": "Advertise with us"
    },
    {
      "url": "https://twitter.com/intent/tweet?text=Bill%20Qian,%20ex-Global%20Head%20of%20Fundraising%20at%20Binance%20Labs,%20joins%20the%20TON%20Foundation%20https://cointelegraph.com/press-releases/bill-qian-ex-global-head-of-fundraising-at-binance-labs-joins-the-ton-foundation%20via%20@cointelegraph",
      "text": ""
    },
    {
      "url": "https://t.me/share/url?url=https://cointelegraph.com/press-releases/bill-qian-ex-global-head-of-fundraising-at-binance-labs-joins-the-ton-foundation&text=The%20TON%20Foundation,%20stewards%20of%20the%20The%20Open%20Network%20(TON)%20blockchain,%20are%20pleased%20to%20announce%20the%20appointment%20of%20Bill%20Qian,%20Chairman%20of%20Cypher%20Capital,%20as%20a%20new%20board%20member.",
      "text": ""
    },
    {
      "url": "https://www.facebook.com/sharer/sharer.php?u=https://cointelegraph.com/press-releases/bill-qian-ex-global-head-of-fundraising-at-binance-labs-joins-the-ton-foundation",
      "text": ""
    },
    {
      "url": "https://www.reddit.com/submit?url=https://cointelegraph.com/press-releases/bill-qian-ex-global-head-of-fundraising-at-binance-labs-joins-the-ton-foundation&title=Bill%20Qian,%20ex-Global%20Head%20of%20Fundraising%20at%20Binance%20Labs,%20joins%20the%20TON%20Foundation",
      "text": ""
    },
    {
      "url": "https://www.linkedin.com/shareArticle?mini=true&url=https://cointelegraph.com/press-releases/bill-qian-ex-global-head-of-fundraising-at-binance-labs-joins-the-ton-foundation&title=Bill%20Qian,%20ex-Global%20Head%20of%20Fundraising%20at%20Binance%20Labs,%20joins%20the%20TON%20Foundation",
      "text": ""
    },
    {
      "url": "https://wa.me/?text=Bill%20Qian,%20ex-Global%20Head%20of%20Fundraising%20at%20Binance%20Labs,%20joins%20the%20TON%20Foundation%20https://cointelegraph.com/press-releases/bill-qian-ex-global-head-of-fundraising-at-binance-labs-joins-the-ton-foundation",
      "text": ""
    }
  ],
  "images": [
    {
      "src": "https://images.cointelegraph.com/cdn-cgi/image/format=auto,onerror=redirect,quality=90,width=1434/https://s3.cointelegraph.com/storage/uploads/view/bd25b4ebee276c472cfd6eaaa5ad6008.jpg",
      "alt": "Bill Qian, ex-Global Head of Fundraising at Binance Labs, joins the TON Foundation"
    },
    {
      "src": "https://zoa.cointelegraph.com/pixel?postId=93912&regionId=1",
      "alt": ""
    }
  ]
}