[
  {
    "fullName": "Max Li",
    "linkedin_internal_id": "721317353",
    "first_name": "Max",
    "last_name": "Li",
    "public_identifier": "maxtli",
    "background_cover_image_url": "https://static.licdn.com/aero-v1/sc/h/5q92mjc5c51bjlwaj3rs9aa82",
    "profile_photo": "https://media.licdn.com/dms/image/v2/C4D03AQGIXRXhkZ8nWw/profile-displayphoto-shrink_200_200/profile-displayphoto-shrink_200_200/0/1614220571012?e=2147483647&v=beta&t=ULBnVKDwcPLFsEuVUGkivnkZ8bR0Agor-Vjfsh5kKYI",
    "headline": "",
    "location": "762 followers\n          \n              500+ connections",
    "about": "",
    "experience": [],
    "education": [],
    "articles": [],
    "description": {
      "description1": "Jane Street",
      "description1_link": "https://www.linkedin.com/company/jane-street-global?trk=public_profile_topcard-current-company",
      "description2": "Harvard University",
      "description2_link": "https://www.linkedin.com/school/harvard-university/?trk=public_profile_topcard-school",
      "description3": ""
    },
    "activities": [],
    "volunteering": [],
    "certification": [],
    "people_also_viewed": [
      {
        "link": "https://www.linkedin.com/in/michelleegbuna?trk=public_profile_browsemap-profile",
        "name": "Michelle Nwajei",
        "summary": "J.D. Candidate at Texas Law",
        "location": "Austin, TX"
      },
      {
        "link": "https://www.linkedin.com/in/jadabounds?trk=public_profile_browsemap-profile",
        "name": "Jada Bounds",
        "summary": "Advocate \u2022 Strategist \u2022 Leader \u2022 Organizer \u2022 \u201cI am and always will be a catalyst for change.\u201d\n- Shirley Chisholm",
        "location": "Atlanta, GA"
      },
      {
        "link": "https://www.linkedin.com/in/keith-stone-817433150?trk=public_profile_browsemap-profile",
        "name": "Keith Stone",
        "summary": "Volunteer Attorney",
        "location": "Los Angeles Metropolitan Area"
      },
      {
        "link": "https://www.linkedin.com/in/kelly--ajello?trk=public_profile_browsemap-profile",
        "name": "Kelly Ajello",
        "summary": "Legal Clerk at National Hockey League (NHL)",
        "location": "United States"
      },
      {
        "link": "https://www.linkedin.com/in/nehasatapathy?trk=public_profile_browsemap-profile",
        "name": "Neha Satapathy",
        "summary": "",
        "location": "New York, NY"
      },
      {
        "link": "https://www.linkedin.com/in/savannahputnam123?trk=public_profile_browsemap-profile",
        "name": "Savannah Kent",
        "summary": "Associate Attorney",
        "location": "Charlotte, NC"
      },
      {
        "link": "https://www.linkedin.com/in/brandon-maharajh-0b239b47?trk=public_profile_browsemap-profile",
        "name": "Brandon Maharajh",
        "summary": "",
        "location": "Deer Park, NY"
      },
      {
        "link": "https://www.linkedin.com/in/davettaselma?trk=public_profile_browsemap-profile",
        "name": "Davetta L. Selma",
        "summary": "",
        "location": "Los Angeles, CA"
      },
      {
        "link": "https://www.linkedin.com/in/lekha-ramachandran-41a84b1b0?trk=public_profile_browsemap-profile",
        "name": "Lekha Ramachandran",
        "summary": "J.D. Candidate at Tulane University Law School",
        "location": "New Orleans, LA"
      },
      {
        "link": "https://www.linkedin.com/in/gracie-mcelroy-b67940173?trk=public_profile_browsemap-profile",
        "name": "Gracie McElroy",
        "summary": "J.D. Candidate at UC Law San Francisco (formerly UC Hastings)",
        "location": "San Francisco Bay Area"
      }
    ],
    "similar_profiles": [
      {
        "link": "https://www.linkedin.com/in/weichen-li?trk=public_profile_samename-profile",
        "name": "Max Li",
        "summary": "",
        "location": "New York, NY"
      },
      {
        "link": "https://www.linkedin.com/in/max-li-62875231?trk=public_profile_samename-profile",
        "name": "Max Li",
        "summary": "",
        "location": "Los Angeles Metropolitan Area"
      },
      {
        "link": "https://www.linkedin.com/in/ljzmax?trk=public_profile_samename-profile",
        "name": "Max Li",
        "summary": "",
        "location": "New York, NY"
      },
      {
        "link": "https://www.linkedin.com/in/maxwellli?trk=public_profile_samename-profile",
        "name": "Max L.",
        "summary": "",
        "location": "New York, NY"
      },
      {
        "link": "https://www.linkedin.com/in/maxmli?trk=public_profile_samename-profile",
        "name": "Max Li",
        "summary": "",
        "location": "Tampa, FL"
      }
    ],
    "recommendations": [],
    "publications": [],
    "courses": [],
    "languages": [],
    "organizations": [],
    "projects": [],
    "awards": [
      {
        "name": "Debate awards",
        "organization": "-",
        "duration": "Jun 2020",
        "summary": "Tournament of Champions Top 16 (Gold Public Forum), Apr 2020International Public Policy Forum Top 16, Mar 2020Harvard National Forensics Tournament Top 5 and #1 seed, Feb 2019Princeton Classic Top 5, Dec 2018Grand Nationals Top 16, May 2018"
      },
      {
        "name": "2nd place individual, Harvard Pre-Collegiate Economics Challenge",
        "organization": "-",
        "duration": "Apr 2019",
        "summary": ""
      }
    ],
    "score": [
      {
        "name": "SAT",
        "score": "Score: 1580",
        "duration": "Aug 2019",
        "summary": "National Merit Scholar, National AP Scholar, QuestBridge College Prep Scholar"
      }
    ]
  }
]