[
  {
    "fullName": "Eric Mao",
    "linkedin_internal_id": "993097487",
    "first_name": "Eric",
    "last_name": "Mao",
    "public_identifier": "eric-mao",
    "background_cover_image_url": "https://media.licdn.com/dms/image/v2/D4E16AQHQgYHfMTO0TA/profile-displaybackgroundimage-shrink_200_800/profile-displaybackgroundimage-shrink_200_800/0/1731291472757?e=2147483647&v=beta&t=vzFUhpfOzyHfwiUJOqH3FIJEEDb6j2TtUeKouzv5UQw",
    "profile_photo": "https://media.licdn.com/dms/image/v2/D4E03AQHU_MWPqnCNqg/profile-displayphoto-shrink_200_200/profile-displayphoto-shrink_200_200/0/1694921091463?e=2147483647&v=beta&t=mtLdPIsmITHYpmtl-YpSne8xsvvfUyG6Waq0pwO35Vc",
    "headline": "Co-Founder @ Linkd (YC X25) | prev. UPenn M&T",
    "location": "2K followers\n          \n          \n              500+ connections",
    "about": "Hi! I'm attending the Jerome Fisher Program in Management & Technology (M&T) program at the University of Pennsylvania, where I study Computer Science and Business. I am dedicated to utilizing my knowledge to solve real-world problems. Feel free to reach out at ericmao0606@gmail.com!\"Working with great people is one of the best parts of life.\" - Sam Altman",
    "experience": [
      {
        "position": "Co-Founder",
        "company_url": "https://www.linkedin.com/school/y-combinator/?trk=public_profile_experience-item_profile-section-card_subtitle-click",
        "company_image": "https://media.licdn.com/dms/image/v2/C4D0BAQGPzdBPNxrmEg/company-logo_100_100/company-logo_100_100/0/1673555093250/y_combinator_logo?e=2147483647&v=beta&t=RS-SKAR96j7FsrAn0a9I038RANOJTRufT4hYWIaeNMk",
        "company_name": "Y Combinator",
        "location": "San Francisco Bay Area",
        "summary": "Building people search, YC X25",
        "starts_at": "Feb 2025",
        "ends_at": "Present",
        "duration": "2 months"
      },
      {
        "position": "Fellow",
        "company_url": "https://www.linkedin.com/school/telorafellowship/?trk=public_profile_experience-item_profile-section-card_subtitle-click",
        "company_image": "https://media.licdn.com/dms/image/v2/D4E0BAQFFY78_qpBJrg/company-logo_100_100/company-logo_100_100/0/1686960057216?e=2147483647&v=beta&t=rnWheSYtCQvkR4oEqStNWiH9U8ET_bhCjEpGWjdr7Tg",
        "company_name": "Telora",
        "location": "Coral Gables, Florida, United States",
        "summary": "Fully funded fellowship to work on Iris, a better file management system for video editors.",
        "starts_at": "May 2024",
        "ends_at": "Jul 2024",
        "duration": "3 months"
      }
    ],
    "education": [
      {
        "college_url": "https://www.linkedin.com/school/jerome-fisher-mandt-program/?trk=public_profile_school_profile-section-card_image-click",
        "college_name": "Jerome Fisher M&T Program",
        "college_image": "https://media.licdn.com/dms/image/v2/C4D0BAQGSBCNL9Hr3Ng/company-logo_100_100/company-logo_100_100/0/1638976293601/jerome_fisher_mandt_program_logo?e=2147483647&v=beta&t=3mWNyhS_935mPRGlQvpgZoFoMJdxKlh-FS8-6IsyFhA",
        "college_degree": "Bachelor's degree",
        "college_degree_field": "dogshit/4.0",
        "college_duration": "2024 - 2028",
        "college_activity": "On leave"
      },
      {
        "college_url": "https://www.linkedin.com/school/university-of-pennsylvania/?trk=public_profile_school_profile-section-card_image-click",
        "college_name": "University of Pennsylvania",
        "college_image": "https://media.licdn.com/dms/image/v2/C4E0BAQHnbnsnJlBiZg/company-logo_100_100/company-logo_100_100/0/1630601168515/university_of_pennsylvania_logo?e=2147483647&v=beta&t=9w3KaY6SppyKUjpXvRoCa4XIKJ0BftUsL17xWOsJx7s",
        "college_degree": "Bachelor of Science - BS",
        "college_degree_field": "Computer Science",
        "college_duration": " - ",
        "college_activity": ""
      },
      {
        "college_url": "https://www.linkedin.com/school/the-wharton-school/?trk=public_profile_school_profile-section-card_image-click",
        "college_name": "The Wharton School",
        "college_image": "https://media.licdn.com/dms/image/v2/C4E0BAQFQu7wZniptpA/company-logo_100_100/company-logo_100_100/0/1677690194092/the_wharton_school_logo?e=2147483647&v=beta&t=qBaq-_axIes-7-pUcCRObJIJbMGW6TuAYzRZfLKRfoU",
        "college_degree": "Bachelor of Science - BS",
        "college_degree_field": "Business Administration and Management, General",
        "college_duration": " - ",
        "college_activity": ""
      },
      {
        "college_url": "https://www.linkedin.com/school/zfellows/?trk=public_profile_school_profile-section-card_image-click",
        "college_name": "Z Fellows",
        "college_image": "https://media.licdn.com/dms/image/v2/D4D0BAQGxt8rf67zIHw/company-logo_100_100/company-logo_100_100/0/1690772534719/zfellows_logo?e=2147483647&v=beta&t=cYxriHVGvFw2Apvqgqt2Kn_FTtdrxEy0HLHWEuRV8lE",
        "college_degree": "",
        "college_degree_field": null,
        "college_duration": "2025 - 2025",
        "college_activity": ""
      },
      {
        "college_url": "https://ca.linkedin.com/school/crescent-school/?trk=public_profile_school_profile-section-card_image-click",
        "college_name": "Crescent School",
        "college_image": "https://media.licdn.com/dms/image/v2/C4D0BAQEv_in_BXw3YQ/company-logo_100_100/company-logo_100_100/0/1630504538226/crescent_school_logo?e=2147483647&v=beta&t=HS6gAfkEdqyGIHpqRDawBhwlrJ_iEEadp-SCzyErJG0",
        "college_degree": "High School Diploma",
        "college_degree_field": "General Studies",
        "college_duration": " - ",
        "college_activity": "International Young Physicists' Tournament (Team Canada)Canadian Young Physicists\u2019 Tournament Gold MedalHigh School Big Data Challenge WinnerDuke of Edinburgh Gold AwardComputer Science AwardFIRST Championship - Houston Division FinalistsUSACO Platinum Division"
      }
    ],
    "articles": [],
    "description": {
      "description1": "Y Combinator",
      "description1_link": "https://www.linkedin.com/school/y-combinator/?trk=public_profile_topcard-current-company",
      "description2": "Jerome Fisher M&T Program",
      "description2_link": "https://www.linkedin.com/school/jerome-fisher-mandt-program/?trk=public_profile_topcard-school",
      "description3": ""
    },
    "activities": [
      {
        "link": "https://www.linkedin.com/posts/bayloradams_for-founders-and-builders-our-first-activity-7300214528934375425-bb32",
        "title": "**For founders and builders**\n\nOur first Z Fellows cohort wrapped up for 2025, thank you to our mentors including the founders of Instacart, Lattice,\u2026",
        "activity": "Liked by Eric Mao"
      },
      {
        "link": "https://www.linkedin.com/posts/danieltian316_best-multimodal-agent-app-treehacks-activity-7298450823070601235-dNch",
        "title": "\ud83c\udfc6 Best Multimodal Agent App - TreeHacks @ Stanford University \n\nHuge thanks to Groq and TreeHacks for powering our hack. Couldn't have done it\u2026",
        "activity": "Liked by Eric Mao"
      },
      {
        "link": "https://www.linkedin.com/posts/anirudhmurugesan_excited-to-share-the-launch-of-expresso-activity-7298056960644366336-tYWB",
        "image": "https://media.licdn.com/dms/image/v2/D5622AQHKOUy27yI8fA/feedshare-shrink_800/B56ZUfoIPqGsAk-/0/1739992369615?e=2147483647&v=beta&t=tF7kFXkPVh4sY557xdNBMxukBZhqfgYMtScUsHYsLH8",
        "title": "Excited to share the launch of Expresso, a mentorship coffee chat platform at UC Davis! \u2615\n\nOver the past couple of years, I noticed how hard it can\u2026",
        "activity": "Liked by Eric Mao"
      },
      {
        "link": "https://www.linkedin.com/posts/richardli14_happy-to-announce-that-ill-be-joining-rbc-activity-7297717300005122048-gN-Z",
        "image": "https://static.licdn.com/aero-v1/sc/h/53n89ecoxpr1qrki1do3alazb",
        "title": "Happy to announce that I'll be joining RBC this upcoming summer as a Data Engineer intern! I'm grateful for this opportunity, excited to work along\u2026",
        "activity": "Liked by Eric Mao"
      },
      {
        "link": "https://www.linkedin.com/posts/eric-mao_linkd-activity-7296667104102023170--fyq",
        "image": "https://static.licdn.com/aero-v1/sc/h/53n89ecoxpr1qrki1do3alazb",
        "title": "~48 hours into launch of https://lnkd.in/eVmhBBEU 18,000 people have collectively spent 1350 hours on the site.",
        "activity": "Shared by Eric Mao"
      }
    ],
    "volunteering": [],
    "certification": [],
    "people_also_viewed": [],
    "similar_profiles": [
      {
        "link": "https://www.linkedin.com/in/bangyumao?trk=public_profile_samename-profile",
        "name": "Eric Mao",
        "summary": "",
        "location": "Sunnyvale, CA"
      },
      {
        "link": "https://www.linkedin.com/in/maoeric1?trk=public_profile_samename-profile",
        "name": "Eric Mao",
        "summary": "",
        "location": "San Francisco, CA"
      },
      {
        "link": "https://www.linkedin.com/in/eric-mao-4b75b48?trk=public_profile_samename-profile",
        "name": "Eric Mao",
        "summary": "",
        "location": "Sunnyvale, CA"
      },
      {
        "link": "https://www.linkedin.com/in/ericmao3570?trk=public_profile_samename-profile",
        "name": "Eric Mao",
        "summary": "MS1 at the Johns Hopkins University School of Medicine",
        "location": "Greater Houston"
      }
    ],
    "recommendations": [],
    "publications": [],
    "courses": [],
    "languages": [],
    "organizations": [],
    "projects": [
      {
        "title": "Advancing Carbon Credit Accuracy: A Machine Learning Approach for Precise Carbon Sequestration Estimation",
        "duration": "Sep 2023 - Mar 2024"
      },
      {
        "title": "A deep-learning enabled reliability enhancement system for the fused deposition modelling process",
        "duration": "Jun 2022 - Mar 2023"
      },
      {
        "title": "Prediction of Cognitive Status from the Resting-State fMRI Data by Machine Learning",
        "link": "https://dl.acm.org/doi/10.1145/3563737.3563750?trk=public_profile_project-title",
        "duration": "Jun 2021 - Jun 2022"
      },
      {
        "title": "Utilizing Mind Control Wheelchairs to Assist Patients with ALS",
        "duration": "Sep 2019 - Jun 2020"
      }
    ],
    "awards": [
      {
        "name": "Best Research Poster",
        "organization": "International Conference on Climate Change",
        "duration": "Feb 2024",
        "summary": ""
      }
    ],
    "score": []
  }
]