[
  {
    "fullName": "Dylan Nguyen",
    "linkedin_internal_id": "988172468",
    "first_name": "Dylan",
    "last_name": "Nguyen",
    "public_identifier": "dylan-nguyenn",
    "background_cover_image_url": "https://media.licdn.com/dms/image/v2/D4E16AQHMeF13Z8OvOQ/profile-displaybackgroundimage-shrink_200_800/profile-displaybackgroundimage-shrink_200_800/0/1684522450429?e=2147483647&v=beta&t=zqIVhTCzQ9LRoJZzjHx37zWOaVyTH9OuWGxdLOl7nrk",
    "profile_photo": "https://media.licdn.com/dms/image/v2/D4E03AQH8DI05LKFVKQ/profile-displayphoto-shrink_200_200/profile-displayphoto-shrink_200_200/0/1688671690268?e=2147483647&v=beta&t=wP3yz7whq8xRJo9rZTrfsWglKvqD8xVQbQUJNRSewok",
    "headline": "MIT '28 | Amazon Future Engineer",
    "location": "1K followers\n          \n          \n              500+ connections",
    "about": "",
    "experience": [
      {
        "position": "Undergraduate Research Assistant",
        "company_url": "https://www.linkedin.com/company/mit-cheme?trk=public_profile_experience-item_profile-section-card_subtitle-click",
        "company_image": "https://media.licdn.com/dms/image/v2/D4E0BAQE_Z5zPu0kbfA/company-logo_100_100/company-logo_100_100/0/1729789743657/mit_cheme_logo?e=2147483647&v=beta&t=tuzJOENhCiemynK5knLzrYRx2f6OKsVYPB9BhI6BYPo",
        "company_name": "MIT Chemical Engineering (ChemE)",
        "location": "Cambridge, Massachusetts, United States",
        "summary": "Integrating control systems and bayesian optimization for the manufacturing of mRNA lipid nano-particles in the Myerson Research Group.",
        "starts_at": "Oct 2024",
        "ends_at": "Present",
        "duration": "6 months"
      },
      {
        "position": "AMP Scholar",
        "company_url": "https://www.linkedin.com/company/jane-street-global?trk=public_profile_experience-item_profile-section-card_subtitle-click",
        "company_image": "https://media.licdn.com/dms/image/v2/D4E0BAQGDwkF0pxTSjg/company-logo_100_100/company-logo_100_100/0/1700507376786/jane_street_global_logo?e=2147483647&v=beta&t=eyFaBH-a-t5Vq833fZdXpmwlgy-c5614-tH0NvnA19c",
        "company_name": "Jane Street",
        "location": "New York City Metropolitan Area",
        "summary": "Selected to spend five weeks learning mathematics, computer programming, data analysis, and game theory in a program aimed at incoming undergraduate students interested in math and computer science.",
        "starts_at": "May 2024",
        "ends_at": "Present",
        "duration": "11 months"
      },
      {
        "position": "MITES Scholar",
        "company_url": "https://www.linkedin.com/company/mitesatmit?trk=public_profile_experience-item_profile-section-card_subtitle-click",
        "company_image": "https://media.licdn.com/dms/image/v2/C4E0BAQFeYCIb7VK0-g/company-logo_100_100/company-logo_100_100/0/1669129877406/mit_oeop_logo?e=2147483647&v=beta&t=Q-LFIEFpjLptKsIJC5ccznLtD3HvjM2e9PagC0Vwp6Q",
        "company_name": "MIT Introduction to Technology, Engineering, and Science (previously OEOP)",
        "location": "Cambridge, Massachusetts, United States",
        "summary": "Participated in the 2023 Cohort of MITES Semester, taking classes in Science Writing Communications and Regenerative Stem Cell Biology.",
        "starts_at": "Jun 2023",
        "ends_at": "Dec 2023",
        "duration": "7 months"
      },
      {
        "position": "Scientific Programming Intern",
        "company_url": "https://www.linkedin.com/company/mpfneuro?trk=public_profile_experience-item_profile-section-card_subtitle-click",
        "company_image": "https://media.licdn.com/dms/image/v2/C560BAQGlf1h35CgzgQ/company-logo_100_100/company-logo_100_100/0/1630642335757/mpfneuro_logo?e=2147483647&v=beta&t=Oii6JcSXstXeIMcgDpky-Nr-pZ0ceeFG22SZBF5uM3Y",
        "company_name": "Max Planck Florida Institute for Neuroscience",
        "location": "Jupiter, Florida, United States",
        "summary": "",
        "starts_at": "Jun 2023",
        "ends_at": "Jul 2023",
        "duration": "2 months"
      }
    ],
    "education": [
      {
        "college_url": "https://www.linkedin.com/school/mit/?trk=public_profile_school_profile-section-card_image-click",
        "college_name": "Massachusetts Institute of Technology",
        "college_image": "https://media.licdn.com/dms/image/v2/D560BAQH-UXRfIDIKug/company-logo_100_100/company-logo_100_100/0/1689799729035/mit_logo?e=2147483647&v=beta&t=2BcyEkKb9m86JDvxtNLfDVfyept76unhOFNf5Wt_Vp4",
        "college_degree": "Bachelor of Science - BS",
        "college_degree_field": null,
        "college_duration": "2024 - 2028",
        "college_activity": ""
      },
      {
        "college_name": "Dreyfoos School of the Arts",
        "college_image": "https://static.licdn.com/aero-v1/sc/h/6qpnald1ddva78jx4bnnl3vw",
        "college_degree": "Communications Arts Major",
        "college_degree_field": "12",
        "college_duration": "2020 - 2024",
        "college_activity": ""
      },
      {
        "college_url": "https://www.linkedin.com/school/palm-beach-state-college/?trk=public_profile_school_profile-section-card_image-click",
        "college_name": "Palm Beach State College",
        "college_image": "https://media.licdn.com/dms/image/v2/C4D0BAQG8NmvoLkCOCg/company-logo_100_100/company-logo_100_100/0/1643638156998/palm_beach_state_college_logo?e=2147483647&v=beta&t=sqvAz4bRfpdu1mlmB24giwokxM3pqhAsozBKPZkDNVw",
        "college_degree": "Associate of Arts - AA",
        "college_degree_field": null,
        "college_duration": "2021 - 2024",
        "college_activity": "Dual Enrollment Student"
      }
    ],
    "articles": [],
    "description": {
      "description1": "MIT Chemical Engineering (ChemE)",
      "description1_link": "https://www.linkedin.com/company/mit-cheme?trk=public_profile_topcard-current-company",
      "description2": "Massachusetts Institute of Technology",
      "description2_link": "https://www.linkedin.com/school/mit/?trk=public_profile_topcard-school",
      "description3": ""
    },
    "activities": [
      {
        "link": "https://www.linkedin.com/posts/estellecharveriat_i-will-be-spending-my-summer-here-alongside-activity-7289910538136899584-jrb1",
        "image": "https://media.licdn.com/dms/image/v2/D4E22AQEhYbFKe-3UiQ/feedshare-shrink_800/B4EZSr3AEqHgAk-/0/1738050111470?e=2147483647&v=beta&t=a25qPGKDay4xk1m0WidcFHRGM5DCef01HYmv30XykLQ",
        "title": "I will be spending my summer here.\n\n\nAlongside 35 cracked engineers.\n\nI am excited to announce The Bridge: a 2-month hacker house in the middle of\u2026",
        "activity": "Liked by Dylan Nguyen"
      },
      {
        "link": "https://www.linkedin.com/posts/jack-dv-carson_im-very-pleased-to-announce-that-ive-accepted-activity-7298866572209659904-aH9o",
        "image": "https://media.licdn.com/dms/image/v2/D5622AQEy2JH51hcPAA/feedshare-shrink_800/B56ZUrIeB6HoAg-/0/1740185395717?e=2147483647&v=beta&t=1Z7dWfs4CfRzpaSvvADUCldY3L2T_5kmJqiEmbAq8ns",
        "title": "I'm very pleased to announce that I've accepted an offer to intern this summer at the amazing Memorial Sloan Kettering Cancer Center in Manhattan as\u2026",
        "activity": "Liked by Dylan Nguyen"
      },
      {
        "link": "https://www.linkedin.com/posts/figure-ai_meet-helix-our-in-house-ai-that-reasons-activity-7298346214859620352-eKXQ",
        "image": "https://media.licdn.com/dms/image/v2/D5605AQG1oXNRoeusKw/videocover-high/B56ZUjtkICHEBs-/0/1740061311380?e=2147483647&v=beta&t=Tf7MLEw1sKQixi9DLT7uwmINM17XEafZ3PENxSIflqA",
        "title": "Meet Helix, our in-house AI that reasons like a human. \n\nRobotics won't get to the home without a step change in capabilities, and our robots\u2026",
        "activity": "Liked by Dylan Nguyen"
      },
      {
        "link": "https://www.linkedin.com/posts/y-combinator_oki-ai-uses-ai-to-automate-project-tracking-activity-7298416131076198400--uha",
        "image": "https://media.licdn.com/dms/image/v2/D5605AQFju6C5rjnQ_A/videocover-high/B56ZUklCMMGoB0-/0/1740075461115?e=2147483647&v=beta&t=krpR3gSpH0ty5pPvPaGRVymiovRvSEGD5JDr2qvDqRU",
        "title": "Oki AI uses AI to automate project tracking for engineering leaders, boosting org productivity.\n\nCTOs, VPs, and Directors of Engineering can\u2019t truly\u2026",
        "activity": "Liked by Dylan Nguyen"
      },
      {
        "link": "https://www.linkedin.com/posts/singhh5050_neuropilot-brainwave-computer-control-activity-7298189642225328128-Zru8",
        "image": "https://media.licdn.com/dms/image/sync/v2/D4E27AQG6S44suctGQg/articleshare-shrink_800/articleshare-shrink_800/0/1739745954907?e=2147483647&v=beta&t=-DxMQbtZOFFCZ9xyGOM-w8yMbxSjtAd0a3wd2ibbaTE",
        "title": "We're headed to Japan!! \ud83d\udc39\ud83c\udf38\n\nThis weekend at TreeHacks 2025, Zeyneb Kaya, Nicole Ma, and I created NeuroPilot --- a tool that allows you to control\u2026",
        "activity": "Liked by Dylan Nguyen"
      },
      {
        "link": "https://www.linkedin.com/posts/anagha-ramaswamy-124899266_our-team-won-codeiums-best-use-of-windsurf-activity-7297826850070781953-YPVk",
        "image": "https://media.licdn.com/dms/image/v2/D4D22AQE7pYsvYadOBQ/feedshare-shrink_800/B4DZUcW024HYAg-/0/1739937505654?e=2147483647&v=beta&t=HhM1ACJJr6emi1v_Paj8pPVzYJGTxwiFee3ANc_VDD0",
        "title": "Our team won Codeium\u2019s \u201cBest Use of Windsurf\u201d Runner-Up Award at TreeHacks 2025, the largest collegiate hackathon in the U.S. with ~1000 hackers this\u2026",
        "activity": "Liked by Dylan Nguyen"
      },
      {
        "link": "https://www.linkedin.com/posts/danica-sun-72a8b522a_just-had-an-insane-weekend-at-treehacks-2025-activity-7297766870206529537-ZRUT",
        "image": "https://media.licdn.com/dms/image/v2/D5622AQGwR0Kf3l-hdQ/feedshare-shrink_2048_1536/B56ZUbgRYkHoAs-/0/1739923203380?e=2147483647&v=beta&t=OiDw9rKM5zhWKXF-oayw02rNtz3wpWHFgKU-1l3x9_s",
        "title": "Just had an insane weekend at TreeHacks 2025, the largest collegiate hackathon in the U.S. \n\nMy freshman year at Stanford has been a journey of\u2026",
        "activity": "Liked by Dylan Nguyen"
      },
      {
        "link": "https://www.linkedin.com/posts/sanjithudupa_had-an-awesome-time-this-past-weekend-competing-activity-7297740379951353858-8z_e",
        "image": "https://media.licdn.com/dms/image/v2/D5622AQHhp4IIDaaACA/feedshare-shrink_2048_1536/B56ZUbILRdGoAo-/0/1739916887127?e=2147483647&v=beta&t=1kQ3Rn-EnGoTr-kmn_gwEctG-XpMIyN4zjPyVMsG-LY",
        "title": "Had an awesome time this past weekend competing at TreeHacks with my teammates Claire Wang, Sarah Su, and Kevin Zhu.\n\nWe built Mirror - a personal\u2026",
        "activity": "Liked by Dylan Nguyen"
      },
      {
        "link": "https://www.linkedin.com/posts/william-fei_miru-activity-7297748833478787073-J6z2",
        "image": "https://media.licdn.com/dms/image/sync/v2/D5627AQHkMRjaciPx9w/articleshare-shrink_800/articleshare-shrink_800/0/1739863644642?e=2147483647&v=beta&t=YLpsNUK63DXEUzRc3yX7iixV0jocBiU_1YkinCVU6mM",
        "title": "It was great building at TreeHacks! Still can't believe we were set on building a rocket at the beginning of the hackathon lol.",
        "activity": "Liked by Dylan Nguyen"
      },
      {
        "link": "https://www.linkedin.com/posts/gupta-adit_this-valentines-day-was-not-spent-alone-activity-7297733825449578496-gziS",
        "image": "https://media.licdn.com/dms/image/v2/D5622AQE7n9sRk39STw/feedshare-shrink_800/B56ZUbCKIhGsAk-/0/1739915325741?e=2147483647&v=beta&t=AX5GEIq1IUwhbrowDdxcGj2Ne6MABww3lpmnT6-7eZE",
        "title": "This Valentine\u2019s Day was NOT spent alone. \n\n4 freshmen. 36 hours of coding. 7 showers (Chandra Suda forgot one). It turns out today's CS majors can\u2026",
        "activity": "Liked by Dylan Nguyen"
      },
      {
        "link": "https://www.linkedin.com/posts/alexander-yue_treehacks-hackathon-ai-activity-7297684531136868352-fFds",
        "image": "https://media.licdn.com/dms/image/v2/D5622AQFDHBJlCdz6Ag/feedshare-shrink_800/B56ZUaVZtaHQAg-/0/1739903574012?e=2147483647&v=beta&t=o7efLUKqooXEp7xVC1ZoqFCCj_goBC38eMioE_5W-c8",
        "title": "This weekend I went solo into Treehacks and won NVIDIA\u2019s first place AI prize: a RTX 5090 signed by Jensen Huang. \n\nI am so grateful to have had the\u2026",
        "activity": "Liked by Dylan Nguyen"
      },
      {
        "link": "https://www.linkedin.com/posts/ericzhu105_founder-dinners-are-boring-so-were-taking-activity-7297637716253425664-Eh4v",
        "image": "https://media.licdn.com/dms/image/v2/D5622AQGJ6CrS4QTcnQ/feedshare-shrink_800/B56ZUZq1PSGoAk-/0/1739892414275?e=2147483647&v=beta&t=6JbGugKVC4GIOgpQo7u8PIFvRU58V4dtU7_R5Z894kw",
        "title": "Founder dinners are boring.\n\nSo we\u2019re taking 10 founders skydiving over the Golden Gate Bridge instead.\n\nLike this post, and we\u2019ll send you the\u2026",
        "activity": "Liked by Dylan Nguyen"
      },
      {
        "link": "https://www.linkedin.com/posts/darryltanzil_treehacks-hackathon-ai-activity-7297657216499609602-VTN3",
        "image": "https://media.licdn.com/dms/image/v2/D4D22AQE6kAP8s2KbfA/feedshare-shrink_800/B4DZUZ8hCvHAAg-/0/1739897052930?e=2147483647&v=beta&t=dj70FeRbPiwd2xr2Jht0Y9UBHqGRPYTtlO9-fD9Xh6o",
        "title": "\ud83c\udfc6 Just won 1st Grand Prize at the world's largest collegiate hackathon, TreeHacks @ Stanford University!\n\nWith 1000 of the world\u2019s brightest\u2026",
        "activity": "Liked by Dylan Nguyen"
      },
      {
        "link": "https://www.linkedin.com/posts/taarush-grover-69b428208_we-won-2nd-place-for-web3-at-treehacks-2025-activity-7297410508515684352-0lri",
        "image": "https://media.licdn.com/dms/image/v2/D5622AQHyHYM9n7gJzQ/feedshare-shrink_800/B56ZUWcLHkGQAg-/0/1739838241491?e=2147483647&v=beta&t=w5tsWFDloTb4jcnMPB2CG95930NijzYb7klyKzJgUsE",
        "title": "We won 2nd place for Web3 at TreeHacks  2025\u2014my first hackathon ever!\n\nJust wrapped up TreeHacks 2025\u2014The largest collegiate hackathon in the U.S\u2026",
        "activity": "Liked by Dylan Nguyen"
      },
      {
        "link": "https://www.linkedin.com/posts/y-combinator_assistant-ui-is-an-open-source-typescript-activity-7297268577340928000-oZC9",
        "image": "https://media.licdn.com/dms/image/v2/D5605AQE8DMocQ8KkeA/videocover-high/B56ZUSv2OJGoBw-/0/1739776307153?e=2147483647&v=beta&t=S7qQ2RbBLry8pYJVCD8ls7mt_AYBPK_9dGwppFLt6Ls",
        "title": "assistant-ui is an open-source TypeScript/React library that brings a ChatGPT-like UX directly into your app.\n\nThe library handles essential chat\u2026",
        "activity": "Liked by Dylan Nguyen"
      },
      {
        "link": "https://www.linkedin.com/posts/samuelchen118_salutations-luzz-linkedin-huzz-excited-activity-7297093203554414594-DQMf",
        "image": "https://media.licdn.com/dms/image/v2/D4E22AQGj5fMp1nFHSQ/feedshare-shrink_2048_1536/B4EZUR7jZeHUAo-/0/1739762588986?e=2147483647&v=beta&t=AN3yKSh_zDTNzXpGBvv9dXY1k6dAUdPn00P4fMUfcOE",
        "title": "Salutations Luzz (Linkedin Huzz)\n\n\nExcited to share my team and I cooked at Treehacks 2025 and won Elastic\u2019s $2,000 \u201cBest use of Elasticsearch\u2026",
        "activity": "Liked by Dylan Nguyen"
      }
    ],
    "volunteering": [],
    "certification": [],
    "people_also_viewed": [],
    "similar_profiles": [
      {
        "link": "https://www.linkedin.com/in/dylandn2137?trk=public_profile_samename-profile",
        "name": "Dylan Nguyen",
        "summary": "Software Engineer | AI & Data Operations at Deloitte Consulting",
        "location": "Avon, CO"
      },
      {
        "link": "https://www.linkedin.com/in/dphnguyen?trk=public_profile_samename-profile",
        "name": "Dylan Nguyen",
        "summary": "Software Engineer @ JPMorganChase",
        "location": "Houston, TX"
      },
      {
        "link": "https://www.linkedin.com/in/dylantknguyen?trk=public_profile_samename-profile",
        "name": "Dylan Nguyen",
        "summary": "Systems Development Engineer @ Amazon Web Services | CS @ GMU",
        "location": "Washington DC-Baltimore Area"
      },
      {
        "link": "https://www.linkedin.com/in/dylanmnguyen?trk=public_profile_samename-profile",
        "name": "Dylan Nguyen",
        "summary": "Student at Trinity University \nB.S. Biology and Business",
        "location": "Sugar Land, TX"
      },
      {
        "link": "https://www.linkedin.com/in/dylan-nguyenux?trk=public_profile_samename-profile",
        "name": "Dylan Nguyen",
        "summary": "Product Designer @UCLA | Prev. @Virufy",
        "location": "Los Angeles, CA"
      }
    ],
    "recommendations": [],
    "publications": [],
    "courses": [],
    "languages": [],
    "organizations": [],
    "projects": [
      {
        "title": "Retriever AI",
        "duration": "Jul 2023 - Dec 2023"
      },
      {
        "title": "Modeling the Male Adult Nerve Cord of The Drosophila Melanogaster Using Spiking Neural Networks",
        "duration": "Jun 2023 - Aug 2023"
      },
      {
        "title": "Application of Deep Learning Models into the Prediction of Interleukin-6 and -8 Cytokines in Sickle Cell Anemia Patients",
        "link": "https://www.linkedin.com/in/lukas-abraham123?trk=public_profile_project_contributor-image",
        "duration": "Jun 2022 - Jul 2023"
      },
      {
        "title": "",
        "link": "https://www.linkedin.com/in/lukas-abraham123?trk=public_profile_project_contributor-image",
        "duration": ""
      },
      {
        "title": "The Exploration of Machine Learning for Morphological Neuron Classification in the Neocortex",
        "link": "https://github.com/SpotDylan/TFNeuronClassification?trk=public_profile_project-title",
        "duration": "Sep 2022 - Mar 2023"
      },
      {
        "title": "",
        "link": "https://www.linkedin.com/in/lukas-abraham123?trk=public_profile_project_contributor-image",
        "duration": ""
      },
      {
        "title": "Implementation of Social Media Data into Algorithmic and NLP Trading Models",
        "link": "https://github.com/SpotDylan/SocialMediaTradeBotV1?trk=public_profile_project-title",
        "duration": "Oct 2022 - Dec 2022"
      },
      {
        "title": "",
        "link": "https://www.linkedin.com/in/max-rokeach?trk=public_profile_project_contributor-image",
        "duration": ""
      }
    ],
    "awards": [
      {
        "name": "Amazon Future Engineer Scholarship Recipient",
        "organization": "Amazon",
        "duration": "Apr 2024",
        "summary": "The Amazon Future Engineer Scholarship is an initiative by Amazon aimed at supporting high school seniors in the United States who are pursuing a computer science, electrical engineering, applied mathematics or related degree. The scholarship provides recipients with $40,000 towards their college tuition and a guaranteed paid internship at Amazon after their first year of college."
      },
      {
        "name": "Grand Award Winner - International Science & Engineering Fair",
        "organization": "Society for Science",
        "duration": "May 2023",
        "summary": "3rd Place Grand Award Winner in Biomedical and Health Sciences in the 2023 Regeneron International Science and Engineering Fair"
      },
      {
        "name": "Kovner Opportunity Scholarship Recipient",
        "organization": "Kovner Foundation",
        "duration": "Apr 2023",
        "summary": "The Kovner Opportunity Scholarship enables talented and ambitious public high school students in Palm Beach and Martin Counties to attend the nation\u2019s most challenging and selective 4-year colleges and universities."
      },
      {
        "name": "Regeneron International Science and Engineering Fair Finalist",
        "organization": "Society for Science",
        "duration": "Apr 2023",
        "summary": "This award recognizes computational biology research that has advanced to the international stage and will be presented at ISEF 2023 in Dallas, Texas."
      },
      {
        "name": "The 2023 Regeneron Biomedical Science Award",
        "organization": "Society for Science",
        "duration": "Apr 2023",
        "summary": "The award is given in recognition of an exceptional high school student scientist. This award acknowledges a student who not only demonstrates an impressive command of biomedical science and research but also embodies Regeneron\u2019s core values and behaviors."
      },
      {
        "name": "YSEA Science Fair Award",
        "organization": "Yale Science & Engineering Association, Inc.",
        "duration": "Apr 2023",
        "summary": "The YSEA Science Fair Award is given to 11th grade students who present the most outstanding exhibits in Computer Science, Engineering, Physics, or Chemistry at ISEF regional high school science fairs around the world."
      },
      {
        "name": "National Junior Science and Humanities Symposium Finalist",
        "organization": "Department of Defense and National Science Teaching Association",
        "duration": "Mar 2023",
        "summary": "This award recognizes my status as a national finalist for the 61st National Junior Science and Humanities Symposium for my project regarding Sickle Cell Anemia. This is in addition to winning a $1,000 Scholarship, 1st Place in Biomedical Sciences, and 3rd Place Overall in the regional JSHS fair."
      },
      {
        "name": "USACO Gold Division",
        "organization": "United States of America Computing Olympiad",
        "duration": "Feb 2023",
        "summary": "This award recognizes achievement in the United States of America Computing Olympiad (USACO) Gold Division. The competition recognizes competitive programming skills, with this award being won using the programming language C++17."
      }
    ],
    "score": []
  }
]