{
  "title": "spikecodes\u2019s gists \u00b7 GitHub",
  "meta_description": "GitHub Gist: star and fork spikecodes's gists by creating an account on GitHub.",
  "main_content": "Instantly share code, notes, and snippets. \ud83c\udf0e Exploring my next opportunity... Spike O'Carroll spikecodes \ud83c\udf0e Exploring my next opportunity... Hey, I'm Spike! I'm a CS student at UC Irvine passionate about building high-impact products. 185 followers \u00b7 40 following https://spike.codes X @spikecodes LinkedIn in/spike-ocarroll https://devpost.com/spikecodes View GitHub Profile Sort Recently created Least recently created Recently updated Least recently updated 1 file 3 forks 73 comments 97 stars CollinChaffin / How_to_disable_ATT_DNS_Redirection.md Created August 29, 2018 21:26 How to disable the very little-known AT&T setting that can appear to hijack your home DNS lookups and redirect to 104.239.207.44 How to disable the very little-known AT&T setting that can appear to hijack your home DNS lookups and redirect to 104.239.207.44 Issue DNS queries on home network suddenly resolving hosts to 104.239.207.44. Symptoms You will see SPORADIC mis-resolutions of EVERYTHING to that 104.239.207.44 address if their crappy router happens to hear your PC's DHCP request - EVEN IF ANOTHER DHCP SERVER ON THE NETWORK assigns the ultimate address.",
  "links": [
    {
      "url": "/",
      "text": ""
    },
    {
      "url": "/",
      "text": ""
    },
    {
      "url": "https://gist.github.com/auth/github?return_to=https%3A%2F%2Fgist.github.com%2Fspikecodes%2Fstarred",
      "text": "Sign\u00a0in"
    },
    {
      "url": "/join?return_to=https%3A%2F%2Fgist.github.com%2Fspikecodes%2Fstarred&source=header-gist",
      "text": "Sign\u00a0up"
    },
    {
      "url": "https://avatars.githubusercontent.com/u/19519553?v=4",
      "text": ""
    },
    {
      "url": "https://github.com/spikecodes?tab=followers",
      "text": "185\n          followers"
    },
    {
      "url": "https://github.com/spikecodes?tab=following",
      "text": "40\n          following"
    },
    {
      "url": "https://spike.codes",
      "text": "https://spike.codes"
    },
    {
      "url": "https://twitter.com/spikecodes",
      "text": "@spikecodes"
    },
    {
      "url": "https://www.linkedin.com/in/spike-ocarroll/",
      "text": "in/spike-ocarroll"
    },
    {
      "url": "https://devpost.com/spikecodes",
      "text": "https://devpost.com/spikecodes"
    },
    {
      "url": "https://github.com/spikecodes",
      "text": "View GitHub Profile"
    },
    {
      "url": "https://gist.github.com/spikecodes/starred?direction=desc&sort=created",
      "text": "Recently created"
    },
    {
      "url": "https://gist.github.com/spikecodes/starred?direction=asc&sort=created",
      "text": "Least recently created"
    },
    {
      "url": "https://gist.github.com/spikecodes/starred?direction=desc&sort=updated",
      "text": "Recently updated"
    },
    {
      "url": "https://gist.github.com/spikecodes/starred?direction=asc&sort=updated",
      "text": "Least recently updated"
    },
    {
      "url": "/CollinChaffin/24f6c9652efb3d6d5ef2f5502720ef00",
      "text": "1 file"
    },
    {
      "url": "/CollinChaffin/24f6c9652efb3d6d5ef2f5502720ef00/forks",
      "text": "3 forks"
    },
    {
      "url": "/CollinChaffin/24f6c9652efb3d6d5ef2f5502720ef00#comments",
      "text": "73 comments"
    },
    {
      "url": "/CollinChaffin/24f6c9652efb3d6d5ef2f5502720ef00/stargazers",
      "text": "97 stars"
    },
    {
      "url": "/CollinChaffin",
      "text": ""
    },
    {
      "url": "/CollinChaffin",
      "text": "CollinChaffin"
    },
    {
      "url": "/CollinChaffin/24f6c9652efb3d6d5ef2f5502720ef00",
      "text": "How_to_disable_ATT_DNS_Redirection.md"
    }
  ],
  "images": [
    {
      "src": "https://avatars.githubusercontent.com/u/19519553?v=4",
      "alt": "View spikecodes's full-sized avatar"
    },
    {
      "src": "https://avatars.githubusercontent.com/u/9301483?s=60&v=4",
      "alt": "@CollinChaffin"
    }
  ]
}