{
  "title": "spikecodes\u2019s gists \u00b7 GitHub",
  "meta_description": "GitHub Gist: star and fork spikecodes's gists by creating an account on GitHub.",
  "main_content": "Instantly share code, notes, and snippets. \ud83c\udf0e Exploring my next opportunity... Spike O'Carroll spikecodes \ud83c\udf0e Exploring my next opportunity... Hey, I'm Spike! I'm a CS student at UC Irvine passionate about building high-impact products. 185 followers \u00b7 40 following https://spike.codes X @spikecodes LinkedIn in/spike-ocarroll https://devpost.com/spikecodes View GitHub Profile spikecodes doesn\u2019t have any public gists yet.",
  "links": [
    {
      "url": "/",
      "text": ""
    },
    {
      "url": "/",
      "text": ""
    },
    {
      "url": "https://gist.github.com/auth/github?return_to=https%3A%2F%2Fgist.github.com%2Fspikecodes",
      "text": "Sign\u00a0in"
    },
    {
      "url": "/join?return_to=https%3A%2F%2Fgist.github.com%2Fspikecodes&source=header-gist",
      "text": "Sign\u00a0up"
    },
    {
      "url": "https://avatars.githubusercontent.com/u/19519553?v=4",
      "text": ""
    },
    {
      "url": "https://github.com/spikecodes?tab=followers",
      "text": "185\n          followers"
    },
    {
      "url": "https://github.com/spikecodes?tab=following",
      "text": "40\n          following"
    },
    {
      "url": "https://spike.codes",
      "text": "https://spike.codes"
    },
    {
      "url": "https://twitter.com/spikecodes",
      "text": "@spikecodes"
    },
    {
      "url": "https://www.linkedin.com/in/spike-ocarroll/",
      "text": "in/spike-ocarroll"
    },
    {
      "url": "https://devpost.com/spikecodes",
      "text": "https://devpost.com/spikecodes"
    },
    {
      "url": "https://github.com/spikecodes",
      "text": "View GitHub Profile"
    }
  ],
  "images": [
    {
      "src": "https://avatars.githubusercontent.com/u/19519553?v=4",
      "alt": "View spikecodes's full-sized avatar"
    }
  ]
}