{
  "title": "Team \u2014 Mai Lab",
  "meta_description": "",
  "main_content": "PRINCIPAL INVESTIGATOR DANIELLE J. MAI Assistant Professor Department of Chemical Engineering Stanford University CV | Google Scholar \ufeff | Biography The Team (alpha by last name) MICHAEL C. BURROUGHS Postdoctoral Scholar | Chemical Engineering | Autumn 2021 \u2013 present B.S. Chemical Engineering, North Carolina State University, 2015 Ph.D. Chemical Engineering, University of California, Santa Barbara, 2021 Hometown: Cary, North Carolina mcburrou {at} stanford {dot} edu MARINA P. CHANG Ph.D. Candidate | Materials Science and Engineering | Winter 2020 \u2013 present B.S. Materials Science and Engineering, Cornell University, 2019 Hometown: Columbia, Maryland marinapc {at} stanford {dot} edu JESSE D. GRAYSON Undergraduate Researcher | Chemical Engineering | Spring 2024 \u2013 present B.S. Stanford University, expected 2026 Hometown: Valley, Washington ALANA P. GUDINAS Ph.D. Candidate | Physics | Spring 2021 \u2013 present B.S. Physics, University of New Hampshire, 2020 Hometown: Atkinson, New Hampshire agudinas {at} stanford {dot} edu LISA NIEMAN Undergraduate Researcher | Chemical Engineering | Summer 2022 \u2013 present B.S. Chemical Engineering, Stanford University, expected 2025 Hometown: Rotterdam, Netherlands MICHELLE C. QUAN Ph.D. Student | Chemical Engineering | Winter 2024 \u2013 present B.S. Chemical Engineering, University of Minnesota, 2023 B.S. Materials Science and Engineering, University of Minnesota, 2023 Hometown: Rosemount, Minnesota mcquan {at} stanford {dot} edu ELEANOR L. QUIRK Ph.D. Candidate | Chemical Engineering | Winter 2023 \u2013 present B.S. Chemical Engineering, UC San Diego, 2022 Hometown: Portland, Oregon LUCY X. WANG Ph.D. Candidate | Materials Science and Engineering | Winter 2021 \u2013 present B.S. Materials Science and Engineering, Cornell University, 2019 Hometown: Plainsboro, New Jersey louisxw {at} stanford {dot} edu BRENDAN M. WIRTZ Ph.D. Candidate | Chemical Engineering | Spring 2022 \u2013 present B.S. Chemical Engineering, UC Berkeley, 2021 Hometown: Huntington Beach, California bmwirtz {at} stanford {dot} edu ALLY G. YUN Undergraduate Researcher | Chemical Engineering | Summer 2023 \u2013 present B.S. Stanford University, expected 2026 Hometown: Manhattan Beach, California Lab Alumni CAMILY PEREIRA DOS SANTOS | ChemE REU Student | April - August 2024 PAOLA URBINA-RAMOS | SURF Student (University of Puerto Rico Mayag\u00fcez, Chemical Engineering) | Summer 2024 TIANYI HU | UGVR Student (Tsinghua University, Mechanical Engineering) | Summer 2024 KENNY M. HERNANDEZ | ChemE REU, B.S. Chemical Engineering | September 2022 \u2013 June 2024 AVA CONYER | SURF Student (Howard University, Chemical Engineering) | Summer 2023 YUJIA BIAN | UGVR Student (Peking University, Integrated Science) | Summer 2023 Next role: PhD student in Chemical Engineering, Stanford University WINNIE HUANG | ChemE REU, BioX, B.S. Chemical Engineering | June 2020 \u2013 June 2023 Next role: PhD student in Chemical Engineering, Princeton University GATHA SHAMBHARKAR | M.S. Materials Science & Engineering | January 2022 \u2013 June 2023 Next role: Manufacturing Engineer, Slingshot Biosciences NATASHA JAGNANDAN | M.S. Chemical Engineering | March 2021 \u2013 June 2023 ISABELLA TAVAREZ | REU Student, Undergraduate Researcher | June 2022 \u2013 March 2023 KE JIN | UGVR Student (Tsinghua University, Chemical Engineering) | Summer 2022 Next role: PhD student in Chemical Engineering, University of Minnesota PETER MUSENGE | SURF Student (St. Augustine\u2019s University, Biology & Engineering Mathematics) | Summer 2022 DR. TA-CHUNG LIU | Visiting Scholar | LEAP @ Stanford | April 2021 \u2013 February 2022 Next role: Assistant Professor of Materials Science and Engineering, National Yang Ming Chiao Tung University ANKUSH DHAWAN | ChemE REU Student | Summer 2021 CHRISTOPHER LATHAM | ChemE REU Student | Summer 2021 Next role: MS student (co-term) in Chemical Engineering, Stanford University ANDREA FLORES | SURF Student (University of Puerto Rico Mayag\u00fcez, Industrial Biotechnology) | Summer 2020 Next role: PhD student in Bioengineering, Stanford University Join us! The Mai Lab is always seeking creative, dedicated, and enthusiastic biopolymer engineers and scientists! Prospective researchers should have a strong interest in polymer science, biomolecular engineering, and soft matter physics. For most inquiries, Prof. Mai (she/her) can be reached at djmai {at} stanford {dot} edu. Prospective graduate students should apply directly to the Department of Chemical Engineering at Stanford University. Current Stanford graduate and undergraduate students should contact Prof. Mai by e-mail with a r\u00e9sum\u00e9 (1 page) and brief statement of interest (<500 words). Undergraduate students are also encouraged to apply to the Chemical Engineering Research Experience for Undergraduates (apply during Winter quarter). Need help with a r\u00e9sum\u00e9? Explore resources at Stanford BEAM . Non-Stanford undergraduate and high school students should seek centralized programs to conduct research on campus and indicate their interest in the Mai Lab. For equity reasons, the Mai Lab does not host ad hoc students. Currently, the lab hosts students through the Stanford Engineering Summer Undergraduate Research Fellowship (SURF) and the Chinese Undergraduate Visiting Research Program . Postdoctoral candidates should contact Prof. Mai by e-mail with a cover letter on institutional letterhead, 1-page summary of research experience and interests, CV, and up to three publication p/reprints. Incomplete applications will not be considered. AS A TEAM \u2013 IN & OUT OF THE LAB",
  "links": [
    {
      "url": "/",
      "text": ""
    },
    {
      "url": "mailto:djmai@mit.edu",
      "text": "djmai@mit.edu"
    },
    {
      "url": "/s/djm-CV-202501.pdf",
      "text": "CV"
    },
    {
      "url": "https://scholar.google.com/citations?user=qwASCMQAAAAJ",
      "text": "Google Scholar"
    },
    {
      "url": "/biography",
      "text": "Biography"
    },
    {
      "url": "https://cheme.stanford.edu/admissions/phd-overview",
      "text": "Department of Chemical Engineering"
    },
    {
      "url": "https://ughb.stanford.edu/jobs-opportunities/research-experience-undergraduates",
      "text": "Chemical Engineering Research Experience for Undergraduates"
    },
    {
      "url": "https://beam.stanford.edu/",
      "text": "Stanford BEAM"
    },
    {
      "url": "https://engineering.stanford.edu/students-academics/equity-and-inclusion-initiatives/prospective-graduate-programs/summer",
      "text": "Stanford Engineering Summer Undergraduate Research Fellowship (SURF)"
    },
    {
      "url": "https://engineering.stanford.edu/students-academics/programs/global-engineering-programs/chinese-ugvr",
      "text": "Chinese Undergraduate Visiting Research Program"
    }
  ],
  "images": [
    {
      "src": "//images.squarespace-cdn.com/content/v1/5b9051c1da02bcde83d8d7cb/3a0aec0b-6968-418f-8e51-77f9f4966d48/3x12-transparent-color.png?format=1500w",
      "alt": "Mai Lab"
    },
    {
      "src": "https://images.squarespace-cdn.com/content/v1/5b9051c1da02bcde83d8d7cb/1620543572083-MMYUTLFRQB0D32OCBFAZ/JYS-20210508-907.jpg",
      "alt": ""
    },
    {
      "src": "https://images.squarespace-cdn.com/content/v1/5b9051c1da02bcde83d8d7cb/1664766677879-6UKWS33NQQB3IHBV2V3H/JYS-20221002-009.jpg",
      "alt": ""
    },
    {
      "src": "https://images.squarespace-cdn.com/content/v1/5b9051c1da02bcde83d8d7cb/1664768127429-4UMHUK6MWI8AA7PY6DO8/JYS-20221002-001.jpg",
      "alt": ""
    },
    {
      "src": "https://images.squarespace-cdn.com/content/v1/5b9051c1da02bcde83d8d7cb/e1aab63a-7d0b-497e-9837-6fa4c3205287/Jesse.png",
      "alt": ""
    },
    {
      "src": "https://images.squarespace-cdn.com/content/v1/5b9051c1da02bcde83d8d7cb/1664768197548-U6W0R6ASMLJULL799UWG/JYS-20221002-007.jpg",
      "alt": ""
    },
    {
      "src": "https://images.squarespace-cdn.com/content/v1/5b9051c1da02bcde83d8d7cb/1664768671878-E16YES1YLPLP23PRUSMV/JYS-20221002-012.jpg",
      "alt": ""
    },
    {
      "src": "https://images.squarespace-cdn.com/content/v1/5b9051c1da02bcde83d8d7cb/6a8e451a-9486-4d51-9a0d-c3681e335370/Michelle-slack.png",
      "alt": ""
    },
    {
      "src": "https://images.squarespace-cdn.com/content/v1/5b9051c1da02bcde83d8d7cb/3bb52504-5274-4575-869a-6c99d6e45885/JYS-20221002-006.jpg",
      "alt": ""
    },
    {
      "src": "https://images.squarespace-cdn.com/content/v1/5b9051c1da02bcde83d8d7cb/1664768289608-RU0AJCC0X0DH9LRGTUUS/JYS-20221002-013.jpg",
      "alt": ""
    },
    {
      "src": "https://images.squarespace-cdn.com/content/v1/5b9051c1da02bcde83d8d7cb/1664768320461-LCXLLFJU9E2XUTM8948B/JYS-20221002-008.jpg",
      "alt": ""
    },
    {
      "src": "https://images.squarespace-cdn.com/content/v1/5b9051c1da02bcde83d8d7cb/8f3c4986-b723-4ce3-9aee-388f446be9f7/Ally-slack.png",
      "alt": ""
    },
    {
      "src": "https://images.squarespace-cdn.com/content/v1/5b9051c1da02bcde83d8d7cb/1629261480327-A42425Y3UQ1TYFMBJ8YK/3x3transparent-01.png",
      "alt": ""
    },
    {
      "src": "https://images.squarespace-cdn.com/content/v1/5b9051c1da02bcde83d8d7cb/1709007032908-DR847PEUY3LS33CSRU7V/202402_Omescape1.jpg",
      "alt": "202402_Omescape1.jpg"
    },
    {
      "src": "https://images.squarespace-cdn.com/content/v1/5b9051c1da02bcde83d8d7cb/1709006927682-ZIKS9B7DXSKXVAOSLVOT/20230928-Autumn-Lunch.jpg",
      "alt": "20230928-Autumn-Lunch.jpg"
    },
    {
      "src": "https://images.squarespace-cdn.com/content/v1/5b9051c1da02bcde83d8d7cb/1709007019016-SEOK1UD0YISOX3VRJPOV/PXL_20230909_175915375.jpg",
      "alt": "PXL_20230909_175915375.jpg"
    },
    {
      "src": "https://images.squarespace-cdn.com/content/v1/5b9051c1da02bcde83d8d7cb/1709006981387-C65IP9DM8H8KNIL1NX85/PXL_20230727_031203798.jpg",
      "alt": "PXL_20230727_031203798.jpg"
    },
    {
      "src": "https://images.squarespace-cdn.com/content/v1/5b9051c1da02bcde83d8d7cb/1709006951714-3ESMMXEKIRV1FS05RLB2/20230823-lab-tshirts.jpg",
      "alt": "20230823-lab-tshirts.jpg"
    },
    {
      "src": "https://images.squarespace-cdn.com/content/v1/5b9051c1da02bcde83d8d7cb/1709006986797-LOMBATFAP5AJ02CDB876/PXL_20230727_021533859.jpg",
      "alt": "PXL_20230727_021533859.jpg"
    },
    {
      "src": "https://images.squarespace-cdn.com/content/v1/5b9051c1da02bcde83d8d7cb/1685639326872-MNST7FFLSRB32KZNK5Y4/PXL_20230310_220331679.jpg",
      "alt": "PXL_20230310_220331679.jpg"
    },
    {
      "src": "https://images.squarespace-cdn.com/content/v1/5b9051c1da02bcde83d8d7cb/1685639340493-HP7JD4L8KEWO9JUZ3VQT/PXL_20230310_052605142.MP.jpg",
      "alt": "PXL_20230310_052605142.MP.jpg"
    },
    {
      "src": "https://images.squarespace-cdn.com/content/v1/5b9051c1da02bcde83d8d7cb/1677971459622-F9DEHFE6OG9QWXAOMTW6/20230225-WinterLodge-1.jpg",
      "alt": "20230225-WinterLodge-1.jpg"
    },
    {
      "src": "https://images.squarespace-cdn.com/content/v1/5b9051c1da02bcde83d8d7cb/1677971460150-55AOT6BFSFDKMZT6A6EU/20230225-Coconuts.jpg",
      "alt": "20230225-Coconuts.jpg"
    },
    {
      "src": "https://images.squarespace-cdn.com/content/v1/5b9051c1da02bcde83d8d7cb/1677971462839-L2ZTB2OWHH60YJ790I0F/20230225-WinterLodge-2.jpg",
      "alt": "20230225-WinterLodge-2.jpg"
    },
    {
      "src": "https://images.squarespace-cdn.com/content/v1/5b9051c1da02bcde83d8d7cb/1677971140891-13YXQHMSVYC7LVV11KO2/20221216-LaserTag-1.jpg",
      "alt": "20221216-LaserTag-1.jpg"
    },
    {
      "src": "https://images.squarespace-cdn.com/content/v1/5b9051c1da02bcde83d8d7cb/1677971144095-SIEYP786LZ1VSPZI97PR/20221216-LaserTag.jpg",
      "alt": "20221216-LaserTag.jpg"
    },
    {
      "src": "https://images.squarespace-cdn.com/content/v1/5b9051c1da02bcde83d8d7cb/1660585727691-FE5J25RHKVXQFFV4HA1L/PXL_20220812_192812583.jpg",
      "alt": "PXL_20220812_192812583.jpg"
    },
    {
      "src": "https://images.squarespace-cdn.com/content/v1/5b9051c1da02bcde83d8d7cb/1659927920879-CSKVVWVO5US0YBU4BS4V/PXL_20220807_213651844.jpg",
      "alt": "PXL_20220807_213651844.jpg"
    },
    {
      "src": "https://images.squarespace-cdn.com/content/v1/5b9051c1da02bcde83d8d7cb/1659927943789-QPTTPJP7I9U8ZIDB75J0/PXL_20220807_233315867.MP.jpg",
      "alt": "PXL_20220807_233315867.MP.jpg"
    },
    {
      "src": "https://images.squarespace-cdn.com/content/v1/5b9051c1da02bcde83d8d7cb/1656693893866-UIRQU0Y6J0G0RSW71X7I/20220614-SSRL.jpg",
      "alt": "20220614-SSRL.jpg"
    },
    {
      "src": "https://images.squarespace-cdn.com/content/v1/5b9051c1da02bcde83d8d7cb/1656693821218-2J0GDEKFA75WO7AQ3BWM/20220624-blackout-GM.jpg",
      "alt": "20220624-blackout-GM.jpg"
    },
    {
      "src": "https://images.squarespace-cdn.com/content/v1/5b9051c1da02bcde83d8d7cb/1653633740004-ALRILQ13FGAQMWAY7DDX/20220520-SpringSocial.jpg",
      "alt": "20220520-SpringSocial.jpg"
    },
    {
      "src": "https://images.squarespace-cdn.com/content/v1/5b9051c1da02bcde83d8d7cb/1653633741064-YZRDJ2TJTK43JKBJF9H9/20220520-SpringSocial01.jpg",
      "alt": "20220520-SpringSocial01.jpg"
    },
    {
      "src": "https://images.squarespace-cdn.com/content/v1/5b9051c1da02bcde83d8d7cb/1653633742780-4V4AJCO3FLK8AACQVQ14/20220520-SpringSocial02.jpg",
      "alt": "20220520-SpringSocial02.jpg"
    },
    {
      "src": "https://images.squarespace-cdn.com/content/v1/5b9051c1da02bcde83d8d7cb/1653633733669-RZ202Z0G2PWURCRXCVES/20220513-Alana-Qual.jpg",
      "alt": "20220513-Alana-Qual.jpg"
    },
    {
      "src": "https://images.squarespace-cdn.com/content/v1/5b9051c1da02bcde83d8d7cb/1653633734005-8EUVE710X1PGOQEKNI9X/20220519-SPC-Poster.jpg",
      "alt": "20220519-SPC-Poster.jpg"
    },
    {
      "src": "https://images.squarespace-cdn.com/content/v1/5b9051c1da02bcde83d8d7cb/1647741985346-66D86LG6IKJ4BN2DQAFZ/20220316-APSMarch2.jpg",
      "alt": "20220316-APSMarch2.jpg"
    },
    {
      "src": "https://images.squarespace-cdn.com/content/v1/5b9051c1da02bcde83d8d7cb/1647741980264-IH5JETKL9888PXOV4Z1B/20220316-OlsenFamilyDinner.jpg",
      "alt": "20220316-OlsenFamilyDinner.jpg"
    },
    {
      "src": "https://images.squarespace-cdn.com/content/v1/5b9051c1da02bcde83d8d7cb/1647741980413-XD0NEID8SILWYR357E9E/20220316-APSMarch1.jpg",
      "alt": "20220316-APSMarch1.jpg"
    },
    {
      "src": "https://images.squarespace-cdn.com/content/v1/5b9051c1da02bcde83d8d7cb/1646789640408-I2V06P83WZ9WLQQMTKQ0/20220225_122402.jpg",
      "alt": "20220225_122402.jpg"
    },
    {
      "src": "https://images.squarespace-cdn.com/content/v1/5b9051c1da02bcde83d8d7cb/1646789633641-1WO55UPSWCW3ZKQV86XY/20220224-YangGroupVisit.jpg",
      "alt": "20220224-YangGroupVisit.jpg"
    },
    {
      "src": "https://images.squarespace-cdn.com/content/v1/5b9051c1da02bcde83d8d7cb/1646789634274-LF1VHFZPN6YCCVFT6MEB/20220201-TaChung1.jpg",
      "alt": "20220201-TaChung1.jpg"
    },
    {
      "src": "https://images.squarespace-cdn.com/content/v1/5b9051c1da02bcde83d8d7cb/1639504034678-VAQH97K1B1U56OJZQFHQ/20211130-K1-helmets.jpg",
      "alt": "20211130-K1-helmets.jpg"
    },
    {
      "src": "https://images.squarespace-cdn.com/content/v1/5b9051c1da02bcde83d8d7cb/1639504021832-S9B1IMWQE5FHJ2BHDF7Q/20211130-K1-helmets-2.jpg",
      "alt": "20211130-K1-helmets-2.jpg"
    },
    {
      "src": "https://images.squarespace-cdn.com/content/v1/5b9051c1da02bcde83d8d7cb/1639504073986-GRRIO6JS9N7JENC21RLB/20211130-K1-podium.jpg",
      "alt": "20211130-K1-podium.jpg"
    },
    {
      "src": "https://images.squarespace-cdn.com/content/v1/5b9051c1da02bcde83d8d7cb/1639504232619-54ZL90NO5LJAITARMZWM/retreat-1.jpg",
      "alt": "retreat-1.jpg"
    },
    {
      "src": "https://images.squarespace-cdn.com/content/v1/5b9051c1da02bcde83d8d7cb/1639504223403-GH8W4JT8S1X23EHPP6OA/retreat-2.jpg",
      "alt": "retreat-2.jpg"
    },
    {
      "src": "https://images.squarespace-cdn.com/content/v1/5b9051c1da02bcde83d8d7cb/1639504241189-K54NY96NOUJS1A1EVK44/retreat-8.jpg",
      "alt": "retreat-8.jpg"
    },
    {
      "src": "https://images.squarespace-cdn.com/content/v1/5b9051c1da02bcde83d8d7cb/1639504243141-HWTJG40BZBLCWGACSUIE/retreat-10.jpg",
      "alt": "retreat-10.jpg"
    },
    {
      "src": "https://images.squarespace-cdn.com/content/v1/5b9051c1da02bcde83d8d7cb/1639504012086-8W7ZECME8SA68KH0AI50/20210826-week10-1-crop.jpg",
      "alt": "20210826-week10-1-crop.jpg"
    },
    {
      "src": "https://images.squarespace-cdn.com/content/v1/5b9051c1da02bcde83d8d7cb/1639504012212-9E1DQWMD7B0YOQ5ZG0ET/20210826-week10-2.jpg",
      "alt": "20210826-week10-2.jpg"
    },
    {
      "src": "https://images.squarespace-cdn.com/content/v1/5b9051c1da02bcde83d8d7cb/1639504011279-4HGJPMGHU5OK08G3893Z/20210826-week10.jpg",
      "alt": "20210826-week10.jpg"
    },
    {
      "src": "https://images.squarespace-cdn.com/content/v1/5b9051c1da02bcde83d8d7cb/1639504011240-JHG26HPV7LKR8M6NFQUD/20210628-week2.jpg",
      "alt": "20210628-week2.jpg"
    },
    {
      "src": "https://images.squarespace-cdn.com/content/v1/5b9051c1da02bcde83d8d7cb/1639504177109-VPXHF971GSYVE1PVERR4/2020-SummerGroup.jpg",
      "alt": "2020-SummerGroup.jpg"
    },
    {
      "src": "https://images.squarespace-cdn.com/content/v1/5b9051c1da02bcde83d8d7cb/1709007032908-DR847PEUY3LS33CSRU7V/202402_Omescape1.jpg",
      "alt": "Slide 1"
    },
    {
      "src": "https://images.squarespace-cdn.com/content/v1/5b9051c1da02bcde83d8d7cb/1709006927682-ZIKS9B7DXSKXVAOSLVOT/20230928-Autumn-Lunch.jpg",
      "alt": "Slide 2"
    },
    {
      "src": "https://images.squarespace-cdn.com/content/v1/5b9051c1da02bcde83d8d7cb/1709007019016-SEOK1UD0YISOX3VRJPOV/PXL_20230909_175915375.jpg",
      "alt": "Slide 3"
    },
    {
      "src": "https://images.squarespace-cdn.com/content/v1/5b9051c1da02bcde83d8d7cb/1709006981387-C65IP9DM8H8KNIL1NX85/PXL_20230727_031203798.jpg",
      "alt": "Slide 4"
    },
    {
      "src": "https://images.squarespace-cdn.com/content/v1/5b9051c1da02bcde83d8d7cb/1709006951714-3ESMMXEKIRV1FS05RLB2/20230823-lab-tshirts.jpg",
      "alt": "Slide 5"
    },
    {
      "src": "https://images.squarespace-cdn.com/content/v1/5b9051c1da02bcde83d8d7cb/1709006986797-LOMBATFAP5AJ02CDB876/PXL_20230727_021533859.jpg",
      "alt": "Slide 6"
    },
    {
      "src": "https://images.squarespace-cdn.com/content/v1/5b9051c1da02bcde83d8d7cb/1685639326872-MNST7FFLSRB32KZNK5Y4/PXL_20230310_220331679.jpg",
      "alt": "Slide 7"
    },
    {
      "src": "https://images.squarespace-cdn.com/content/v1/5b9051c1da02bcde83d8d7cb/1685639340493-HP7JD4L8KEWO9JUZ3VQT/PXL_20230310_052605142.MP.jpg",
      "alt": "Slide 8"
    },
    {
      "src": "https://images.squarespace-cdn.com/content/v1/5b9051c1da02bcde83d8d7cb/1677971459622-F9DEHFE6OG9QWXAOMTW6/20230225-WinterLodge-1.jpg",
      "alt": "Slide 9"
    },
    {
      "src": "https://images.squarespace-cdn.com/content/v1/5b9051c1da02bcde83d8d7cb/1677971460150-55AOT6BFSFDKMZT6A6EU/20230225-Coconuts.jpg",
      "alt": "Slide 10"
    },
    {
      "src": "https://images.squarespace-cdn.com/content/v1/5b9051c1da02bcde83d8d7cb/1677971462839-L2ZTB2OWHH60YJ790I0F/20230225-WinterLodge-2.jpg",
      "alt": "Slide 11"
    },
    {
      "src": "https://images.squarespace-cdn.com/content/v1/5b9051c1da02bcde83d8d7cb/1677971140891-13YXQHMSVYC7LVV11KO2/20221216-LaserTag-1.jpg",
      "alt": "Slide 12"
    },
    {
      "src": "https://images.squarespace-cdn.com/content/v1/5b9051c1da02bcde83d8d7cb/1677971144095-SIEYP786LZ1VSPZI97PR/20221216-LaserTag.jpg",
      "alt": "Slide 13"
    },
    {
      "src": "https://images.squarespace-cdn.com/content/v1/5b9051c1da02bcde83d8d7cb/1660585727691-FE5J25RHKVXQFFV4HA1L/PXL_20220812_192812583.jpg",
      "alt": "Slide 14"
    },
    {
      "src": "https://images.squarespace-cdn.com/content/v1/5b9051c1da02bcde83d8d7cb/1659927920879-CSKVVWVO5US0YBU4BS4V/PXL_20220807_213651844.jpg",
      "alt": "Slide 15"
    },
    {
      "src": "https://images.squarespace-cdn.com/content/v1/5b9051c1da02bcde83d8d7cb/1659927943789-QPTTPJP7I9U8ZIDB75J0/PXL_20220807_233315867.MP.jpg",
      "alt": "Slide 16"
    },
    {
      "src": "https://images.squarespace-cdn.com/content/v1/5b9051c1da02bcde83d8d7cb/1656693893866-UIRQU0Y6J0G0RSW71X7I/20220614-SSRL.jpg",
      "alt": "Slide 17"
    },
    {
      "src": "https://images.squarespace-cdn.com/content/v1/5b9051c1da02bcde83d8d7cb/1656693821218-2J0GDEKFA75WO7AQ3BWM/20220624-blackout-GM.jpg",
      "alt": "Slide 18"
    },
    {
      "src": "https://images.squarespace-cdn.com/content/v1/5b9051c1da02bcde83d8d7cb/1653633740004-ALRILQ13FGAQMWAY7DDX/20220520-SpringSocial.jpg",
      "alt": "Slide 19"
    },
    {
      "src": "https://images.squarespace-cdn.com/content/v1/5b9051c1da02bcde83d8d7cb/1653633741064-YZRDJ2TJTK43JKBJF9H9/20220520-SpringSocial01.jpg",
      "alt": "Slide 20"
    },
    {
      "src": "https://images.squarespace-cdn.com/content/v1/5b9051c1da02bcde83d8d7cb/1653633742780-4V4AJCO3FLK8AACQVQ14/20220520-SpringSocial02.jpg",
      "alt": "Slide 21"
    },
    {
      "src": "https://images.squarespace-cdn.com/content/v1/5b9051c1da02bcde83d8d7cb/1653633733669-RZ202Z0G2PWURCRXCVES/20220513-Alana-Qual.jpg",
      "alt": "Slide 22"
    },
    {
      "src": "https://images.squarespace-cdn.com/content/v1/5b9051c1da02bcde83d8d7cb/1653633734005-8EUVE710X1PGOQEKNI9X/20220519-SPC-Poster.jpg",
      "alt": "Slide 23"
    },
    {
      "src": "https://images.squarespace-cdn.com/content/v1/5b9051c1da02bcde83d8d7cb/1647741985346-66D86LG6IKJ4BN2DQAFZ/20220316-APSMarch2.jpg",
      "alt": "Slide 24"
    },
    {
      "src": "https://images.squarespace-cdn.com/content/v1/5b9051c1da02bcde83d8d7cb/1647741980264-IH5JETKL9888PXOV4Z1B/20220316-OlsenFamilyDinner.jpg",
      "alt": "Slide 25"
    },
    {
      "src": "https://images.squarespace-cdn.com/content/v1/5b9051c1da02bcde83d8d7cb/1647741980413-XD0NEID8SILWYR357E9E/20220316-APSMarch1.jpg",
      "alt": "Slide 26"
    },
    {
      "src": "https://images.squarespace-cdn.com/content/v1/5b9051c1da02bcde83d8d7cb/1646789640408-I2V06P83WZ9WLQQMTKQ0/20220225_122402.jpg",
      "alt": "Slide 27"
    },
    {
      "src": "https://images.squarespace-cdn.com/content/v1/5b9051c1da02bcde83d8d7cb/1646789633641-1WO55UPSWCW3ZKQV86XY/20220224-YangGroupVisit.jpg",
      "alt": "Slide 28"
    },
    {
      "src": "https://images.squarespace-cdn.com/content/v1/5b9051c1da02bcde83d8d7cb/1646789634274-LF1VHFZPN6YCCVFT6MEB/20220201-TaChung1.jpg",
      "alt": "Slide 29"
    },
    {
      "src": "https://images.squarespace-cdn.com/content/v1/5b9051c1da02bcde83d8d7cb/1639504034678-VAQH97K1B1U56OJZQFHQ/20211130-K1-helmets.jpg",
      "alt": "Slide 30"
    },
    {
      "src": "https://images.squarespace-cdn.com/content/v1/5b9051c1da02bcde83d8d7cb/1639504021832-S9B1IMWQE5FHJ2BHDF7Q/20211130-K1-helmets-2.jpg",
      "alt": "Slide 31"
    },
    {
      "src": "https://images.squarespace-cdn.com/content/v1/5b9051c1da02bcde83d8d7cb/1639504073986-GRRIO6JS9N7JENC21RLB/20211130-K1-podium.jpg",
      "alt": "Slide 32"
    },
    {
      "src": "https://images.squarespace-cdn.com/content/v1/5b9051c1da02bcde83d8d7cb/1639504232619-54ZL90NO5LJAITARMZWM/retreat-1.jpg",
      "alt": "Slide 33"
    },
    {
      "src": "https://images.squarespace-cdn.com/content/v1/5b9051c1da02bcde83d8d7cb/1639504223403-GH8W4JT8S1X23EHPP6OA/retreat-2.jpg",
      "alt": "Slide 34"
    },
    {
      "src": "https://images.squarespace-cdn.com/content/v1/5b9051c1da02bcde83d8d7cb/1639504241189-K54NY96NOUJS1A1EVK44/retreat-8.jpg",
      "alt": "Slide 35"
    },
    {
      "src": "https://images.squarespace-cdn.com/content/v1/5b9051c1da02bcde83d8d7cb/1639504243141-HWTJG40BZBLCWGACSUIE/retreat-10.jpg",
      "alt": "Slide 36"
    },
    {
      "src": "https://images.squarespace-cdn.com/content/v1/5b9051c1da02bcde83d8d7cb/1639504012086-8W7ZECME8SA68KH0AI50/20210826-week10-1-crop.jpg",
      "alt": "Slide 37"
    },
    {
      "src": "https://images.squarespace-cdn.com/content/v1/5b9051c1da02bcde83d8d7cb/1639504012212-9E1DQWMD7B0YOQ5ZG0ET/20210826-week10-2.jpg",
      "alt": "Slide 38"
    },
    {
      "src": "https://images.squarespace-cdn.com/content/v1/5b9051c1da02bcde83d8d7cb/1639504011279-4HGJPMGHU5OK08G3893Z/20210826-week10.jpg",
      "alt": "Slide 39"
    },
    {
      "src": "https://images.squarespace-cdn.com/content/v1/5b9051c1da02bcde83d8d7cb/1639504011240-JHG26HPV7LKR8M6NFQUD/20210628-week2.jpg",
      "alt": "Slide 40"
    },
    {
      "src": "https://images.squarespace-cdn.com/content/v1/5b9051c1da02bcde83d8d7cb/1639504177109-VPXHF971GSYVE1PVERR4/2020-SummerGroup.jpg",
      "alt": "Slide 41"
    }
  ]
}