{
  "title": "Luke Tchang Web3 professional profile, contact information, work experience, and skills \u2013 Mentibus.xyz",
  "meta_description": "View Luke Tchang\u2019s profile on Mentibus, the world\u2019s leading AI & Web3 data intelligence platform. Luke Tchang has 7 jobs listed on their profile. See the complete profile on Mentibus and discover Luke Tchang\u2019s connections and jobs at similar companies.",
  "main_content": "Luke Tchang Platform Blockchain Crypto DeFi API Asset Ethereum Blockchain / Crypto Financial services Service 35 more Save to list Share Claim profile Options Key Info CRI CRI LinkedIn \u2022\u2022\u2022\u2022\u2022\u2022\u2022\u2022\u2022 Lock Closed VC Firm Experience Paradigm Fellow Paradigm Present San Francisco, California, USA Company Experience Building Stealth R&D LLC Sep 2022 - Present CRI Co-Founder Nocturne Labs Sep 2022 - Present 3575 Kenyon St, San Diego, California, United States Core Eng Lead Nomad Dec 2021 - Present Berlin, Berlin, DEU Software Engineer Meta Jun 2021 - Sep 2021 \u00b7 3 mos 1 Hacker Way, Menlo Park, California, United States Software Engineer Facebook Jun 2021 - Sep 2021 \u00b7 3 mos Paris, \u00cele-de-France, FRA Software Engineer cLabs Jan 2021 - Oct 2021 \u00b7 8 mos Berlin, Berlin, DEU",
  "links": [
    {
      "url": "/companies/?filters=%7B%22industry%22%3A%7B%22tags%22%3A%5B%22Platform%22%5D%7D%7D",
      "text": "Platform"
    },
    {
      "url": "/companies/?filters=%7B%22industry%22%3A%7B%22tags%22%3A%5B%22Blockchain%22%5D%7D%7D",
      "text": "Blockchain"
    },
    {
      "url": "/companies/?filters=%7B%22industry%22%3A%7B%22tags%22%3A%5B%22Crypto%22%5D%7D%7D",
      "text": "Crypto"
    },
    {
      "url": "/companies/?filters=%7B%22industry%22%3A%7B%22tags%22%3A%5B%22DeFi%22%5D%7D%7D",
      "text": "DeFi"
    },
    {
      "url": "/companies/?filters=%7B%22industry%22%3A%7B%22tags%22%3A%5B%22API%22%5D%7D%7D",
      "text": "API"
    },
    {
      "url": "/companies/?filters=%7B%22industry%22%3A%7B%22tags%22%3A%5B%22Asset%22%5D%7D%7D",
      "text": "Asset"
    },
    {
      "url": "/companies/?filters=%7B%22industry%22%3A%7B%22tags%22%3A%5B%22Ethereum%22%5D%7D%7D",
      "text": "Ethereum"
    },
    {
      "url": "/companies/?filters=%7B%22industry%22%3A%7B%22tags%22%3A%5B%22Blockchain%20%2F%20Crypto%22%5D%7D%7D",
      "text": "Blockchain / Crypto"
    },
    {
      "url": "/companies/?filters=%7B%22industry%22%3A%7B%22tags%22%3A%5B%22Financial%20services%22%5D%7D%7D",
      "text": "Financial services"
    },
    {
      "url": "/companies/?filters=%7B%22industry%22%3A%7B%22tags%22%3A%5B%22Service%22%5D%7D%7D",
      "text": "Service"
    },
    {
      "url": "/investors/paradigm/",
      "text": ""
    },
    {
      "url": "/investors/paradigm/",
      "text": "Paradigm"
    },
    {
      "url": "/companies/stealth-r-d-llc/",
      "text": ""
    },
    {
      "url": "/companies/stealth-r-d-llc/",
      "text": "Stealth R&D LLC"
    },
    {
      "url": "/companies/nocturne-labs/",
      "text": ""
    },
    {
      "url": "/companies/nocturne-labs/",
      "text": "Nocturne Labs"
    },
    {
      "url": "/companies/nomad/",
      "text": ""
    },
    {
      "url": "/companies/nomad/",
      "text": "Nomad"
    },
    {
      "url": "/companies/meta/",
      "text": ""
    },
    {
      "url": "/companies/meta/",
      "text": "Meta"
    },
    {
      "url": "/companies/facebook/",
      "text": ""
    },
    {
      "url": "/companies/facebook/",
      "text": "Facebook"
    },
    {
      "url": "/companies/clabs/",
      "text": ""
    },
    {
      "url": "/companies/clabs/",
      "text": "cLabs"
    }
  ],
  "images": [
    {
      "src": "https://edgein-assets.s3.amazonaws.com/logo/harmonic/person_19b2be647af72b3e231c9c7f443ad69381cad95d0e6c017d7cda80ace08d9bed.png",
      "alt": "Luke Tchang"
    },
    {
      "src": "https://edgein-image-upload-rmdev-new.s3.us-west-2.amazonaws.com/1677604938585.svg",
      "alt": "Paradigm"
    },
    {
      "src": "https://edgein-image-upload-rmdev-new.s3.us-west-2.amazonaws.com/1673481034318.jpg",
      "alt": "Stealth R&D LLC"
    },
    {
      "src": "https://edgein-assets.s3.amazonaws.com/logo/harmonic/company_eabcacb65b29fd1795b55bf61554f814987e5fdfe939c417e752909544d5ee8e.png",
      "alt": "Nocturne Labs"
    },
    {
      "src": "https://edgein-image-upload-rmdev-new.s3.us-west-2.amazonaws.com/1666762349079.svg",
      "alt": "Nomad"
    },
    {
      "src": "https://edgein-image-upload-rmdev-new.s3.us-west-2.amazonaws.com/1666761070993.svg",
      "alt": "Meta"
    },
    {
      "src": "https://edgein-assets.s3.amazonaws.com/logo/harmonic/company_a4edc4d7a9b7f0087164e2f2dcdba4c0a1d6710b159e2129ad9d2da4b66e4a52.png",
      "alt": "Facebook"
    },
    {
      "src": "https://edgein-image-upload-rmdev-new.s3.us-west-2.amazonaws.com/1666759656217.jpg",
      "alt": "cLabs"
    }
  ]
}