{
  "title": "luketchang (Luke Tchang) \u00b7 GitHub",
  "meta_description": "luketchang has 69 repositories available. Follow their code on GitHub.",
  "main_content": "luketchang Follow More Overview Repositories Projects Packages Stars luketchang Follow Luke Tchang luketchang Follow 67 followers \u00b7 19 following X @LukeTchang Achievements x2 x3 Achievements x2 x3 Block or Report Block or report luketchang Block user Prevent this user from interacting with your repositories and sending you notifications. Learn more about blocking users . You must be logged in to block users. Add an optional note: Please don't include any personal information such as legal names or email addresses. Maximum 100 characters, markdown supported. This note will be visible to only you. Block user Report abuse Contact GitHub support about this user\u2019s behavior. Learn more about reporting abuse . Report abuse More Overview Repositories Projects Packages Stars Pinned Loading nomad-xyz/ rust nomad-xyz/rust Public Rust work for nomad actors Rust 56 20 nocturne-xyz/ protocol nocturne-xyz/protocol Public Protocol for onchain private accounts Circom 76 63 go-map-reduce go-map-reduce Public Distributed MapReduce implementation written in Go Go 2 efficient-reranker efficient-reranker Public Code for paper on reranker distillation methods Python ethers-rs ethers-rs Public Forked from gakonst/ethers-rs Complete Ethereum & Celo library and wallet implementation in Rust. https://docs.rs/ethers Rust gpt-2-small gpt-2-small Public Re-implementation of GPT-2 124M Jupyter Notebook Something went wrong, please refresh the page to try again. If the problem persists, check the GitHub status page or contact support .",
  "links": [
    {
      "url": "/login?return_to=https%3A%2F%2Fgithub.com%2Fluketchang",
      "text": "Follow"
    },
    {
      "url": "/luketchang",
      "text": "Overview"
    },
    {
      "url": "/luketchang?tab=repositories",
      "text": "Repositories"
    },
    {
      "url": "/luketchang?tab=projects",
      "text": "Projects"
    },
    {
      "url": "/luketchang?tab=packages",
      "text": "Packages"
    },
    {
      "url": "/luketchang?tab=stars",
      "text": "Stars"
    },
    {
      "url": "/login?return_to=https%3A%2F%2Fgithub.com%2Fluketchang",
      "text": "Follow"
    },
    {
      "url": "https://avatars.githubusercontent.com/u/32170738?v=4",
      "text": ""
    },
    {
      "url": "/login?return_to=https%3A%2F%2Fgithub.com%2Fluketchang",
      "text": "Follow"
    },
    {
      "url": "https://github.com/luketchang?tab=followers",
      "text": "67\n          followers"
    },
    {
      "url": "https://github.com/luketchang?tab=following",
      "text": "19\n          following"
    },
    {
      "url": "https://twitter.com/LukeTchang",
      "text": "@LukeTchang"
    },
    {
      "url": "/luketchang?tab=achievements",
      "text": "Achievements"
    },
    {
      "url": "/luketchang?achievement=pair-extraordinaire&tab=achievements",
      "text": "x2"
    },
    {
      "url": "/luketchang?achievement=yolo&tab=achievements",
      "text": ""
    },
    {
      "url": "/luketchang?achievement=quickdraw&tab=achievements",
      "text": ""
    },
    {
      "url": "/luketchang?achievement=pull-shark&tab=achievements",
      "text": "x3"
    },
    {
      "url": "/luketchang?achievement=arctic-code-vault-contributor&tab=achievements",
      "text": ""
    },
    {
      "url": "/luketchang?tab=achievements",
      "text": "Achievements"
    },
    {
      "url": "/luketchang?achievement=pair-extraordinaire&tab=achievements",
      "text": "x2"
    },
    {
      "url": "/luketchang?achievement=yolo&tab=achievements",
      "text": ""
    },
    {
      "url": "/luketchang?achievement=quickdraw&tab=achievements",
      "text": ""
    },
    {
      "url": "/luketchang?achievement=pull-shark&tab=achievements",
      "text": "x3"
    },
    {
      "url": "/luketchang?achievement=arctic-code-vault-contributor&tab=achievements",
      "text": ""
    },
    {
      "url": "https://docs.github.com/articles/blocking-a-user-from-your-personal-account",
      "text": "blocking users"
    },
    {
      "url": "https://docs.github.com/articles/reporting-abuse-or-spam",
      "text": "reporting abuse"
    },
    {
      "url": "/contact/report-abuse?report=luketchang+%28user%29",
      "text": "Report abuse"
    },
    {
      "url": "/luketchang",
      "text": "Overview"
    },
    {
      "url": "/luketchang?tab=repositories",
      "text": "Repositories"
    },
    {
      "url": "/luketchang?tab=projects",
      "text": "Projects"
    },
    {
      "url": "/luketchang?tab=packages",
      "text": "Packages"
    },
    {
      "url": "/luketchang?tab=stars",
      "text": "Stars"
    },
    {
      "url": "/nomad-xyz/rust",
      "text": "nomad-xyz/rust"
    },
    {
      "url": "/nomad-xyz/rust/stargazers",
      "text": "56"
    },
    {
      "url": "/nomad-xyz/rust/forks",
      "text": "20"
    },
    {
      "url": "/nocturne-xyz/protocol",
      "text": "nocturne-xyz/protocol"
    },
    {
      "url": "/nocturne-xyz/protocol/stargazers",
      "text": "76"
    },
    {
      "url": "/nocturne-xyz/protocol/forks",
      "text": "63"
    },
    {
      "url": "/luketchang/go-map-reduce",
      "text": "go-map-reduce"
    },
    {
      "url": "/luketchang/go-map-reduce/stargazers",
      "text": "2"
    },
    {
      "url": "/luketchang/efficient-reranker",
      "text": "efficient-reranker"
    },
    {
      "url": "/luketchang/ethers-rs",
      "text": "ethers-rs"
    },
    {
      "url": "/gakonst/ethers-rs",
      "text": "gakonst/ethers-rs"
    },
    {
      "url": "/luketchang/gpt-2-small",
      "text": "gpt-2-small"
    },
    {
      "url": "https://www.githubstatus.com/",
      "text": "GitHub status page"
    },
    {
      "url": "/contact",
      "text": "contact support"
    }
  ],
  "images": [
    {
      "src": "https://avatars.githubusercontent.com/u/32170738?s=64&v=4",
      "alt": "@luketchang"
    },
    {
      "src": "https://avatars.githubusercontent.com/u/32170738?s=64&v=4",
      "alt": "@luketchang"
    },
    {
      "src": "https://avatars.githubusercontent.com/u/32170738?v=4",
      "alt": "View luketchang's full-sized avatar"
    },
    {
      "src": "https://github.githubassets.com/assets/pair-extraordinaire-default-579438a20e01.png",
      "alt": "Achievement: Pair Extraordinaire"
    },
    {
      "src": "https://github.githubassets.com/assets/yolo-default-be0bbff04951.png",
      "alt": "Achievement: YOLO"
    },
    {
      "src": "https://github.githubassets.com/assets/quickdraw-default-39c6aec8ff89.png",
      "alt": "Achievement: Quickdraw"
    },
    {
      "src": "https://github.githubassets.com/assets/pull-shark-default-498c279a747d.png",
      "alt": "Achievement: Pull Shark"
    },
    {
      "src": "https://github.githubassets.com/assets/arctic-code-vault-contributor-default-df8d74122a06.png",
      "alt": "Achievement: Arctic Code Vault Contributor"
    },
    {
      "src": "https://github.githubassets.com/assets/pair-extraordinaire-default-579438a20e01.png",
      "alt": "Achievement: Pair Extraordinaire"
    },
    {
      "src": "https://github.githubassets.com/assets/yolo-default-be0bbff04951.png",
      "alt": "Achievement: YOLO"
    },
    {
      "src": "https://github.githubassets.com/assets/quickdraw-default-39c6aec8ff89.png",
      "alt": "Achievement: Quickdraw"
    },
    {
      "src": "https://github.githubassets.com/assets/pull-shark-default-498c279a747d.png",
      "alt": "Achievement: Pull Shark"
    },
    {
      "src": "https://github.githubassets.com/assets/arctic-code-vault-contributor-default-df8d74122a06.png",
      "alt": "Achievement: Arctic Code Vault Contributor"
    }
  ]
}