{
  "title": "Eta Kappa Nu (HKN), Mu Chapter",
  "meta_description": "",
  "main_content": "HKN Officers, Spring 2025 Previous Semester | Next Semester Execs President (pres@hkn) Tanish Baranwal b.tanish@hkn External Vice President (evp@hkn) Eric Ho ericho@hkn Internal Vice President (ivp@hkn) Jonah Tharakan jonahmt@hkn Recording Secretary (rsec@hkn) Sungwoong Ha sungwoongha@hkn Corresponding Secretary (csec@hkn) Wolfgang Edholm wolfedholm@hkn Treasurer (treas@hkn) Jathin Korrapati jkorr@hkn Department Relations (deprel@hkn) Mishty Dhekial mdhekial@hkn Committees Activities (act@hkn) Ashwin Bardhwaj ashwinb@hkn Officer Pravin Rajah pravinrajah@hkn Officer Rahul Shah rahulshah@hkn Officer Robert Zhang robertrzhang@hkn Officer Jaansi Parsa jaansi@hkn Assistant Officer Bridge (bridge@hkn) Sriya Kalyan sriyakalyan@hkn Officer Nithid Veravit nithid@hkn Officer Jade Chen jadec@hkn Assistant Officer Computing Services (compserv@hkn) Jonah Bedouch jonahbedouch@hkn Officer Jermaine Lei jermainelei@hkn Officer Alexander Proshkin pro@hkn Officer Ryan Trinh rtrinh@hkn Officer Jeffrey Tong jeffrey.w.tong@hkn Assistant Officer Cody Wang ydoc_cr@hkn Assistant Officer Decal (decal@hkn) Varun Bharadwaj varunbharadwaj@hkn Officer Sneha Muppalla smuppalla@hkn Officer Simon Starbuck starbuck@hkn Officer Zachary McMullan zachary.mcmullan@hkn.eecs.berkeley.edu@hkn Assistant Officer Isak Traustason IsakT@hkn Assistant Officer Industrial Relations (indrel@hkn) Arjun Banerjee abaner@hkn Officer Subhash Prasad subhashprasad@hkn Officer Kourosh Salahi Kourosh@hkn Officer Aaron Zheng aaronz@hkn Officer Jason Lee jason_lee@hkn Assistant Officer Vihaan Mathur vihaanm@hkn Assistant Officer Professional Development (prodev@hkn) Dhruv Agarwal dhruvagarwal@hkn Officer Ishir Garg ishirgarg@hkn Officer Pranav Perumandla pranav.perumandla@hkn Officer Neil Tendolkar n10dollar@hkn Officer Yash Aggarwal yash@hkn Assistant Officer Divij Muthu divij_muthu@hkn Assistant Officer Yajat Yadav yajatyadav@hkn Assistant Officer Service (serv@hkn) Aditi Jain aditijain@hkn Officer Apollo Loh apollo@hkn Officer Skylar Qian skylarq@hkn Officer Aarav Singh Aarav Singh@hkn Officer Jaewon Hur jwhur@hkn Assistant Officer Nyx Iskandar nyx@hkn Assistant Officer Kabir Shah kabir@hkn Assistant Officer Student Relations (studrel@hkn) Ethan Lau lauethan@hkn Officer Ryan Lee rylee@hkn Officer Max Phillips maxphillips@hkn Officer Nidhya Shivakumar nidhya@hkn Officer Kyle Huo kylehuo@hkn Assistant Officer Pratyay Pandey pratyay@hkn Assistant Officer Anokhi Shah anokhi@hkn Assistant Officer Tutoring (tutoring@hkn) Courtney Langdon colangdon@hkn Officer Jameson Liu jamesonliu@hkn Officer Marco Monfiglio marco.w.monfiglio@hkn Officer Andrew Song andrewsong@hkn Officer Abein Abraham abein@hkn Assistant Officer Kinjal Govil kinjal_govil@hkn Assistant Officer Anish Shrestha anishs@hkn Assistant Officer To send an email, fill out the full domain name (hkn \u2192 hkn.eecs.berkeley.edu)",
  "links": [
    {
      "url": "/login",
      "text": "Log In"
    },
    {
      "url": "/register",
      "text": "Register"
    },
    {
      "url": "/tutor/",
      "text": "Tutoring Hours"
    },
    {
      "url": "/tutor/calendar",
      "text": "Review Sessions"
    },
    {
      "url": "/exams/",
      "text": "Exam Archive"
    },
    {
      "url": "/coursesurveys",
      "text": "Course Surveys"
    },
    {
      "url": "/courseguides",
      "text": "Course Guide"
    },
    {
      "url": "/dept_tour",
      "text": "Department Tours"
    },
    {
      "url": "/indrel",
      "text": "Why HKN?"
    },
    {
      "url": "/indrel/resume-books",
      "text": "Resume Books"
    },
    {
      "url": "/indrel/infosessions",
      "text": "Infosessions"
    },
    {
      "url": "/indrel/career-fair",
      "text": "Career Fair"
    },
    {
      "url": "/indrel/contact-us",
      "text": "Contact Us"
    },
    {
      "url": "/events/calendar",
      "text": "Events Calendar"
    },
    {
      "url": "/events/future",
      "text": "Upcoming Events"
    },
    {
      "url": "/events/past",
      "text": "Past Events"
    },
    {
      "url": "/service",
      "text": "Service"
    },
    {
      "url": "/service/junioreecsday",
      "text": "Junior EECS Day"
    },
    {
      "url": "/service/makerworkshops",
      "text": "Maker Workshops"
    },
    {
      "url": "/service/eecsday",
      "text": "EECS Day"
    },
    {
      "url": "/service/bearhacks",
      "text": "Bearhacks"
    },
    {
      "url": "/service/caldayworkshops",
      "text": "Cal Day Workshops"
    },
    {
      "url": "/alumnis/new",
      "text": "Alumni Contact Information"
    },
    {
      "url": "/about/contact/",
      "text": "Contact Information"
    },
    {
      "url": "https://www.flickr.com/photos/berkeley_hkn/",
      "text": "Photo Gallery"
    },
    {
      "url": "/about/yearbook/",
      "text": "Yearbooks"
    },
    {
      "url": "/about/slideshow/",
      "text": "Slideshows"
    },
    {
      "url": "/about/officers",
      "text": "Current Officers"
    },
    {
      "url": "/about/cmembers",
      "text": "Current Committee Members"
    },
    {
      "url": "/",
      "text": ""
    },
    {
      "url": "/tutor/",
      "text": "Tutoring Hours"
    },
    {
      "url": "/tutor/calendar",
      "text": "Review Sessions"
    },
    {
      "url": "/exams/",
      "text": "Exam Archive"
    },
    {
      "url": "/coursesurveys",
      "text": "Course Surveys"
    },
    {
      "url": "/courseguides",
      "text": "Course Guide"
    },
    {
      "url": "/dept_tour",
      "text": "Department Tours"
    },
    {
      "url": "/indrel",
      "text": "Why HKN?"
    },
    {
      "url": "/indrel/resume-books",
      "text": "Resume Books"
    },
    {
      "url": "/indrel/infosessions",
      "text": "Infosessions"
    },
    {
      "url": "/indrel/career-fair",
      "text": "Career Fair"
    },
    {
      "url": "/indrel/contact-us",
      "text": "Contact Us"
    },
    {
      "url": "/events/calendar",
      "text": "Events Calendar"
    },
    {
      "url": "/events/future",
      "text": "Upcoming Events"
    },
    {
      "url": "/events/past",
      "text": "Past Events"
    },
    {
      "url": "/service",
      "text": "Service"
    },
    {
      "url": "/service/junioreecsday",
      "text": "Junior EECS Day"
    },
    {
      "url": "/service/makerworkshops",
      "text": "Maker Workshops"
    },
    {
      "url": "/service/eecsday",
      "text": "EECS Day"
    },
    {
      "url": "/service/bearhacks",
      "text": "Bearhacks"
    },
    {
      "url": "/service/caldayworkshops",
      "text": "Cal Day Workshops"
    },
    {
      "url": "/alumnis/new",
      "text": "Alumni Contact Information"
    },
    {
      "url": "/about/contact/",
      "text": "Contact Information"
    },
    {
      "url": "https://www.flickr.com/photos/berkeley_hkn/",
      "text": "Photo Gallery"
    },
    {
      "url": "/about/yearbook/",
      "text": "Yearbooks"
    },
    {
      "url": "/about/slideshow/",
      "text": "Slideshows"
    },
    {
      "url": "/about/officers",
      "text": "Current Officers"
    },
    {
      "url": "/about/cmembers",
      "text": "Current Committee Members"
    },
    {
      "url": "/about/officers/20243",
      "text": "Previous Semester"
    },
    {
      "url": "/about/officers/20253",
      "text": "Next Semester"
    },
    {
      "url": "https://hkn.eecs.berkeley.edu/",
      "text": "HOME"
    },
    {
      "url": "/about/contact/",
      "text": "CONTACT"
    }
  ],
  "images": [
    {
      "src": "/assets/hkn_logo-18c8c978b4a2a023ded5f5bd60133af10734ced26402bc37ed239a9a18e9c017.png",
      "alt": "Eta Kappa Nu, Mu Chapter"
    },
    {
      "src": "/pictures/b.tanish.png",
      "alt": "B.tanish"
    },
    {
      "src": "/pictures/ericho.png",
      "alt": "Ericho"
    },
    {
      "src": "/pictures/jonahmt.png",
      "alt": "Jonahmt"
    },
    {
      "src": "/pictures/wolfedholm.png",
      "alt": "Wolfedholm"
    },
    {
      "src": "/pictures/jkorr.png",
      "alt": "Jkorr"
    },
    {
      "src": "/pictures/mdhekial.png",
      "alt": "Mdhekial"
    },
    {
      "src": "/pictures/ashwinb.png",
      "alt": "Ashwinb"
    },
    {
      "src": "/pictures/pravinrajah.png",
      "alt": "Pravinrajah"
    },
    {
      "src": "/pictures/rahulshah.png",
      "alt": "Rahulshah"
    },
    {
      "src": "/pictures/robertrzhang.png",
      "alt": "Robertrzhang"
    },
    {
      "src": "/pictures/sriyakalyan.png",
      "alt": "Sriyakalyan"
    },
    {
      "src": "/pictures/nithid.png",
      "alt": "Nithid"
    },
    {
      "src": "/pictures/jadec.png",
      "alt": "Jadec"
    },
    {
      "src": "/pictures/jonahbedouch.png",
      "alt": "Jonahbedouch"
    },
    {
      "src": "/pictures/jermainelei.png",
      "alt": "Jermainelei"
    },
    {
      "src": "/pictures/pro.png",
      "alt": "Pro"
    },
    {
      "src": "/pictures/rtrinh.png",
      "alt": "Rtrinh"
    },
    {
      "src": "/pictures/jeffrey.w.tong.png",
      "alt": "Jeffrey.w.tong"
    },
    {
      "src": "/pictures/ydoc_cr.png",
      "alt": "Ydoc cr"
    },
    {
      "src": "/pictures/varunbharadwaj.png",
      "alt": "Varunbharadwaj"
    },
    {
      "src": "/pictures/smuppalla.png",
      "alt": "Smuppalla"
    },
    {
      "src": "/pictures/starbuck.png",
      "alt": "Starbuck"
    },
    {
      "src": "/pictures/zachary.mcmullan@hkn.eecs.berkeley.edu.png",
      "alt": "Zachary.mcmullan@hkn.eecs.berkeley.edu"
    },
    {
      "src": "/pictures/IsakT.png",
      "alt": "Isakt"
    },
    {
      "src": "/pictures/subhashprasad.png",
      "alt": "Subhashprasad"
    },
    {
      "src": "/pictures/Kourosh.png",
      "alt": "Kourosh"
    },
    {
      "src": "/pictures/aaronz.png",
      "alt": "Aaronz"
    },
    {
      "src": "/pictures/vihaanm.png",
      "alt": "Vihaanm"
    },
    {
      "src": "/pictures/dhruvagarwal.png",
      "alt": "Dhruvagarwal"
    },
    {
      "src": "/pictures/ishirgarg.png",
      "alt": "Ishirgarg"
    },
    {
      "src": "/pictures/n10dollar.png",
      "alt": "N10dollar"
    },
    {
      "src": "/pictures/divij_muthu.png",
      "alt": "Divij muthu"
    },
    {
      "src": "/pictures/aditijain.png",
      "alt": "Aditijain"
    },
    {
      "src": "/pictures/skylarq.png",
      "alt": "Skylarq"
    },
    {
      "src": "/pictures/Aarav Singh.png",
      "alt": "Aarav singh"
    },
    {
      "src": "/pictures/nyx.png",
      "alt": "Nyx"
    },
    {
      "src": "/pictures/lauethan.png",
      "alt": "Lauethan"
    },
    {
      "src": "/pictures/rylee.png",
      "alt": "Rylee"
    },
    {
      "src": "/pictures/maxphillips.png",
      "alt": "Maxphillips"
    },
    {
      "src": "/pictures/nidhya.png",
      "alt": "Nidhya"
    },
    {
      "src": "/pictures/kylehuo.png",
      "alt": "Kylehuo"
    },
    {
      "src": "/pictures/pratyay.png",
      "alt": "Pratyay"
    },
    {
      "src": "/pictures/anokhi.png",
      "alt": "Anokhi"
    },
    {
      "src": "/pictures/jamesonliu.png",
      "alt": "Jamesonliu"
    },
    {
      "src": "/pictures/marco.w.monfiglio.png",
      "alt": "Marco.w.monfiglio"
    },
    {
      "src": "/pictures/andrewsong.png",
      "alt": "Andrewsong"
    },
    {
      "src": "/pictures/abein.png",
      "alt": "Abein"
    },
    {
      "src": "/pictures/kinjal_govil.png",
      "alt": "Kinjal govil"
    },
    {
      "src": "/pictures/anishs.png",
      "alt": "Anishs"
    }
  ]
}