[
  {
    "fullName": "Alex Fan",
    "linkedin_internal_id": "778224423",
    "first_name": "Alex",
    "last_name": "Fan",
    "public_identifier": "htfan",
    "background_cover_image_url": "https://static.licdn.com/aero-v1/sc/h/5q92mjc5c51bjlwaj3rs9aa82",
    "profile_photo": "https://media.licdn.com/dms/image/v2/D4E03AQE4T-2Dko6RAg/profile-displayphoto-shrink_200_200/profile-displayphoto-shrink_200_200/0/1695314259263?e=2147483647&v=beta&t=IgEGNwDRv-Ez-CRexnJRbCbHlGgUVDvdV5CkpGAjwgo",
    "headline": "AI @ MIT | USACO Finalist '21 & '22",
    "location": "664 followers\n          \n          \n              500+ connections",
    "about": "",
    "experience": [
      {
        "position": "Research Engineer",
        "company_url": "https://www.linkedin.com/company/pika-labs?trk=public_profile_experience-item_profile-section-card_subtitle-click",
        "company_image": "https://media.licdn.com/dms/image/v2/D560BAQEdrQHJAUpGAg/company-logo_100_100/company-logo_100_100/0/1701174300609/pika_labs_logo?e=2147483647&v=beta&t=PgYbNhKnMijeT-_KflA4pmO5f0-8phlyKMh47FIvwY4",
        "company_name": "Pika",
        "location": "San Francisco Bay Area",
        "summary": "Solving engineering/research tasks related to generative video/image models and data curation.",
        "starts_at": "May 2024",
        "ends_at": "Aug 2024",
        "duration": "4 months"
      }
    ],
    "education": [
      {
        "college_url": "https://www.linkedin.com/school/mit/?trk=public_profile_school_profile-section-card_image-click",
        "college_name": "Massachusetts Institute of Technology",
        "college_image": "https://media.licdn.com/dms/image/v2/D560BAQH-UXRfIDIKug/company-logo_100_100/company-logo_100_100/0/1689799729035/mit_logo?e=2147483647&v=beta&t=2BcyEkKb9m86JDvxtNLfDVfyept76unhOFNf5Wt_Vp4",
        "college_degree": "Bachelor's degree",
        "college_degree_field": "Mathematics and Computer Science",
        "college_duration": "2023 - 2026",
        "college_activity": "Selected Course: 6.7900: Graduate-level Machine Learning, 6.5210: Graduate-level Advanced Algorithms, 6.8301: Advances in Computer Vision, 6.3800: Introduction to Inference, 18.701: Abstract Algebra I, 6.191: Computation Structures, 9.66: Computational Cognitive Science"
      },
      {
        "college_url": "https://www.linkedin.com/school/lexington-high-school-mass/?trk=public_profile_school_profile-section-card_image-click",
        "college_name": "Lexington High School",
        "college_image": "https://media.licdn.com/dms/image/v2/D4E0BAQFv1I4dWQkfog/company-logo_100_100/company-logo_100_100/0/1684429023902?e=2147483647&v=beta&t=365K-_-zi7nU9J1ps7wA4y4LNt2nn0RuYM91yqYCAhU",
        "college_degree": "High School Diploma",
        "college_degree_field": null,
        "college_duration": "2019 - 2023",
        "college_activity": ""
      }
    ],
    "articles": [],
    "description": {
      "description1": "Pika",
      "description1_link": "https://www.linkedin.com/company/pika-labs?trk=public_profile_topcard-current-company",
      "description2": "Massachusetts Institute of Technology",
      "description2_link": "https://www.linkedin.com/school/mit/?trk=public_profile_topcard-school",
      "description3": "Personal Website",
      "description3_link": "https://www.linkedin.com/redir/redirect?url=https%3A%2F%2Fcodetiger%2Eme&urlhash=-rM5&trk=public_profile_topcard-website"
    },
    "activities": [
      {
        "link": "https://www.linkedin.com/posts/jay-bhandari-profile_had-a-blast-working-alongside-sudhanshu-nath-activity-7230220856709320704-6_SO",
        "image": "https://static.licdn.com/aero-v1/sc/h/53n89ecoxpr1qrki1do3alazb",
        "title": "Had a blast working alongside Sudhanshu Nath Mishra to bring together the HBS AI community in the Bay Area. Big thank you to the Kleiner Perkins team\u2026",
        "activity": "Liked by Alex Fan"
      },
      {
        "link": "https://www.linkedin.com/posts/pika-raises-80m-so-anyone-can-make-video-activity-7204257809536880642-hKbz",
        "image": "https://media.licdn.com/dms/image/v2/D4E22AQGxgOMGvqp8GA/feedshare-shrink_800/feedshare-shrink_800/0/1717628553639?e=2147483647&v=beta&t=MkwOfs3MN6ESVu4x42h-o_DflwHEuZzKyr9pJHV1Jds",
        "title": "\ud83c\udf89 Big News! \ud83c\udf89\n\nWe're beyond excited to announce our latest 80M fundraising round! This is a huge step for us, and we couldn't have done it without\u2026",
        "activity": "Liked by Alex Fan"
      },
      {
        "link": "https://www.linkedin.com/posts/pika-labs_pika-raises-80m-so-anyone-can-make-video-activity-7204256477832753153-qPYp",
        "image": "https://media.licdn.com/dms/image/v2/D4E22AQGxgOMGvqp8GA/feedshare-shrink_800/feedshare-shrink_800/0/1717628553639?e=2147483647&v=beta&t=MkwOfs3MN6ESVu4x42h-o_DflwHEuZzKyr9pJHV1Jds",
        "title": "We\u2019re thrilled to announce that we\u2019ve closed an $80M Series B, led by Spark Capital. It\u2019s only been a year since we embarked on this wild journey\u2026",
        "activity": "Liked by Alex Fan"
      },
      {
        "link": "https://www.linkedin.com/posts/michael-cao-a16260143_i-am-excited-to-announce-that-i-will-be-joining-activity-7181415743815655424-8U3f",
        "image": "https://media.licdn.com/dms/image/v2/D5622AQH0Vt5vXsPB0Q/feedshare-shrink_2048_1536/feedshare-shrink_2048_1536/0/1712182852259?e=2147483647&v=beta&t=2Bv3WErDXg5ZhumWG4S-8Di3vZQhOF4QBkEH8dTKsY4",
        "title": "I am excited to announce that I will be joining Amazon this summer as a Software Development Engineering Intern in Seattle! A special thank you to\u2026",
        "activity": "Liked by Alex Fan"
      },
      {
        "link": "https://www.linkedin.com/posts/jonathanlei0_cloud-cpus-80-cheaper-activity-7152780738604548098-cMsy",
        "image": "https://media.licdn.com/dms/image/sync/v2/D4D27AQF7JxViwgEBRg/articleshare-shrink_800/articleshare-shrink_800/0/1711511521265?e=2147483647&v=beta&t=1wdR2f7eBGaWmlhZ6fUSqT3Opa19h_fdrOZRPgVwDHY",
        "title": "\ud83d\udea8We just launched a CPU-only cloud atop 100+ nodes with 6000 CPU cores, 24 TB of RAM, and half a petabyte of NVMe SSD storage!\ud83d\udea8\n\nWhenever we build\u2026",
        "activity": "Liked by Alex Fan"
      },
      {
        "link": "https://www.linkedin.com/posts/michelle-chen-263689291_contestmits-premierin-person-competitive-activity-7148775413882773504-29gm",
        "image": "https://media.licdn.com/dms/image/v2/D5622AQFC8QdDkRd87g/feedshare-shrink_2048_1536/feedshare-shrink_2048_1536/0/1704400875220?e=2147483647&v=beta&t=3RCP-Feq-PiGiulWOY5GlQ28bznvcFIrALFZL3Q0_S4",
        "title": "Contest.\u00a0MIT's Premier\u00a0In-Person Competitive\u00a0Programming Tournament.\u00a0CONTEST\u00a0DATE: January 20th, 2024. REGISTER NOW!",
        "activity": "Liked by Alex Fan"
      },
      {
        "link": "https://www.linkedin.com/posts/nathan-chen-65a25516b_i-am-enthused-to-announce-that-i-have-earned-activity-7146984276834623488-YehY",
        "image": "https://media.licdn.com/dms/image/v2/D4E22AQGHxrQkEHPZeQ/feedshare-shrink_2048_1536/feedshare-shrink_2048_1536/0/1703973835133?e=2147483647&v=beta&t=YZk0f-cQ050kVgEZwcWmKyj4PecH0dfqLmUN_8Ww2yE",
        "title": "I am enthused to announce that I have earned the status of Signature patron at Chick-fil-A for the new year! Over the last several years I have had\u2026",
        "activity": "Liked by Alex Fan"
      },
      {
        "link": "https://www.linkedin.com/posts/mit_using-ai-scientists-find-a-drug-that-could-activity-7067863257167876097-TqgN",
        "image": "https://media.licdn.com/dms/image/v2/D4E34AQGqAIoTY0fnBQ/ugc-proxy-shrink_1280_800/ugc-proxy-shrink_1280_800/0/1685109915338?e=2147483647&v=beta&t=62baCa7tHNnEFjjBVb8x1Y23s8vwgzeHJLLYTKE-yHY",
        "title": "Using AI to sift through thousands of compounds, researchers have identified a new antibiotic drug that kills Acinetobacter baumannii. The microbe is\u2026",
        "activity": "Liked by Alex Fan"
      },
      {
        "link": "https://www.linkedin.com/posts/mit_mark-rober-tells-mit-graduates-to-throw-themselves-activity-7070390096557928448-3D4H",
        "image": "https://media.licdn.com/dms/image/v2/D4E34AQFIxt7KsXT69Q/ugc-proxy-shrink_1280_800/ugc-proxy-shrink_1280_800/0/1685712361472?e=2147483647&v=beta&t=sYFRgBYkIjQrD4CeXG4QrRhTIsxw56MHm5v15n3XDag",
        "title": "After his 2023 Commencement address, Mark Rober affixed his mortarboard to a drone and sent it soaring over the Great Dome. His remarks and grand\u2026",
        "activity": "Liked by Alex Fan"
      }
    ],
    "volunteering": [],
    "certification": [],
    "people_also_viewed": [
      {
        "link": "https://www.linkedin.com/in/janine-simone-3406ab28?trk=public_profile_browsemap-profile",
        "name": "Janine Simone",
        "summary": "",
        "location": "Greater Philadelphia"
      },
      {
        "link": "https://www.linkedin.com/in/stevendkeyes?trk=public_profile_browsemap-profile",
        "name": "Steven Keyes",
        "summary": "",
        "location": "Princeton, NJ"
      },
      {
        "link": "https://www.linkedin.com/in/tiffanibova?trk=public_profile_browsemap-profile",
        "name": "Tiffani Bova",
        "summary": "",
        "location": "Los Angeles, CA"
      },
      {
        "link": "https://www.linkedin.com/in/landonallen?trk=public_profile_browsemap-profile",
        "name": "Landon Allen",
        "summary": "",
        "location": "Santa Clara, CA"
      },
      {
        "link": "https://www.linkedin.com/in/tyler-wilson-698aa528?trk=public_profile_browsemap-profile",
        "name": "Tyler Wilson",
        "summary": "",
        "location": "San Jose, CA"
      },
      {
        "link": "https://www.linkedin.com/in/kristopher-davis-b9553229?trk=public_profile_browsemap-profile",
        "name": "Kristopher Davis",
        "summary": "",
        "location": "Toms River, NJ"
      },
      {
        "link": "https://www.linkedin.com/in/geiger?trk=public_profile_browsemap-profile",
        "name": "Mark Geiger",
        "summary": "",
        "location": "Atlanta, GA"
      },
      {
        "link": "https://www.linkedin.com/in/tonyhemminger?trk=public_profile_browsemap-profile",
        "name": "Tony Hemminger, CCIM",
        "summary": "",
        "location": "Englewood, CO"
      },
      {
        "link": "https://www.linkedin.com/in/alton-wilson-ms-mba-pmq-racr-sphr-shrm-scp-78585a28?trk=public_profile_browsemap-profile",
        "name": "Alton Wilson, MS, MBA, PMQ, RACR,  SPHR , SHRM-SCP",
        "summary": "",
        "location": "Bronx, NY"
      },
      {
        "link": "https://www.linkedin.com/in/richgarboski?trk=public_profile_browsemap-profile",
        "name": "Rich Garboski",
        "summary": "",
        "location": "New York, NY"
      },
      {
        "link": "https://in.linkedin.com/in/shivam-phutela?trk=public_profile_browsemap-profile",
        "name": "Shivam Phutela",
        "summary": "",
        "location": "Delhi, India"
      },
      {
        "link": "https://www.linkedin.com/in/adam-raab-33669528?trk=public_profile_browsemap-profile",
        "name": "Adam Raab",
        "summary": "",
        "location": "Scottsdale, AZ"
      },
      {
        "link": "https://www.linkedin.com/in/scott-kuhlman-mba-5843603?trk=public_profile_browsemap-profile",
        "name": "Scott Kuhlman, MBA",
        "summary": "",
        "location": "Asheville, NC"
      },
      {
        "link": "https://www.linkedin.com/in/michaelscranton?trk=public_profile_browsemap-profile",
        "name": "Michael Scranton",
        "summary": "",
        "location": "Miami, FL"
      },
      {
        "link": "https://www.linkedin.com/in/shdrake?trk=public_profile_browsemap-profile",
        "name": "Stephanie H. Nelson, MBA, CMC",
        "summary": "",
        "location": "Denver Metropolitan Area"
      },
      {
        "link": "https://www.linkedin.com/in/patrickwilsonrealestate?trk=public_profile_browsemap-profile",
        "name": "Patrick Wilson",
        "summary": "",
        "location": "Destin, FL"
      },
      {
        "link": "https://www.linkedin.com/in/bernie-o-sullivan-pe-64610729?trk=public_profile_browsemap-profile",
        "name": "Bernie O'Sullivan, PE",
        "summary": "",
        "location": "Las Vegas, NV"
      },
      {
        "link": "https://www.linkedin.com/in/vishnath?trk=public_profile_browsemap-profile",
        "name": "Vish Nath",
        "summary": "",
        "location": "Buford, GA"
      },
      {
        "link": "https://www.linkedin.com/in/jason-clark-21938a29?trk=public_profile_browsemap-profile",
        "name": "Jason Clark",
        "summary": "",
        "location": "Lehi, UT"
      }
    ],
    "similar_profiles": [
      {
        "link": "https://www.linkedin.com/in/alexyfan?trk=public_profile_samename-profile",
        "name": "Alex Fan",
        "summary": "HR Business Partner @ Intel",
        "location": "Hillsboro, OR"
      },
      {
        "link": "https://www.linkedin.com/in/alex-fan-?trk=public_profile_samename-profile",
        "name": "Alex Fan",
        "summary": "MS in Business Analytics Student at Pepperdine University | Aspiring Data Scientist & Business Analyst",
        "location": "Orange County, CA"
      },
      {
        "link": "https://www.linkedin.com/in/alexanderfan?trk=public_profile_samename-profile",
        "name": "Alex Fan",
        "summary": "Technology Strategist | Data Specialist | Servant Leader",
        "location": "Dallas, TX"
      },
      {
        "link": "https://www.linkedin.com/in/alexfan33?trk=public_profile_samename-profile",
        "name": "Alex Fan",
        "summary": "",
        "location": "Daly City, CA"
      },
      {
        "link": "https://www.linkedin.com/in/fanalex?trk=public_profile_samename-profile",
        "name": "Alex Fan",
        "summary": "",
        "location": "Irvine, CA"
      }
    ],
    "recommendations": [],
    "publications": [],
    "courses": [],
    "languages": [],
    "organizations": [],
    "projects": [],
    "awards": [],
    "score": []
  }
]