{
  "title": "Browse Stanford University | Stanford Profiles",
  "meta_description": "",
  "main_content": "View Stanford-only Results Stanford University Showing 43,001-43,000 of 39,848 Results First Previous 431/399 Next Last 100 Results / Page 100 / Page Change 10 20 50 100 Show Only All Profiles Faculty, Research and Teaching Staff Staff Postdocs Graduate Students Last Name A B C D E F G H I J K L M N O P Q R S T U V W X Y Z Stanford University Graduate School of Education Independent Labs, Institutes, and Centers (Dean of Research) Office of Vice President for Business Affairs and Chief Financial Officer Office of VP for University Human Resources School of Engineering School of Humanities and Sciences School of Medicine SLAC National Accelerator Laboratory Stanford Doerr School of Sustainability Stanford University Libraries Vice Provost and Dean of Research Vice Provost for Student Affairs Vice Provost for Teaching and Learning Vice Provost for Undergraduate Education",
  "links": [
    {
      "url": "/intranet/browse/stanford?p=431&ps=100",
      "text": "View Stanford-only Results"
    },
    {
      "url": "/browse/stanford?p=1&ps=100",
      "text": "First"
    },
    {
      "url": "/browse/stanford?p=430&ps=100",
      "text": "Previous"
    },
    {
      "url": "/browse/stanford?p=4301&ps=10",
      "text": "10"
    },
    {
      "url": "/browse/stanford?p=2151&ps=20",
      "text": "20"
    },
    {
      "url": "/browse/stanford?p=861&ps=50",
      "text": "50"
    },
    {
      "url": "/browse/stanford?p=431&ps=100",
      "text": "100"
    },
    {
      "url": "/browse/stanford",
      "text": "All Profiles"
    },
    {
      "url": "/browse/stanford?affiliations=capFaculty",
      "text": "Faculty, Research and Teaching Staff"
    },
    {
      "url": "/browse/stanford?affiliations=capStaff",
      "text": "Staff"
    },
    {
      "url": "/browse/stanford?affiliations=capPostdoc",
      "text": "Postdocs"
    },
    {
      "url": "/browse/stanford?affiliations=capMdStudent,capMsStudent,capPhdStudent",
      "text": "Graduate Students"
    },
    {
      "url": "/browse/stanford",
      "text": "Last Name"
    },
    {
      "url": "/browse/stanford?name=a",
      "text": "A"
    },
    {
      "url": "/browse/stanford?name=b",
      "text": "B"
    },
    {
      "url": "/browse/stanford?name=c",
      "text": "C"
    },
    {
      "url": "/browse/stanford?name=d",
      "text": "D"
    },
    {
      "url": "/browse/stanford?name=e",
      "text": "E"
    },
    {
      "url": "/browse/stanford?name=f",
      "text": "F"
    },
    {
      "url": "/browse/stanford?name=g",
      "text": "G"
    },
    {
      "url": "/browse/stanford?name=h",
      "text": "H"
    },
    {
      "url": "/browse/stanford?name=i",
      "text": "I"
    },
    {
      "url": "/browse/stanford?name=j",
      "text": "J"
    },
    {
      "url": "/browse/stanford?name=k",
      "text": "K"
    },
    {
      "url": "/browse/stanford?name=l",
      "text": "L"
    },
    {
      "url": "/browse/stanford?name=m",
      "text": "M"
    },
    {
      "url": "/browse/stanford?name=n",
      "text": "N"
    },
    {
      "url": "/browse/stanford?name=o",
      "text": "O"
    },
    {
      "url": "/browse/stanford?name=p",
      "text": "P"
    },
    {
      "url": "/browse/stanford?name=q",
      "text": "Q"
    },
    {
      "url": "/browse/stanford?name=r",
      "text": "R"
    },
    {
      "url": "/browse/stanford?name=s",
      "text": "S"
    },
    {
      "url": "/browse/stanford?name=t",
      "text": "T"
    },
    {
      "url": "/browse/stanford?name=u",
      "text": "U"
    },
    {
      "url": "/browse/stanford?name=v",
      "text": "V"
    },
    {
      "url": "/browse/stanford?name=w",
      "text": "W"
    },
    {
      "url": "/browse/stanford?name=x",
      "text": "X"
    },
    {
      "url": "/browse/stanford?name=y",
      "text": "Y"
    },
    {
      "url": "/browse/stanford?name=z",
      "text": "Z"
    },
    {
      "url": "/browse/stanford",
      "text": "Stanford University"
    },
    {
      "url": "/browse/stanford?org=graduate-school-of-education",
      "text": "Graduate School of Education"
    },
    {
      "url": "/browse/stanford?org=independent-labs-institutes-and-centers-dean-of-research",
      "text": "Independent Labs, Institutes, and Centers (Dean of Research)"
    },
    {
      "url": "/browse/stanford?org=office-of-vice-president-for-business-affairs-and-chief-financial-officer",
      "text": "Office of Vice President for Business Affairs and Chief Financial Officer"
    },
    {
      "url": "/browse/stanford?org=office-of-vp-for-university-human-resources",
      "text": "Office of VP for University Human Resources"
    },
    {
      "url": "/browse/stanford?org=school-of-engineering",
      "text": "School of Engineering"
    },
    {
      "url": "/browse/stanford?org=school-of-humanities-and-sciences",
      "text": "School of Humanities and Sciences"
    },
    {
      "url": "/browse/stanford?org=school-of-medicine",
      "text": "School of Medicine"
    },
    {
      "url": "/browse/stanford?org=slac-national-accelerator-laboratory",
      "text": "SLAC National Accelerator Laboratory"
    },
    {
      "url": "/browse/stanford?org=stanford-doerr-school-of-sustainability",
      "text": "Stanford Doerr School of Sustainability"
    },
    {
      "url": "/browse/stanford?org=stanford-university-libraries",
      "text": "Stanford University Libraries"
    },
    {
      "url": "/browse/stanford?org=vice-provost-and-dean-of-research",
      "text": "Vice Provost and Dean of Research"
    },
    {
      "url": "/browse/stanford?org=vice-provost-for-student-affairs",
      "text": "Vice Provost for Student Affairs"
    },
    {
      "url": "/browse/stanford?org=vice-provost-for-teaching-and-learning",
      "text": "Vice Provost for Teaching and Learning"
    },
    {
      "url": "/browse/stanford?org=vice-provost-for-undergraduate-education",
      "text": "Vice Provost for Undergraduate Education"
    }
  ],
  "images": []
}