{
  "title": "Fengrui Zuo's Profile | Stanford Profiles",
  "meta_description": "Fengrui Zuo is part of Stanford Profiles, official site for faculty, postdocs, students and staff information (Expertise, Bio, Research, Publications, and more). The site facilitates research and collaboration in academic endeavors.",
  "main_content": "Fengrui Zuo Masters Student in Electrical Engineering, admitted Autumn 2023 Staff Engineer, SLAC National Accelerator Laboratory Print Profile Email Profile View Stanford-only Profile Tab Menu Bio Contact Academic fengrui@stanford.edu University - Student Department:&nbspElectrical Engineering Position: Graduate University - Staff Department:&nbspSLAC National Accelerator Laboratory Position: Staff Engineer 2575 Sand Hill Rd Mailstop 0094 Menlo Park, California 94025 Additional Info Mail Code: 94",
  "links": [
    {
      "url": "https://cap.stanford.edu/profiles/frdActionServlet?choiceId=printerprofile&profileversion=full&profileId=293595",
      "text": "Print Profile"
    },
    {
      "url": "mailto:?subject=Fengrui Zuo's Profile&body=I would like to share the profile of Fengrui Zuo with you. https://profiles.stanford.edu/fengrui-zuo",
      "text": "Email Profile"
    },
    {
      "url": "/intranet/fengrui-zuo",
      "text": "View Stanford-only Profile"
    },
    {
      "url": "/fengrui-zuo?tab=bio",
      "text": "Bio"
    },
    {
      "url": "mailto:fengrui@stanford.edu",
      "text": "fengrui@stanford.edu"
    }
  ],
  "images": []
}