[
  {
    "fullName": "Armaan Gupta",
    "linkedin_internal_id": "834617646",
    "first_name": "Armaan",
    "last_name": "Gupta",
    "public_identifier": "armaangupt",
    "background_cover_image_url": "https://media.licdn.com/dms/image/v2/D4E16AQGCFCJU0mYUJw/profile-displaybackgroundimage-shrink_200_800/profile-displaybackgroundimage-shrink_200_800/0/1727674774103?e=2147483647&v=beta&t=nvhg4OWAAqqr8uEpPO1NU5isujaYIJ7AM1OTgX0dRog",
    "profile_photo": "https://media.licdn.com/dms/image/v2/D4E03AQEbNPdqhQJsmg/profile-displayphoto-shrink_200_200/profile-displayphoto-shrink_200_200/0/1727674102340?e=2147483647&v=beta&t=F6sVTkS-DDwaChDVPeUalTERJh84gkr9k3-rOdSsoT4",
    "headline": "AI @ UPenn",
    "location": "623 followers\n          \n          \n              500+ connections",
    "about": "",
    "experience": [
      {
        "position": "Software Team Member",
        "company_url": "https://www.linkedin.com/company/penn-electric-racing?trk=public_profile_experience-item_profile-section-card_subtitle-click",
        "company_image": "https://media.licdn.com/dms/image/v2/C4E0BAQEp15jCfCYJhA/company-logo_100_100/company-logo_100_100/0/1631377576049/penn_electric_racing_logo?e=2147483647&v=beta&t=JUYuORqP7zZX6UgPUvs3z5Rbh5P9PEfHd33YfVy-OuA",
        "company_name": "Penn Electric Racing",
        "location": null,
        "summary": "",
        "starts_at": "Sep 2024",
        "ends_at": "Present",
        "duration": "7 months"
      },
      {
        "position": "President and Co-Founder",
        "company_url": "https://www.linkedin.com/company/little-mentors?trk=public_profile_experience-item_profile-section-card_subtitle-click",
        "company_image": "https://media.licdn.com/dms/image/v2/D4E0BAQFdChTvTOtEkg/company-logo_100_100/company-logo_100_100/0/1680355438133?e=2147483647&v=beta&t=T7MXatdtuFcadbBbU5uPZYTpTEDhqH24Y5bMbC6yJek",
        "company_name": "Little Mentors",
        "location": null,
        "summary": "\u2022 Hosted notable guests like Mark Cuban, Anne Wojcicki, and Amanda Zuckerman on Teddy Talks.\u2022 Directed conversations with industry leaders on Teddy Talks to inspire and educate today's youth.\u2022 Founded a 501(c)(3) organization focused on fostering constructive discourse through interpersonal exchange.",
        "starts_at": "Jun 2019",
        "ends_at": "Sep 2024",
        "duration": "5 years 4 months"
      },
      {
        "position": "Officer and Captain",
        "company_url": "https://www.linkedin.com/company/cherry-hill-high-school-east-robotics?trk=public_profile_experience-item_profile-section-card_subtitle-click",
        "company_image": "https://media.licdn.com/dms/image/v2/D4E0BAQEWIQOKF23tOA/company-logo_100_100/company-logo_100_100/0/1727670408516?e=2147483647&v=beta&t=J2MyfAezeVJajBql4PONkpv_zsli0293IDaLkg1zjWM",
        "company_name": "Cherry Hill High School East Robotics",
        "location": null,
        "summary": "\u2022 Ranked Top 25 out of 10,000 teams globally in skills\u2022 Developed a C++ library for trajectory generation using Quintic Bezi\u00e9r Splines and non-linear     feedback (RAMSETE) for optimized robotic motion control",
        "starts_at": "Sep 2021",
        "ends_at": "Jun 2024",
        "duration": "2 years 10 months"
      },
      {
        "position": "Intern",
        "company_url": "https://www.linkedin.com/company/ghostrobotics?trk=public_profile_experience-item_profile-section-card_subtitle-click",
        "company_image": "https://media.licdn.com/dms/image/v2/C4D0BAQHZBnN2-vMaTQ/company-logo_100_100/company-logo_100_100/0/1630573744291/ghostrobotics_logo?e=2147483647&v=beta&t=NNh1I4kYPgA8yx3E2L3qgYxzI6QDiQU8tNfVO1N43w0",
        "company_name": "Ghost Robotics",
        "location": "Philadelphia, Pennsylvania, United States",
        "summary": "\u2022 Analyzed control systems and gait mechanics to enhance the robots' stability, efficiency, and agility in dynamic environments.\u2022 Collaborated with engineers and researchers to refine robotic locomotion algorithms.\u2022 Gained hands-on experience with advanced robotics technologies and control frameworks.",
        "starts_at": "Jun 2023",
        "ends_at": "Sep 2023",
        "duration": "4 months"
      },
      {
        "position": "Founder and CEO",
        "company_url": "https://www.linkedin.com/company/apollo-app?trk=public_profile_experience-item_profile-section-card_subtitle-click",
        "company_image": "https://media.licdn.com/dms/image/v2/D4E0BAQEny_PU53ywwA/company-logo_100_100/company-logo_100_100/0/1727671959755?e=2147483647&v=beta&t=L-JaAHtaYQ58Au2Hcu5zXpYbbaffXLxYtT1608RZFbU",
        "company_name": "Apollo",
        "location": null,
        "summary": "\u2022 Designed and developed Apollo, a platform empowering youth entrepreneurship, using SwiftUI for a    seamless, scalable, and modern user interface.\u2022 Implemented Firebase as the backend to handle real-time data synchronization, user authentication,    and cloud-based storage, ensuring a reliable and efficient infrastructure.\u2022 Spearheaded a team of 5 developers, managing the project lifecycle from ideation to deployment,    focusing on agile methodologies to drive productivity and innovation.\u2022 Actively engaged with investors, presenting the app's value proposition, which culminated in winning    the Congressional App Challenge for 2023.\n            \n\n    \n    \n\n    \n        Show less",
        "starts_at": "Jun 2020",
        "ends_at": "Sep 2021",
        "duration": "1 year 4 months"
      }
    ],
    "education": [
      {
        "college_url": "https://www.linkedin.com/school/university-of-pennsylvania/?trk=public_profile_school_profile-section-card_image-click",
        "college_name": "University of Pennsylvania",
        "college_image": "https://media.licdn.com/dms/image/v2/C4E0BAQHnbnsnJlBiZg/company-logo_100_100/company-logo_100_100/0/1630601168515/university_of_pennsylvania_logo?e=2147483647&v=beta&t=9w3KaY6SppyKUjpXvRoCa4XIKJ0BftUsL17xWOsJx7s",
        "college_degree": "Bachelor of Science - BS",
        "college_degree_field": "Artificial Intelligence",
        "college_duration": "2024 - 2028",
        "college_activity": ""
      },
      {
        "college_url": "https://www.linkedin.com/school/cherry-hill-high-school-east/?trk=public_profile_school_profile-section-card_image-click",
        "college_name": "Cherry Hill High School East",
        "college_image": "https://media.licdn.com/dms/image/v2/C4E0BAQEBRNF_nO_l4A/company-logo_100_100/company-logo_100_100/0/1630563146038?e=2147483647&v=beta&t=J7-eeFh8_44Oy_ADckKUYPXyJcETqVIRLB-5jNNvX1Q",
        "college_degree": "High School Diploma",
        "college_degree_field": null,
        "college_duration": "2020 - 2024",
        "college_activity": ""
      }
    ],
    "articles": [],
    "description": {
      "description1": "Penn Electric Racing",
      "description1_link": "https://www.linkedin.com/company/penn-electric-racing?trk=public_profile_topcard-current-company",
      "description2": "University of Pennsylvania",
      "description2_link": "https://www.linkedin.com/school/university-of-pennsylvania/?trk=public_profile_topcard-school",
      "description3": ""
    },
    "activities": [
      {
        "link": "https://www.linkedin.com/posts/we-got-second-place-at-the-penn-blockchain-activity-7299473717082947584-Fse8",
        "image": "https://media.licdn.com/dms/image/v2/D4E22AQHXCePOwK20kA/feedshare-shrink_800/B4EZUzwp.YH0Ak-/0/1740330149881?e=2147483647&v=beta&t=GoNJ08v6PlQmyyIcD77pbeoL76En6KRiD_3NTHzBYXQ",
        "title": "We got \ud83e\udd48 second place at the Penn Blockchain Hackathon in the Best Base Consumer App track!\n\nOver the past week, my teammates Keya Aggarwal\u2026",
        "activity": "Liked by Armaan Gupta"
      }
    ],
    "volunteering": [],
    "certification": [],
    "people_also_viewed": [],
    "similar_profiles": [
      {
        "link": "https://www.linkedin.com/in/armaan-gupta-nyu?trk=public_profile_samename-profile",
        "name": "Armaan Gupta",
        "summary": "",
        "location": "New York, NY"
      },
      {
        "link": "https://www.linkedin.com/in/armaangupta57?trk=public_profile_samename-profile",
        "name": "Armaan Gupta",
        "summary": "Software Engineer at John Deere",
        "location": "Ames, IA"
      },
      {
        "link": "https://www.linkedin.com/in/armaangupta?trk=public_profile_samename-profile",
        "name": "Armaan Gupta",
        "summary": "",
        "location": "New York, NY"
      },
      {
        "link": "https://www.linkedin.com/in/armaan-r-gupta?trk=public_profile_samename-profile",
        "name": "Armaan Gupta",
        "summary": "Analytical | Collaborative | Aspiring Finance Professional at the Kelley School of Business",
        "location": "Bloomington, IN"
      }
    ],
    "recommendations": [],
    "publications": [],
    "courses": [],
    "languages": [],
    "organizations": [],
    "projects": [
      {
        "title": "Technical Projects & Demonstrations",
        "duration": "-"
      }
    ],
    "awards": [],
    "score": []
  }
]