[
  {
    "fullName": "Fengrui Zuo",
    "linkedin_internal_id": "708756074",
    "first_name": "Fengrui",
    "last_name": "Zuo",
    "public_identifier": "fengrui-zuo-92243b179",
    "background_cover_image_url": "https://media.licdn.com/dms/image/v2/D5616AQFlKoDcwBEd2g/profile-displaybackgroundimage-shrink_200_800/profile-displaybackgroundimage-shrink_200_800/0/1737694866638?e=2147483647&v=beta&t=AbsC0pdk9-ZC2zvPwR3oraYHURGPIcAvKqfyX9_M2Ec",
    "profile_photo": "https://media.licdn.com/dms/image/v2/D5603AQEou-Ihv3LQug/profile-displayphoto-shrink_200_200/B56ZSWtQhrGoAg-/0/1737695234895?e=2147483647&v=beta&t=I2_6gj6H8L_jpPLi1d_QljI88J0e6_X4oWHdomcSuD8",
    "headline": "",
    "location": "555 followers\n          \n              500+ connections",
    "about": "Analog, RF, High Speed Design, and Edge AI at SLAC National Accelerator Laboratory. MSEE\u2026",
    "experience": [],
    "education": [],
    "articles": [],
    "description": {
      "description1": "SLAC National Accelerator Laboratory",
      "description1_link": "https://www.linkedin.com/company/slac-national-accelerator-laboratory?trk=public_profile_topcard-current-company",
      "description2": "Stanford University",
      "description2_link": "https://www.linkedin.com/school/stanford-university/?trk=public_profile_topcard-school",
      "description3": ""
    },
    "activities": [
      {
        "link": "https://www.linkedin.com/posts/drjimfan_the-coolest-autonomous-coding-agent-ive-activity-7298171675110424576-6wWy",
        "image": "https://media.licdn.com/dms/image/v2/D5622AQExIhgcPKWdfQ/feedshare-shrink_800/B56ZUhQdfdGUAg-/0/1740019718994?e=2147483647&v=beta&t=Ujt-82DkXWGyEVUUIeI9An8jqS8OPIEUE7-XG8FOKy8",
        "title": "The coolest autonomous coding agent I've seen recently: use AI to write better CUDA kernels to accelerate AI. AutoML is so back! The highest leverage\u2026",
        "activity": "Liked by Fengrui Zuo"
      },
      {
        "link": "https://www.linkedin.com/posts/ericzhu105_what-if-you-could-search-through-stanford-activity-7295907324865433600-PVG2",
        "image": "https://media.licdn.com/dms/image/v2/D5605AQF5VasIeVUp0A/videocover-high/B56ZUBFAMHHEB0-/0/1739479848789?e=2147483647&v=beta&t=0tFA2wPgnpCQKU03a8Md1auh--jKJGiblcI4GzUfLqI",
        "title": "What if you could search through Stanford\u2019s alumni network?\n\nIntroducing http://StanfordAlums.com\n\n- Browse 150K+ Stanford alumni\n- Get the contact\u2026",
        "activity": "Liked by Fengrui Zuo"
      },
      {
        "link": "https://www.linkedin.com/posts/ashish-gupta-433a7917_ottobot-ces2025-autonomousdelivery-activity-7285202254209462272-hrjf",
        "image": "https://media.licdn.com/dms/image/v2/D5622AQFHGrMC5rLLDg/feedshare-shrink_2048_1536/B56ZRo80SZGsAo-/0/1736927562404?e=2147483647&v=beta&t=nL-fr4TmGoW921yeW9A1ksDMbAjzTuJBRVibww2vCko",
        "title": "\ud83d\ude80 #Ottobot stole the show at CES 2025! \ud83d\ude80\nPowered by cutting-edge Contextual AI 2.0, Ottobot continues to redefine autonomous delivery. From\u2026",
        "activity": "Liked by Fengrui Zuo"
      },
      {
        "link": "https://www.linkedin.com/posts/ahmadexp_here-comes-the-pro-ws-z890-ace-se-from-asus-activity-7276726257457811456-zkJX",
        "image": "https://media.licdn.com/dms/image/v2/D5622AQFyen6CGnoXiA/feedshare-shrink_2048_1536/B56ZPwf9.AG8Ao-/0/1734906732867?e=2147483647&v=beta&t=ZCT5TqzU-ElKf7UHIM0RK4tx61JzRroM8I04NEV9DIY",
        "title": "Here comes the Pro WS Z890-ACE SE from ASUS, another off-the-shelf motherboard with TGPIO pins (TSync_0 and TSync_1) and of course PTM settings on\u2026",
        "activity": "Liked by Fengrui Zuo"
      },
      {
        "link": "https://www.linkedin.com/posts/nvidiarobotics_nvidia-unveils-its-most-affordable-generative-activity-7274794498323312640-naah",
        "image": "https://media.licdn.com/dms/image/v2/D5610AQE-3DGxQX19pA/ads-video-thumbnail_720_1280/ads-video-thumbnail_720_1280/0/1734446156866?e=2147483647&v=beta&t=YHRrR-R5bTAyzzegp7A7h0wrm0XXxfPWO8fCgG3__4A",
        "title": "Introducing the NVIDIA Jetson Orin Nano Super Developer Kit. \ud83c\udf89 \n\nWith up to 67 TOPS of AI performance (1.7X improvement), it supports the most\u2026",
        "activity": "Liked by Fengrui Zuo"
      },
      {
        "link": "https://www.linkedin.com/posts/stacey-harimoto-93ba43125_collaborativerobots-cobots-robots-activity-7274511798454689793-vHoO",
        "image": "https://media.licdn.com/dms/image/v2/D5622AQFiYUXfGYwvHA/feedshare-shrink_800/B56ZPRB62MGsAg-/0/1734378765036?e=2147483647&v=beta&t=ncAXZw8Rt5nj7PRuG9VNbvA83SKpT-fiqmB4wjkSTWs",
        "title": "Congratulations to this Stanford University team who did a great job in their EE205 Product Management course! I had a great time mentoring this team\u2026",
        "activity": "Liked by Fengrui Zuo"
      },
      {
        "link": "https://www.linkedin.com/posts/sfproductguy_ai-hotstartups-ycombinator-activity-7272001297304678400-MuJy",
        "image": "https://media.licdn.com/dms/image/v2/D5622AQGDOVGA89vRlg/feedshare-shrink_2048_1536/feedshare-shrink_2048_1536/0/1733780214494?e=2147483647&v=beta&t=LMlOy8jxqEQHjpEdjyXVX5tyLatWVIfqVEapDZhhZTI",
        "title": "Both A16Z and Y Combinator's request for startups for 2025 just came out. \n\nOver 20+ mentions of AI and LLMs across all product categories\u2026",
        "activity": "Liked by Fengrui Zuo"
      },
      {
        "link": "https://www.linkedin.com/posts/matt-venn_asic-opensource-tinytapeout-activity-7267224300313616384-Py53",
        "image": "https://media.licdn.com/dms/image/v2/D4D22AQH4ToxZfxonoA/feedshare-shrink_2048_1536/feedshare-shrink_2048_1536/0/1732641289740?e=2147483647&v=beta&t=KubxGSMk5hSjydDJhcO8UIa-9izKKwVrklfQzHfhlKk",
        "title": "So cool to have an open source chip with its own 700 page datasheet!\nI love how each datasheet just keep getting fatter and fatter!\n\nI wrote up Tiny\u2026",
        "activity": "Liked by Fengrui Zuo"
      }
    ],
    "volunteering": [],
    "certification": [],
    "people_also_viewed": [
      {
        "link": "https://www.linkedin.com/in/anu-siriyal-00b082103?trk=public_profile_browsemap-profile",
        "name": "ANU SIRIYAL",
        "summary": "",
        "location": "Mesa, AZ"
      },
      {
        "link": "https://www.linkedin.com/in/varunkarthikeyan?trk=public_profile_browsemap-profile",
        "name": "Varun Karthikeyan",
        "summary": "",
        "location": "Santa Clara, CA"
      },
      {
        "link": "https://www.linkedin.com/in/shiva-patro?trk=public_profile_browsemap-profile",
        "name": "Shiva Prasad Patro",
        "summary": "",
        "location": "San Francisco Bay Area"
      },
      {
        "link": "https://www.linkedin.com/in/dheeprabhu?trk=public_profile_browsemap-profile",
        "name": "H. Dheemanth Prabhu",
        "summary": "",
        "location": "Phoenix, AZ"
      },
      {
        "link": "https://www.linkedin.com/in/kaustubhshukla?trk=public_profile_browsemap-profile",
        "name": "Kaustubh Shukla",
        "summary": "",
        "location": "Austin, TX"
      },
      {
        "link": "https://www.linkedin.com/in/devesh25?trk=public_profile_browsemap-profile",
        "name": "Devesh Thakker",
        "summary": "",
        "location": "San Francisco, CA"
      },
      {
        "link": "https://www.linkedin.com/in/guanyu-meng-4b6a2b16a?trk=public_profile_browsemap-profile",
        "name": "Guanyu Meng",
        "summary": "",
        "location": "San Francisco Bay Area"
      },
      {
        "link": "https://www.linkedin.com/in/prakshirastogi?trk=public_profile_browsemap-profile",
        "name": "Prakshi Rastogi",
        "summary": "",
        "location": "Sunnyvale, CA"
      },
      {
        "link": "https://www.linkedin.com/in/arnabs-umich?trk=public_profile_browsemap-profile",
        "name": "Arnab Saha",
        "summary": "",
        "location": "Austin, TX"
      },
      {
        "link": "https://www.linkedin.com/in/gauravbhangle?trk=public_profile_browsemap-profile",
        "name": "Gaurav Bhangle",
        "summary": "",
        "location": "San Francisco Bay Area"
      },
      {
        "link": "https://in.linkedin.com/in/divya-gupta-65298820?trk=public_profile_browsemap-profile",
        "name": "Divya Gupta",
        "summary": "",
        "location": "New Delhi"
      },
      {
        "link": "https://www.linkedin.com/in/jennydedhia?trk=public_profile_browsemap-profile",
        "name": "Jenny Dedhia",
        "summary": "",
        "location": "San Francisco Bay Area"
      },
      {
        "link": "https://www.linkedin.com/in/sangram-malekar?trk=public_profile_browsemap-profile",
        "name": "Sangram Malekar",
        "summary": "",
        "location": "San Francisco Bay Area"
      },
      {
        "link": "https://www.linkedin.com/in/adeshsinghsudheer?trk=public_profile_browsemap-profile",
        "name": "Adesh Singh Sudheer",
        "summary": "Design Engineer at AMD | USC",
        "location": "Austin, TX"
      },
      {
        "link": "https://in.linkedin.com/in/bhavikparekh51?trk=public_profile_browsemap-profile",
        "name": "Bhavik Parekh",
        "summary": "",
        "location": "Bengaluru"
      },
      {
        "link": "https://www.linkedin.com/in/karavagyan?trk=public_profile_browsemap-profile",
        "name": "Kar\u00e8n A.",
        "summary": "",
        "location": "Mountain View, CA"
      },
      {
        "link": "https://www.linkedin.com/in/amrita-jayanti-44a71082?trk=public_profile_browsemap-profile",
        "name": "Amrita Jayanti",
        "summary": "",
        "location": "San Francisco Bay Area"
      },
      {
        "link": "https://www.linkedin.com/in/vinaygh?trk=public_profile_browsemap-profile",
        "name": "Vinay Gotnakodlu Hegde",
        "summary": "",
        "location": "San Francisco Bay Area"
      },
      {
        "link": "https://www.linkedin.com/in/sruthigutha?trk=public_profile_browsemap-profile",
        "name": "Sruthi Gutha",
        "summary": "",
        "location": "San Jose, CA"
      },
      {
        "link": "https://www.linkedin.com/in/vidhi-agrawal?trk=public_profile_browsemap-profile",
        "name": "Vidhi Agrawal",
        "summary": "",
        "location": "Austin, TX"
      }
    ],
    "similar_profiles": [
      {
        "link": "https://www.linkedin.com/in/fengrui-zuo-703341151?trk=public_profile_samename-profile",
        "name": "Fengrui Zuo",
        "summary": "Student at Georgia Institute of Technology",
        "location": "Atlanta, GA"
      },
      {
        "link": "https://www.linkedin.com/in/fengrui-zuo-3323a7322?trk=public_profile_samename-profile",
        "name": "Fengrui Zuo",
        "summary": "--",
        "location": "Stanford, CA"
      },
      {
        "link": "https://www.linkedin.com/in/fengrui-chenchen-zuo-1280b6126?trk=public_profile_samename-profile",
        "name": "Fengrui(Chenchen) Zuo",
        "summary": "",
        "location": "Dallas-Fort Worth Metroplex"
      },
      {
        "link": "https://cn.linkedin.com/in/%E4%B8%B0%E7%91%9E-%E5%B7%A6-092329188?trk=public_profile_samename-profile",
        "name": "\u5de6\u4e30\u745e",
        "summary": "\u5b66\u751f - \u6da6\u4e30\u5c0f\u5b66",
        "location": "Guiyang"
      }
    ],
    "recommendations": [],
    "publications": [],
    "courses": [],
    "languages": [],
    "organizations": [],
    "projects": [],
    "awards": [],
    "score": []
  }
]