{
  "title": "aadinash (Aadi Nashikkar) \u00b7 GitHub",
  "meta_description": "CS @ Stanford. aadinash has 16 repositories available. Follow their code on GitHub.",
  "main_content": "aadinash Follow More Overview Repositories Projects Packages Stars aadinash Follow Aadi Nashikkar aadinash Follow CS @ Stanford 3 followers \u00b7 2 following X @aadi_nash Achievements x3 Achievements x3 Block or Report Block or report aadinash Block user Prevent this user from interacting with your repositories and sending you notifications. Learn more about blocking users . You must be logged in to block users. Add an optional note: Please don't include any personal information such as legal names or email addresses. Maximum 100 characters, markdown supported. This note will be visible to only you. Block user Report abuse Contact GitHub support about this user\u2019s behavior. Learn more about reporting abuse . Report abuse More Overview Repositories Projects Packages Stars Popular repositories Loading covid-safe-paths covid-safe-paths Public Forked from Path-Check/safeplaces-dct-app COVID Safe Paths (based on Private Kit) is an open and privacy preserving system to use personal information to battle COVID JavaScript SmarThreads SmarThreads Public modalcontact modalcontact Public JavaScript modalsecond modalsecond Public JavaScript EEGData EEGData Public all-in-ai-website-v2 all-in-ai-website-v2 Public HTML website created based off edited Canva template HTML Something went wrong, please refresh the page to try again. If the problem persists, check the GitHub status page or contact support .",
  "links": [
    {
      "url": "/login?return_to=https%3A%2F%2Fgithub.com%2Faadinash%2F",
      "text": "Follow"
    },
    {
      "url": "/aadinash",
      "text": "Overview"
    },
    {
      "url": "/aadinash?tab=repositories",
      "text": "Repositories"
    },
    {
      "url": "/aadinash?tab=projects",
      "text": "Projects"
    },
    {
      "url": "/aadinash?tab=packages",
      "text": "Packages"
    },
    {
      "url": "/aadinash?tab=stars",
      "text": "Stars"
    },
    {
      "url": "/login?return_to=https%3A%2F%2Fgithub.com%2Faadinash%2F",
      "text": "Follow"
    },
    {
      "url": "https://avatars.githubusercontent.com/u/66572810?v=4",
      "text": ""
    },
    {
      "url": "/login?return_to=https%3A%2F%2Fgithub.com%2Faadinash%2F",
      "text": "Follow"
    },
    {
      "url": "https://github.com/aadinash?tab=followers",
      "text": "3\n          followers"
    },
    {
      "url": "https://github.com/aadinash?tab=following",
      "text": "2\n          following"
    },
    {
      "url": "https://twitter.com/aadi_nash",
      "text": "@aadi_nash"
    },
    {
      "url": "/aadinash?tab=achievements",
      "text": "Achievements"
    },
    {
      "url": "/aadinash?achievement=pull-shark&tab=achievements",
      "text": "x3"
    },
    {
      "url": "/aadinash?achievement=quickdraw&tab=achievements",
      "text": ""
    },
    {
      "url": "/aadinash?achievement=yolo&tab=achievements",
      "text": ""
    },
    {
      "url": "/aadinash?tab=achievements",
      "text": "Achievements"
    },
    {
      "url": "/aadinash?achievement=pull-shark&tab=achievements",
      "text": "x3"
    },
    {
      "url": "/aadinash?achievement=quickdraw&tab=achievements",
      "text": ""
    },
    {
      "url": "/aadinash?achievement=yolo&tab=achievements",
      "text": ""
    },
    {
      "url": "https://docs.github.com/articles/blocking-a-user-from-your-personal-account",
      "text": "blocking users"
    },
    {
      "url": "https://docs.github.com/articles/reporting-abuse-or-spam",
      "text": "reporting abuse"
    },
    {
      "url": "/contact/report-abuse?report=aadinash+%28user%29",
      "text": "Report abuse"
    },
    {
      "url": "/aadinash",
      "text": "Overview"
    },
    {
      "url": "/aadinash?tab=repositories",
      "text": "Repositories"
    },
    {
      "url": "/aadinash?tab=projects",
      "text": "Projects"
    },
    {
      "url": "/aadinash?tab=packages",
      "text": "Packages"
    },
    {
      "url": "/aadinash?tab=stars",
      "text": "Stars"
    },
    {
      "url": "/aadinash/covid-safe-paths",
      "text": "covid-safe-paths"
    },
    {
      "url": "/Path-Check/safeplaces-dct-app",
      "text": "Path-Check/safeplaces-dct-app"
    },
    {
      "url": "/aadinash/SmarThreads",
      "text": "SmarThreads"
    },
    {
      "url": "/aadinash/modalcontact",
      "text": "modalcontact"
    },
    {
      "url": "/aadinash/modalsecond",
      "text": "modalsecond"
    },
    {
      "url": "/aadinash/EEGData",
      "text": "EEGData"
    },
    {
      "url": "/aadinash/all-in-ai-website-v2",
      "text": "all-in-ai-website-v2"
    },
    {
      "url": "https://www.githubstatus.com/",
      "text": "GitHub status page"
    },
    {
      "url": "/contact",
      "text": "contact support"
    }
  ],
  "images": [
    {
      "src": "https://avatars.githubusercontent.com/u/66572810?s=64&v=4",
      "alt": "@aadinash"
    },
    {
      "src": "https://avatars.githubusercontent.com/u/66572810?s=64&v=4",
      "alt": "@aadinash"
    },
    {
      "src": "https://avatars.githubusercontent.com/u/66572810?v=4",
      "alt": "View aadinash's full-sized avatar"
    },
    {
      "src": "https://github.githubassets.com/assets/pull-shark-default-498c279a747d.png",
      "alt": "Achievement: Pull Shark"
    },
    {
      "src": "https://github.githubassets.com/assets/quickdraw-default-39c6aec8ff89.png",
      "alt": "Achievement: Quickdraw"
    },
    {
      "src": "https://github.githubassets.com/assets/yolo-default-be0bbff04951.png",
      "alt": "Achievement: YOLO"
    },
    {
      "src": "https://github.githubassets.com/assets/pull-shark-default-498c279a747d.png",
      "alt": "Achievement: Pull Shark"
    },
    {
      "src": "https://github.githubassets.com/assets/quickdraw-default-39c6aec8ff89.png",
      "alt": "Achievement: Quickdraw"
    },
    {
      "src": "https://github.githubassets.com/assets/yolo-default-be0bbff04951.png",
      "alt": "Achievement: YOLO"
    }
  ]
}